respondent_id,is_initial_respondent,nombre,factor_cvnl,city_id
1_1,True,,1265.571429,1
1_2,False,,1265.571429,1
1_3,False,,1265.571429,1
1_4,False,,1265.571429,1
1_5,False,,1265.571429,1
2_1,True,,1290.894737,1
2_2,False,,1290.894737,1
3_1,True,,1265.571429,1
3_2,False,,1265.571429,1
3_3,False,,1265.571429,1
4_1,True,,1290.894737,1
4_2,False,,1290.894737,1
4_3,False,,1290.894737,1
4_4,False,,1290.894737,1
5_1,True,,1265.571429,2
5_2,False,,1265.571429,2
5_3,False,,1265.571429,2
5_4,False,,1265.571429,2
6_1,True,,1290.894737,2
6_2,False,,1290.894737,2
7_1,True,,1265.571429,2
8_1,True,,1290.894737,2
8_2,False,,1290.894737,2
8_3,False,,1290.894737,2
9_1,True,,1265.571429,2
9_2,False,,1265.571429,2
9_3,False,,1265.571429,2
9_4,False,,1265.571429,2
9_5,False,,1265.571429,2
9_6,False,,1265.571429,2
10_1,True,,1290.894737,2
10_2,False,,1290.894737,2
10_3,False,,1290.894737,2
10_4,False,,1290.894737,2
11_1,True,,1265.571429,2
11_2,False,,1265.571429,2
11_3,False,,1265.571429,2
12_1,True,,1290.894737,2
13_1,True,,1265.571429,4
13_2,False,,1265.571429,4
13_3,False,,1265.571429,4
13_4,False,,1265.571429,4
14_1,True,,1290.894737,4
14_2,False,,1290.894737,4
15_1,True,,1265.571429,4
15_2,False,,1265.571429,4
16_1,True,,1290.894737,4
16_2,False,,1290.894737,4
16_3,False,,1290.894737,4
17_1,True,,1265.571429,4
17_2,False,,1265.571429,4
17_3,False,,1265.571429,4
17_4,False,,1265.571429,4
18_1,True,,1290.894737,4
18_2,False,,1290.894737,4
18_3,False,,1290.894737,4
19_1,True,,1265.571429,4
19_2,False,,1265.571429,4
20_1,True,,1290.894737,4
21_1,True,,1265.571429,4
21_2,False,,1265.571429,4
21_3,False,,1265.571429,4
22_1,True,,1290.894737,4
22_2,False,,1290.894737,4
23_1,True,,1265.571429,4
23_2,False,,1265.571429,4
23_3,False,,1265.571429,4
23_4,False,,1265.571429,4
24_1,True,,1290.894737,4
24_2,False,,1290.894737,4
25_1,True,,1265.571429,5
25_2,False,,1265.571429,5
26_1,True,,1290.894737,5
26_2,False,,1290.894737,5
27_1,True,,1265.571429,5
27_2,False,,1265.571429,5
28_1,True,,1290.894737,5
29_1,True,,1265.571429,5
29_2,False,,1265.571429,5
29_3,False,,1265.571429,5
30_1,True,,1290.894737,5
30_2,False,,1290.894737,5
31_1,True,,1265.571429,5
31_2,False,,1265.571429,5
32_1,True,,1290.894737,5
32_2,False,,1290.894737,5
33_1,True,,1265.571429,5
33_2,False,,1265.571429,5
34_1,True,,1290.894737,5
34_2,False,,1290.894737,5
35_1,True,,1265.571429,5
36_1,True,,1290.894737,5
37_1,True,,1265.571429,5
37_2,False,,1265.571429,5
37_3,False,,1265.571429,5
37_4,False,,1265.571429,5
38_1,True,,1290.894737,5
39_1,True,,1265.571429,5
39_2,False,,1265.571429,5
39_3,False,,1265.571429,5
39_4,False,,1265.571429,5
39_5,False,,1265.571429,5
39_6,False,,1265.571429,5
40_1,True,,1290.894737,5
41_1,True,,1367.097701,6
41_2,False,,1367.097701,6
41_3,False,,1367.097701,6
41_4,False,,1367.097701,6
41_5,False,,1367.097701,6
42_1,True,,1362.875706,6
42_2,False,,1362.875706,6
42_3,False,,1362.875706,6
42_4,False,,1362.875706,6
42_5,False,,1362.875706,6
43_1,True,,1367.097701,6
43_2,False,,1367.097701,6
43_3,False,,1367.097701,6
44_1,True,,1362.875706,6
44_2,False,,1362.875706,6
44_3,False,,1362.875706,6
44_4,False,,1362.875706,6
45_1,True,,1367.097701,6
45_2,False,,1367.097701,6
45_3,False,,1367.097701,6
46_1,True,,1362.875706,6
46_2,False,,1362.875706,6
46_3,False,,1362.875706,6
46_4,False,,1362.875706,6
47_1,True,,1367.097701,6
47_2,False,,1367.097701,6
47_3,False,,1367.097701,6
48_1,True,,1367.097701,6
48_2,False,,1367.097701,6
48_3,False,,1367.097701,6
48_4,False,,1367.097701,6
49_1,True,,1362.875706,6
50_1,True,,1367.097701,6
50_2,False,,1367.097701,6
50_3,False,,1367.097701,6
51_1,True,,1362.875706,6
51_2,False,,1362.875706,6
51_3,False,,1362.875706,6
51_4,False,,1362.875706,6
52_1,True,,1362.875706,6
52_2,False,,1362.875706,6
52_3,False,,1362.875706,6
53_1,True,,1367.097701,6
53_2,False,,1367.097701,6
53_3,False,,1367.097701,6
53_4,False,,1367.097701,6
54_1,True,,1367.097701,6
55_1,True,,1362.875706,6
55_2,False,,1362.875706,6
56_1,True,,1367.097701,6
56_2,False,,1367.097701,6
57_1,True,,1362.875706,6
58_1,True,,1362.875706,6
58_2,False,,1362.875706,6
58_3,False,,1362.875706,6
59_1,True,,1367.097701,6
59_2,False,,1367.097701,6
59_3,False,,1367.097701,6
60_1,True,,1362.875706,6
60_2,False,,1362.875706,6
60_3,False,,1362.875706,6
60_4,False,,1362.875706,6
61_1,True,,1367.097701,6
61_2,False,,1367.097701,6
62_1,True,,1362.875706,6
62_2,False,,1362.875706,6
62_3,False,,1362.875706,6
62_4,False,,1362.875706,6
63_1,True,,1367.097701,6
63_2,False,,1367.097701,6
63_3,False,,1367.097701,6
64_1,True,,1362.875706,6
64_2,False,,1362.875706,6
65_1,True,,1367.097701,6
65_2,False,,1367.097701,6
66_1,True,,1362.875706,6
66_2,False,,1362.875706,6
67_1,True,,1367.097701,6
67_2,False,,1367.097701,6
67_3,False,,1367.097701,6
67_4,False,,1367.097701,6
67_5,False,,1367.097701,6
67_6,False,,1367.097701,6
68_1,True,,1362.875706,6
68_2,False,,1362.875706,6
68_3,False,,1362.875706,6
69_1,True,,1367.097701,6
69_2,False,,1367.097701,6
69_3,False,,1367.097701,6
69_4,False,,1367.097701,6
69_5,False,,1367.097701,6
69_6,False,,1367.097701,6
70_1,True,,1362.875706,6
71_1,True,,1367.097701,6
71_2,False,,1367.097701,6
71_3,False,,1367.097701,6
71_4,False,,1367.097701,6
71_5,False,,1367.097701,6
72_1,True,,1362.875706,6
72_2,False,,1362.875706,6
73_1,True,,1367.097701,6
73_2,False,,1367.097701,6
74_1,True,,1362.875706,6
74_2,False,,1362.875706,6
75_1,True,,1367.097701,6
75_2,False,,1367.097701,6
75_3,False,,1367.097701,6
76_1,True,,1362.875706,6
76_2,False,,1362.875706,6
77_1,True,,1367.097701,6
77_2,False,,1367.097701,6
77_3,False,,1367.097701,6
77_4,False,,1367.097701,6
78_1,True,,1362.875706,6
78_2,False,,1362.875706,6
78_3,False,,1362.875706,6
79_1,True,,1367.097701,6
79_2,False,,1367.097701,6
79_3,False,,1367.097701,6
79_4,False,,1367.097701,6
79_5,False,,1367.097701,6
80_1,True,,1362.875706,6
80_2,False,,1362.875706,6
80_3,False,,1362.875706,6
81_1,True,,1367.097701,6
81_2,False,,1367.097701,6
81_3,False,,1367.097701,6
82_1,True,,1362.875706,6
82_2,False,,1362.875706,6
82_3,False,,1362.875706,6
82_4,False,,1362.875706,6
82_5,False,,1362.875706,6
82_6,False,,1362.875706,6
83_1,True,,1367.097701,6
83_2,False,,1367.097701,6
84_1,True,,1362.875706,6
84_2,False,,1362.875706,6
84_3,False,,1362.875706,6
85_1,True,,1367.097701,6
85_2,False,,1367.097701,6
85_3,False,,1367.097701,6
85_4,False,,1367.097701,6
85_5,False,,1367.097701,6
85_6,False,,1367.097701,6
86_1,True,,1362.875706,6
86_2,False,,1362.875706,6
86_3,False,,1362.875706,6
86_4,False,,1362.875706,6
87_1,True,,1367.097701,6
87_2,False,,1367.097701,6
87_3,False,,1367.097701,6
87_4,False,,1367.097701,6
88_1,True,,1362.875706,6
88_2,False,,1362.875706,6
88_3,False,,1362.875706,6
89_1,True,,1367.097701,6
90_1,True,,1362.875706,6
91_1,True,,1362.875706,6
92_1,True,,1362.875706,6
92_2,False,,1362.875706,6
92_3,False,,1362.875706,6
93_1,True,,1367.097701,6
94_1,True,,1362.875706,6
94_2,False,,1362.875706,6
94_3,False,,1362.875706,6
95_1,True,,1362.875706,6
95_2,False,,1362.875706,6
95_3,False,,1362.875706,6
96_1,True,,1362.875706,6
97_1,True,,1367.097701,6
98_1,True,,1362.875706,6
98_2,False,,1362.875706,6
98_3,False,,1362.875706,6
99_1,True,,1367.097701,6
99_2,False,,1367.097701,6
99_3,False,,1367.097701,6
99_4,False,,1367.097701,6
100_1,True,,1362.875706,6
100_2,False,,1362.875706,6
101_1,True,,1367.097701,6
101_2,False,,1367.097701,6
102_1,True,,1362.875706,6
102_2,False,,1362.875706,6
102_3,False,,1362.875706,6
102_4,False,,1362.875706,6
103_1,True,,1367.097701,6
103_2,False,,1367.097701,6
104_1,True,,1362.875706,6
104_2,False,,1362.875706,6
105_1,True,,1367.097701,6
105_2,False,,1367.097701,6
105_3,False,,1367.097701,6
106_1,True,,1362.875706,6
106_2,False,,1362.875706,6
107_1,True,,1367.097701,6
107_2,False,,1367.097701,6
107_3,False,,1367.097701,6
107_4,False,,1367.097701,6
108_1,True,,1362.875706,6
108_2,False,,1362.875706,6
108_3,False,,1362.875706,6
108_4,False,,1362.875706,6
109_1,True,,1367.097701,6
109_2,False,,1367.097701,6
109_3,False,,1367.097701,6
109_4,False,,1367.097701,6
109_5,False,,1367.097701,6
110_1,True,,1362.875706,6
110_2,False,,1362.875706,6
110_3,False,,1362.875706,6
111_1,True,,1367.097701,6
111_2,False,,1367.097701,6
112_1,True,,1362.875706,6
112_2,False,,1362.875706,6
112_3,False,,1362.875706,6
113_1,True,,1367.097701,6
113_2,False,,1367.097701,6
113_3,False,,1367.097701,6
113_4,False,,1367.097701,6
114_1,True,,1362.875706,6
114_2,False,,1362.875706,6
114_3,False,,1362.875706,6
114_4,False,,1362.875706,6
115_1,True,,1367.097701,6
115_2,False,,1367.097701,6
115_3,False,,1367.097701,6
115_4,False,,1367.097701,6
115_5,False,,1367.097701,6
116_1,True,,1362.875706,6
116_2,False,,1362.875706,6
117_1,True,,1367.097701,6
117_2,False,,1367.097701,6
117_3,False,,1367.097701,6
118_1,True,,1362.875706,6
118_2,False,,1362.875706,6
118_3,False,,1362.875706,6
119_1,True,,1367.097701,6
119_2,False,,1367.097701,6
119_3,False,,1367.097701,6
119_4,False,,1367.097701,6
119_5,False,,1367.097701,6
120_1,True,,1362.875706,6
120_2,False,,1362.875706,6
120_3,False,,1362.875706,6
120_4,False,,1362.875706,6
120_5,False,,1362.875706,6
121_1,True,,1367.097701,6
121_2,False,,1367.097701,6
121_3,False,,1367.097701,6
122_1,True,,1362.875706,6
122_2,False,,1362.875706,6
122_3,False,,1362.875706,6
123_1,True,,1367.097701,6
123_2,False,,1367.097701,6
123_3,False,,1367.097701,6
124_1,True,,1362.875706,6
124_2,False,,1362.875706,6
124_3,False,,1362.875706,6
125_1,True,,1367.097701,6
125_2,False,,1367.097701,6
125_3,False,,1367.097701,6
126_1,True,,1362.875706,6
126_2,False,,1362.875706,6
126_3,False,,1362.875706,6
126_4,False,,1362.875706,6
127_1,True,,1367.097701,6
127_2,False,,1367.097701,6
127_3,False,,1367.097701,6
127_4,False,,1367.097701,6
128_1,True,,1362.875706,6
128_2,False,,1362.875706,6
129_1,True,,1367.097701,6
129_2,False,,1367.097701,6
129_3,False,,1367.097701,6
129_4,False,,1367.097701,6
129_5,False,,1367.097701,6
130_1,True,,1362.875706,6
130_2,False,,1362.875706,6
131_1,True,,1367.097701,6
131_2,False,,1367.097701,6
131_3,False,,1367.097701,6
132_1,True,,1362.875706,6
132_2,False,,1362.875706,6
133_1,True,,1367.097701,6
133_2,False,,1367.097701,6
133_3,False,,1367.097701,6
134_1,True,,1362.875706,6
134_2,False,,1362.875706,6
134_3,False,,1362.875706,6
135_1,True,,1367.097701,6
135_2,False,,1367.097701,6
135_3,False,,1367.097701,6
136_1,True,,1362.875706,6
136_2,False,,1362.875706,6
136_3,False,,1362.875706,6
136_4,False,,1362.875706,6
136_5,False,,1362.875706,6
136_6,False,,1362.875706,6
136_7,False,,1362.875706,6
137_1,True,,1367.097701,6
137_2,False,,1367.097701,6
137_3,False,,1367.097701,6
137_4,False,,1367.097701,6
138_1,True,,1362.875706,6
138_2,False,,1362.875706,6
138_3,False,,1362.875706,6
138_4,False,,1362.875706,6
138_5,False,,1362.875706,6
139_1,True,,1367.097701,6
139_2,False,,1367.097701,6
140_1,True,,1362.875706,6
140_2,False,,1362.875706,6
141_1,True,,1367.097701,6
141_2,False,,1367.097701,6
141_3,False,,1367.097701,6
142_1,True,,1362.875706,6
143_1,True,,1367.097701,6
143_2,False,,1367.097701,6
144_1,True,,1362.875706,6
144_2,False,,1362.875706,6
144_3,False,,1362.875706,6
145_1,True,,1367.097701,6
145_2,False,,1367.097701,6
145_3,False,,1367.097701,6
146_1,True,,1362.875706,6
146_2,False,,1362.875706,6
146_3,False,,1362.875706,6
146_4,False,,1362.875706,6
147_1,True,,1367.097701,6
147_2,False,,1367.097701,6
147_3,False,,1367.097701,6
147_4,False,,1367.097701,6
147_5,False,,1367.097701,6
148_1,True,,1362.875706,6
148_2,False,,1362.875706,6
148_3,False,,1362.875706,6
148_4,False,,1362.875706,6
148_5,False,,1362.875706,6
149_1,True,,1367.097701,6
149_2,False,,1367.097701,6
149_3,False,,1367.097701,6
149_4,False,,1367.097701,6
150_1,True,,1362.875706,6
150_2,False,,1362.875706,6
150_3,False,,1362.875706,6
151_1,True,,1367.097701,6
151_2,False,,1367.097701,6
151_3,False,,1367.097701,6
151_4,False,,1367.097701,6
152_1,True,,1362.875706,6
152_2,False,,1362.875706,6
152_3,False,,1362.875706,6
153_1,True,,1367.097701,6
153_2,False,,1367.097701,6
153_3,False,,1367.097701,6
153_4,False,,1367.097701,6
154_1,True,,1362.875706,6
154_2,False,,1362.875706,6
154_3,False,,1362.875706,6
155_1,True,,1367.097701,6
155_2,False,,1367.097701,6
156_1,True,,1362.875706,6
157_1,True,,1367.097701,6
157_2,False,,1367.097701,6
157_3,False,,1367.097701,6
157_4,False,,1367.097701,6
158_1,True,,1362.875706,6
158_2,False,,1362.875706,6
158_3,False,,1362.875706,6
158_4,False,,1362.875706,6
158_5,False,,1362.875706,6
158_6,False,,1362.875706,6
159_1,True,,1367.097701,6
159_2,False,,1367.097701,6
159_3,False,,1367.097701,6
160_1,True,,1362.875706,6
160_2,False,,1362.875706,6
160_3,False,,1362.875706,6
161_1,True,,1367.097701,6
161_2,False,,1367.097701,6
161_3,False,,1367.097701,6
162_1,True,,1362.875706,6
162_2,False,,1362.875706,6
162_3,False,,1362.875706,6
162_4,False,,1362.875706,6
163_1,True,,1367.097701,6
163_2,False,,1367.097701,6
163_3,False,,1367.097701,6
163_4,False,,1367.097701,6
163_5,False,,1367.097701,6
164_1,True,,1362.875706,6
164_2,False,,1362.875706,6
164_3,False,,1362.875706,6
165_1,True,,1367.097701,6
165_2,False,,1367.097701,6
165_3,False,,1367.097701,6
165_4,False,,1367.097701,6
165_5,False,,1367.097701,6
166_1,True,,1362.875706,6
166_2,False,,1362.875706,6
166_3,False,,1362.875706,6
166_4,False,,1362.875706,6
167_1,True,,1367.097701,6
167_2,False,,1367.097701,6
168_1,True,,1367.097701,6
168_2,False,,1367.097701,6
168_3,False,,1367.097701,6
169_1,True,,1367.097701,6
169_2,False,,1367.097701,6
169_3,False,,1367.097701,6
169_4,False,,1367.097701,6
169_5,False,,1367.097701,6
170_1,True,,1362.875706,6
170_2,False,,1362.875706,6
170_3,False,,1362.875706,6
170_4,False,,1362.875706,6
170_5,False,,1362.875706,6
171_1,True,,1367.097701,6
171_2,False,,1367.097701,6
171_3,False,,1367.097701,6
171_4,False,,1367.097701,6
171_5,False,,1367.097701,6
172_1,True,,1362.875706,6
172_2,False,,1362.875706,6
172_3,False,,1362.875706,6
172_4,False,,1362.875706,6
173_1,True,,1367.097701,6
173_2,False,,1367.097701,6
173_3,False,,1367.097701,6
173_4,False,,1367.097701,6
173_5,False,,1367.097701,6
173_6,False,,1367.097701,6
173_7,False,,1367.097701,6
173_8,False,,1367.097701,6
173_9,False,,1367.097701,6
174_1,True,,1362.875706,6
174_2,False,,1362.875706,6
174_3,False,,1362.875706,6
175_1,True,,1367.097701,6
175_2,False,,1367.097701,6
175_3,False,,1367.097701,6
175_4,False,,1367.097701,6
175_5,False,,1367.097701,6
176_1,True,,1362.875706,6
176_2,False,,1362.875706,6
176_3,False,,1362.875706,6
177_1,True,,1367.097701,6
177_2,False,,1367.097701,6
178_1,True,,1362.875706,6
178_2,False,,1362.875706,6
178_3,False,,1362.875706,6
178_4,False,,1362.875706,6
178_5,False,,1362.875706,6
179_1,True,,1367.097701,6
179_2,False,,1367.097701,6
179_3,False,,1367.097701,6
179_4,False,,1367.097701,6
180_1,True,,1362.875706,6
180_2,False,,1362.875706,6
181_1,True,,1367.097701,6
181_2,False,,1367.097701,6
182_1,True,,1362.875706,6
182_2,False,,1362.875706,6
183_1,True,,1367.097701,6
183_2,False,,1367.097701,6
184_1,True,,1362.875706,6
184_2,False,,1362.875706,6
184_3,False,,1362.875706,6
184_4,False,,1362.875706,6
185_1,True,,1367.097701,6
185_2,False,,1367.097701,6
185_3,False,,1367.097701,6
185_4,False,,1367.097701,6
186_1,True,,1362.875706,6
186_2,False,,1362.875706,6
186_3,False,,1362.875706,6
186_4,False,,1362.875706,6
186_5,False,,1362.875706,6
187_1,True,,1367.097701,6
187_2,False,,1367.097701,6
187_3,False,,1367.097701,6
188_1,True,,1362.875706,6
188_2,False,,1362.875706,6
188_3,False,,1362.875706,6
188_4,False,,1362.875706,6
189_1,True,,1367.097701,6
189_2,False,,1367.097701,6
189_3,False,,1367.097701,6
189_4,False,,1367.097701,6
190_1,True,,1362.875706,6
190_2,False,,1362.875706,6
190_3,False,,1362.875706,6
190_4,False,,1362.875706,6
190_5,False,,1362.875706,6
190_6,False,,1362.875706,6
191_1,True,,1367.097701,6
191_2,False,,1367.097701,6
191_3,False,,1367.097701,6
191_4,False,,1367.097701,6
191_5,False,,1367.097701,6
191_6,False,,1367.097701,6
191_7,False,,1367.097701,6
191_8,False,,1367.097701,6
192_1,True,,1362.875706,6
192_2,False,,1362.875706,6
192_3,False,,1362.875706,6
193_1,True,,1367.097701,6
193_2,False,,1367.097701,6
193_3,False,,1367.097701,6
193_4,False,,1367.097701,6
194_1,True,,1362.875706,6
194_2,False,,1362.875706,6
195_1,True,,1367.097701,6
195_2,False,,1367.097701,6
195_3,False,,1367.097701,6
196_1,True,,1362.875706,6
197_1,True,,1367.097701,6
197_2,False,,1367.097701,6
197_3,False,,1367.097701,6
198_1,True,,1362.875706,6
198_2,False,,1362.875706,6
198_3,False,,1362.875706,6
198_4,False,,1362.875706,6
199_1,True,,1367.097701,6
199_2,False,,1367.097701,6
199_3,False,,1367.097701,6
199_4,False,,1367.097701,6
199_5,False,,1367.097701,6
200_1,True,,1362.875706,6
200_2,False,,1362.875706,6
201_1,True,,1367.097701,6
201_2,False,,1367.097701,6
201_3,False,,1367.097701,6
201_4,False,,1367.097701,6
202_1,True,,1362.875706,6
203_1,True,,1367.097701,6
203_2,False,,1367.097701,6
203_3,False,,1367.097701,6
203_4,False,,1367.097701,6
204_1,True,,1362.875706,6
204_2,False,,1362.875706,6
204_3,False,,1362.875706,6
204_4,False,,1362.875706,6
205_1,True,,1367.097701,6
205_2,False,,1367.097701,6
205_3,False,,1367.097701,6
205_4,False,,1367.097701,6
205_5,False,,1367.097701,6
206_1,True,,1362.875706,6
206_2,False,,1362.875706,6
206_3,False,,1362.875706,6
206_4,False,,1362.875706,6
206_5,False,,1362.875706,6
207_1,True,,1367.097701,6
207_2,False,,1367.097701,6
207_3,False,,1367.097701,6
207_4,False,,1367.097701,6
208_1,True,,1362.875706,6
208_2,False,,1362.875706,6
209_1,True,,1367.097701,6
209_2,False,,1367.097701,6
209_3,False,,1367.097701,6
209_4,False,,1367.097701,6
210_1,True,,1362.875706,6
210_2,False,,1362.875706,6
210_3,False,,1362.875706,6
210_4,False,,1362.875706,6
210_5,False,,1362.875706,6
211_1,True,,1367.097701,6
211_2,False,,1367.097701,6
211_3,False,,1367.097701,6
212_1,True,,1362.875706,6
212_2,False,,1362.875706,6
212_3,False,,1362.875706,6
212_4,False,,1362.875706,6
212_5,False,,1362.875706,6
212_6,False,,1362.875706,6
213_1,True,,1367.097701,6
213_2,False,,1367.097701,6
213_3,False,,1367.097701,6
214_1,True,,1362.875706,6
215_1,True,,1367.097701,6
215_2,False,,1367.097701,6
215_3,False,,1367.097701,6
216_1,True,,1362.875706,6
216_2,False,,1362.875706,6
217_1,True,,1367.097701,6
217_2,False,,1367.097701,6
218_1,True,,1362.875706,6
218_2,False,,1362.875706,6
219_1,True,,1367.097701,6
219_2,False,,1367.097701,6
219_3,False,,1367.097701,6
219_4,False,,1367.097701,6
219_5,False,,1367.097701,6
220_1,True,,1362.875706,6
221_1,True,,1367.097701,6
222_1,True,,1362.875706,6
222_2,False,,1362.875706,6
222_3,False,,1362.875706,6
222_4,False,,1362.875706,6
223_1,True,,1367.097701,6
223_2,False,,1367.097701,6
223_3,False,,1367.097701,6
223_4,False,,1367.097701,6
224_1,True,,1362.875706,6
225_1,True,,1367.097701,6
225_2,False,,1367.097701,6
226_1,True,,1362.875706,6
226_2,False,,1362.875706,6
226_3,False,,1362.875706,6
226_4,False,,1362.875706,6
226_5,False,,1362.875706,6
227_1,True,,1367.097701,6
227_2,False,,1367.097701,6
227_3,False,,1367.097701,6
227_4,False,,1367.097701,6
227_5,False,,1367.097701,6
227_6,False,,1367.097701,6
228_1,True,,1362.875706,6
228_2,False,,1362.875706,6
228_3,False,,1362.875706,6
229_1,True,,1367.097701,6
229_2,False,,1367.097701,6
229_3,False,,1367.097701,6
230_1,True,,1362.875706,6
230_2,False,,1362.875706,6
231_1,True,,1367.097701,6
231_2,False,,1367.097701,6
231_3,False,,1367.097701,6
231_4,False,,1367.097701,6
231_5,False,,1367.097701,6
232_1,True,,1362.875706,6
232_2,False,,1362.875706,6
232_3,False,,1362.875706,6
232_4,False,,1362.875706,6
232_5,False,,1362.875706,6
233_1,True,,1367.097701,6
233_2,False,,1367.097701,6
233_3,False,,1367.097701,6
233_4,False,,1367.097701,6
233_5,False,,1367.097701,6
234_1,True,,1362.875706,6
234_2,False,,1362.875706,6
235_1,True,,1367.097701,6
235_2,False,,1367.097701,6
235_3,False,,1367.097701,6
236_1,True,,1362.875706,6
237_1,True,,1367.097701,6
237_2,False,,1367.097701,6
238_1,True,,1362.875706,6
238_2,False,,1362.875706,6
238_3,False,,1362.875706,6
238_4,False,,1362.875706,6
238_5,False,,1362.875706,6
239_1,True,,1367.097701,6
239_2,False,,1367.097701,6
239_3,False,,1367.097701,6
239_4,False,,1367.097701,6
239_5,False,,1367.097701,6
240_1,True,,1362.875706,6
240_2,False,,1362.875706,6
241_1,True,,1367.097701,6
241_2,False,,1367.097701,6
241_3,False,,1367.097701,6
241_4,False,,1367.097701,6
242_1,True,,1362.875706,6
242_2,False,,1362.875706,6
242_3,False,,1362.875706,6
242_4,False,,1362.875706,6
243_1,True,,1367.097701,6
243_2,False,,1367.097701,6
243_3,False,,1367.097701,6
243_4,False,,1367.097701,6
244_1,True,,1362.875706,6
244_2,False,,1362.875706,6
244_3,False,,1362.875706,6
244_4,False,,1362.875706,6
244_5,False,,1362.875706,6
245_1,True,,1367.097701,6
245_2,False,,1367.097701,6
245_3,False,,1367.097701,6
245_4,False,,1367.097701,6
245_5,False,,1367.097701,6
245_6,False,,1367.097701,6
246_1,True,,1362.875706,6
246_2,False,,1362.875706,6
246_3,False,,1362.875706,6
246_4,False,,1362.875706,6
246_5,False,,1362.875706,6
247_1,True,,1367.097701,6
247_2,False,,1367.097701,6
248_1,True,,1362.875706,6
248_2,False,,1362.875706,6
248_3,False,,1362.875706,6
248_4,False,,1362.875706,6
248_5,False,,1362.875706,6
249_1,True,,1367.097701,6
249_2,False,,1367.097701,6
249_3,False,,1367.097701,6
249_4,False,,1367.097701,6
249_5,False,,1367.097701,6
250_1,True,,1362.875706,6
250_2,False,,1362.875706,6
250_3,False,,1362.875706,6
251_1,True,,1367.097701,6
252_1,True,,1362.875706,6
252_2,False,,1362.875706,6
253_1,True,,1367.097701,6
253_2,False,,1367.097701,6
253_3,False,,1367.097701,6
254_1,True,,1362.875706,6
254_2,False,,1362.875706,6
254_3,False,,1362.875706,6
255_1,True,,1367.097701,6
255_2,False,,1367.097701,6
255_3,False,,1367.097701,6
255_4,False,,1367.097701,6
256_1,True,,1362.875706,6
256_2,False,,1362.875706,6
257_1,True,,1367.097701,6
258_1,True,,1362.875706,6
258_2,False,,1362.875706,6
258_3,False,,1362.875706,6
259_1,True,,1367.097701,6
259_2,False,,1367.097701,6
259_3,False,,1367.097701,6
259_4,False,,1367.097701,6
259_5,False,,1367.097701,6
260_1,True,,1362.875706,6
260_2,False,,1362.875706,6
260_3,False,,1362.875706,6
260_4,False,,1362.875706,6
260_5,False,,1362.875706,6
260_6,False,,1362.875706,6
261_1,True,,1367.097701,6
261_2,False,,1367.097701,6
261_3,False,,1367.097701,6
262_1,True,,1362.875706,6
262_2,False,,1362.875706,6
262_3,False,,1362.875706,6
262_4,False,,1362.875706,6
262_5,False,,1362.875706,6
263_1,True,,1367.097701,6
263_2,False,,1367.097701,6
263_3,False,,1367.097701,6
263_4,False,,1367.097701,6
264_1,True,,1362.875706,6
264_2,False,,1362.875706,6
264_3,False,,1362.875706,6
265_1,True,,1367.097701,6
265_2,False,,1367.097701,6
266_1,True,,1362.875706,6
266_2,False,,1362.875706,6
266_3,False,,1362.875706,6
267_1,True,,1367.097701,6
267_2,False,,1367.097701,6
267_3,False,,1367.097701,6
267_4,False,,1367.097701,6
267_5,False,,1367.097701,6
268_1,True,,1362.875706,6
268_2,False,,1362.875706,6
268_3,False,,1362.875706,6
268_4,False,,1362.875706,6
269_1,True,,1367.097701,6
270_1,True,,1362.875706,6
270_2,False,,1362.875706,6
270_3,False,,1362.875706,6
271_1,True,,1367.097701,6
271_2,False,,1367.097701,6
271_3,False,,1367.097701,6
271_4,False,,1367.097701,6
271_5,False,,1367.097701,6
272_1,True,,1362.875706,6
273_1,True,,1367.097701,6
273_2,False,,1367.097701,6
273_3,False,,1367.097701,6
274_1,True,,1362.875706,6
274_2,False,,1362.875706,6
274_3,False,,1362.875706,6
275_1,True,,1367.097701,6
275_2,False,,1367.097701,6
275_3,False,,1367.097701,6
275_4,False,,1367.097701,6
275_5,False,,1367.097701,6
275_6,False,,1367.097701,6
276_1,True,,1362.875706,6
276_2,False,,1362.875706,6
277_1,True,,1367.097701,6
277_2,False,,1367.097701,6
278_1,True,,1362.875706,6
278_2,False,,1362.875706,6
279_1,True,,1367.097701,6
279_2,False,,1367.097701,6
280_1,True,,1362.875706,6
280_2,False,,1362.875706,6
281_1,True,,1367.097701,6
281_2,False,,1367.097701,6
281_3,False,,1367.097701,6
282_1,True,,1362.875706,6
282_2,False,,1362.875706,6
282_3,False,,1362.875706,6
282_4,False,,1362.875706,6
282_5,False,,1362.875706,6
283_1,True,,1367.097701,6
283_2,False,,1367.097701,6
283_3,False,,1367.097701,6
283_4,False,,1367.097701,6
284_1,True,,1362.875706,6
284_2,False,,1362.875706,6
285_1,True,,1367.097701,6
285_2,False,,1367.097701,6
285_3,False,,1367.097701,6
285_4,False,,1367.097701,6
285_5,False,,1367.097701,6
286_1,True,,1362.875706,6
286_2,False,,1362.875706,6
286_3,False,,1362.875706,6
286_4,False,,1362.875706,6
287_1,True,,1367.097701,6
287_2,False,,1367.097701,6
287_3,False,,1367.097701,6
287_4,False,,1367.097701,6
288_1,True,,1362.875706,6
288_2,False,,1362.875706,6
288_3,False,,1362.875706,6
288_4,False,,1362.875706,6
288_5,False,,1362.875706,6
288_6,False,,1362.875706,6
289_1,True,,1367.097701,6
289_2,False,,1367.097701,6
289_3,False,,1367.097701,6
289_4,False,,1367.097701,6
289_5,False,,1367.097701,6
289_6,False,,1367.097701,6
290_1,True,,1367.097701,6
290_2,False,,1367.097701,6
291_1,True,,1362.875706,6
292_1,True,,1367.097701,6
292_2,False,,1367.097701,6
292_3,False,,1367.097701,6
292_4,False,,1367.097701,6
292_5,False,,1367.097701,6
293_1,True,,1362.875706,6
293_2,False,,1362.875706,6
293_3,False,,1362.875706,6
294_1,True,,1367.097701,6
294_2,False,,1367.097701,6
294_3,False,,1367.097701,6
295_1,True,,1362.875706,6
295_2,False,,1362.875706,6
295_3,False,,1362.875706,6
295_4,False,,1362.875706,6
295_5,False,,1362.875706,6
296_1,True,,1367.097701,6
296_2,False,,1367.097701,6
296_3,False,,1367.097701,6
297_1,True,,1362.875706,6
297_2,False,,1362.875706,6
297_3,False,,1362.875706,6
297_4,False,,1362.875706,6
298_1,True,,1362.875706,6
298_2,False,,1362.875706,6
299_1,True,,1367.097701,6
299_2,False,,1367.097701,6
300_1,True,,1362.875706,6
300_2,False,,1362.875706,6
300_3,False,,1362.875706,6
300_4,False,,1362.875706,6
300_5,False,,1362.875706,6
301_1,True,,1367.097701,6
301_2,False,,1367.097701,6
301_3,False,,1367.097701,6
302_1,True,,1362.875706,6
303_1,True,,1362.875706,6
303_2,False,,1362.875706,6
304_1,True,,1367.097701,6
304_2,False,,1367.097701,6
304_3,False,,1367.097701,6
304_4,False,,1367.097701,6
304_5,False,,1367.097701,6
305_1,True,,1362.875706,6
306_1,True,,1367.097701,6
306_2,False,,1367.097701,6
306_3,False,,1367.097701,6
306_4,False,,1367.097701,6
307_1,True,,1362.875706,6
307_2,False,,1362.875706,6
308_1,True,,1367.097701,6
308_2,False,,1367.097701,6
309_1,True,,1362.875706,6
309_2,False,,1362.875706,6
309_3,False,,1362.875706,6
309_4,False,,1362.875706,6
309_5,False,,1362.875706,6
310_1,True,,1367.097701,6
310_2,False,,1367.097701,6
310_3,False,,1367.097701,6
311_1,True,,1362.875706,6
311_2,False,,1362.875706,6
311_3,False,,1362.875706,6
312_1,True,,1367.097701,6
312_2,False,,1367.097701,6
312_3,False,,1367.097701,6
312_4,False,,1367.097701,6
312_5,False,,1367.097701,6
313_1,True,,1362.875706,6
313_2,False,,1362.875706,6
313_3,False,,1362.875706,6
313_4,False,,1362.875706,6
314_1,True,,1367.097701,6
314_2,False,,1367.097701,6
314_3,False,,1367.097701,6
315_1,True,,1367.097701,6
315_2,False,,1367.097701,6
315_3,False,,1367.097701,6
315_4,False,,1367.097701,6
316_1,True,,1362.875706,6
316_2,False,,1362.875706,6
317_1,True,,1367.097701,6
317_2,False,,1367.097701,6
317_3,False,,1367.097701,6
318_1,True,,1362.875706,6
318_2,False,,1362.875706,6
318_3,False,,1362.875706,6
319_1,True,,1367.097701,6
319_2,False,,1367.097701,6
320_1,True,,1362.875706,6
320_2,False,,1362.875706,6
320_3,False,,1362.875706,6
321_1,True,,1367.097701,6
321_2,False,,1367.097701,6
321_3,False,,1367.097701,6
321_4,False,,1367.097701,6
321_5,False,,1367.097701,6
322_1,True,,1362.875706,6
322_2,False,,1362.875706,6
322_3,False,,1362.875706,6
322_4,False,,1362.875706,6
323_1,True,,1367.097701,6
323_2,False,,1367.097701,6
323_3,False,,1367.097701,6
323_4,False,,1367.097701,6
323_5,False,,1367.097701,6
324_1,True,,1362.875706,6
324_2,False,,1362.875706,6
324_3,False,,1362.875706,6
325_1,True,,1367.097701,6
325_2,False,,1367.097701,6
326_1,True,,1362.875706,6
326_2,False,,1362.875706,6
327_1,True,,1367.097701,6
327_2,False,,1367.097701,6
327_3,False,,1367.097701,6
328_1,True,,1362.875706,6
328_2,False,,1362.875706,6
329_1,True,,1367.097701,6
329_2,False,,1367.097701,6
330_1,True,,1362.875706,6
330_2,False,,1362.875706,6
331_1,True,,1367.097701,6
331_2,False,,1367.097701,6
331_3,False,,1367.097701,6
331_4,False,,1367.097701,6
332_1,True,,1362.875706,6
332_2,False,,1362.875706,6
333_1,True,,1367.097701,6
334_1,True,,1362.875706,6
334_2,False,,1362.875706,6
335_1,True,,1367.097701,6
335_2,False,,1367.097701,6
335_3,False,,1367.097701,6
336_1,True,,1362.875706,6
336_2,False,,1362.875706,6
336_3,False,,1362.875706,6
336_4,False,,1362.875706,6
337_1,True,,1362.875706,6
338_1,True,,1367.097701,6
338_2,False,,1367.097701,6
338_3,False,,1367.097701,6
339_1,True,,1362.875706,6
340_1,True,,1367.097701,6
340_2,False,,1367.097701,6
341_1,True,,1367.097701,6
341_2,False,,1367.097701,6
341_3,False,,1367.097701,6
342_1,True,,1362.875706,6
342_2,False,,1362.875706,6
343_1,True,,1367.097701,6
343_2,False,,1367.097701,6
343_3,False,,1367.097701,6
343_4,False,,1367.097701,6
344_1,True,,1362.875706,6
345_1,True,,1362.875706,6
345_2,False,,1362.875706,6
345_3,False,,1362.875706,6
346_1,True,,1367.097701,6
346_2,False,,1367.097701,6
346_3,False,,1367.097701,6
346_4,False,,1367.097701,6
347_1,True,,1362.875706,6
348_1,True,,1367.097701,6
348_2,False,,1367.097701,6
348_3,False,,1367.097701,6
348_4,False,,1367.097701,6
349_1,True,,1362.875706,6
349_2,False,,1362.875706,6
349_3,False,,1362.875706,6
349_4,False,,1362.875706,6
350_1,True,,1367.097701,6
350_2,False,,1367.097701,6
350_3,False,,1367.097701,6
350_4,False,,1367.097701,6
351_1,True,,1362.875706,6
351_2,False,,1362.875706,6
352_1,True,,1367.097701,6
352_2,False,,1367.097701,6
352_3,False,,1367.097701,6
352_4,False,,1367.097701,6
352_5,False,,1367.097701,6
353_1,True,,1362.875706,6
353_2,False,,1362.875706,6
353_3,False,,1362.875706,6
353_4,False,,1362.875706,6
354_1,True,,1367.097701,6
354_2,False,,1367.097701,6
354_3,False,,1367.097701,6
355_1,True,,1362.875706,6
355_2,False,,1362.875706,6
355_3,False,,1362.875706,6
355_4,False,,1362.875706,6
356_1,True,,1367.097701,6
356_2,False,,1367.097701,6
356_3,False,,1367.097701,6
356_4,False,,1367.097701,6
356_5,False,,1367.097701,6
357_1,True,,1367.097701,6
357_2,False,,1367.097701,6
357_3,False,,1367.097701,6
357_4,False,,1367.097701,6
358_1,True,,1362.875706,6
358_2,False,,1362.875706,6
359_1,True,,1367.097701,6
359_2,False,,1367.097701,6
359_3,False,,1367.097701,6
359_4,False,,1367.097701,6
360_1,True,,1362.875706,6
360_2,False,,1362.875706,6
360_3,False,,1362.875706,6
360_4,False,,1362.875706,6
361_1,True,,1367.097701,6
361_2,False,,1367.097701,6
361_3,False,,1367.097701,6
361_4,False,,1367.097701,6
361_5,False,,1367.097701,6
362_1,True,,1362.875706,6
362_2,False,,1362.875706,6
363_1,True,,1367.097701,6
363_2,False,,1367.097701,6
363_3,False,,1367.097701,6
363_4,False,,1367.097701,6
364_1,True,,1362.875706,6
364_2,False,,1362.875706,6
364_3,False,,1362.875706,6
364_4,False,,1362.875706,6
364_5,False,,1362.875706,6
365_1,True,,1362.875706,6
365_2,False,,1362.875706,6
365_3,False,,1362.875706,6
366_1,True,,1362.875706,6
366_2,False,,1362.875706,6
367_1,True,,1367.097701,6
367_2,False,,1367.097701,6
368_1,True,,1367.097701,6
368_2,False,,1367.097701,6
368_3,False,,1367.097701,6
368_4,False,,1367.097701,6
368_5,False,,1367.097701,6
369_1,True,,1367.097701,6
369_2,False,,1367.097701,6
369_3,False,,1367.097701,6
370_1,True,,1362.875706,6
370_2,False,,1362.875706,6
371_1,True,,1367.097701,6
371_2,False,,1367.097701,6
371_3,False,,1367.097701,6
371_4,False,,1367.097701,6
372_1,True,,1362.875706,6
372_2,False,,1362.875706,6
372_3,False,,1362.875706,6
372_4,False,,1362.875706,6
373_1,True,,1362.875706,6
373_2,False,,1362.875706,6
373_3,False,,1362.875706,6
374_1,True,,1367.097701,6
374_2,False,,1367.097701,6
375_1,True,,1362.875706,6
376_1,True,,1367.097701,6
376_2,False,,1367.097701,6
376_3,False,,1367.097701,6
377_1,True,,1362.875706,6
377_2,False,,1362.875706,6
378_1,True,,1367.097701,6
378_2,False,,1367.097701,6
378_3,False,,1367.097701,6
379_1,True,,1362.875706,6
379_2,False,,1362.875706,6
379_3,False,,1362.875706,6
380_1,True,,1367.097701,6
380_2,False,,1367.097701,6
380_3,False,,1367.097701,6
380_4,False,,1367.097701,6
381_1,True,,1367.097701,6
381_2,False,,1367.097701,6
382_1,True,,1362.875706,6
382_2,False,,1362.875706,6
382_3,False,,1362.875706,6
383_1,True,,1362.875706,6
383_2,False,,1362.875706,6
383_3,False,,1362.875706,6
383_4,False,,1362.875706,6
383_5,False,,1362.875706,6
384_1,True,,1367.097701,6
384_2,False,,1367.097701,6
384_3,False,,1367.097701,6
384_4,False,,1367.097701,6
385_1,True,,1362.875706,6
385_2,False,,1362.875706,6
385_3,False,,1362.875706,6
386_1,True,,1362.875706,6
386_2,False,,1362.875706,6
387_1,True,,1367.097701,6
388_1,True,,1362.875706,6
388_2,False,,1362.875706,6
388_3,False,,1362.875706,6
388_4,False,,1362.875706,6
388_5,False,,1362.875706,6
389_1,True,,1367.097701,6
389_2,False,,1367.097701,6
389_3,False,,1367.097701,6
390_1,True,,1362.875706,6
390_2,False,,1362.875706,6
391_1,True,,1367.097701,6
391_2,False,,1367.097701,6
392_1,True,,1265.571429,7
392_2,False,,1265.571429,7
392_3,False,,1265.571429,7
392_4,False,,1265.571429,7
392_5,False,,1265.571429,7
393_1,True,,1290.894737,7
393_2,False,,1290.894737,7
394_1,True,,1265.571429,7
395_1,True,,1290.894737,7
396_1,True,,246.59322,9
396_2,False,,246.59322,9
396_3,False,,246.59322,9
396_4,False,,246.59322,9
397_1,True,,266.789474,9
397_2,False,,266.789474,9
398_1,True,,246.59322,9
398_2,False,,246.59322,9
398_3,False,,246.59322,9
398_4,False,,246.59322,9
399_1,True,,266.789474,9
400_1,True,,246.59322,9
400_2,False,,246.59322,9
400_3,False,,246.59322,9
400_4,False,,246.59322,9
401_1,True,,266.789474,9
401_2,False,,266.789474,9
401_3,False,,266.789474,9
401_4,False,,266.789474,9
402_1,True,,246.59322,9
402_2,False,,246.59322,9
403_1,True,,266.789474,9
403_2,False,,266.789474,9
403_3,False,,266.789474,9
404_1,True,,246.59322,9
404_2,False,,246.59322,9
404_3,False,,246.59322,9
405_1,True,,246.59322,9
405_2,False,,246.59322,9
405_3,False,,246.59322,9
405_4,False,,246.59322,9
406_1,True,,266.789474,9
406_2,False,,266.789474,9
406_3,False,,266.789474,9
407_1,True,,246.59322,9
407_2,False,,246.59322,9
407_3,False,,246.59322,9
408_1,True,,266.789474,9
408_2,False,,266.789474,9
408_3,False,,266.789474,9
409_1,True,,246.59322,9
409_2,False,,246.59322,9
409_3,False,,246.59322,9
409_4,False,,246.59322,9
409_5,False,,246.59322,9
409_6,False,,246.59322,9
410_1,True,,266.789474,9
410_2,False,,266.789474,9
411_1,True,,246.59322,9
411_2,False,,246.59322,9
412_1,True,,266.789474,9
412_2,False,,266.789474,9
412_3,False,,266.789474,9
412_4,False,,266.789474,9
413_1,True,,246.59322,9
413_2,False,,246.59322,9
413_3,False,,246.59322,9
414_1,True,,266.789474,9
414_2,False,,266.789474,9
415_1,True,,246.59322,9
415_2,False,,246.59322,9
416_1,True,,266.789474,9
416_2,False,,266.789474,9
416_3,False,,266.789474,9
416_4,False,,266.789474,9
416_5,False,,266.789474,9
416_7,False,,266.789474,9
417_1,True,,246.59322,9
417_2,False,,246.59322,9
417_3,False,,246.59322,9
417_4,False,,246.59322,9
418_1,True,,266.789474,9
418_2,False,,266.789474,9
419_1,True,,246.59322,9
419_2,False,,246.59322,9
419_3,False,,246.59322,9
419_4,False,,246.59322,9
419_5,False,,246.59322,9
420_1,True,,266.789474,9
420_2,False,,266.789474,9
420_3,False,,266.789474,9
420_4,False,,266.789474,9
421_1,True,,246.59322,9
421_2,False,,246.59322,9
421_3,False,,246.59322,9
421_4,False,,246.59322,9
421_5,False,,246.59322,9
422_1,True,,266.789474,9
422_2,False,,266.789474,9
422_3,False,,266.789474,9
422_4,False,,266.789474,9
422_5,False,,266.789474,9
422_6,False,,266.789474,9
422_7,False,,266.789474,9
423_1,True,,246.59322,9
423_2,False,,246.59322,9
423_3,False,,246.59322,9
423_4,False,,246.59322,9
424_1,True,,266.789474,9
424_2,False,,266.789474,9
424_3,False,,266.789474,9
425_1,True,,246.59322,9
425_2,False,,246.59322,9
425_3,False,,246.59322,9
425_4,False,,246.59322,9
426_1,True,,266.789474,9
427_1,True,,246.59322,9
427_2,False,,246.59322,9
427_3,False,,246.59322,9
428_1,True,,266.789474,9
428_2,False,,266.789474,9
428_3,False,,266.789474,9
429_1,True,,246.59322,9
429_2,False,,246.59322,9
430_1,True,,266.789474,9
430_2,False,,266.789474,9
430_3,False,,266.789474,9
431_1,True,,246.59322,9
431_2,False,,246.59322,9
431_3,False,,246.59322,9
432_1,True,,266.789474,9
432_2,False,,266.789474,9
432_3,False,,266.789474,9
432_4,False,,266.789474,9
433_1,True,,246.59322,9
433_2,False,,246.59322,9
433_3,False,,246.59322,9
433_4,False,,246.59322,9
434_1,True,,266.789474,9
434_2,False,,266.789474,9
434_3,False,,266.789474,9
435_1,True,,246.59322,9
435_2,False,,246.59322,9
435_3,False,,246.59322,9
436_1,True,,266.789474,9
436_2,False,,266.789474,9
436_3,False,,266.789474,9
436_4,False,,266.789474,9
437_1,True,,246.59322,9
437_2,False,,246.59322,9
437_3,False,,246.59322,9
437_4,False,,246.59322,9
438_1,True,,266.789474,9
438_2,False,,266.789474,9
439_1,True,,246.59322,9
439_2,False,,246.59322,9
440_1,True,,266.789474,9
440_2,False,,266.789474,9
440_3,False,,266.789474,9
440_4,False,,266.789474,9
441_1,True,,246.59322,9
441_2,False,,246.59322,9
442_1,True,,266.789474,9
442_2,False,,266.789474,9
442_3,False,,266.789474,9
442_4,False,,266.789474,9
443_1,True,,246.59322,9
443_2,False,,246.59322,9
443_3,False,,246.59322,9
444_1,True,,266.789474,9
444_2,False,,266.789474,9
444_3,False,,266.789474,9
444_4,False,,266.789474,9
445_1,True,,246.59322,9
445_2,False,,246.59322,9
445_3,False,,246.59322,9
445_4,False,,246.59322,9
445_5,False,,246.59322,9
445_6,False,,246.59322,9
446_1,True,,266.789474,9
446_2,False,,266.789474,9
447_1,True,,246.59322,9
447_2,False,,246.59322,9
448_1,True,,266.789474,9
448_2,False,,266.789474,9
448_3,False,,266.789474,9
448_4,False,,266.789474,9
449_1,True,,246.59322,9
449_2,False,,246.59322,9
449_3,False,,246.59322,9
449_4,False,,246.59322,9
449_5,False,,246.59322,9
450_1,True,,266.789474,9
450_2,False,,266.789474,9
450_3,False,,266.789474,9
450_4,False,,266.789474,9
450_5,False,,266.789474,9
450_6,False,,266.789474,9
450_7,False,,266.789474,9
450_8,False,,266.789474,9
451_1,True,,246.59322,9
451_2,False,,246.59322,9
451_3,False,,246.59322,9
451_4,False,,246.59322,9
451_5,False,,246.59322,9
451_6,False,,246.59322,9
452_1,True,,266.789474,9
452_2,False,,266.789474,9
452_3,False,,266.789474,9
453_1,True,,246.59322,9
453_2,False,,246.59322,9
453_3,False,,246.59322,9
454_1,True,,266.789474,9
454_2,False,,266.789474,9
454_3,False,,266.789474,9
454_4,False,,266.789474,9
454_5,False,,266.789474,9
455_1,True,,246.59322,9
455_2,False,,246.59322,9
455_3,False,,246.59322,9
456_1,True,,266.789474,9
456_2,False,,266.789474,9
456_3,False,,266.789474,9
456_4,False,,266.789474,9
456_5,False,,266.789474,9
456_6,False,,266.789474,9
457_1,True,,246.59322,9
457_2,False,,246.59322,9
458_1,True,,266.789474,9
458_2,False,,266.789474,9
459_1,True,,246.59322,9
459_2,False,,246.59322,9
459_3,False,,246.59322,9
459_4,False,,246.59322,9
460_1,True,,266.789474,9
460_2,False,,266.789474,9
461_1,True,,246.59322,9
461_2,False,,246.59322,9
461_3,False,,246.59322,9
462_1,True,,266.789474,9
462_2,False,,266.789474,9
462_3,False,,266.789474,9
463_1,True,,246.59322,9
463_2,False,,246.59322,9
463_3,False,,246.59322,9
463_4,False,,246.59322,9
464_1,True,,266.789474,9
464_2,False,,266.789474,9
464_3,False,,266.789474,9
464_4,False,,266.789474,9
464_5,False,,266.789474,9
465_1,True,,246.59322,9
465_2,False,,246.59322,9
465_3,False,,246.59322,9
465_4,False,,246.59322,9
465_5,False,,246.59322,9
466_1,True,,266.789474,9
466_2,False,,266.789474,9
467_1,True,,246.59322,9
467_2,False,,246.59322,9
467_3,False,,246.59322,9
467_4,False,,246.59322,9
467_5,False,,246.59322,9
467_6,False,,246.59322,9
468_1,True,,266.789474,9
468_2,False,,266.789474,9
468_3,False,,266.789474,9
468_4,False,,266.789474,9
469_1,True,,246.59322,9
469_2,False,,246.59322,9
469_3,False,,246.59322,9
469_4,False,,246.59322,9
469_5,False,,246.59322,9
470_1,True,,266.789474,9
471_1,True,,246.59322,9
471_2,False,,246.59322,9
471_3,False,,246.59322,9
472_1,True,,266.789474,9
473_1,True,,246.59322,9
473_2,False,,246.59322,9
473_3,False,,246.59322,9
473_4,False,,246.59322,9
473_5,False,,246.59322,9
474_1,True,,266.789474,9
474_2,False,,266.789474,9
475_1,True,,246.59322,9
475_2,False,,246.59322,9
475_3,False,,246.59322,9
475_4,False,,246.59322,9
476_1,True,,266.789474,9
476_2,False,,266.789474,9
476_3,False,,266.789474,9
476_4,False,,266.789474,9
477_1,True,,246.59322,9
477_2,False,,246.59322,9
477_3,False,,246.59322,9
478_1,True,,266.789474,9
478_2,False,,266.789474,9
478_3,False,,266.789474,9
479_1,True,,246.59322,9
479_2,False,,246.59322,9
479_3,False,,246.59322,9
480_1,True,,266.789474,9
480_2,False,,266.789474,9
480_3,False,,266.789474,9
480_4,False,,266.789474,9
480_5,False,,266.789474,9
481_1,True,,246.59322,9
481_2,False,,246.59322,9
481_3,False,,246.59322,9
481_4,False,,246.59322,9
482_1,True,,266.789474,9
482_2,False,,266.789474,9
482_3,False,,266.789474,9
482_4,False,,266.789474,9
483_1,True,,246.59322,9
483_2,False,,246.59322,9
483_3,False,,246.59322,9
483_4,False,,246.59322,9
484_1,True,,266.789474,9
484_2,False,,266.789474,9
484_3,False,,266.789474,9
485_1,True,,246.59322,9
485_2,False,,246.59322,9
485_3,False,,246.59322,9
485_4,False,,246.59322,9
485_5,False,,246.59322,9
485_6,False,,246.59322,9
485_7,False,,246.59322,9
485_8,False,,246.59322,9
486_1,True,,266.789474,9
486_2,False,,266.789474,9
486_3,False,,266.789474,9
486_4,False,,266.789474,9
486_5,False,,266.789474,9
487_1,True,,246.59322,9
487_2,False,,246.59322,9
487_3,False,,246.59322,9
487_4,False,,246.59322,9
487_5,False,,246.59322,9
488_1,True,,266.789474,9
488_2,False,,266.789474,9
488_3,False,,266.789474,9
488_4,False,,266.789474,9
488_5,False,,266.789474,9
488_6,False,,266.789474,9
488_7,False,,266.789474,9
488_8,False,,266.789474,9
488_9,False,,266.789474,9
489_1,True,,246.59322,9
489_2,False,,246.59322,9
489_3,False,,246.59322,9
489_4,False,,246.59322,9
489_5,False,,246.59322,9
490_1,True,,266.789474,9
490_2,False,,266.789474,9
490_3,False,,266.789474,9
490_4,False,,266.789474,9
490_5,False,,266.789474,9
491_1,True,,246.59322,9
491_2,False,,246.59322,9
491_3,False,,246.59322,9
492_1,True,,266.789474,9
492_2,False,,266.789474,9
493_1,True,,246.59322,9
493_2,False,,246.59322,9
493_3,False,,246.59322,9
493_4,False,,246.59322,9
494_1,True,,266.789474,9
494_2,False,,266.789474,9
494_3,False,,266.789474,9
494_4,False,,266.789474,9
495_1,True,,246.59322,9
495_2,False,,246.59322,9
495_3,False,,246.59322,9
495_4,False,,246.59322,9
496_1,True,,266.789474,9
496_2,False,,266.789474,9
496_3,False,,266.789474,9
496_4,False,,266.789474,9
496_5,False,,266.789474,9
497_1,True,,246.59322,9
497_2,False,,246.59322,9
497_3,False,,246.59322,9
497_4,False,,246.59322,9
498_1,True,,266.789474,9
499_1,True,,246.59322,9
499_2,False,,246.59322,9
499_3,False,,246.59322,9
499_4,False,,246.59322,9
500_1,True,,266.789474,9
500_2,False,,266.789474,9
501_1,True,,246.59322,9
501_2,False,,246.59322,9
501_3,False,,246.59322,9
501_4,False,,246.59322,9
501_5,False,,246.59322,9
502_1,True,,266.789474,9
503_1,True,,266.789474,9
503_2,False,,266.789474,9
504_1,True,,246.59322,9
504_2,False,,246.59322,9
504_3,False,,246.59322,9
504_4,False,,246.59322,9
505_1,True,,266.789474,9
505_2,False,,266.789474,9
505_3,False,,266.789474,9
506_1,True,,246.59322,9
506_2,False,,246.59322,9
506_3,False,,246.59322,9
506_4,False,,246.59322,9
506_5,False,,246.59322,9
506_6,False,,246.59322,9
507_1,True,,266.789474,9
507_2,False,,266.789474,9
508_1,True,,246.59322,9
508_2,False,,246.59322,9
508_3,False,,246.59322,9
508_4,False,,246.59322,9
509_1,True,,266.789474,9
509_2,False,,266.789474,9
510_1,True,,246.59322,9
510_2,False,,246.59322,9
510_3,False,,246.59322,9
510_4,False,,246.59322,9
511_1,True,,266.789474,9
511_2,False,,266.789474,9
512_1,True,,246.59322,9
512_2,False,,246.59322,9
512_3,False,,246.59322,9
512_4,False,,246.59322,9
512_5,False,,246.59322,9
513_1,True,,266.789474,9
513_2,False,,266.789474,9
513_3,False,,266.789474,9
513_4,False,,266.789474,9
513_5,False,,266.789474,9
513_6,False,,266.789474,9
514_1,True,,246.59322,9
514_2,False,,246.59322,9
514_3,False,,246.59322,9
514_4,False,,246.59322,9
514_5,False,,246.59322,9
514_6,False,,246.59322,9
515_1,True,,266.789474,9
515_2,False,,266.789474,9
516_1,True,,246.59322,9
516_2,False,,246.59322,9
517_1,True,,266.789474,9
517_2,False,,266.789474,9
518_1,True,,246.59322,9
518_2,False,,246.59322,9
519_1,True,,266.789474,9
519_2,False,,266.789474,9
520_1,True,,246.59322,9
520_2,False,,246.59322,9
520_3,False,,246.59322,9
521_1,True,,266.789474,9
522_1,True,,246.59322,9
522_2,False,,246.59322,9
523_1,True,,266.789474,9
523_2,False,,266.789474,9
524_1,True,,246.59322,9
524_2,False,,246.59322,9
525_1,True,,246.59322,9
525_2,False,,246.59322,9
525_3,False,,246.59322,9
525_4,False,,246.59322,9
526_1,True,,266.789474,9
527_1,True,,246.59322,9
527_2,False,,246.59322,9
527_3,False,,246.59322,9
527_4,False,,246.59322,9
527_5,False,,246.59322,9
528_1,True,,266.789474,9
528_2,False,,266.789474,9
528_3,False,,266.789474,9
529_1,True,,246.59322,9
529_2,False,,246.59322,9
530_1,True,,266.789474,9
530_2,False,,266.789474,9
530_3,False,,266.789474,9
531_1,True,,246.59322,9
531_2,False,,246.59322,9
531_3,False,,246.59322,9
532_1,True,,266.789474,9
532_2,False,,266.789474,9
533_1,True,,246.59322,9
533_2,False,,246.59322,9
533_3,False,,246.59322,9
533_4,False,,246.59322,9
534_1,True,,266.789474,9
534_2,False,,266.789474,9
534_3,False,,266.789474,9
535_1,True,,246.59322,9
535_2,False,,246.59322,9
535_3,False,,246.59322,9
535_4,False,,246.59322,9
536_1,True,,246.59322,9
536_2,False,,246.59322,9
536_3,False,,246.59322,9
536_4,False,,246.59322,9
537_1,True,,266.789474,9
537_2,False,,266.789474,9
537_3,False,,266.789474,9
537_4,False,,266.789474,9
537_5,False,,266.789474,9
538_1,True,,246.59322,9
538_2,False,,246.59322,9
538_3,False,,246.59322,9
539_1,True,,266.789474,9
539_2,False,,266.789474,9
539_3,False,,266.789474,9
540_1,True,,246.59322,9
540_2,False,,246.59322,9
540_3,False,,246.59322,9
540_4,False,,246.59322,9
541_1,True,,266.789474,9
541_2,False,,266.789474,9
542_1,True,,246.59322,9
543_1,True,,266.789474,9
543_2,False,,266.789474,9
543_3,False,,266.789474,9
543_4,False,,266.789474,9
544_1,True,,246.59322,9
544_2,False,,246.59322,9
545_1,True,,266.789474,9
545_2,False,,266.789474,9
545_3,False,,266.789474,9
545_4,False,,266.789474,9
545_5,False,,266.789474,9
546_1,True,,246.59322,9
546_2,False,,246.59322,9
546_3,False,,246.59322,9
547_1,True,,266.789474,9
547_2,False,,266.789474,9
548_1,True,,246.59322,9
548_2,False,,246.59322,9
548_3,False,,246.59322,9
548_4,False,,246.59322,9
548_5,False,,246.59322,9
549_1,True,,266.789474,9
549_2,False,,266.789474,9
549_3,False,,266.789474,9
549_4,False,,266.789474,9
550_1,True,,246.59322,9
550_2,False,,246.59322,9
550_3,False,,246.59322,9
550_4,False,,246.59322,9
550_5,False,,246.59322,9
551_1,True,,266.789474,9
551_2,False,,266.789474,9
551_3,False,,266.789474,9
552_1,True,,246.59322,9
553_1,True,,266.789474,9
553_2,False,,266.789474,9
553_3,False,,266.789474,9
554_1,True,,246.59322,9
554_2,False,,246.59322,9
554_3,False,,246.59322,9
555_1,True,,266.789474,9
555_2,False,,266.789474,9
556_1,True,,246.59322,9
556_2,False,,246.59322,9
556_3,False,,246.59322,9
557_1,True,,266.789474,9
557_2,False,,266.789474,9
558_1,True,,246.59322,9
558_2,False,,246.59322,9
558_3,False,,246.59322,9
559_1,True,,266.789474,9
559_2,False,,266.789474,9
560_1,True,,246.59322,9
560_2,False,,246.59322,9
560_3,False,,246.59322,9
560_4,False,,246.59322,9
560_5,False,,246.59322,9
561_1,True,,266.789474,9
561_2,False,,266.789474,9
561_3,False,,266.789474,9
562_1,True,,266.789474,9
562_2,False,,266.789474,9
562_3,False,,266.789474,9
563_1,True,,266.789474,9
563_2,False,,266.789474,9
563_3,False,,266.789474,9
563_4,False,,266.789474,9
563_5,False,,266.789474,9
563_6,False,,266.789474,9
564_1,True,,246.59322,9
564_2,False,,246.59322,9
565_1,True,,266.789474,9
566_1,True,,246.59322,9
566_2,False,,246.59322,9
566_3,False,,246.59322,9
567_1,True,,266.789474,9
567_2,False,,266.789474,9
567_3,False,,266.789474,9
568_1,True,,246.59322,9
568_2,False,,246.59322,9
568_3,False,,246.59322,9
569_1,True,,266.789474,9
569_2,False,,266.789474,9
569_3,False,,266.789474,9
570_1,True,,246.59322,9
570_2,False,,246.59322,9
570_3,False,,246.59322,9
571_1,True,,266.789474,9
571_2,False,,266.789474,9
571_3,False,,266.789474,9
571_4,False,,266.789474,9
571_5,False,,266.789474,9
572_1,True,,246.59322,9
573_1,True,,266.789474,9
573_2,False,,266.789474,9
573_3,False,,266.789474,9
573_4,False,,266.789474,9
573_5,False,,266.789474,9
574_1,True,,246.59322,9
574_2,False,,246.59322,9
575_1,True,,266.789474,9
575_2,False,,266.789474,9
575_3,False,,266.789474,9
575_4,False,,266.789474,9
575_5,False,,266.789474,9
576_1,True,,266.789474,9
576_2,False,,266.789474,9
576_3,False,,266.789474,9
576_4,False,,266.789474,9
577_1,True,,266.789474,9
578_1,True,,246.59322,9
578_2,False,,246.59322,9
579_1,True,,266.789474,9
579_2,False,,266.789474,9
579_3,False,,266.789474,9
579_4,False,,266.789474,9
580_1,True,,246.59322,9
580_2,False,,246.59322,9
580_3,False,,246.59322,9
580_4,False,,246.59322,9
581_1,True,,266.789474,9
581_2,False,,266.789474,9
582_1,True,,246.59322,9
582_2,False,,246.59322,9
582_3,False,,246.59322,9
582_4,False,,246.59322,9
582_5,False,,246.59322,9
583_1,True,,266.789474,9
583_2,False,,266.789474,9
583_3,False,,266.789474,9
583_4,False,,266.789474,9
583_5,False,,266.789474,9
583_6,False,,266.789474,9
584_1,True,,246.59322,9
584_2,False,,246.59322,9
584_3,False,,246.59322,9
584_4,False,,246.59322,9
585_1,True,,266.789474,9
585_2,False,,266.789474,9
586_1,True,,246.59322,9
586_2,False,,246.59322,9
586_3,False,,246.59322,9
586_4,False,,246.59322,9
587_1,True,,266.789474,9
587_2,False,,266.789474,9
588_1,True,,246.59322,9
588_2,False,,246.59322,9
588_3,False,,246.59322,9
589_1,True,,266.789474,9
589_2,False,,266.789474,9
589_3,False,,266.789474,9
590_1,True,,246.59322,9
590_2,False,,246.59322,9
590_3,False,,246.59322,9
591_1,True,,266.789474,9
591_2,False,,266.789474,9
591_3,False,,266.789474,9
592_1,True,,246.59322,9
592_2,False,,246.59322,9
593_1,True,,246.59322,9
594_1,True,,246.59322,9
594_2,False,,246.59322,9
594_3,False,,246.59322,9
594_4,False,,246.59322,9
594_5,False,,246.59322,9
594_6,False,,246.59322,9
595_1,True,,266.789474,9
596_1,True,,246.59322,9
596_2,False,,246.59322,9
596_3,False,,246.59322,9
597_1,True,,246.59322,9
597_2,False,,246.59322,9
598_1,True,,246.59322,9
598_2,False,,246.59322,9
598_3,False,,246.59322,9
599_1,True,,266.789474,9
599_2,False,,266.789474,9
599_3,False,,266.789474,9
600_1,True,,246.59322,9
600_2,False,,246.59322,9
600_3,False,,246.59322,9
600_4,False,,246.59322,9
601_1,True,,266.789474,9
601_2,False,,266.789474,9
601_3,False,,266.789474,9
602_1,True,,246.59322,9
602_2,False,,246.59322,9
602_3,False,,246.59322,9
602_4,False,,246.59322,9
603_1,True,,266.789474,9
603_2,False,,266.789474,9
604_1,True,,246.59322,9
604_2,False,,246.59322,9
605_1,True,,266.789474,9
605_2,False,,266.789474,9
605_3,False,,266.789474,9
605_4,False,,266.789474,9
606_1,True,,246.59322,9
607_1,True,,266.789474,9
607_2,False,,266.789474,9
607_3,False,,266.789474,9
608_1,True,,246.59322,9
608_2,False,,246.59322,9
608_3,False,,246.59322,9
608_4,False,,246.59322,9
609_1,True,,266.789474,9
610_1,True,,246.59322,9
610_2,False,,246.59322,9
610_3,False,,246.59322,9
610_4,False,,246.59322,9
610_5,False,,246.59322,9
611_1,True,,266.789474,9
611_2,False,,266.789474,9
612_1,True,,246.59322,9
612_2,False,,246.59322,9
613_1,True,,266.789474,9
613_2,False,,266.789474,9
613_3,False,,266.789474,9
613_4,False,,266.789474,9
614_1,True,,246.59322,9
614_2,False,,246.59322,9
614_3,False,,246.59322,9
614_4,False,,246.59322,9
614_5,False,,246.59322,9
614_6,False,,246.59322,9
614_7,False,,246.59322,9
615_1,True,,266.789474,9
615_2,False,,266.789474,9
616_1,True,,246.59322,9
616_2,False,,246.59322,9
616_3,False,,246.59322,9
616_4,False,,246.59322,9
617_1,True,,266.789474,9
618_1,True,,246.59322,9
618_2,False,,246.59322,9
618_3,False,,246.59322,9
618_4,False,,246.59322,9
618_5,False,,246.59322,9
618_6,False,,246.59322,9
619_1,True,,266.789474,9
619_2,False,,266.789474,9
619_3,False,,266.789474,9
619_4,False,,266.789474,9
620_1,True,,246.59322,9
620_2,False,,246.59322,9
621_1,True,,266.789474,9
621_2,False,,266.789474,9
621_3,False,,266.789474,9
621_4,False,,266.789474,9
621_5,False,,266.789474,9
622_1,True,,246.59322,9
622_2,False,,246.59322,9
622_3,False,,246.59322,9
622_4,False,,246.59322,9
622_5,False,,246.59322,9
623_1,True,,266.789474,9
623_2,False,,266.789474,9
623_3,False,,266.789474,9
623_4,False,,266.789474,9
624_1,True,,246.59322,9
625_1,True,,266.789474,9
625_2,False,,266.789474,9
625_3,False,,266.789474,9
626_1,True,,246.59322,9
626_2,False,,246.59322,9
626_3,False,,246.59322,9
626_4,False,,246.59322,9
627_1,True,,266.789474,9
627_2,False,,266.789474,9
627_3,False,,266.789474,9
628_1,True,,246.59322,9
628_2,False,,246.59322,9
629_1,True,,266.789474,9
629_2,False,,266.789474,9
630_1,True,,246.59322,9
630_2,False,,246.59322,9
630_3,False,,246.59322,9
630_4,False,,246.59322,9
630_5,False,,246.59322,9
630_6,False,,246.59322,9
631_1,True,,266.789474,9
631_2,False,,266.789474,9
631_3,False,,266.789474,9
631_4,False,,266.789474,9
632_1,True,,246.59322,9
632_2,False,,246.59322,9
633_1,True,,266.789474,9
633_2,False,,266.789474,9
633_3,False,,266.789474,9
634_1,True,,246.59322,9
634_2,False,,246.59322,9
634_3,False,,246.59322,9
635_1,True,,266.789474,9
635_2,False,,266.789474,9
636_1,True,,246.59322,9
636_2,False,,246.59322,9
637_1,True,,266.789474,9
638_1,True,,246.59322,9
638_2,False,,246.59322,9
638_3,False,,246.59322,9
638_4,False,,246.59322,9
639_1,True,,246.59322,9
639_2,False,,246.59322,9
639_3,False,,246.59322,9
639_4,False,,246.59322,9
640_1,True,,246.59322,9
640_2,False,,246.59322,9
640_3,False,,246.59322,9
640_4,False,,246.59322,9
640_5,False,,246.59322,9
640_6,False,,246.59322,9
641_1,True,,266.789474,9
641_2,False,,266.789474,9
642_1,True,,246.59322,9
642_2,False,,246.59322,9
642_3,False,,246.59322,9
642_4,False,,246.59322,9
643_1,True,,266.789474,9
643_2,False,,266.789474,9
643_3,False,,266.789474,9
643_4,False,,266.789474,9
643_5,False,,266.789474,9
643_6,False,,266.789474,9
644_1,True,,246.59322,9
644_2,False,,246.59322,9
645_1,True,,246.59322,9
645_2,False,,246.59322,9
645_3,False,,246.59322,9
646_1,True,,246.59322,9
646_2,False,,246.59322,9
647_1,True,,266.789474,9
647_2,False,,266.789474,9
647_3,False,,266.789474,9
647_4,False,,266.789474,9
648_1,True,,246.59322,9
648_2,False,,246.59322,9
649_1,True,,266.789474,9
649_2,False,,266.789474,9
649_3,False,,266.789474,9
649_4,False,,266.789474,9
650_1,True,,246.59322,9
650_2,False,,246.59322,9
650_3,False,,246.59322,9
650_4,False,,246.59322,9
651_1,True,,266.789474,9
651_2,False,,266.789474,9
651_3,False,,266.789474,9
652_1,True,,246.59322,9
652_2,False,,246.59322,9
653_1,True,,266.789474,9
653_2,False,,266.789474,9
654_1,True,,246.59322,9
654_2,False,,246.59322,9
654_3,False,,246.59322,9
655_1,True,,266.789474,9
655_2,False,,266.789474,9
655_3,False,,266.789474,9
656_1,True,,246.59322,9
656_2,False,,246.59322,9
657_1,True,,266.789474,9
657_2,False,,266.789474,9
657_3,False,,266.789474,9
657_4,False,,266.789474,9
658_1,True,,246.59322,9
658_2,False,,246.59322,9
658_3,False,,246.59322,9
659_1,True,,266.789474,9
659_2,False,,266.789474,9
659_3,False,,266.789474,9
659_4,False,,266.789474,9
660_1,True,,246.59322,9
660_2,False,,246.59322,9
660_3,False,,246.59322,9
661_1,True,,266.789474,9
661_2,False,,266.789474,9
661_3,False,,266.789474,9
662_1,True,,246.59322,9
662_2,False,,246.59322,9
662_3,False,,246.59322,9
662_4,False,,246.59322,9
662_5,False,,246.59322,9
662_6,False,,246.59322,9
663_1,True,,266.789474,9
663_2,False,,266.789474,9
663_3,False,,266.789474,9
663_4,False,,266.789474,9
663_5,False,,266.789474,9
664_1,True,,246.59322,9
664_2,False,,246.59322,9
664_3,False,,246.59322,9
664_4,False,,246.59322,9
665_1,True,,266.789474,9
665_2,False,,266.789474,9
666_1,True,,246.59322,9
666_2,False,,246.59322,9
667_1,True,,266.789474,9
667_2,False,,266.789474,9
668_1,True,,246.59322,9
668_2,False,,246.59322,9
668_3,False,,246.59322,9
668_4,False,,246.59322,9
668_5,False,,246.59322,9
669_1,True,,266.789474,9
669_2,False,,266.789474,9
669_3,False,,266.789474,9
669_4,False,,266.789474,9
669_5,False,,266.789474,9
670_1,True,,246.59322,9
670_2,False,,246.59322,9
670_3,False,,246.59322,9
670_4,False,,246.59322,9
670_5,False,,246.59322,9
671_1,True,,266.789474,9
671_2,False,,266.789474,9
671_3,False,,266.789474,9
671_4,False,,266.789474,9
672_1,True,,246.59322,9
672_2,False,,246.59322,9
672_3,False,,246.59322,9
672_4,False,,246.59322,9
673_1,True,,266.789474,9
673_2,False,,266.789474,9
673_3,False,,266.789474,9
674_1,True,,246.59322,9
674_2,False,,246.59322,9
674_3,False,,246.59322,9
675_1,True,,266.789474,9
675_2,False,,266.789474,9
675_3,False,,266.789474,9
676_1,True,,246.59322,9
676_2,False,,246.59322,9
677_1,True,,266.789474,9
678_1,True,,246.59322,9
678_2,False,,246.59322,9
678_3,False,,246.59322,9
678_4,False,,246.59322,9
679_1,True,,266.789474,9
679_2,False,,266.789474,9
679_3,False,,266.789474,9
680_1,True,,246.59322,9
680_2,False,,246.59322,9
680_3,False,,246.59322,9
681_1,True,,266.789474,9
681_2,False,,266.789474,9
681_3,False,,266.789474,9
682_1,True,,246.59322,9
682_2,False,,246.59322,9
682_3,False,,246.59322,9
683_1,True,,266.789474,9
683_2,False,,266.789474,9
683_3,False,,266.789474,9
684_1,True,,246.59322,9
684_2,False,,246.59322,9
684_3,False,,246.59322,9
684_4,False,,246.59322,9
684_5,False,,246.59322,9
684_6,False,,246.59322,9
685_1,True,,266.789474,9
685_2,False,,266.789474,9
685_3,False,,266.789474,9
686_1,True,,246.59322,9
686_2,False,,246.59322,9
686_3,False,,246.59322,9
686_4,False,,246.59322,9
686_5,False,,246.59322,9
687_1,True,,266.789474,9
687_2,False,,266.789474,9
687_3,False,,266.789474,9
687_4,False,,266.789474,9
687_5,False,,266.789474,9
688_1,True,,246.59322,9
688_2,False,,246.59322,9
688_3,False,,246.59322,9
688_4,False,,246.59322,9
689_1,True,,266.789474,9
689_2,False,,266.789474,9
689_3,False,,266.789474,9
689_4,False,,266.789474,9
689_5,False,,266.789474,9
690_1,True,,246.59322,9
690_2,False,,246.59322,9
690_3,False,,246.59322,9
691_1,True,,266.789474,9
692_1,True,,246.59322,9
692_2,False,,246.59322,9
693_1,True,,266.789474,9
693_2,False,,266.789474,9
693_3,False,,266.789474,9
694_1,True,,246.59322,9
694_2,False,,246.59322,9
694_3,False,,246.59322,9
695_1,True,,266.789474,9
695_2,False,,266.789474,9
696_1,True,,246.59322,9
696_2,False,,246.59322,9
696_3,False,,246.59322,9
696_4,False,,246.59322,9
697_1,True,,266.789474,9
697_2,False,,266.789474,9
697_3,False,,266.789474,9
698_1,True,,246.59322,9
698_2,False,,246.59322,9
699_1,True,,266.789474,9
700_1,True,,246.59322,9
700_2,False,,246.59322,9
700_3,False,,246.59322,9
700_4,False,,246.59322,9
701_1,True,,266.789474,9
701_2,False,,266.789474,9
701_3,False,,266.789474,9
701_4,False,,266.789474,9
701_5,False,,266.789474,9
702_1,True,,246.59322,9
702_2,False,,246.59322,9
702_3,False,,246.59322,9
702_4,False,,246.59322,9
702_5,False,,246.59322,9
702_6,False,,246.59322,9
703_1,True,,266.789474,9
703_2,False,,266.789474,9
704_1,True,,246.59322,9
704_2,False,,246.59322,9
704_3,False,,246.59322,9
705_1,True,,266.789474,9
705_2,False,,266.789474,9
706_1,True,,246.59322,9
706_2,False,,246.59322,9
706_3,False,,246.59322,9
707_1,True,,266.789474,9
707_2,False,,266.789474,9
707_3,False,,266.789474,9
707_4,False,,266.789474,9
707_5,False,,266.789474,9
708_1,True,,246.59322,9
708_2,False,,246.59322,9
708_3,False,,246.59322,9
708_4,False,,246.59322,9
708_5,False,,246.59322,9
709_1,True,,266.789474,9
710_1,True,,246.59322,9
710_2,False,,246.59322,9
710_3,False,,246.59322,9
710_4,False,,246.59322,9
710_5,False,,246.59322,9
710_6,False,,246.59322,9
711_1,True,,266.789474,9
711_2,False,,266.789474,9
711_3,False,,266.789474,9
711_4,False,,266.789474,9
711_5,False,,266.789474,9
712_1,True,,246.59322,9
712_2,False,,246.59322,9
712_3,False,,246.59322,9
712_4,False,,246.59322,9
712_5,False,,246.59322,9
713_1,True,,266.789474,9
713_2,False,,266.789474,9
713_3,False,,266.789474,9
713_4,False,,266.789474,9
714_1,True,,246.59322,9
714_2,False,,246.59322,9
714_3,False,,246.59322,9
714_4,False,,246.59322,9
715_1,True,,266.789474,9
715_2,False,,266.789474,9
716_1,True,,246.59322,9
716_2,False,,246.59322,9
716_3,False,,246.59322,9
716_4,False,,246.59322,9
716_5,False,,246.59322,9
717_1,True,,266.789474,9
717_2,False,,266.789474,9
717_3,False,,266.789474,9
718_1,True,,246.59322,9
718_2,False,,246.59322,9
718_3,False,,246.59322,9
718_4,False,,246.59322,9
718_5,False,,246.59322,9
719_1,True,,266.789474,9
719_2,False,,266.789474,9
719_3,False,,266.789474,9
719_4,False,,266.789474,9
720_1,True,,246.59322,9
720_2,False,,246.59322,9
720_3,False,,246.59322,9
721_1,True,,266.789474,9
721_2,False,,266.789474,9
721_3,False,,266.789474,9
722_1,True,,246.59322,9
722_2,False,,246.59322,9
722_3,False,,246.59322,9
722_4,False,,246.59322,9
722_5,False,,246.59322,9
723_1,True,,266.789474,9
723_2,False,,266.789474,9
723_3,False,,266.789474,9
723_4,False,,266.789474,9
723_5,False,,266.789474,9
724_1,True,,266.789474,9
724_2,False,,266.789474,9
724_3,False,,266.789474,9
724_4,False,,266.789474,9
724_5,False,,266.789474,9
725_1,True,,246.59322,9
725_2,False,,246.59322,9
725_3,False,,246.59322,9
725_4,False,,246.59322,9
726_1,True,,246.59322,9
726_2,False,,246.59322,9
727_1,True,,266.789474,9
727_2,False,,266.789474,9
727_3,False,,266.789474,9
728_1,True,,246.59322,9
728_2,False,,246.59322,9
729_1,True,,266.789474,9
730_1,True,,246.59322,9
730_2,False,,246.59322,9
730_3,False,,246.59322,9
730_4,False,,246.59322,9
731_1,True,,246.59322,9
731_2,False,,246.59322,9
731_3,False,,246.59322,9
731_4,False,,246.59322,9
732_1,True,,266.789474,9
732_2,False,,266.789474,9
733_1,True,,266.789474,9
733_2,False,,266.789474,9
734_1,True,,246.59322,9
734_2,False,,246.59322,9
734_3,False,,246.59322,9
735_1,True,,266.789474,9
735_2,False,,266.789474,9
735_3,False,,266.789474,9
735_4,False,,266.789474,9
735_5,False,,266.789474,9
736_1,True,,246.59322,9
736_2,False,,246.59322,9
737_1,True,,266.789474,9
737_2,False,,266.789474,9
737_3,False,,266.789474,9
738_1,True,,246.59322,9
738_2,False,,246.59322,9
739_1,True,,266.789474,9
739_2,False,,266.789474,9
739_3,False,,266.789474,9
739_4,False,,266.789474,9
740_1,True,,246.59322,9
740_2,False,,246.59322,9
741_1,True,,266.789474,9
742_1,True,,246.59322,9
742_2,False,,246.59322,9
742_3,False,,246.59322,9
742_4,False,,246.59322,9
743_1,True,,266.789474,9
743_2,False,,266.789474,9
744_1,True,,1265.571429,10
744_2,False,,1265.571429,10
744_3,False,,1265.571429,10
744_4,False,,1265.571429,10
744_5,False,,1265.571429,10
745_1,True,,1290.894737,10
745_2,False,,1290.894737,10
746_1,True,,1265.571429,10
746_2,False,,1265.571429,10
747_1,True,,1290.894737,10
747_2,False,,1290.894737,10
747_3,False,,1290.894737,10
747_4,False,,1290.894737,10
747_5,False,,1290.894737,10
748_1,True,,1265.571429,10
748_2,False,,1265.571429,10
748_3,False,,1265.571429,10
748_4,False,,1265.571429,10
748_5,False,,1265.571429,10
749_1,True,,1290.894737,10
749_2,False,,1290.894737,10
749_3,False,,1290.894737,10
749_4,False,,1290.894737,10
750_1,True,,1265.571429,10
750_2,False,,1265.571429,10
750_3,False,,1265.571429,10
750_4,False,,1265.571429,10
750_5,False,,1265.571429,10
751_1,True,,1290.894737,10
752_1,True,,1265.571429,10
752_2,False,,1265.571429,10
753_1,True,,1290.894737,10
753_2,False,,1290.894737,10
754_1,True,,1265.571429,10
754_2,False,,1265.571429,10
754_3,False,,1265.571429,10
754_4,False,,1265.571429,10
755_1,True,,1290.894737,10
756_1,True,,1265.571429,10
756_2,False,,1265.571429,10
757_1,True,,1290.894737,10
757_2,False,,1290.894737,10
757_3,False,,1290.894737,10
758_1,True,,1265.571429,10
758_2,False,,1265.571429,10
758_3,False,,1265.571429,10
758_4,False,,1265.571429,10
759_1,True,,1290.894737,10
760_1,True,,1265.571429,10
760_2,False,,1265.571429,10
761_1,True,,1290.894737,10
761_2,False,,1290.894737,10
761_3,False,,1290.894737,10
761_4,False,,1290.894737,10
762_1,True,,1265.571429,10
762_2,False,,1265.571429,10
763_1,True,,1290.894737,10
763_2,False,,1290.894737,10
763_3,False,,1290.894737,10
764_1,True,,1265.571429,10
765_1,True,,1290.894737,10
765_2,False,,1290.894737,10
765_3,False,,1290.894737,10
766_1,True,,1265.571429,10
766_2,False,,1265.571429,10
767_1,True,,1290.894737,10
767_2,False,,1290.894737,10
767_3,False,,1290.894737,10
767_4,False,,1290.894737,10
768_1,True,,1265.571429,10
768_2,False,,1265.571429,10
768_3,False,,1265.571429,10
769_1,True,,1290.894737,10
770_1,True,,1265.571429,10
770_2,False,,1265.571429,10
770_3,False,,1265.571429,10
771_1,True,,1265.571429,10
771_2,False,,1265.571429,10
771_3,False,,1265.571429,10
772_1,True,,1290.894737,10
772_2,False,,1290.894737,10
772_3,False,,1290.894737,10
773_1,True,,1290.894737,10
773_2,False,,1290.894737,10
773_3,False,,1290.894737,10
774_1,True,,1265.571429,10
775_1,True,,1290.894737,10
776_1,True,,1265.571429,10
776_2,False,,1265.571429,10
776_3,False,,1265.571429,10
777_1,True,,1290.894737,10
777_2,False,,1290.894737,10
778_1,True,,1265.571429,10
778_2,False,,1265.571429,10
779_1,True,,1290.894737,10
780_1,True,,1265.571429,10
781_1,True,,1290.894737,10
781_2,False,,1290.894737,10
781_3,False,,1290.894737,10
781_4,False,,1290.894737,10
782_1,True,,1265.571429,10
783_1,True,,1290.894737,10
784_1,True,,1265.571429,10
784_2,False,,1265.571429,10
784_3,False,,1265.571429,10
784_4,False,,1265.571429,10
785_1,True,,1290.894737,10
785_2,False,,1290.894737,10
785_3,False,,1290.894737,10
785_4,False,,1290.894737,10
785_5,False,,1290.894737,10
786_1,True,,1265.571429,10
786_2,False,,1265.571429,10
787_1,True,,1290.894737,10
788_1,True,,1265.571429,10
788_2,False,,1265.571429,10
789_1,True,,1290.894737,10
789_2,False,,1290.894737,10
790_1,True,,1265.571429,10
790_2,False,,1265.571429,10
790_3,False,,1265.571429,10
790_4,False,,1265.571429,10
791_1,True,,1290.894737,10
791_2,False,,1290.894737,10
791_3,False,,1290.894737,10
792_1,True,,1265.571429,10
792_2,False,,1265.571429,10
792_3,False,,1265.571429,10
793_1,True,,1290.894737,10
793_2,False,,1290.894737,10
794_1,True,,1265.571429,10
794_2,False,,1265.571429,10
794_3,False,,1265.571429,10
795_1,True,,1290.894737,10
795_2,False,,1290.894737,10
795_3,False,,1290.894737,10
796_1,True,,1265.571429,10
796_2,False,,1265.571429,10
796_3,False,,1265.571429,10
796_4,False,,1265.571429,10
796_5,False,,1265.571429,10
797_1,True,,1290.894737,10
797_2,False,,1290.894737,10
797_3,False,,1290.894737,10
797_4,False,,1290.894737,10
798_1,True,,1265.571429,10
798_2,False,,1265.571429,10
798_3,False,,1265.571429,10
799_1,True,,1290.894737,10
800_1,True,,1265.571429,10
800_2,False,,1265.571429,10
800_3,False,,1265.571429,10
800_4,False,,1265.571429,10
801_1,True,,1290.894737,10
802_1,True,,1265.571429,10
802_2,False,,1265.571429,10
802_3,False,,1265.571429,10
803_1,True,,1290.894737,10
803_2,False,,1290.894737,10
804_1,True,,1265.571429,10
805_1,True,,1290.894737,10
805_2,False,,1290.894737,10
805_3,False,,1290.894737,10
805_4,False,,1290.894737,10
806_1,True,,1265.571429,10
806_2,False,,1265.571429,10
807_1,True,,1290.894737,10
808_1,True,,1265.571429,10
809_1,True,,1290.894737,10
809_2,False,,1290.894737,10
810_1,True,,1265.571429,10
811_1,True,,1290.894737,10
811_2,False,,1290.894737,10
811_3,False,,1290.894737,10
812_1,True,,1265.571429,10
812_2,False,,1265.571429,10
813_1,True,,1290.894737,10
813_2,False,,1290.894737,10
813_3,False,,1290.894737,10
813_4,False,,1290.894737,10
814_1,True,,1265.571429,10
814_2,False,,1265.571429,10
814_3,False,,1265.571429,10
815_1,True,,1290.894737,10
815_2,False,,1290.894737,10
816_1,True,,1265.571429,10
816_2,False,,1265.571429,10
816_3,False,,1265.571429,10
817_1,True,,1290.894737,10
817_2,False,,1290.894737,10
818_1,True,,1265.571429,10
819_1,True,,1290.894737,10
819_2,False,,1290.894737,10
819_3,False,,1290.894737,10
820_1,True,,1265.571429,11
820_2,False,,1265.571429,11
821_1,True,,1290.894737,11
822_1,True,,1265.571429,11
822_2,False,,1265.571429,11
823_1,True,,1290.894737,11
824_1,True,,1265.571429,12
825_1,True,,1290.894737,12
825_2,False,,1290.894737,12
825_3,False,,1290.894737,12
826_1,True,,1265.571429,12
826_2,False,,1265.571429,12
826_3,False,,1265.571429,12
826_4,False,,1265.571429,12
826_5,False,,1265.571429,12
827_1,True,,1290.894737,12
827_2,False,,1290.894737,12
827_3,False,,1290.894737,12
827_4,False,,1290.894737,12
827_5,False,,1290.894737,12
827_6,False,,1290.894737,12
828_1,True,,1265.571429,12
828_2,False,,1265.571429,12
829_1,True,,1290.894737,12
829_2,False,,1290.894737,12
829_3,False,,1290.894737,12
829_4,False,,1290.894737,12
830_1,True,,1265.571429,12
830_2,False,,1265.571429,12
831_1,True,,1290.894737,12
831_2,False,,1290.894737,12
831_3,False,,1290.894737,12
831_4,False,,1290.894737,12
832_1,True,,1265.571429,12
832_2,False,,1265.571429,12
832_3,False,,1265.571429,12
832_4,False,,1265.571429,12
832_5,False,,1265.571429,12
833_1,True,,1290.894737,12
833_2,False,,1290.894737,12
833_3,False,,1290.894737,12
833_4,False,,1290.894737,12
834_1,True,,1265.571429,12
834_2,False,,1265.571429,12
834_3,False,,1265.571429,12
835_1,True,,1290.894737,12
835_2,False,,1290.894737,12
835_3,False,,1290.894737,12
836_1,True,,1265.571429,12
836_2,False,,1265.571429,12
836_3,False,,1265.571429,12
836_4,False,,1265.571429,12
837_1,True,,1290.894737,12
837_2,False,,1290.894737,12
838_1,True,,1265.571429,12
838_2,False,,1265.571429,12
839_1,True,,1290.894737,12
839_2,False,,1290.894737,12
839_3,False,,1290.894737,12
840_1,True,,1265.571429,12
840_2,False,,1265.571429,12
840_3,False,,1265.571429,12
840_4,False,,1265.571429,12
840_5,False,,1265.571429,12
840_6,False,,1265.571429,12
841_1,True,,1290.894737,12
841_2,False,,1290.894737,12
841_3,False,,1290.894737,12
842_1,True,,1265.571429,12
842_2,False,,1265.571429,12
842_3,False,,1265.571429,12
843_1,True,,1290.894737,12
844_1,True,,1265.571429,12
844_2,False,,1265.571429,12
844_3,False,,1265.571429,12
844_4,False,,1265.571429,12
845_1,True,,1290.894737,12
845_2,False,,1290.894737,12
846_1,True,,1265.571429,12
846_2,False,,1265.571429,12
846_3,False,,1265.571429,12
846_4,False,,1265.571429,12
846_5,False,,1265.571429,12
846_6,False,,1265.571429,12
847_1,True,,1290.894737,12
847_2,False,,1290.894737,12
847_3,False,,1290.894737,12
847_4,False,,1290.894737,12
848_1,True,,1265.571429,12
848_2,False,,1265.571429,12
848_3,False,,1265.571429,12
848_4,False,,1265.571429,12
848_5,False,,1265.571429,12
849_1,True,,1290.894737,12
849_2,False,,1290.894737,12
849_3,False,,1290.894737,12
850_1,True,,1265.571429,12
850_2,False,,1265.571429,12
850_3,False,,1265.571429,12
850_4,False,,1265.571429,12
851_1,True,,1290.894737,12
851_2,False,,1290.894737,12
851_3,False,,1290.894737,12
852_1,True,,1265.571429,12
852_2,False,,1265.571429,12
852_3,False,,1265.571429,12
852_4,False,,1265.571429,12
852_5,False,,1265.571429,12
852_6,False,,1265.571429,12
852_7,False,,1265.571429,12
853_1,True,,1290.894737,12
854_1,True,,1265.571429,12
854_2,False,,1265.571429,12
854_3,False,,1265.571429,12
854_4,False,,1265.571429,12
854_5,False,,1265.571429,12
854_6,False,,1265.571429,12
855_1,True,,1290.894737,12
855_2,False,,1290.894737,12
855_3,False,,1290.894737,12
855_4,False,,1290.894737,12
855_5,False,,1290.894737,12
855_6,False,,1290.894737,12
856_1,True,,1265.571429,12
856_2,False,,1265.571429,12
856_3,False,,1265.571429,12
857_1,True,,1290.894737,12
857_2,False,,1290.894737,12
857_3,False,,1290.894737,12
858_1,True,,1265.571429,12
858_2,False,,1265.571429,12
858_3,False,,1265.571429,12
858_4,False,,1265.571429,12
858_5,False,,1265.571429,12
858_6,False,,1265.571429,12
859_1,True,,1290.894737,12
859_2,False,,1290.894737,12
859_3,False,,1290.894737,12
859_4,False,,1290.894737,12
859_5,False,,1290.894737,12
859_6,False,,1290.894737,12
860_1,True,,1265.571429,12
860_2,False,,1265.571429,12
861_1,True,,1290.894737,12
862_1,True,,1265.571429,12
862_2,False,,1265.571429,12
862_3,False,,1265.571429,12
862_4,False,,1265.571429,12
863_1,True,,1290.894737,12
863_2,False,,1290.894737,12
864_1,True,,1265.571429,12
864_2,False,,1265.571429,12
865_1,True,,1290.894737,12
866_1,True,,1265.571429,12
866_2,False,,1265.571429,12
866_3,False,,1265.571429,12
866_4,False,,1265.571429,12
867_1,True,,1290.894737,12
867_2,False,,1290.894737,12
867_3,False,,1290.894737,12
868_1,True,,1265.571429,12
869_1,True,,1290.894737,12
869_2,False,,1290.894737,12
869_3,False,,1290.894737,12
870_1,True,,1265.571429,12
870_2,False,,1265.571429,12
870_3,False,,1265.571429,12
870_4,False,,1265.571429,12
871_1,True,,1290.894737,12
871_2,False,,1290.894737,12
871_3,False,,1290.894737,12
872_1,True,,1265.571429,12
872_2,False,,1265.571429,12
872_3,False,,1265.571429,12
873_1,True,,1290.894737,12
873_2,False,,1290.894737,12
873_3,False,,1290.894737,12
874_1,True,,1265.571429,12
874_2,False,,1265.571429,12
874_3,False,,1265.571429,12
874_4,False,,1265.571429,12
875_1,True,,1290.894737,12
875_2,False,,1290.894737,12
876_1,True,,1265.571429,12
876_2,False,,1265.571429,12
876_3,False,,1265.571429,12
877_1,True,,1290.894737,12
877_2,False,,1290.894737,12
877_3,False,,1290.894737,12
878_1,True,,1265.571429,12
879_1,True,,1290.894737,12
879_2,False,,1290.894737,12
879_3,False,,1290.894737,12
879_4,False,,1290.894737,12
880_1,True,,1265.571429,13
880_2,False,,1265.571429,13
880_3,False,,1265.571429,13
880_4,False,,1265.571429,13
881_1,True,,1290.894737,13
881_2,False,,1290.894737,13
881_3,False,,1290.894737,13
882_1,True,,1265.571429,13
882_2,False,,1265.571429,13
882_3,False,,1265.571429,13
882_4,False,,1265.571429,13
882_5,False,,1265.571429,13
882_6,False,,1265.571429,13
882_7,False,,1265.571429,13
883_1,True,,1290.894737,13
883_2,False,,1290.894737,13
884_1,True,,1265.571429,14
884_2,False,,1265.571429,14
884_3,False,,1265.571429,14
885_1,True,,1290.894737,14
885_2,False,,1290.894737,14
886_1,True,,1265.571429,14
886_2,False,,1265.571429,14
886_3,False,,1265.571429,14
886_4,False,,1265.571429,14
886_5,False,,1265.571429,14
887_1,True,,1290.894737,14
887_2,False,,1290.894737,14
887_3,False,,1290.894737,14
888_1,True,,1265.571429,14
888_2,False,,1265.571429,14
888_3,False,,1265.571429,14
889_1,True,,1290.894737,14
889_2,False,,1290.894737,14
889_3,False,,1290.894737,14
889_4,False,,1290.894737,14
889_5,False,,1290.894737,14
890_1,True,,1265.571429,14
890_2,False,,1265.571429,14
891_1,True,,1290.894737,14
891_2,False,,1290.894737,14
892_1,True,,721.335165,18
893_1,True,,780.25,18
893_2,False,,780.25,18
893_3,False,,780.25,18
893_4,False,,780.25,18
893_5,False,,780.25,18
893_6,False,,780.25,18
894_1,True,,721.335165,18
894_2,False,,721.335165,18
894_3,False,,721.335165,18
895_1,True,,721.335165,18
895_2,False,,721.335165,18
895_3,False,,721.335165,18
895_4,False,,721.335165,18
895_5,False,,721.335165,18
896_1,True,,721.335165,18
896_2,False,,721.335165,18
896_3,False,,721.335165,18
896_4,False,,721.335165,18
896_5,False,,721.335165,18
897_1,True,,780.25,18
897_2,False,,780.25,18
897_3,False,,780.25,18
897_4,False,,780.25,18
898_1,True,,721.335165,18
898_2,False,,721.335165,18
898_3,False,,721.335165,18
898_4,False,,721.335165,18
899_1,True,,780.25,18
899_2,False,,780.25,18
899_3,False,,780.25,18
900_1,True,,721.335165,18
900_2,False,,721.335165,18
900_3,False,,721.335165,18
900_4,False,,721.335165,18
901_1,True,,780.25,18
902_1,True,,721.335165,18
902_2,False,,721.335165,18
902_3,False,,721.335165,18
902_4,False,,721.335165,18
903_1,True,,780.25,18
903_2,False,,780.25,18
904_1,True,,721.335165,18
904_2,False,,721.335165,18
904_3,False,,721.335165,18
904_4,False,,721.335165,18
905_1,True,,780.25,18
905_2,False,,780.25,18
905_3,False,,780.25,18
905_4,False,,780.25,18
905_5,False,,780.25,18
906_1,True,,721.335165,18
906_2,False,,721.335165,18
906_3,False,,721.335165,18
906_4,False,,721.335165,18
906_5,False,,721.335165,18
907_1,True,,780.25,18
907_2,False,,780.25,18
908_1,True,,721.335165,18
909_1,True,,780.25,18
909_2,False,,780.25,18
910_1,True,,721.335165,18
910_2,False,,721.335165,18
910_3,False,,721.335165,18
911_1,True,,780.25,18
911_2,False,,780.25,18
912_1,True,,721.335165,18
912_2,False,,721.335165,18
912_3,False,,721.335165,18
912_4,False,,721.335165,18
913_1,True,,780.25,18
913_2,False,,780.25,18
913_3,False,,780.25,18
914_1,True,,721.335165,18
914_2,False,,721.335165,18
914_3,False,,721.335165,18
914_4,False,,721.335165,18
914_5,False,,721.335165,18
915_1,True,,780.25,18
916_1,True,,721.335165,18
916_2,False,,721.335165,18
917_1,True,,780.25,18
917_2,False,,780.25,18
917_3,False,,780.25,18
917_4,False,,780.25,18
918_1,True,,721.335165,18
918_2,False,,721.335165,18
918_3,False,,721.335165,18
919_1,True,,780.25,18
919_2,False,,780.25,18
919_3,False,,780.25,18
919_4,False,,780.25,18
919_5,False,,780.25,18
920_1,True,,721.335165,18
920_2,False,,721.335165,18
920_3,False,,721.335165,18
920_4,False,,721.335165,18
920_5,False,,721.335165,18
921_1,True,,780.25,18
921_2,False,,780.25,18
921_3,False,,780.25,18
922_1,True,,721.335165,18
922_2,False,,721.335165,18
923_1,True,,780.25,18
923_2,False,,780.25,18
923_3,False,,780.25,18
924_1,True,,721.335165,18
924_2,False,,721.335165,18
924_3,False,,721.335165,18
925_1,True,,780.25,18
925_2,False,,780.25,18
926_1,True,,721.335165,18
926_2,False,,721.335165,18
927_1,True,,780.25,18
928_1,True,,721.335165,18
928_2,False,,721.335165,18
928_3,False,,721.335165,18
929_1,True,,780.25,18
929_2,False,,780.25,18
929_3,False,,780.25,18
929_4,False,,780.25,18
930_1,True,,780.25,18
930_2,False,,780.25,18
930_3,False,,780.25,18
930_4,False,,780.25,18
930_5,False,,780.25,18
931_1,True,,721.335165,18
932_1,True,,780.25,18
932_2,False,,780.25,18
932_3,False,,780.25,18
932_4,False,,780.25,18
933_1,True,,721.335165,18
933_2,False,,721.335165,18
933_3,False,,721.335165,18
934_1,True,,780.25,18
934_2,False,,780.25,18
934_3,False,,780.25,18
934_4,False,,780.25,18
935_1,True,,721.335165,18
935_2,False,,721.335165,18
935_3,False,,721.335165,18
936_1,True,,780.25,18
936_2,False,,780.25,18
936_3,False,,780.25,18
936_4,False,,780.25,18
936_5,False,,780.25,18
936_6,False,,780.25,18
937_1,True,,721.335165,18
937_2,False,,721.335165,18
937_3,False,,721.335165,18
937_4,False,,721.335165,18
937_5,False,,721.335165,18
938_1,True,,780.25,18
938_2,False,,780.25,18
938_3,False,,780.25,18
939_1,True,,721.335165,18
939_2,False,,721.335165,18
940_1,True,,780.25,18
940_2,False,,780.25,18
941_1,True,,721.335165,18
941_2,False,,721.335165,18
941_3,False,,721.335165,18
942_1,True,,780.25,18
942_2,False,,780.25,18
942_3,False,,780.25,18
942_4,False,,780.25,18
942_5,False,,780.25,18
943_1,True,,721.335165,18
943_2,False,,721.335165,18
943_3,False,,721.335165,18
943_4,False,,721.335165,18
944_1,True,,780.25,18
944_2,False,,780.25,18
944_3,False,,780.25,18
945_1,True,,721.335165,18
945_2,False,,721.335165,18
945_3,False,,721.335165,18
945_4,False,,721.335165,18
946_1,True,,780.25,18
946_2,False,,780.25,18
947_1,True,,721.335165,18
947_2,False,,721.335165,18
947_3,False,,721.335165,18
947_4,False,,721.335165,18
948_1,True,,780.25,18
948_2,False,,780.25,18
948_3,False,,780.25,18
948_4,False,,780.25,18
948_5,False,,780.25,18
949_1,True,,721.335165,18
949_2,False,,721.335165,18
949_3,False,,721.335165,18
949_4,False,,721.335165,18
950_1,True,,780.25,18
950_2,False,,780.25,18
950_3,False,,780.25,18
950_4,False,,780.25,18
951_1,True,,721.335165,18
952_1,True,,780.25,18
952_2,False,,780.25,18
952_3,False,,780.25,18
953_1,True,,721.335165,18
953_2,False,,721.335165,18
953_3,False,,721.335165,18
953_4,False,,721.335165,18
954_1,True,,721.335165,18
954_2,False,,721.335165,18
954_3,False,,721.335165,18
954_4,False,,721.335165,18
955_1,True,,721.335165,18
955_2,False,,721.335165,18
955_3,False,,721.335165,18
955_4,False,,721.335165,18
955_5,False,,721.335165,18
955_6,False,,721.335165,18
956_1,True,,780.25,18
956_2,False,,780.25,18
956_3,False,,780.25,18
956_4,False,,780.25,18
957_1,True,,721.335165,18
957_2,False,,721.335165,18
957_3,False,,721.335165,18
958_1,True,,780.25,18
958_2,False,,780.25,18
958_3,False,,780.25,18
958_4,False,,780.25,18
959_1,True,,721.335165,18
959_2,False,,721.335165,18
960_1,True,,780.25,18
960_2,False,,780.25,18
960_3,False,,780.25,18
960_4,False,,780.25,18
960_5,False,,780.25,18
961_1,True,,721.335165,18
961_2,False,,721.335165,18
961_3,False,,721.335165,18
961_4,False,,721.335165,18
962_1,True,,780.25,18
962_2,False,,780.25,18
962_3,False,,780.25,18
963_1,True,,721.335165,18
963_2,False,,721.335165,18
963_3,False,,721.335165,18
963_4,False,,721.335165,18
963_5,False,,721.335165,18
964_1,True,,780.25,18
964_2,False,,780.25,18
964_3,False,,780.25,18
965_1,True,,721.335165,18
965_2,False,,721.335165,18
965_3,False,,721.335165,18
966_1,True,,721.335165,18
966_2,False,,721.335165,18
966_3,False,,721.335165,18
966_4,False,,721.335165,18
967_1,True,,780.25,18
968_1,True,,721.335165,18
968_2,False,,721.335165,18
968_3,False,,721.335165,18
968_4,False,,721.335165,18
969_1,True,,780.25,18
969_2,False,,780.25,18
969_3,False,,780.25,18
969_4,False,,780.25,18
970_1,True,,721.335165,18
970_2,False,,721.335165,18
970_3,False,,721.335165,18
971_1,True,,780.25,18
971_2,False,,780.25,18
971_3,False,,780.25,18
972_1,True,,721.335165,18
972_2,False,,721.335165,18
973_1,True,,780.25,18
973_2,False,,780.25,18
974_1,True,,721.335165,18
974_2,False,,721.335165,18
974_3,False,,721.335165,18
974_4,False,,721.335165,18
974_5,False,,721.335165,18
975_1,True,,780.25,18
975_2,False,,780.25,18
975_3,False,,780.25,18
975_4,False,,780.25,18
975_5,False,,780.25,18
975_6,False,,780.25,18
976_1,True,,721.335165,18
976_2,False,,721.335165,18
976_3,False,,721.335165,18
976_4,False,,721.335165,18
976_5,False,,721.335165,18
977_1,True,,780.25,18
977_2,False,,780.25,18
977_3,False,,780.25,18
977_4,False,,780.25,18
978_1,True,,721.335165,18
978_2,False,,721.335165,18
978_3,False,,721.335165,18
979_1,True,,780.25,18
979_2,False,,780.25,18
979_3,False,,780.25,18
980_1,True,,721.335165,18
980_2,False,,721.335165,18
980_3,False,,721.335165,18
980_4,False,,721.335165,18
980_5,False,,721.335165,18
981_1,True,,780.25,18
981_2,False,,780.25,18
981_3,False,,780.25,18
981_4,False,,780.25,18
982_1,True,,721.335165,18
982_2,False,,721.335165,18
982_3,False,,721.335165,18
983_1,True,,721.335165,18
983_2,False,,721.335165,18
983_3,False,,721.335165,18
984_1,True,,721.335165,18
984_2,False,,721.335165,18
984_3,False,,721.335165,18
985_1,True,,780.25,18
985_2,False,,780.25,18
985_3,False,,780.25,18
985_4,False,,780.25,18
985_5,False,,780.25,18
986_1,True,,721.335165,18
986_2,False,,721.335165,18
986_3,False,,721.335165,18
987_1,True,,721.335165,18
988_1,True,,780.25,18
989_1,True,,780.25,18
989_2,False,,780.25,18
990_1,True,,721.335165,18
990_2,False,,721.335165,18
990_3,False,,721.335165,18
991_1,True,,780.25,18
991_2,False,,780.25,18
991_3,False,,780.25,18
991_4,False,,780.25,18
992_1,True,,721.335165,18
992_2,False,,721.335165,18
992_3,False,,721.335165,18
992_4,False,,721.335165,18
993_1,True,,780.25,18
993_2,False,,780.25,18
993_3,False,,780.25,18
994_1,True,,721.335165,18
994_2,False,,721.335165,18
994_3,False,,721.335165,18
995_1,True,,780.25,18
995_2,False,,780.25,18
995_3,False,,780.25,18
995_4,False,,780.25,18
995_5,False,,780.25,18
995_6,False,,780.25,18
996_1,True,,721.335165,18
996_2,False,,721.335165,18
996_3,False,,721.335165,18
996_4,False,,721.335165,18
997_1,True,,780.25,18
997_2,False,,780.25,18
997_3,False,,780.25,18
997_4,False,,780.25,18
998_1,True,,721.335165,18
998_2,False,,721.335165,18
998_3,False,,721.335165,18
998_4,False,,721.335165,18
999_1,True,,780.25,18
999_2,False,,780.25,18
999_3,False,,780.25,18
999_4,False,,780.25,18
999_5,False,,780.25,18
1000_1,True,,721.335165,18
1000_2,False,,721.335165,18
1000_3,False,,721.335165,18
1001_1,True,,780.25,18
1001_2,False,,780.25,18
1001_3,False,,780.25,18
1001_4,False,,780.25,18
1002_1,True,,721.335165,18
1002_2,False,,721.335165,18
1002_3,False,,721.335165,18
1002_4,False,,721.335165,18
1003_1,True,,780.25,18
1004_1,True,,721.335165,18
1004_2,False,,721.335165,18
1005_1,True,,780.25,18
1006_1,True,,721.335165,18
1006_2,False,,721.335165,18
1007_1,True,,780.25,18
1007_2,False,,780.25,18
1008_1,True,,721.335165,18
1008_2,False,,721.335165,18
1008_3,False,,721.335165,18
1008_4,False,,721.335165,18
1009_1,True,,780.25,18
1010_1,True,,721.335165,18
1010_2,False,,721.335165,18
1011_1,True,,780.25,18
1011_2,False,,780.25,18
1012_1,True,,721.335165,18
1012_2,False,,721.335165,18
1012_3,False,,721.335165,18
1013_1,True,,780.25,18
1013_2,False,,780.25,18
1013_3,False,,780.25,18
1013_4,False,,780.25,18
1013_5,False,,780.25,18
1013_6,False,,780.25,18
1013_7,False,,780.25,18
1014_1,True,,721.335165,18
1014_2,False,,721.335165,18
1014_3,False,,721.335165,18
1014_4,False,,721.335165,18
1014_5,False,,721.335165,18
1015_1,True,,780.25,18
1016_1,True,,721.335165,18
1016_2,False,,721.335165,18
1016_3,False,,721.335165,18
1017_1,True,,780.25,18
1017_2,False,,780.25,18
1017_3,False,,780.25,18
1018_1,True,,721.335165,18
1018_2,False,,721.335165,18
1018_3,False,,721.335165,18
1018_4,False,,721.335165,18
1019_1,True,,780.25,18
1019_2,False,,780.25,18
1020_1,True,,721.335165,18
1020_2,False,,721.335165,18
1020_3,False,,721.335165,18
1021_1,True,,780.25,18
1021_2,False,,780.25,18
1022_1,True,,721.335165,18
1022_2,False,,721.335165,18
1022_3,False,,721.335165,18
1022_4,False,,721.335165,18
1023_1,True,,780.25,18
1023_2,False,,780.25,18
1024_1,True,,721.335165,18
1025_1,True,,780.25,18
1025_2,False,,780.25,18
1026_1,True,,721.335165,18
1026_2,False,,721.335165,18
1026_3,False,,721.335165,18
1027_1,True,,780.25,18
1027_2,False,,780.25,18
1027_3,False,,780.25,18
1028_1,True,,780.25,18
1028_2,False,,780.25,18
1029_1,True,,721.335165,18
1029_2,False,,721.335165,18
1029_3,False,,721.335165,18
1029_4,False,,721.335165,18
1029_5,False,,721.335165,18
1030_1,True,,780.25,18
1030_2,False,,780.25,18
1030_3,False,,780.25,18
1031_1,True,,721.335165,18
1031_2,False,,721.335165,18
1031_3,False,,721.335165,18
1031_4,False,,721.335165,18
1032_1,True,,780.25,18
1032_2,False,,780.25,18
1032_3,False,,780.25,18
1033_1,True,,721.335165,18
1033_2,False,,721.335165,18
1033_3,False,,721.335165,18
1034_1,True,,780.25,18
1035_1,True,,721.335165,18
1035_2,False,,721.335165,18
1036_1,True,,780.25,18
1036_2,False,,780.25,18
1036_3,False,,780.25,18
1037_1,True,,721.335165,18
1037_2,False,,721.335165,18
1037_3,False,,721.335165,18
1037_4,False,,721.335165,18
1038_1,True,,721.335165,18
1038_2,False,,721.335165,18
1038_3,False,,721.335165,18
1038_4,False,,721.335165,18
1039_1,True,,780.25,18
1039_2,False,,780.25,18
1039_3,False,,780.25,18
1040_1,True,,721.335165,18
1040_2,False,,721.335165,18
1041_1,True,,721.335165,18
1041_2,False,,721.335165,18
1041_3,False,,721.335165,18
1042_1,True,,780.25,18
1042_2,False,,780.25,18
1042_3,False,,780.25,18
1042_4,False,,780.25,18
1043_1,True,,780.25,18
1043_2,False,,780.25,18
1043_3,False,,780.25,18
1044_1,True,,721.335165,18
1044_2,False,,721.335165,18
1044_3,False,,721.335165,18
1044_4,False,,721.335165,18
1045_1,True,,780.25,18
1045_2,False,,780.25,18
1045_3,False,,780.25,18
1045_4,False,,780.25,18
1045_5,False,,780.25,18
1045_6,False,,780.25,18
1045_7,False,,780.25,18
1045_8,False,,780.25,18
1045_9,False,,780.25,18
1046_1,True,,721.335165,18
1046_2,False,,721.335165,18
1047_1,True,,780.25,18
1048_1,True,,721.335165,18
1048_2,False,,721.335165,18
1048_3,False,,721.335165,18
1048_4,False,,721.335165,18
1049_1,True,,780.25,18
1049_2,False,,780.25,18
1049_3,False,,780.25,18
1049_4,False,,780.25,18
1050_1,True,,721.335165,18
1050_2,False,,721.335165,18
1050_3,False,,721.335165,18
1051_1,True,,780.25,18
1051_2,False,,780.25,18
1051_3,False,,780.25,18
1051_4,False,,780.25,18
1052_1,True,,721.335165,18
1052_2,False,,721.335165,18
1052_3,False,,721.335165,18
1053_1,True,,721.335165,18
1053_2,False,,721.335165,18
1053_3,False,,721.335165,18
1054_1,True,,780.25,18
1055_1,True,,721.335165,18
1055_2,False,,721.335165,18
1055_3,False,,721.335165,18
1056_1,True,,780.25,18
1056_2,False,,780.25,18
1056_3,False,,780.25,18
1056_4,False,,780.25,18
1056_5,False,,780.25,18
1057_1,True,,721.335165,18
1057_2,False,,721.335165,18
1057_3,False,,721.335165,18
1057_4,False,,721.335165,18
1057_5,False,,721.335165,18
1057_6,False,,721.335165,18
1057_7,False,,721.335165,18
1058_1,True,,780.25,18
1058_2,False,,780.25,18
1058_3,False,,780.25,18
1058_4,False,,780.25,18
1059_1,True,,721.335165,18
1059_2,False,,721.335165,18
1059_3,False,,721.335165,18
1060_1,True,,780.25,18
1060_2,False,,780.25,18
1060_3,False,,780.25,18
1060_4,False,,780.25,18
1061_1,True,,721.335165,18
1061_2,False,,721.335165,18
1061_3,False,,721.335165,18
1061_4,False,,721.335165,18
1061_5,False,,721.335165,18
1062_1,True,,780.25,18
1062_2,False,,780.25,18
1063_1,True,,721.335165,18
1063_2,False,,721.335165,18
1063_3,False,,721.335165,18
1063_4,False,,721.335165,18
1064_1,True,,780.25,18
1064_2,False,,780.25,18
1065_1,True,,780.25,18
1065_2,False,,780.25,18
1065_3,False,,780.25,18
1065_4,False,,780.25,18
1066_1,True,,721.335165,18
1066_2,False,,721.335165,18
1066_3,False,,721.335165,18
1066_4,False,,721.335165,18
1066_5,False,,721.335165,18
1067_1,True,,721.335165,18
1067_2,False,,721.335165,18
1067_3,False,,721.335165,18
1068_1,True,,780.25,18
1069_1,True,,780.25,18
1069_2,False,,780.25,18
1069_3,False,,780.25,18
1069_4,False,,780.25,18
1070_1,True,,721.335165,18
1070_2,False,,721.335165,18
1070_3,False,,721.335165,18
1070_4,False,,721.335165,18
1071_1,True,,780.25,18
1071_2,False,,780.25,18
1071_3,False,,780.25,18
1071_4,False,,780.25,18
1072_1,True,,721.335165,18
1072_2,False,,721.335165,18
1072_3,False,,721.335165,18
1072_4,False,,721.335165,18
1073_1,True,,780.25,18
1073_2,False,,780.25,18
1073_3,False,,780.25,18
1073_4,False,,780.25,18
1073_5,False,,780.25,18
1074_1,True,,721.335165,18
1074_2,False,,721.335165,18
1074_3,False,,721.335165,18
1075_1,True,,780.25,18
1075_2,False,,780.25,18
1075_3,False,,780.25,18
1075_4,False,,780.25,18
1075_5,False,,780.25,18
1075_6,False,,780.25,18
1076_1,True,,721.335165,18
1076_2,False,,721.335165,18
1077_1,True,,780.25,18
1077_2,False,,780.25,18
1078_1,True,,721.335165,18
1078_2,False,,721.335165,18
1078_3,False,,721.335165,18
1078_4,False,,721.335165,18
1079_1,True,,780.25,18
1079_2,False,,780.25,18
1079_3,False,,780.25,18
1080_1,True,,721.335165,18
1080_2,False,,721.335165,18
1080_3,False,,721.335165,18
1080_4,False,,721.335165,18
1081_1,True,,780.25,18
1081_2,False,,780.25,18
1082_1,True,,721.335165,18
1082_2,False,,721.335165,18
1083_1,True,,780.25,18
1083_2,False,,780.25,18
1083_3,False,,780.25,18
1084_1,True,,721.335165,18
1084_2,False,,721.335165,18
1084_3,False,,721.335165,18
1084_4,False,,721.335165,18
1085_1,True,,780.25,18
1086_1,True,,721.335165,18
1086_2,False,,721.335165,18
1087_1,True,,780.25,18
1087_2,False,,780.25,18
1087_3,False,,780.25,18
1088_1,True,,721.335165,18
1088_2,False,,721.335165,18
1088_3,False,,721.335165,18
1089_1,True,,721.335165,18
1089_2,False,,721.335165,18
1089_3,False,,721.335165,18
1089_4,False,,721.335165,18
1089_5,False,,721.335165,18
1090_1,True,,721.335165,18
1090_2,False,,721.335165,18
1090_3,False,,721.335165,18
1090_4,False,,721.335165,18
1091_1,True,,780.25,18
1091_2,False,,780.25,18
1091_3,False,,780.25,18
1092_1,True,,721.335165,18
1092_2,False,,721.335165,18
1092_3,False,,721.335165,18
1092_4,False,,721.335165,18
1092_5,False,,721.335165,18
1093_1,True,,780.25,18
1093_2,False,,780.25,18
1094_1,True,,721.335165,18
1094_2,False,,721.335165,18
1094_3,False,,721.335165,18
1094_4,False,,721.335165,18
1094_5,False,,721.335165,18
1094_6,False,,721.335165,18
1095_1,True,,780.25,18
1095_2,False,,780.25,18
1095_3,False,,780.25,18
1095_4,False,,780.25,18
1096_1,True,,721.335165,18
1096_2,False,,721.335165,18
1096_3,False,,721.335165,18
1096_4,False,,721.335165,18
1096_5,False,,721.335165,18
1097_1,True,,780.25,18
1097_2,False,,780.25,18
1097_3,False,,780.25,18
1098_1,True,,721.335165,18
1098_2,False,,721.335165,18
1098_3,False,,721.335165,18
1098_4,False,,721.335165,18
1099_1,True,,780.25,18
1099_2,False,,780.25,18
1100_1,True,,780.25,18
1100_2,False,,780.25,18
1101_1,True,,721.335165,18
1101_2,False,,721.335165,18
1101_3,False,,721.335165,18
1102_1,True,,721.335165,18
1102_2,False,,721.335165,18
1102_3,False,,721.335165,18
1102_4,False,,721.335165,18
1102_5,False,,721.335165,18
1103_1,True,,780.25,18
1103_2,False,,780.25,18
1103_3,False,,780.25,18
1104_1,True,,721.335165,18
1104_2,False,,721.335165,18
1104_3,False,,721.335165,18
1104_4,False,,721.335165,18
1105_1,True,,780.25,18
1105_2,False,,780.25,18
1105_3,False,,780.25,18
1106_1,True,,721.335165,18
1106_2,False,,721.335165,18
1106_3,False,,721.335165,18
1106_4,False,,721.335165,18
1106_5,False,,721.335165,18
1106_6,False,,721.335165,18
1107_1,True,,780.25,18
1107_2,False,,780.25,18
1107_3,False,,780.25,18
1107_4,False,,780.25,18
1107_5,False,,780.25,18
1108_1,True,,721.335165,18
1108_2,False,,721.335165,18
1108_3,False,,721.335165,18
1108_4,False,,721.335165,18
1109_1,True,,780.25,18
1110_1,True,,780.25,18
1110_2,False,,780.25,18
1110_3,False,,780.25,18
1110_4,False,,780.25,18
1111_1,True,,721.335165,18
1111_2,False,,721.335165,18
1111_3,False,,721.335165,18
1112_1,True,,780.25,18
1112_2,False,,780.25,18
1112_3,False,,780.25,18
1112_4,False,,780.25,18
1112_5,False,,780.25,18
1112_6,False,,780.25,18
1113_1,True,,721.335165,18
1113_2,False,,721.335165,18
1113_3,False,,721.335165,18
1113_4,False,,721.335165,18
1113_5,False,,721.335165,18
1114_1,True,,780.25,18
1114_2,False,,780.25,18
1114_3,False,,780.25,18
1114_4,False,,780.25,18
1114_5,False,,780.25,18
1114_6,False,,780.25,18
1114_7,False,,780.25,18
1114_8,False,,780.25,18
1114_9,False,,780.25,18
1114_10,False,,780.25,18
1115_1,True,,721.335165,18
1115_2,False,,721.335165,18
1116_1,True,,780.25,18
1116_2,False,,780.25,18
1117_1,True,,721.335165,18
1117_2,False,,721.335165,18
1117_3,False,,721.335165,18
1117_4,False,,721.335165,18
1118_1,True,,780.25,18
1118_2,False,,780.25,18
1118_3,False,,780.25,18
1118_4,False,,780.25,18
1119_1,True,,721.335165,18
1119_2,False,,721.335165,18
1119_3,False,,721.335165,18
1119_4,False,,721.335165,18
1120_1,True,,780.25,18
1120_2,False,,780.25,18
1120_3,False,,780.25,18
1120_4,False,,780.25,18
1121_1,True,,721.335165,18
1121_2,False,,721.335165,18
1121_3,False,,721.335165,18
1122_1,True,,780.25,18
1122_2,False,,780.25,18
1122_3,False,,780.25,18
1122_4,False,,780.25,18
1123_1,True,,721.335165,18
1123_2,False,,721.335165,18
1123_3,False,,721.335165,18
1123_4,False,,721.335165,18
1124_1,True,,780.25,18
1124_2,False,,780.25,18
1124_3,False,,780.25,18
1125_1,True,,721.335165,18
1125_2,False,,721.335165,18
1125_3,False,,721.335165,18
1126_1,True,,780.25,18
1126_2,False,,780.25,18
1126_3,False,,780.25,18
1126_4,False,,780.25,18
1126_5,False,,780.25,18
1127_1,True,,721.335165,18
1127_2,False,,721.335165,18
1128_1,True,,780.25,18
1128_2,False,,780.25,18
1128_3,False,,780.25,18
1129_1,True,,721.335165,18
1129_2,False,,721.335165,18
1129_3,False,,721.335165,18
1130_1,True,,780.25,18
1130_2,False,,780.25,18
1130_3,False,,780.25,18
1131_1,True,,721.335165,18
1131_2,False,,721.335165,18
1131_3,False,,721.335165,18
1131_4,False,,721.335165,18
1131_5,False,,721.335165,18
1132_1,True,,780.25,18
1132_2,False,,780.25,18
1132_3,False,,780.25,18
1132_4,False,,780.25,18
1132_5,False,,780.25,18
1132_6,False,,780.25,18
1133_1,True,,721.335165,18
1133_2,False,,721.335165,18
1133_3,False,,721.335165,18
1133_4,False,,721.335165,18
1134_1,True,,780.25,18
1134_2,False,,780.25,18
1134_3,False,,780.25,18
1134_4,False,,780.25,18
1134_5,False,,780.25,18
1134_6,False,,780.25,18
1135_1,True,,721.335165,18
1135_2,False,,721.335165,18
1135_3,False,,721.335165,18
1136_1,True,,780.25,18
1136_2,False,,780.25,18
1136_3,False,,780.25,18
1136_4,False,,780.25,18
1136_5,False,,780.25,18
1136_6,False,,780.25,18
1136_7,False,,780.25,18
1137_1,True,,721.335165,18
1137_2,False,,721.335165,18
1137_3,False,,721.335165,18
1137_4,False,,721.335165,18
1138_1,True,,780.25,18
1138_2,False,,780.25,18
1138_3,False,,780.25,18
1139_1,True,,721.335165,18
1139_2,False,,721.335165,18
1139_3,False,,721.335165,18
1140_1,True,,780.25,18
1140_2,False,,780.25,18
1141_1,True,,721.335165,18
1141_2,False,,721.335165,18
1141_3,False,,721.335165,18
1141_4,False,,721.335165,18
1142_1,True,,780.25,18
1142_2,False,,780.25,18
1143_1,True,,721.335165,18
1143_2,False,,721.335165,18
1143_3,False,,721.335165,18
1143_4,False,,721.335165,18
1143_5,False,,721.335165,18
1143_6,False,,721.335165,18
1144_1,True,,780.25,18
1144_2,False,,780.25,18
1144_3,False,,780.25,18
1144_4,False,,780.25,18
1144_5,False,,780.25,18
1144_6,False,,780.25,18
1145_1,True,,721.335165,18
1145_2,False,,721.335165,18
1145_3,False,,721.335165,18
1146_1,True,,780.25,18
1146_2,False,,780.25,18
1146_3,False,,780.25,18
1146_4,False,,780.25,18
1147_1,True,,721.335165,18
1147_2,False,,721.335165,18
1147_3,False,,721.335165,18
1147_4,False,,721.335165,18
1147_5,False,,721.335165,18
1148_1,True,,780.25,18
1148_2,False,,780.25,18
1149_1,True,,721.335165,18
1150_1,True,,780.25,18
1150_2,False,,780.25,18
1150_3,False,,780.25,18
1151_1,True,,721.335165,18
1151_2,False,,721.335165,18
1152_1,True,,780.25,18
1152_2,False,,780.25,18
1152_3,False,,780.25,18
1152_4,False,,780.25,18
1153_1,True,,721.335165,18
1153_2,False,,721.335165,18
1153_3,False,,721.335165,18
1154_1,True,,780.25,18
1155_1,True,,721.335165,18
1155_2,False,,721.335165,18
1156_1,True,,780.25,18
1156_2,False,,780.25,18
1156_3,False,,780.25,18
1157_1,True,,721.335165,18
1157_2,False,,721.335165,18
1157_3,False,,721.335165,18
1157_4,False,,721.335165,18
1158_1,True,,780.25,18
1158_2,False,,780.25,18
1158_3,False,,780.25,18
1158_4,False,,780.25,18
1158_5,False,,780.25,18
1159_1,True,,721.335165,18
1159_2,False,,721.335165,18
1159_3,False,,721.335165,18
1159_4,False,,721.335165,18
1160_1,True,,780.25,18
1160_2,False,,780.25,18
1161_1,True,,721.335165,18
1161_2,False,,721.335165,18
1161_3,False,,721.335165,18
1161_4,False,,721.335165,18
1161_5,False,,721.335165,18
1161_6,False,,721.335165,18
1162_1,True,,721.335165,18
1162_2,False,,721.335165,18
1163_1,True,,721.335165,18
1163_2,False,,721.335165,18
1164_1,True,,780.25,18
1164_2,False,,780.25,18
1164_3,False,,780.25,18
1165_1,True,,721.335165,18
1165_2,False,,721.335165,18
1165_3,False,,721.335165,18
1166_1,True,,780.25,18
1166_2,False,,780.25,18
1167_1,True,,721.335165,18
1167_2,False,,721.335165,18
1167_3,False,,721.335165,18
1167_4,False,,721.335165,18
1167_5,False,,721.335165,18
1168_1,True,,780.25,18
1168_2,False,,780.25,18
1168_3,False,,780.25,18
1169_1,True,,721.335165,18
1169_2,False,,721.335165,18
1169_3,False,,721.335165,18
1169_4,False,,721.335165,18
1169_5,False,,721.335165,18
1170_1,True,,780.25,18
1170_2,False,,780.25,18
1170_3,False,,780.25,18
1170_4,False,,780.25,18
1170_5,False,,780.25,18
1170_6,False,,780.25,18
1171_1,True,,721.335165,18
1171_2,False,,721.335165,18
1171_3,False,,721.335165,18
1172_1,True,,780.25,18
1172_2,False,,780.25,18
1172_3,False,,780.25,18
1172_4,False,,780.25,18
1173_1,True,,721.335165,18
1173_2,False,,721.335165,18
1173_3,False,,721.335165,18
1173_4,False,,721.335165,18
1174_1,True,,780.25,18
1174_2,False,,780.25,18
1174_3,False,,780.25,18
1174_4,False,,780.25,18
1174_5,False,,780.25,18
1175_1,True,,721.335165,18
1175_2,False,,721.335165,18
1175_3,False,,721.335165,18
1176_1,True,,780.25,18
1176_2,False,,780.25,18
1176_3,False,,780.25,18
1176_4,False,,780.25,18
1176_5,False,,780.25,18
1177_1,True,,721.335165,18
1177_2,False,,721.335165,18
1177_3,False,,721.335165,18
1177_4,False,,721.335165,18
1177_5,False,,721.335165,18
1178_1,True,,780.25,18
1178_2,False,,780.25,18
1178_3,False,,780.25,18
1178_4,False,,780.25,18
1179_1,True,,780.25,18
1179_2,False,,780.25,18
1180_1,True,,721.335165,18
1180_2,False,,721.335165,18
1180_3,False,,721.335165,18
1181_1,True,,780.25,18
1181_2,False,,780.25,18
1181_3,False,,780.25,18
1181_4,False,,780.25,18
1182_1,True,,721.335165,18
1182_2,False,,721.335165,18
1183_1,True,,780.25,18
1183_2,False,,780.25,18
1183_3,False,,780.25,18
1184_1,True,,721.335165,18
1184_2,False,,721.335165,18
1184_3,False,,721.335165,18
1184_4,False,,721.335165,18
1185_1,True,,780.25,18
1185_2,False,,780.25,18
1185_3,False,,780.25,18
1185_4,False,,780.25,18
1185_5,False,,780.25,18
1186_1,True,,721.335165,18
1186_2,False,,721.335165,18
1186_3,False,,721.335165,18
1186_4,False,,721.335165,18
1187_1,True,,780.25,18
1187_2,False,,780.25,18
1187_3,False,,780.25,18
1188_1,True,,721.335165,18
1188_2,False,,721.335165,18
1188_3,False,,721.335165,18
1188_4,False,,721.335165,18
1189_1,True,,780.25,18
1189_2,False,,780.25,18
1190_1,True,,721.335165,18
1190_2,False,,721.335165,18
1190_3,False,,721.335165,18
1190_4,False,,721.335165,18
1191_1,True,,780.25,18
1191_2,False,,780.25,18
1191_3,False,,780.25,18
1191_4,False,,780.25,18
1191_5,False,,780.25,18
1191_6,False,,780.25,18
1192_1,True,,721.335165,18
1193_1,True,,721.335165,18
1193_2,False,,721.335165,18
1193_3,False,,721.335165,18
1193_4,False,,721.335165,18
1193_5,False,,721.335165,18
1193_6,False,,721.335165,18
1194_1,True,,780.25,18
1194_2,False,,780.25,18
1194_3,False,,780.25,18
1195_1,True,,721.335165,18
1195_2,False,,721.335165,18
1195_3,False,,721.335165,18
1196_1,True,,780.25,18
1196_2,False,,780.25,18
1196_3,False,,780.25,18
1196_4,False,,780.25,18
1196_5,False,,780.25,18
1197_1,True,,721.335165,18
1197_2,False,,721.335165,18
1197_3,False,,721.335165,18
1197_4,False,,721.335165,18
1198_1,True,,780.25,18
1198_2,False,,780.25,18
1198_3,False,,780.25,18
1198_4,False,,780.25,18
1198_5,False,,780.25,18
1198_6,False,,780.25,18
1199_1,True,,721.335165,18
1199_2,False,,721.335165,18
1199_3,False,,721.335165,18
1200_1,True,,780.25,18
1200_2,False,,780.25,18
1200_3,False,,780.25,18
1200_4,False,,780.25,18
1201_1,True,,721.335165,18
1201_2,False,,721.335165,18
1202_1,True,,780.25,18
1202_2,False,,780.25,18
1202_3,False,,780.25,18
1202_4,False,,780.25,18
1203_1,True,,721.335165,18
1203_2,False,,721.335165,18
1203_3,False,,721.335165,18
1204_1,True,,780.25,18
1204_2,False,,780.25,18
1204_3,False,,780.25,18
1204_4,False,,780.25,18
1205_1,True,,721.335165,18
1205_2,False,,721.335165,18
1205_3,False,,721.335165,18
1205_4,False,,721.335165,18
1205_5,False,,721.335165,18
1206_1,True,,780.25,18
1206_2,False,,780.25,18
1206_3,False,,780.25,18
1206_4,False,,780.25,18
1207_1,True,,721.335165,18
1207_2,False,,721.335165,18
1207_3,False,,721.335165,18
1208_1,True,,780.25,18
1208_2,False,,780.25,18
1208_3,False,,780.25,18
1209_1,True,,721.335165,18
1209_2,False,,721.335165,18
1210_1,True,,780.25,18
1210_2,False,,780.25,18
1210_3,False,,780.25,18
1211_1,True,,780.25,18
1211_2,False,,780.25,18
1211_3,False,,780.25,18
1211_4,False,,780.25,18
1212_1,True,,721.335165,18
1212_2,False,,721.335165,18
1213_1,True,,780.25,18
1213_2,False,,780.25,18
1213_3,False,,780.25,18
1214_1,True,,721.335165,18
1214_2,False,,721.335165,18
1214_3,False,,721.335165,18
1214_4,False,,721.335165,18
1215_1,True,,721.335165,18
1215_2,False,,721.335165,18
1215_3,False,,721.335165,18
1215_4,False,,721.335165,18
1216_1,True,,780.25,18
1216_2,False,,780.25,18
1216_3,False,,780.25,18
1217_1,True,,721.335165,18
1217_2,False,,721.335165,18
1217_3,False,,721.335165,18
1217_4,False,,721.335165,18
1217_5,False,,721.335165,18
1217_6,False,,721.335165,18
1218_1,True,,780.25,18
1218_2,False,,780.25,18
1218_3,False,,780.25,18
1219_1,True,,721.335165,18
1219_2,False,,721.335165,18
1219_3,False,,721.335165,18
1220_1,True,,780.25,18
1220_2,False,,780.25,18
1220_3,False,,780.25,18
1220_4,False,,780.25,18
1220_5,False,,780.25,18
1221_1,True,,721.335165,18
1221_2,False,,721.335165,18
1221_3,False,,721.335165,18
1221_4,False,,721.335165,18
1222_1,True,,780.25,18
1222_2,False,,780.25,18
1222_3,False,,780.25,18
1222_4,False,,780.25,18
1223_1,True,,721.335165,18
1223_2,False,,721.335165,18
1223_3,False,,721.335165,18
1223_4,False,,721.335165,18
1224_1,True,,721.335165,18
1224_2,False,,721.335165,18
1224_3,False,,721.335165,18
1224_4,False,,721.335165,18
1225_1,True,,780.25,18
1225_2,False,,780.25,18
1226_1,True,,721.335165,18
1226_2,False,,721.335165,18
1226_3,False,,721.335165,18
1226_4,False,,721.335165,18
1227_1,True,,780.25,18
1228_1,True,,780.25,18
1228_2,False,,780.25,18
1229_1,True,,721.335165,18
1229_2,False,,721.335165,18
1229_3,False,,721.335165,18
1229_4,False,,721.335165,18
1229_5,False,,721.335165,18
1230_1,True,,780.25,18
1231_1,True,,721.335165,18
1231_2,False,,721.335165,18
1231_3,False,,721.335165,18
1231_4,False,,721.335165,18
1232_1,True,,780.25,18
1232_2,False,,780.25,18
1232_3,False,,780.25,18
1232_4,False,,780.25,18
1233_1,True,,721.335165,18
1233_2,False,,721.335165,18
1234_1,True,,780.25,18
1234_2,False,,780.25,18
1234_3,False,,780.25,18
1234_4,False,,780.25,18
1234_5,False,,780.25,18
1235_1,True,,721.335165,18
1235_2,False,,721.335165,18
1235_3,False,,721.335165,18
1236_1,True,,780.25,18
1236_2,False,,780.25,18
1236_3,False,,780.25,18
1237_1,True,,721.335165,18
1237_2,False,,721.335165,18
1237_3,False,,721.335165,18
1237_4,False,,721.335165,18
1238_1,True,,780.25,18
1238_2,False,,780.25,18
1238_3,False,,780.25,18
1238_4,False,,780.25,18
1239_1,True,,721.335165,18
1239_2,False,,721.335165,18
1240_1,True,,780.25,18
1240_2,False,,780.25,18
1240_3,False,,780.25,18
1240_4,False,,780.25,18
1241_1,True,,721.335165,18
1241_2,False,,721.335165,18
1241_3,False,,721.335165,18
1242_1,True,,780.25,18
1242_2,False,,780.25,18
1242_3,False,,780.25,18
1243_1,True,,721.335165,18
1243_2,False,,721.335165,18
1243_3,False,,721.335165,18
1244_1,True,,780.25,18
1244_2,False,,780.25,18
1244_3,False,,780.25,18
1245_1,True,,721.335165,18
1245_2,False,,721.335165,18
1245_3,False,,721.335165,18
1246_1,True,,316.79661,19
1246_2,False,,316.79661,19
1246_3,False,,316.79661,19
1247_1,True,,275.704545,19
1247_2,False,,275.704545,19
1247_3,False,,275.704545,19
1247_4,False,,275.704545,19
1248_1,True,,316.79661,19
1248_2,False,,316.79661,19
1248_3,False,,316.79661,19
1248_4,False,,316.79661,19
1248_5,False,,316.79661,19
1249_1,True,,275.704545,19
1249_2,False,,275.704545,19
1249_3,False,,275.704545,19
1249_4,False,,275.704545,19
1249_5,False,,275.704545,19
1250_1,True,,316.79661,19
1250_2,False,,316.79661,19
1250_3,False,,316.79661,19
1250_4,False,,316.79661,19
1250_5,False,,316.79661,19
1250_6,False,,316.79661,19
1251_1,True,,275.704545,19
1251_2,False,,275.704545,19
1251_3,False,,275.704545,19
1252_1,True,,316.79661,19
1252_2,False,,316.79661,19
1252_3,False,,316.79661,19
1252_4,False,,316.79661,19
1252_5,False,,316.79661,19
1253_1,True,,275.704545,19
1253_2,False,,275.704545,19
1254_1,True,,316.79661,19
1254_2,False,,316.79661,19
1255_1,True,,275.704545,19
1256_1,True,,316.79661,19
1256_2,False,,316.79661,19
1256_3,False,,316.79661,19
1256_4,False,,316.79661,19
1256_5,False,,316.79661,19
1257_1,True,,275.704545,19
1257_2,False,,275.704545,19
1258_1,True,,316.79661,19
1258_2,False,,316.79661,19
1258_3,False,,316.79661,19
1259_1,True,,275.704545,19
1259_2,False,,275.704545,19
1259_3,False,,275.704545,19
1259_4,False,,275.704545,19
1259_5,False,,275.704545,19
1260_1,True,,316.79661,19
1260_2,False,,316.79661,19
1260_3,False,,316.79661,19
1260_4,False,,316.79661,19
1260_5,False,,316.79661,19
1260_6,False,,316.79661,19
1260_7,False,,316.79661,19
1261_1,True,,275.704545,19
1261_2,False,,275.704545,19
1261_3,False,,275.704545,19
1262_1,True,,316.79661,19
1262_2,False,,316.79661,19
1262_3,False,,316.79661,19
1263_1,True,,275.704545,19
1263_2,False,,275.704545,19
1263_3,False,,275.704545,19
1263_4,False,,275.704545,19
1263_5,False,,275.704545,19
1263_6,False,,275.704545,19
1263_7,False,,275.704545,19
1264_1,True,,316.79661,19
1264_2,False,,316.79661,19
1264_3,False,,316.79661,19
1264_4,False,,316.79661,19
1264_5,False,,316.79661,19
1264_6,False,,316.79661,19
1265_1,True,,275.704545,19
1266_1,True,,316.79661,19
1266_2,False,,316.79661,19
1266_3,False,,316.79661,19
1266_4,False,,316.79661,19
1266_5,False,,316.79661,19
1266_6,False,,316.79661,19
1266_7,False,,316.79661,19
1266_8,False,,316.79661,19
1266_9,False,,316.79661,19
1266_10,False,,316.79661,19
1267_1,True,,275.704545,19
1268_1,True,,316.79661,19
1268_2,False,,316.79661,19
1269_1,True,,275.704545,19
1269_2,False,,275.704545,19
1270_1,True,,316.79661,19
1270_2,False,,316.79661,19
1270_3,False,,316.79661,19
1271_1,True,,275.704545,19
1271_2,False,,275.704545,19
1272_1,True,,316.79661,19
1272_2,False,,316.79661,19
1272_3,False,,316.79661,19
1273_1,True,,275.704545,19
1273_2,False,,275.704545,19
1274_1,True,,316.79661,19
1274_2,False,,316.79661,19
1275_1,True,,275.704545,19
1276_1,True,,316.79661,19
1277_1,True,,275.704545,19
1277_2,False,,275.704545,19
1277_3,False,,275.704545,19
1278_1,True,,316.79661,19
1278_2,False,,316.79661,19
1278_3,False,,316.79661,19
1279_1,True,,275.704545,19
1279_2,False,,275.704545,19
1279_3,False,,275.704545,19
1280_1,True,,316.79661,19
1280_2,False,,316.79661,19
1280_3,False,,316.79661,19
1281_1,True,,275.704545,19
1281_2,False,,275.704545,19
1282_1,True,,316.79661,19
1282_2,False,,316.79661,19
1282_3,False,,316.79661,19
1283_1,True,,275.704545,19
1283_2,False,,275.704545,19
1284_1,True,,316.79661,19
1285_1,True,,275.704545,19
1285_2,False,,275.704545,19
1286_1,True,,316.79661,19
1286_2,False,,316.79661,19
1286_3,False,,316.79661,19
1286_4,False,,316.79661,19
1287_1,True,,275.704545,19
1287_2,False,,275.704545,19
1287_3,False,,275.704545,19
1287_4,False,,275.704545,19
1288_1,True,,316.79661,19
1289_1,True,,275.704545,19
1289_2,False,,275.704545,19
1290_1,True,,316.79661,19
1290_2,False,,316.79661,19
1290_3,False,,316.79661,19
1291_1,True,,275.704545,19
1292_1,True,,316.79661,19
1292_2,False,,316.79661,19
1293_1,True,,275.704545,19
1293_2,False,,275.704545,19
1293_3,False,,275.704545,19
1293_4,False,,275.704545,19
1293_5,False,,275.704545,19
1294_1,True,,316.79661,19
1295_1,True,,275.704545,19
1295_2,False,,275.704545,19
1295_3,False,,275.704545,19
1296_1,True,,316.79661,19
1296_2,False,,316.79661,19
1297_1,True,,275.704545,19
1298_1,True,,316.79661,19
1298_2,False,,316.79661,19
1299_1,True,,275.704545,19
1300_1,True,,316.79661,19
1300_2,False,,316.79661,19
1301_1,True,,275.704545,19
1301_2,False,,275.704545,19
1302_1,True,,316.79661,19
1302_2,False,,316.79661,19
1302_3,False,,316.79661,19
1302_4,False,,316.79661,19
1302_5,False,,316.79661,19
1303_1,True,,275.704545,19
1303_2,False,,275.704545,19
1303_3,False,,275.704545,19
1303_4,False,,275.704545,19
1304_1,True,,316.79661,19
1305_1,True,,275.704545,19
1305_2,False,,275.704545,19
1305_3,False,,275.704545,19
1306_1,True,,316.79661,19
1306_2,False,,316.79661,19
1307_1,True,,275.704545,19
1307_2,False,,275.704545,19
1308_1,True,,316.79661,19
1308_2,False,,316.79661,19
1309_1,True,,275.704545,19
1309_2,False,,275.704545,19
1310_1,True,,316.79661,19
1310_2,False,,316.79661,19
1311_1,True,,275.704545,19
1311_2,False,,275.704545,19
1311_3,False,,275.704545,19
1311_4,False,,275.704545,19
1311_5,False,,275.704545,19
1312_1,True,,316.79661,19
1312_2,False,,316.79661,19
1312_3,False,,316.79661,19
1312_4,False,,316.79661,19
1312_5,False,,316.79661,19
1313_1,True,,275.704545,19
1313_2,False,,275.704545,19
1314_1,True,,316.79661,19
1314_2,False,,316.79661,19
1314_3,False,,316.79661,19
1314_4,False,,316.79661,19
1314_5,False,,316.79661,19
1315_1,True,,275.704545,19
1315_2,False,,275.704545,19
1315_3,False,,275.704545,19
1315_4,False,,275.704545,19
1316_1,True,,316.79661,19
1316_2,False,,316.79661,19
1317_1,True,,275.704545,19
1318_1,True,,316.79661,19
1318_2,False,,316.79661,19
1318_3,False,,316.79661,19
1319_1,True,,275.704545,19
1319_2,False,,275.704545,19
1319_3,False,,275.704545,19
1319_4,False,,275.704545,19
1319_5,False,,275.704545,19
1320_1,True,,316.79661,19
1321_1,True,,275.704545,19
1321_2,False,,275.704545,19
1321_3,False,,275.704545,19
1321_4,False,,275.704545,19
1321_5,False,,275.704545,19
1322_1,True,,316.79661,19
1322_2,False,,316.79661,19
1322_3,False,,316.79661,19
1323_1,True,,275.704545,19
1324_1,True,,316.79661,19
1324_2,False,,316.79661,19
1324_3,False,,316.79661,19
1325_1,True,,275.704545,19
1325_2,False,,275.704545,19
1325_3,False,,275.704545,19
1326_1,True,,316.79661,19
1326_2,False,,316.79661,19
1327_1,True,,275.704545,19
1328_1,True,,316.79661,19
1329_1,True,,275.704545,19
1329_2,False,,275.704545,19
1330_1,True,,316.79661,19
1330_2,False,,316.79661,19
1331_1,True,,275.704545,19
1331_2,False,,275.704545,19
1331_3,False,,275.704545,19
1332_1,True,,316.79661,19
1332_2,False,,316.79661,19
1332_3,False,,316.79661,19
1333_1,True,,316.79661,19
1333_2,False,,316.79661,19
1334_1,True,,316.79661,19
1335_1,True,,275.704545,19
1335_2,False,,275.704545,19
1335_3,False,,275.704545,19
1335_4,False,,275.704545,19
1335_5,False,,275.704545,19
1336_1,True,,316.79661,19
1336_2,False,,316.79661,19
1337_1,True,,275.704545,19
1337_2,False,,275.704545,19
1337_3,False,,275.704545,19
1338_1,True,,316.79661,19
1338_2,False,,316.79661,19
1338_3,False,,316.79661,19
1339_1,True,,275.704545,19
1340_1,True,,316.79661,19
1340_2,False,,316.79661,19
1341_1,True,,275.704545,19
1341_2,False,,275.704545,19
1341_3,False,,275.704545,19
1342_1,True,,316.79661,19
1343_1,True,,275.704545,19
1343_2,False,,275.704545,19
1344_1,True,,316.79661,19
1344_2,False,,316.79661,19
1344_3,False,,316.79661,19
1345_1,True,,275.704545,19
1346_1,True,,316.79661,19
1347_1,True,,275.704545,19
1347_2,False,,275.704545,19
1347_3,False,,275.704545,19
1348_1,True,,316.79661,19
1348_2,False,,316.79661,19
1349_1,True,,275.704545,19
1350_1,True,,316.79661,19
1350_2,False,,316.79661,19
1350_3,False,,316.79661,19
1350_4,False,,316.79661,19
1351_1,True,,275.704545,19
1351_2,False,,275.704545,19
1352_1,True,,316.79661,19
1353_1,True,,275.704545,19
1353_2,False,,275.704545,19
1354_1,True,,316.79661,19
1354_2,False,,316.79661,19
1355_1,True,,275.704545,19
1355_2,False,,275.704545,19
1355_3,False,,275.704545,19
1356_1,True,,316.79661,19
1356_2,False,,316.79661,19
1356_3,False,,316.79661,19
1356_4,False,,316.79661,19
1356_5,False,,316.79661,19
1357_1,True,,275.704545,19
1357_2,False,,275.704545,19
1357_3,False,,275.704545,19
1357_4,False,,275.704545,19
1357_5,False,,275.704545,19
1357_6,False,,275.704545,19
1358_1,True,,316.79661,19
1359_1,True,,275.704545,19
1359_2,False,,275.704545,19
1359_3,False,,275.704545,19
1359_4,False,,275.704545,19
1360_1,True,,316.79661,19
1360_2,False,,316.79661,19
1360_3,False,,316.79661,19
1360_4,False,,316.79661,19
1361_1,True,,275.704545,19
1361_2,False,,275.704545,19
1362_1,True,,316.79661,19
1362_2,False,,316.79661,19
1363_1,True,,275.704545,19
1363_2,False,,275.704545,19
1363_3,False,,275.704545,19
1363_4,False,,275.704545,19
1363_5,False,,275.704545,19
1363_6,False,,275.704545,19
1364_1,True,,316.79661,19
1364_2,False,,316.79661,19
1364_3,False,,316.79661,19
1364_4,False,,316.79661,19
1364_5,False,,316.79661,19
1364_6,False,,316.79661,19
1365_1,True,,275.704545,19
1366_1,True,,316.79661,19
1366_2,False,,316.79661,19
1366_3,False,,316.79661,19
1367_1,True,,275.704545,19
1367_2,False,,275.704545,19
1367_3,False,,275.704545,19
1367_4,False,,275.704545,19
1367_5,False,,275.704545,19
1368_1,True,,316.79661,19
1368_2,False,,316.79661,19
1368_3,False,,316.79661,19
1368_4,False,,316.79661,19
1368_5,False,,316.79661,19
1369_1,True,,275.704545,19
1369_2,False,,275.704545,19
1369_3,False,,275.704545,19
1369_4,False,,275.704545,19
1369_5,False,,275.704545,19
1370_1,True,,316.79661,19
1370_2,False,,316.79661,19
1370_3,False,,316.79661,19
1371_1,True,,275.704545,19
1371_2,False,,275.704545,19
1372_1,True,,316.79661,19
1372_2,False,,316.79661,19
1372_3,False,,316.79661,19
1372_4,False,,316.79661,19
1373_1,True,,275.704545,19
1373_2,False,,275.704545,19
1373_3,False,,275.704545,19
1374_1,True,,275.704545,19
1374_2,False,,275.704545,19
1375_1,True,,275.704545,19
1375_2,False,,275.704545,19
1375_3,False,,275.704545,19
1376_1,True,,316.79661,19
1376_2,False,,316.79661,19
1377_1,True,,275.704545,19
1377_2,False,,275.704545,19
1377_3,False,,275.704545,19
1378_1,True,,316.79661,19
1378_2,False,,316.79661,19
1379_1,True,,275.704545,19
1380_1,True,,316.79661,19
1380_2,False,,316.79661,19
1381_1,True,,275.704545,19
1381_2,False,,275.704545,19
1382_1,True,,316.79661,19
1382_2,False,,316.79661,19
1382_3,False,,316.79661,19
1382_4,False,,316.79661,19
1382_5,False,,316.79661,19
1383_1,True,,275.704545,19
1383_2,False,,275.704545,19
1383_3,False,,275.704545,19
1383_4,False,,275.704545,19
1383_5,False,,275.704545,19
1384_1,True,,316.79661,19
1384_2,False,,316.79661,19
1385_1,True,,275.704545,19
1385_2,False,,275.704545,19
1386_1,True,,316.79661,19
1386_2,False,,316.79661,19
1386_3,False,,316.79661,19
1387_1,True,,275.704545,19
1388_1,True,,316.79661,19
1388_2,False,,316.79661,19
1389_1,True,,275.704545,19
1389_2,False,,275.704545,19
1389_3,False,,275.704545,19
1390_1,True,,316.79661,19
1390_2,False,,316.79661,19
1391_1,True,,275.704545,19
1391_2,False,,275.704545,19
1392_1,True,,316.79661,19
1392_2,False,,316.79661,19
1393_1,True,,275.704545,19
1394_1,True,,316.79661,19
1394_2,False,,316.79661,19
1394_3,False,,316.79661,19
1395_1,True,,275.704545,19
1395_2,False,,275.704545,19
1396_1,True,,316.79661,19
1396_2,False,,316.79661,19
1396_3,False,,316.79661,19
1396_4,False,,316.79661,19
1397_1,True,,275.704545,19
1397_2,False,,275.704545,19
1397_3,False,,275.704545,19
1397_4,False,,275.704545,19
1398_1,True,,316.79661,19
1398_2,False,,316.79661,19
1399_1,True,,275.704545,19
1399_2,False,,275.704545,19
1399_3,False,,275.704545,19
1399_4,False,,275.704545,19
1400_1,True,,316.79661,19
1401_1,True,,275.704545,19
1401_2,False,,275.704545,19
1401_3,False,,275.704545,19
1402_1,True,,316.79661,19
1403_1,True,,275.704545,19
1403_2,False,,275.704545,19
1404_1,True,,316.79661,19
1404_2,False,,316.79661,19
1404_3,False,,316.79661,19
1404_4,False,,316.79661,19
1404_5,False,,316.79661,19
1404_6,False,,316.79661,19
1405_1,True,,275.704545,19
1405_2,False,,275.704545,19
1405_3,False,,275.704545,19
1405_4,False,,275.704545,19
1406_1,True,,316.79661,19
1406_2,False,,316.79661,19
1406_3,False,,316.79661,19
1407_1,True,,275.704545,19
1407_2,False,,275.704545,19
1407_3,False,,275.704545,19
1407_4,False,,275.704545,19
1407_5,False,,275.704545,19
1408_1,True,,316.79661,19
1408_2,False,,316.79661,19
1408_3,False,,316.79661,19
1408_4,False,,316.79661,19
1409_1,True,,275.704545,19
1409_2,False,,275.704545,19
1410_1,True,,316.79661,19
1410_2,False,,316.79661,19
1410_3,False,,316.79661,19
1410_4,False,,316.79661,19
1411_1,True,,275.704545,19
1411_2,False,,275.704545,19
1411_3,False,,275.704545,19
1411_4,False,,275.704545,19
1411_5,False,,275.704545,19
1412_1,True,,316.79661,19
1412_2,False,,316.79661,19
1413_1,True,,275.704545,19
1413_2,False,,275.704545,19
1413_3,False,,275.704545,19
1414_1,True,,316.79661,19
1414_2,False,,316.79661,19
1414_3,False,,316.79661,19
1414_4,False,,316.79661,19
1414_5,False,,316.79661,19
1414_6,False,,316.79661,19
1414_7,False,,316.79661,19
1415_1,True,,275.704545,19
1415_2,False,,275.704545,19
1415_3,False,,275.704545,19
1416_1,True,,316.79661,19
1416_2,False,,316.79661,19
1416_3,False,,316.79661,19
1416_4,False,,316.79661,19
1416_5,False,,316.79661,19
1416_6,False,,316.79661,19
1416_7,False,,316.79661,19
1417_1,True,,275.704545,19
1417_2,False,,275.704545,19
1417_3,False,,275.704545,19
1417_4,False,,275.704545,19
1417_5,False,,275.704545,19
1417_6,False,,275.704545,19
1418_1,True,,316.79661,19
1418_2,False,,316.79661,19
1418_3,False,,316.79661,19
1419_1,True,,275.704545,19
1420_1,True,,316.79661,19
1420_2,False,,316.79661,19
1420_3,False,,316.79661,19
1420_4,False,,316.79661,19
1421_1,True,,275.704545,19
1421_2,False,,275.704545,19
1421_3,False,,275.704545,19
1422_1,True,,316.79661,19
1422_2,False,,316.79661,19
1423_1,True,,275.704545,19
1423_2,False,,275.704545,19
1423_3,False,,275.704545,19
1424_1,True,,316.79661,19
1424_2,False,,316.79661,19
1424_3,False,,316.79661,19
1425_1,True,,275.704545,19
1425_2,False,,275.704545,19
1425_3,False,,275.704545,19
1426_1,True,,316.79661,19
1426_2,False,,316.79661,19
1427_1,True,,275.704545,19
1427_2,False,,275.704545,19
1427_3,False,,275.704545,19
1427_4,False,,275.704545,19
1427_5,False,,275.704545,19
1428_1,True,,316.79661,19
1428_2,False,,316.79661,19
1428_3,False,,316.79661,19
1429_1,True,,275.704545,19
1429_2,False,,275.704545,19
1430_1,True,,316.79661,19
1430_2,False,,316.79661,19
1431_1,True,,275.704545,19
1431_2,False,,275.704545,19
1431_3,False,,275.704545,19
1431_4,False,,275.704545,19
1431_5,False,,275.704545,19
1431_6,False,,275.704545,19
1432_1,True,,316.79661,19
1432_2,False,,316.79661,19
1432_3,False,,316.79661,19
1432_4,False,,316.79661,19
1432_5,False,,316.79661,19
1433_1,True,,275.704545,19
1433_2,False,,275.704545,19
1434_1,True,,316.79661,19
1434_2,False,,316.79661,19
1434_3,False,,316.79661,19
1435_1,True,,275.704545,19
1435_2,False,,275.704545,19
1435_3,False,,275.704545,19
1435_4,False,,275.704545,19
1436_1,True,,316.79661,19
1436_2,False,,316.79661,19
1436_3,False,,316.79661,19
1436_4,False,,316.79661,19
1437_1,True,,275.704545,19
1437_2,False,,275.704545,19
1438_1,True,,316.79661,19
1438_2,False,,316.79661,19
1438_3,False,,316.79661,19
1439_1,True,,275.704545,19
1439_2,False,,275.704545,19
1439_3,False,,275.704545,19
1439_4,False,,275.704545,19
1440_1,True,,316.79661,19
1440_2,False,,316.79661,19
1440_3,False,,316.79661,19
1441_1,True,,275.704545,19
1442_1,True,,316.79661,19
1442_2,False,,316.79661,19
1442_3,False,,316.79661,19
1442_4,False,,316.79661,19
1442_5,False,,316.79661,19
1443_1,True,,275.704545,19
1443_2,False,,275.704545,19
1443_3,False,,275.704545,19
1443_4,False,,275.704545,19
1444_1,True,,316.79661,19
1444_2,False,,316.79661,19
1444_3,False,,316.79661,19
1445_1,True,,275.704545,19
1445_2,False,,275.704545,19
1446_1,True,,316.79661,19
1446_2,False,,316.79661,19
1446_3,False,,316.79661,19
1446_4,False,,316.79661,19
1446_5,False,,316.79661,19
1446_6,False,,316.79661,19
1447_1,True,,275.704545,19
1447_2,False,,275.704545,19
1447_3,False,,275.704545,19
1448_1,True,,316.79661,19
1448_2,False,,316.79661,19
1448_3,False,,316.79661,19
1448_4,False,,316.79661,19
1448_5,False,,316.79661,19
1448_6,False,,316.79661,19
1449_1,True,,275.704545,19
1449_2,False,,275.704545,19
1450_1,True,,316.79661,19
1450_2,False,,316.79661,19
1450_3,False,,316.79661,19
1450_4,False,,316.79661,19
1451_1,True,,275.704545,19
1451_2,False,,275.704545,19
1451_3,False,,275.704545,19
1452_1,True,,316.79661,19
1453_1,True,,275.704545,19
1454_1,True,,316.79661,19
1454_2,False,,316.79661,19
1455_1,True,,275.704545,19
1455_2,False,,275.704545,19
1456_1,True,,316.79661,19
1457_1,True,,275.704545,19
1457_2,False,,275.704545,19
1458_1,True,,316.79661,19
1459_1,True,,275.704545,19
1460_1,True,,316.79661,19
1460_2,False,,316.79661,19
1461_1,True,,275.704545,19
1461_2,False,,275.704545,19
1462_1,True,,316.79661,19
1462_2,False,,316.79661,19
1463_1,True,,275.704545,19
1464_1,True,,316.79661,19
1464_2,False,,316.79661,19
1464_3,False,,316.79661,19
1464_4,False,,316.79661,19
1465_1,True,,275.704545,19
1466_1,True,,316.79661,19
1466_2,False,,316.79661,19
1466_3,False,,316.79661,19
1467_1,True,,275.704545,19
1468_1,True,,316.79661,19
1469_1,True,,275.704545,19
1469_2,False,,275.704545,19
1469_3,False,,275.704545,19
1469_4,False,,275.704545,19
1469_5,False,,275.704545,19
1470_1,True,,316.79661,19
1470_2,False,,316.79661,19
1470_3,False,,316.79661,19
1471_1,True,,275.704545,19
1472_1,True,,316.79661,19
1472_2,False,,316.79661,19
1473_1,True,,275.704545,19
1473_2,False,,275.704545,19
1473_3,False,,275.704545,19
1474_1,True,,316.79661,19
1474_2,False,,316.79661,19
1475_1,True,,275.704545,19
1475_2,False,,275.704545,19
1476_1,True,,316.79661,19
1476_2,False,,316.79661,19
1477_1,True,,275.704545,19
1477_2,False,,275.704545,19
1477_3,False,,275.704545,19
1477_4,False,,275.704545,19
1477_5,False,,275.704545,19
1478_1,True,,316.79661,19
1478_2,False,,316.79661,19
1478_3,False,,316.79661,19
1478_4,False,,316.79661,19
1478_5,False,,316.79661,19
1478_6,False,,316.79661,19
1478_7,False,,316.79661,19
1478_8,False,,316.79661,19
1478_9,False,,316.79661,19
1478_10,False,,316.79661,19
1479_1,True,,275.704545,19
1479_2,False,,275.704545,19
1480_1,True,,316.79661,19
1480_2,False,,316.79661,19
1480_3,False,,316.79661,19
1480_4,False,,316.79661,19
1480_5,False,,316.79661,19
1481_1,True,,275.704545,19
1481_2,False,,275.704545,19
1481_3,False,,275.704545,19
1481_4,False,,275.704545,19
1482_1,True,,316.79661,19
1482_2,False,,316.79661,19
1483_1,True,,275.704545,19
1483_2,False,,275.704545,19
1483_3,False,,275.704545,19
1483_4,False,,275.704545,19
1483_5,False,,275.704545,19
1483_6,False,,275.704545,19
1484_1,True,,316.79661,19
1484_2,False,,316.79661,19
1484_3,False,,316.79661,19
1484_4,False,,316.79661,19
1484_5,False,,316.79661,19
1485_1,True,,275.704545,19
1485_2,False,,275.704545,19
1485_3,False,,275.704545,19
1485_4,False,,275.704545,19
1486_1,True,,316.79661,19
1486_2,False,,316.79661,19
1486_3,False,,316.79661,19
1486_4,False,,316.79661,19
1487_1,True,,275.704545,19
1487_2,False,,275.704545,19
1487_3,False,,275.704545,19
1487_4,False,,275.704545,19
1487_5,False,,275.704545,19
1487_6,False,,275.704545,19
1487_7,False,,275.704545,19
1487_8,False,,275.704545,19
1487_9,False,,275.704545,19
1488_1,True,,316.79661,19
1489_1,True,,275.704545,19
1489_2,False,,275.704545,19
1489_3,False,,275.704545,19
1490_1,True,,316.79661,19
1490_2,False,,316.79661,19
1490_3,False,,316.79661,19
1490_4,False,,316.79661,19
1491_1,True,,275.704545,19
1492_1,True,,316.79661,19
1492_2,False,,316.79661,19
1492_3,False,,316.79661,19
1493_1,True,,275.704545,19
1493_2,False,,275.704545,19
1493_3,False,,275.704545,19
1494_1,True,,316.79661,19
1494_2,False,,316.79661,19
1495_1,True,,275.704545,19
1496_1,True,,316.79661,19
1497_1,True,,275.704545,19
1497_2,False,,275.704545,19
1498_1,True,,316.79661,19
1498_2,False,,316.79661,19
1498_3,False,,316.79661,19
1498_4,False,,316.79661,19
1498_5,False,,316.79661,19
1498_6,False,,316.79661,19
1498_7,False,,316.79661,19
1499_1,True,,275.704545,19
1499_2,False,,275.704545,19
1499_3,False,,275.704545,19
1499_4,False,,275.704545,19
1499_5,False,,275.704545,19
1500_1,True,,316.79661,19
1500_2,False,,316.79661,19
1501_1,True,,275.704545,19
1501_2,False,,275.704545,19
1502_1,True,,316.79661,19
1502_2,False,,316.79661,19
1502_3,False,,316.79661,19
1502_4,False,,316.79661,19
1502_5,False,,316.79661,19
1503_1,True,,275.704545,19
1503_2,False,,275.704545,19
1503_3,False,,275.704545,19
1504_1,True,,316.79661,19
1504_2,False,,316.79661,19
1505_1,True,,275.704545,19
1506_1,True,,316.79661,19
1506_2,False,,316.79661,19
1506_3,False,,316.79661,19
1506_4,False,,316.79661,19
1507_1,True,,275.704545,19
1507_2,False,,275.704545,19
1507_3,False,,275.704545,19
1508_1,True,,316.79661,19
1508_2,False,,316.79661,19
1508_3,False,,316.79661,19
1509_1,True,,275.704545,19
1509_2,False,,275.704545,19
1509_3,False,,275.704545,19
1510_1,True,,316.79661,19
1510_2,False,,316.79661,19
1510_3,False,,316.79661,19
1511_1,True,,275.704545,19
1511_2,False,,275.704545,19
1511_3,False,,275.704545,19
1511_4,False,,275.704545,19
1512_1,True,,316.79661,19
1513_1,True,,275.704545,19
1513_2,False,,275.704545,19
1514_1,True,,316.79661,19
1515_1,True,,275.704545,19
1515_2,False,,275.704545,19
1516_1,True,,316.79661,19
1516_2,False,,316.79661,19
1517_1,True,,275.704545,19
1517_2,False,,275.704545,19
1518_1,True,,316.79661,19
1519_1,True,,275.704545,19
1519_2,False,,275.704545,19
1520_1,True,,316.79661,19
1520_2,False,,316.79661,19
1520_3,False,,316.79661,19
1520_4,False,,316.79661,19
1520_5,False,,316.79661,19
1521_1,True,,275.704545,19
1521_2,False,,275.704545,19
1521_3,False,,275.704545,19
1521_4,False,,275.704545,19
1522_1,True,,316.79661,19
1523_1,True,,275.704545,19
1523_2,False,,275.704545,19
1523_3,False,,275.704545,19
1523_4,False,,275.704545,19
1524_1,True,,316.79661,19
1524_2,False,,316.79661,19
1525_1,True,,275.704545,19
1526_1,True,,316.79661,19
1526_2,False,,316.79661,19
1527_1,True,,275.704545,19
1527_2,False,,275.704545,19
1527_3,False,,275.704545,19
1528_1,True,,316.79661,19
1529_1,True,,275.704545,19
1529_2,False,,275.704545,19
1530_1,True,,316.79661,19
1531_1,True,,275.704545,19
1531_2,False,,275.704545,19
1532_1,True,,316.79661,19
1532_2,False,,316.79661,19
1532_3,False,,316.79661,19
1532_4,False,,316.79661,19
1533_1,True,,275.704545,19
1533_2,False,,275.704545,19
1533_3,False,,275.704545,19
1534_1,True,,316.79661,19
1534_2,False,,316.79661,19
1534_3,False,,316.79661,19
1534_4,False,,316.79661,19
1535_1,True,,275.704545,19
1535_2,False,,275.704545,19
1535_3,False,,275.704545,19
1535_4,False,,275.704545,19
1536_1,True,,316.79661,19
1536_2,False,,316.79661,19
1536_3,False,,316.79661,19
1537_1,True,,275.704545,19
1538_1,True,,316.79661,19
1538_2,False,,316.79661,19
1539_1,True,,275.704545,19
1539_2,False,,275.704545,19
1539_3,False,,275.704545,19
1540_1,True,,316.79661,19
1540_2,False,,316.79661,19
1541_1,True,,275.704545,19
1542_1,True,,316.79661,19
1543_1,True,,275.704545,19
1544_1,True,,316.79661,19
1544_2,False,,316.79661,19
1544_3,False,,316.79661,19
1544_4,False,,316.79661,19
1544_5,False,,316.79661,19
1545_1,True,,275.704545,19
1545_2,False,,275.704545,19
1545_3,False,,275.704545,19
1545_4,False,,275.704545,19
1546_1,True,,316.79661,19
1546_2,False,,316.79661,19
1546_3,False,,316.79661,19
1547_1,True,,275.704545,19
1547_2,False,,275.704545,19
1547_3,False,,275.704545,19
1547_4,False,,275.704545,19
1548_1,True,,316.79661,19
1548_2,False,,316.79661,19
1548_3,False,,316.79661,19
1549_1,True,,275.704545,19
1549_2,False,,275.704545,19
1550_1,True,,316.79661,19
1550_2,False,,316.79661,19
1551_1,True,,275.704545,19
1551_2,False,,275.704545,19
1552_1,True,,316.79661,19
1553_1,True,,275.704545,19
1553_2,False,,275.704545,19
1553_3,False,,275.704545,19
1553_4,False,,275.704545,19
1553_5,False,,275.704545,19
1554_1,True,,316.79661,19
1555_1,True,,275.704545,19
1555_2,False,,275.704545,19
1555_3,False,,275.704545,19
1555_4,False,,275.704545,19
1556_1,True,,316.79661,19
1557_1,True,,275.704545,19
1558_1,True,,316.79661,19
1559_1,True,,275.704545,19
1559_2,False,,275.704545,19
1559_3,False,,275.704545,19
1559_4,False,,275.704545,19
1559_5,False,,275.704545,19
1560_1,True,,316.79661,19
1560_2,False,,316.79661,19
1560_3,False,,316.79661,19
1560_4,False,,316.79661,19
1561_1,True,,275.704545,19
1562_1,True,,316.79661,19
1562_2,False,,316.79661,19
1562_3,False,,316.79661,19
1563_1,True,,275.704545,19
1563_2,False,,275.704545,19
1563_3,False,,275.704545,19
1563_4,False,,275.704545,19
1563_5,False,,275.704545,19
1563_6,False,,275.704545,19
1564_1,True,,316.79661,19
1564_2,False,,316.79661,19
1565_1,True,,275.704545,19
1565_2,False,,275.704545,19
1565_3,False,,275.704545,19
1566_1,True,,316.79661,19
1567_1,True,,275.704545,19
1567_2,False,,275.704545,19
1567_3,False,,275.704545,19
1567_4,False,,275.704545,19
1568_1,True,,316.79661,19
1568_2,False,,316.79661,19
1569_1,True,,275.704545,19
1569_2,False,,275.704545,19
1569_3,False,,275.704545,19
1570_1,True,,316.79661,19
1570_2,False,,316.79661,19
1570_3,False,,316.79661,19
1570_4,False,,316.79661,19
1570_5,False,,316.79661,19
1571_1,True,,275.704545,19
1571_2,False,,275.704545,19
1571_3,False,,275.704545,19
1571_4,False,,275.704545,19
1572_1,True,,316.79661,19
1572_2,False,,316.79661,19
1572_3,False,,316.79661,19
1572_4,False,,316.79661,19
1572_5,False,,316.79661,19
1572_6,False,,316.79661,19
1572_7,False,,316.79661,19
1573_1,True,,275.704545,19
1573_2,False,,275.704545,19
1573_3,False,,275.704545,19
1573_4,False,,275.704545,19
1573_5,False,,275.704545,19
1573_6,False,,275.704545,19
1574_1,True,,316.79661,19
1575_1,True,,275.704545,19
1575_2,False,,275.704545,19
1575_3,False,,275.704545,19
1576_1,True,,316.79661,19
1576_2,False,,316.79661,19
1576_3,False,,316.79661,19
1577_1,True,,275.704545,19
1578_1,True,,316.79661,19
1579_1,True,,275.704545,19
1579_2,False,,275.704545,19
1579_3,False,,275.704545,19
1579_4,False,,275.704545,19
1580_1,True,,316.79661,19
1580_2,False,,316.79661,19
1581_1,True,,275.704545,19
1581_2,False,,275.704545,19
1582_1,True,,316.79661,19
1582_2,False,,316.79661,19
1582_3,False,,316.79661,19
1582_4,False,,316.79661,19
1582_5,False,,316.79661,19
1583_1,True,,275.704545,19
1583_2,False,,275.704545,19
1584_1,True,,316.79661,19
1584_2,False,,316.79661,19
1585_1,True,,275.704545,19
1585_2,False,,275.704545,19
1585_3,False,,275.704545,19
1586_1,True,,316.79661,19
1586_2,False,,316.79661,19
1586_3,False,,316.79661,19
1586_4,False,,316.79661,19
1587_1,True,,275.704545,19
1587_2,False,,275.704545,19
1588_1,True,,316.79661,19
1588_2,False,,316.79661,19
1589_1,True,,275.704545,19
1590_1,True,,316.79661,19
1590_2,False,,316.79661,19
1591_1,True,,275.704545,19
1591_2,False,,275.704545,19
1591_3,False,,275.704545,19
1591_4,False,,275.704545,19
1591_5,False,,275.704545,19
1591_6,False,,275.704545,19
1592_1,True,,316.79661,19
1592_2,False,,316.79661,19
1592_3,False,,316.79661,19
1592_4,False,,316.79661,19
1592_5,False,,316.79661,19
1592_6,False,,316.79661,19
1592_7,False,,316.79661,19
1593_1,True,,275.704545,19
1594_1,True,,316.79661,19
1594_2,False,,316.79661,19
1595_1,True,,275.704545,19
1595_2,False,,275.704545,19
1595_3,False,,275.704545,19
1595_4,False,,275.704545,19
1596_1,True,,316.79661,19
1596_2,False,,316.79661,19
1597_1,True,,275.704545,19
1597_2,False,,275.704545,19
1597_3,False,,275.704545,19
1597_4,False,,275.704545,19
1598_1,True,,316.79661,19
1598_2,False,,316.79661,19
1598_3,False,,316.79661,19
1599_1,True,,988.672414,21
1599_2,False,,988.672414,21
1599_3,False,,988.672414,21
1599_4,False,,988.672414,21
1600_1,True,,961.85,21
1600_2,False,,961.85,21
1600_3,False,,961.85,21
1601_1,True,,988.672414,21
1601_2,False,,988.672414,21
1601_3,False,,988.672414,21
1601_4,False,,988.672414,21
1602_1,True,,961.85,21
1602_2,False,,961.85,21
1602_3,False,,961.85,21
1603_1,True,,988.672414,21
1603_2,False,,988.672414,21
1604_1,True,,961.85,21
1604_2,False,,961.85,21
1604_3,False,,961.85,21
1604_4,False,,961.85,21
1605_1,True,,988.672414,21
1605_2,False,,988.672414,21
1605_3,False,,988.672414,21
1606_1,True,,961.85,21
1606_2,False,,961.85,21
1607_1,True,,988.672414,21
1607_2,False,,988.672414,21
1608_1,True,,961.85,21
1609_1,True,,988.672414,21
1610_1,True,,988.672414,21
1610_2,False,,988.672414,21
1611_1,True,,961.85,21
1611_2,False,,961.85,21
1612_1,True,,988.672414,21
1612_2,False,,988.672414,21
1612_3,False,,988.672414,21
1613_1,True,,961.85,21
1613_2,False,,961.85,21
1613_3,False,,961.85,21
1613_4,False,,961.85,21
1614_1,True,,961.85,21
1614_2,False,,961.85,21
1615_1,True,,988.672414,21
1615_2,False,,988.672414,21
1615_3,False,,988.672414,21
1615_4,False,,988.672414,21
1616_1,True,,988.672414,21
1616_2,False,,988.672414,21
1616_3,False,,988.672414,21
1616_4,False,,988.672414,21
1616_5,False,,988.672414,21
1617_1,True,,961.85,21
1617_2,False,,961.85,21
1617_3,False,,961.85,21
1617_4,False,,961.85,21
1618_1,True,,961.85,21
1618_2,False,,961.85,21
1618_3,False,,961.85,21
1618_4,False,,961.85,21
1619_1,True,,988.672414,21
1619_2,False,,988.672414,21
1619_3,False,,988.672414,21
1619_4,False,,988.672414,21
1620_1,True,,961.85,21
1620_2,False,,961.85,21
1620_3,False,,961.85,21
1620_4,False,,961.85,21
1621_1,True,,988.672414,21
1621_2,False,,988.672414,21
1622_1,True,,988.672414,21
1622_2,False,,988.672414,21
1622_3,False,,988.672414,21
1623_1,True,,961.85,21
1623_2,False,,961.85,21
1624_1,True,,961.85,21
1624_2,False,,961.85,21
1624_3,False,,961.85,21
1625_1,True,,988.672414,21
1625_2,False,,988.672414,21
1625_3,False,,988.672414,21
1625_4,False,,988.672414,21
1626_1,True,,961.85,21
1626_2,False,,961.85,21
1627_1,True,,988.672414,21
1627_2,False,,988.672414,21
1627_3,False,,988.672414,21
1627_4,False,,988.672414,21
1628_1,True,,961.85,21
1628_2,False,,961.85,21
1628_3,False,,961.85,21
1629_1,True,,988.672414,21
1629_2,False,,988.672414,21
1629_3,False,,988.672414,21
1629_4,False,,988.672414,21
1629_5,False,,988.672414,21
1630_1,True,,961.85,21
1630_2,False,,961.85,21
1631_1,True,,961.85,21
1631_2,False,,961.85,21
1631_3,False,,961.85,21
1631_4,False,,961.85,21
1632_1,True,,961.85,21
1632_2,False,,961.85,21
1632_3,False,,961.85,21
1632_4,False,,961.85,21
1633_1,True,,988.672414,21
1633_2,False,,988.672414,21
1633_3,False,,988.672414,21
1633_4,False,,988.672414,21
1633_5,False,,988.672414,21
1633_6,False,,988.672414,21
1634_1,True,,961.85,21
1634_2,False,,961.85,21
1634_3,False,,961.85,21
1635_1,True,,988.672414,21
1635_2,False,,988.672414,21
1636_1,True,,961.85,21
1636_2,False,,961.85,21
1637_1,True,,988.672414,21
1637_2,False,,988.672414,21
1637_3,False,,988.672414,21
1637_4,False,,988.672414,21
1638_1,True,,961.85,21
1639_1,True,,988.672414,21
1639_2,False,,988.672414,21
1639_3,False,,988.672414,21
1640_1,True,,961.85,21
1640_2,False,,961.85,21
1640_3,False,,961.85,21
1640_4,False,,961.85,21
1641_1,True,,988.672414,21
1641_2,False,,988.672414,21
1641_3,False,,988.672414,21
1641_4,False,,988.672414,21
1642_1,True,,961.85,21
1643_1,True,,988.672414,21
1643_2,False,,988.672414,21
1643_3,False,,988.672414,21
1643_4,False,,988.672414,21
1644_1,True,,961.85,21
1644_2,False,,961.85,21
1644_3,False,,961.85,21
1644_4,False,,961.85,21
1645_1,True,,988.672414,21
1645_2,False,,988.672414,21
1645_3,False,,988.672414,21
1646_1,True,,961.85,21
1646_2,False,,961.85,21
1646_3,False,,961.85,21
1646_4,False,,961.85,21
1647_1,True,,988.672414,21
1648_1,True,,961.85,21
1648_2,False,,961.85,21
1648_3,False,,961.85,21
1648_4,False,,961.85,21
1649_1,True,,988.672414,21
1649_2,False,,988.672414,21
1649_3,False,,988.672414,21
1650_1,True,,961.85,21
1650_2,False,,961.85,21
1650_3,False,,961.85,21
1650_4,False,,961.85,21
1651_1,True,,988.672414,21
1651_2,False,,988.672414,21
1651_3,False,,988.672414,21
1651_4,False,,988.672414,21
1652_1,True,,961.85,21
1652_2,False,,961.85,21
1652_3,False,,961.85,21
1653_1,True,,988.672414,21
1653_2,False,,988.672414,21
1653_3,False,,988.672414,21
1654_1,True,,961.85,21
1654_2,False,,961.85,21
1654_3,False,,961.85,21
1654_4,False,,961.85,21
1655_1,True,,988.672414,21
1655_2,False,,988.672414,21
1656_1,True,,961.85,21
1657_1,True,,988.672414,21
1657_2,False,,988.672414,21
1658_1,True,,961.85,21
1658_2,False,,961.85,21
1658_3,False,,961.85,21
1658_4,False,,961.85,21
1659_1,True,,988.672414,21
1659_2,False,,988.672414,21
1659_3,False,,988.672414,21
1659_4,False,,988.672414,21
1660_1,True,,961.85,21
1660_2,False,,961.85,21
1660_3,False,,961.85,21
1660_4,False,,961.85,21
1661_1,True,,988.672414,21
1661_2,False,,988.672414,21
1662_1,True,,961.85,21
1663_1,True,,988.672414,21
1663_2,False,,988.672414,21
1664_1,True,,961.85,21
1664_2,False,,961.85,21
1665_1,True,,988.672414,21
1665_2,False,,988.672414,21
1665_3,False,,988.672414,21
1665_4,False,,988.672414,21
1665_5,False,,988.672414,21
1665_6,False,,988.672414,21
1666_1,True,,961.85,21
1666_2,False,,961.85,21
1666_3,False,,961.85,21
1666_4,False,,961.85,21
1667_1,True,,988.672414,21
1667_2,False,,988.672414,21
1667_3,False,,988.672414,21
1667_4,False,,988.672414,21
1667_5,False,,988.672414,21
1668_1,True,,961.85,21
1668_2,False,,961.85,21
1668_3,False,,961.85,21
1668_4,False,,961.85,21
1669_1,True,,988.672414,21
1669_2,False,,988.672414,21
1669_3,False,,988.672414,21
1669_4,False,,988.672414,21
1670_1,True,,961.85,21
1670_2,False,,961.85,21
1670_3,False,,961.85,21
1670_4,False,,961.85,21
1670_5,False,,961.85,21
1671_1,True,,988.672414,21
1671_2,False,,988.672414,21
1671_3,False,,988.672414,21
1672_1,True,,961.85,21
1672_2,False,,961.85,21
1673_1,True,,988.672414,21
1673_2,False,,988.672414,21
1673_3,False,,988.672414,21
1674_1,True,,961.85,21
1674_2,False,,961.85,21
1674_3,False,,961.85,21
1674_4,False,,961.85,21
1674_5,False,,961.85,21
1675_1,True,,988.672414,21
1675_2,False,,988.672414,21
1675_3,False,,988.672414,21
1675_4,False,,988.672414,21
1675_5,False,,988.672414,21
1676_1,True,,961.85,21
1676_2,False,,961.85,21
1677_1,True,,988.672414,21
1677_2,False,,988.672414,21
1677_3,False,,988.672414,21
1678_1,True,,961.85,21
1679_1,True,,988.672414,21
1679_2,False,,988.672414,21
1679_3,False,,988.672414,21
1679_4,False,,988.672414,21
1679_5,False,,988.672414,21
1679_6,False,,988.672414,21
1680_1,True,,961.85,21
1680_2,False,,961.85,21
1680_3,False,,961.85,21
1680_4,False,,961.85,21
1680_5,False,,961.85,21
1681_1,True,,988.672414,21
1681_2,False,,988.672414,21
1681_3,False,,988.672414,21
1681_4,False,,988.672414,21
1682_1,True,,961.85,21
1682_2,False,,961.85,21
1682_3,False,,961.85,21
1683_1,True,,988.672414,21
1683_2,False,,988.672414,21
1683_3,False,,988.672414,21
1683_4,False,,988.672414,21
1684_1,True,,961.85,21
1685_1,True,,988.672414,21
1685_2,False,,988.672414,21
1685_3,False,,988.672414,21
1686_1,True,,961.85,21
1686_2,False,,961.85,21
1686_3,False,,961.85,21
1687_1,True,,988.672414,21
1687_2,False,,988.672414,21
1687_3,False,,988.672414,21
1688_1,True,,961.85,21
1688_2,False,,961.85,21
1688_3,False,,961.85,21
1688_4,False,,961.85,21
1688_5,False,,961.85,21
1688_6,False,,961.85,21
1689_1,True,,988.672414,21
1689_2,False,,988.672414,21
1689_3,False,,988.672414,21
1689_4,False,,988.672414,21
1689_5,False,,988.672414,21
1689_6,False,,988.672414,21
1689_7,False,,988.672414,21
1690_1,True,,961.85,21
1690_2,False,,961.85,21
1690_3,False,,961.85,21
1690_4,False,,961.85,21
1690_5,False,,961.85,21
1691_1,True,,988.672414,21
1691_2,False,,988.672414,21
1691_3,False,,988.672414,21
1691_4,False,,988.672414,21
1691_5,False,,988.672414,21
1692_1,True,,961.85,21
1692_2,False,,961.85,21
1693_1,True,,988.672414,21
1693_2,False,,988.672414,21
1693_3,False,,988.672414,21
1693_4,False,,988.672414,21
1694_1,True,,961.85,21
1694_2,False,,961.85,21
1695_1,True,,988.672414,21
1695_2,False,,988.672414,21
1695_3,False,,988.672414,21
1695_4,False,,988.672414,21
1695_5,False,,988.672414,21
1696_1,True,,961.85,21
1696_2,False,,961.85,21
1696_3,False,,961.85,21
1696_4,False,,961.85,21
1696_5,False,,961.85,21
1697_1,True,,988.672414,21
1697_2,False,,988.672414,21
1697_3,False,,988.672414,21
1697_4,False,,988.672414,21
1697_5,False,,988.672414,21
1697_6,False,,988.672414,21
1698_1,True,,961.85,21
1698_2,False,,961.85,21
1699_1,True,,988.672414,21
1699_2,False,,988.672414,21
1700_1,True,,961.85,21
1701_1,True,,988.672414,21
1701_2,False,,988.672414,21
1701_3,False,,988.672414,21
1701_4,False,,988.672414,21
1701_5,False,,988.672414,21
1701_6,False,,988.672414,21
1702_1,True,,961.85,21
1702_2,False,,961.85,21
1702_3,False,,961.85,21
1702_4,False,,961.85,21
1703_1,True,,988.672414,21
1703_2,False,,988.672414,21
1703_3,False,,988.672414,21
1704_1,True,,961.85,21
1704_2,False,,961.85,21
1705_1,True,,988.672414,21
1705_2,False,,988.672414,21
1705_3,False,,988.672414,21
1705_4,False,,988.672414,21
1705_5,False,,988.672414,21
1705_6,False,,988.672414,21
1706_1,True,,961.85,21
1707_1,True,,988.672414,21
1707_2,False,,988.672414,21
1707_3,False,,988.672414,21
1707_4,False,,988.672414,21
1707_5,False,,988.672414,21
1708_1,True,,961.85,21
1708_2,False,,961.85,21
1708_3,False,,961.85,21
1709_1,True,,988.672414,21
1709_2,False,,988.672414,21
1709_3,False,,988.672414,21
1709_4,False,,988.672414,21
1710_1,True,,961.85,21
1710_2,False,,961.85,21
1710_3,False,,961.85,21
1710_4,False,,961.85,21
1711_1,True,,988.672414,21
1711_2,False,,988.672414,21
1712_1,True,,961.85,21
1713_1,True,,988.672414,21
1713_2,False,,988.672414,21
1714_1,True,,961.85,21
1715_1,True,,988.672414,21
1715_2,False,,988.672414,21
1715_3,False,,988.672414,21
1716_1,True,,961.85,21
1717_1,True,,988.672414,21
1717_2,False,,988.672414,21
1717_3,False,,988.672414,21
1717_4,False,,988.672414,21
1717_5,False,,988.672414,21
1717_6,False,,988.672414,21
1718_1,True,,961.85,21
1718_2,False,,961.85,21
1718_3,False,,961.85,21
1718_4,False,,961.85,21
1719_1,True,,988.672414,21
1719_2,False,,988.672414,21
1719_3,False,,988.672414,21
1720_1,True,,961.85,21
1720_2,False,,961.85,21
1720_3,False,,961.85,21
1720_4,False,,961.85,21
1721_1,True,,988.672414,21
1721_2,False,,988.672414,21
1722_1,True,,961.85,21
1723_1,True,,988.672414,21
1723_2,False,,988.672414,21
1723_3,False,,988.672414,21
1723_4,False,,988.672414,21
1724_1,True,,961.85,21
1724_2,False,,961.85,21
1724_3,False,,961.85,21
1725_1,True,,988.672414,21
1725_2,False,,988.672414,21
1726_1,True,,961.85,21
1726_2,False,,961.85,21
1727_1,True,,988.672414,21
1727_2,False,,988.672414,21
1728_1,True,,961.85,21
1728_2,False,,961.85,21
1728_3,False,,961.85,21
1729_1,True,,988.672414,21
1729_2,False,,988.672414,21
1729_3,False,,988.672414,21
1729_4,False,,988.672414,21
1730_1,True,,961.85,21
1730_2,False,,961.85,21
1730_3,False,,961.85,21
1730_4,False,,961.85,21
1731_1,True,,988.672414,21
1731_2,False,,988.672414,21
1731_3,False,,988.672414,21
1731_4,False,,988.672414,21
1732_1,True,,961.85,21
1732_2,False,,961.85,21
1732_3,False,,961.85,21
1732_4,False,,961.85,21
1733_1,True,,988.672414,21
1733_2,False,,988.672414,21
1733_3,False,,988.672414,21
1734_1,True,,961.85,21
1734_2,False,,961.85,21
1734_3,False,,961.85,21
1734_4,False,,961.85,21
1735_1,True,,988.672414,21
1735_2,False,,988.672414,21
1735_3,False,,988.672414,21
1735_4,False,,988.672414,21
1736_1,True,,961.85,21
1736_2,False,,961.85,21
1737_1,True,,988.672414,21
1737_2,False,,988.672414,21
1738_1,True,,961.85,21
1738_2,False,,961.85,21
1738_3,False,,961.85,21
1738_4,False,,961.85,21
1739_1,True,,988.672414,21
1739_2,False,,988.672414,21
1739_3,False,,988.672414,21
1740_1,True,,961.85,21
1740_2,False,,961.85,21
1740_3,False,,961.85,21
1740_4,False,,961.85,21
1741_1,True,,988.672414,21
1741_2,False,,988.672414,21
1741_3,False,,988.672414,21
1742_1,True,,961.85,21
1742_2,False,,961.85,21
1743_1,True,,988.672414,21
1743_2,False,,988.672414,21
1743_3,False,,988.672414,21
1744_1,True,,961.85,21
1745_1,True,,988.672414,21
1745_2,False,,988.672414,21
1745_3,False,,988.672414,21
1745_4,False,,988.672414,21
1745_5,False,,988.672414,21
1746_1,True,,961.85,21
1746_2,False,,961.85,21
1747_1,True,,988.672414,21
1747_2,False,,988.672414,21
1747_3,False,,988.672414,21
1747_4,False,,988.672414,21
1747_5,False,,988.672414,21
1747_6,False,,988.672414,21
1748_1,True,,961.85,21
1748_2,False,,961.85,21
1749_1,True,,988.672414,21
1749_2,False,,988.672414,21
1749_3,False,,988.672414,21
1749_4,False,,988.672414,21
1749_5,False,,988.672414,21
1750_1,True,,961.85,21
1750_2,False,,961.85,21
1750_3,False,,961.85,21
1750_4,False,,961.85,21
1751_1,True,,988.672414,21
1751_2,False,,988.672414,21
1751_3,False,,988.672414,21
1752_1,True,,961.85,21
1752_2,False,,961.85,21
1753_1,True,,988.672414,21
1754_1,True,,961.85,21
1754_2,False,,961.85,21
1754_3,False,,961.85,21
1754_4,False,,961.85,21
1754_5,False,,961.85,21
1755_1,True,,988.672414,21
1755_2,False,,988.672414,21
1755_3,False,,988.672414,21
1755_4,False,,988.672414,21
1755_5,False,,988.672414,21
1756_1,True,,961.85,21
1756_2,False,,961.85,21
1756_3,False,,961.85,21
1756_4,False,,961.85,21
1757_1,True,,988.672414,21
1757_2,False,,988.672414,21
1758_1,True,,961.85,21
1759_1,True,,988.672414,21
1759_2,False,,988.672414,21
1759_3,False,,988.672414,21
1759_4,False,,988.672414,21
1759_5,False,,988.672414,21
1759_6,False,,988.672414,21
1759_7,False,,988.672414,21
1760_1,True,,961.85,21
1760_2,False,,961.85,21
1761_1,True,,988.672414,21
1761_2,False,,988.672414,21
1761_3,False,,988.672414,21
1761_4,False,,988.672414,21
1762_1,True,,961.85,21
1762_2,False,,961.85,21
1762_3,False,,961.85,21
1762_4,False,,961.85,21
1763_1,True,,988.672414,21
1763_2,False,,988.672414,21
1764_1,True,,961.85,21
1764_2,False,,961.85,21
1765_1,True,,988.672414,21
1765_2,False,,988.672414,21
1765_3,False,,988.672414,21
1766_1,True,,961.85,21
1766_2,False,,961.85,21
1767_1,True,,988.672414,21
1767_2,False,,988.672414,21
1768_1,True,,961.85,21
1768_2,False,,961.85,21
1768_3,False,,961.85,21
1768_4,False,,961.85,21
1769_1,True,,988.672414,21
1769_2,False,,988.672414,21
1769_3,False,,988.672414,21
1769_4,False,,988.672414,21
1770_1,True,,961.85,21
1770_2,False,,961.85,21
1771_1,True,,988.672414,21
1771_2,False,,988.672414,21
1772_1,True,,961.85,21
1772_2,False,,961.85,21
1773_1,True,,988.672414,21
1773_2,False,,988.672414,21
1773_3,False,,988.672414,21
1774_1,True,,961.85,21
1774_2,False,,961.85,21
1775_1,True,,988.672414,21
1775_2,False,,988.672414,21
1775_3,False,,988.672414,21
1775_4,False,,988.672414,21
1775_5,False,,988.672414,21
1775_6,False,,988.672414,21
1775_7,False,,988.672414,21
1775_8,False,,988.672414,21
1775_9,False,,988.672414,21
1776_1,True,,961.85,21
1776_2,False,,961.85,21
1776_3,False,,961.85,21
1776_4,False,,961.85,21
1777_1,True,,988.672414,21
1777_2,False,,988.672414,21
1777_3,False,,988.672414,21
1777_4,False,,988.672414,21
1777_5,False,,988.672414,21
1778_1,True,,961.85,21
1778_2,False,,961.85,21
1778_3,False,,961.85,21
1778_4,False,,961.85,21
1778_5,False,,961.85,21
1779_1,True,,988.672414,21
1779_2,False,,988.672414,21
1779_3,False,,988.672414,21
1780_1,True,,961.85,21
1780_2,False,,961.85,21
1780_3,False,,961.85,21
1781_1,True,,988.672414,21
1781_2,False,,988.672414,21
1781_3,False,,988.672414,21
1781_4,False,,988.672414,21
1781_5,False,,988.672414,21
1782_1,True,,961.85,21
1783_1,True,,988.672414,21
1783_2,False,,988.672414,21
1784_1,True,,961.85,21
1784_2,False,,961.85,21
1784_3,False,,961.85,21
1785_1,True,,988.672414,21
1785_2,False,,988.672414,21
1785_3,False,,988.672414,21
1785_4,False,,988.672414,21
1786_1,True,,961.85,21
1786_2,False,,961.85,21
1787_1,True,,961.85,21
1788_1,True,,961.85,21
1788_2,False,,961.85,21
1788_3,False,,961.85,21
1788_4,False,,961.85,21
1788_5,False,,961.85,21
1789_1,True,,988.672414,21
1789_2,False,,988.672414,21
1789_3,False,,988.672414,21
1789_4,False,,988.672414,21
1790_1,True,,961.85,21
1791_1,True,,988.672414,21
1791_2,False,,988.672414,21
1791_3,False,,988.672414,21
1792_1,True,,961.85,21
1792_2,False,,961.85,21
1792_3,False,,961.85,21
1792_4,False,,961.85,21
1792_5,False,,961.85,21
1793_1,True,,988.672414,21
1793_2,False,,988.672414,21
1793_3,False,,988.672414,21
1793_4,False,,988.672414,21
1793_5,False,,988.672414,21
1793_6,False,,988.672414,21
1793_7,False,,988.672414,21
1794_1,True,,961.85,21
1794_2,False,,961.85,21
1794_3,False,,961.85,21
1795_1,True,,988.672414,21
1795_2,False,,988.672414,21
1795_3,False,,988.672414,21
1795_4,False,,988.672414,21
1795_5,False,,988.672414,21
1796_1,True,,961.85,21
1796_2,False,,961.85,21
1796_3,False,,961.85,21
1796_4,False,,961.85,21
1797_1,True,,988.672414,21
1797_2,False,,988.672414,21
1797_3,False,,988.672414,21
1797_4,False,,988.672414,21
1798_1,True,,961.85,21
1798_2,False,,961.85,21
1798_3,False,,961.85,21
1798_4,False,,961.85,21
1799_1,True,,988.672414,21
1799_2,False,,988.672414,21
1800_1,True,,961.85,21
1800_2,False,,961.85,21
1801_1,True,,988.672414,21
1801_2,False,,988.672414,21
1802_1,True,,961.85,21
1802_2,False,,961.85,21
1802_3,False,,961.85,21
1803_1,True,,988.672414,21
1803_2,False,,988.672414,21
1803_3,False,,988.672414,21
1804_1,True,,961.85,21
1805_1,True,,988.672414,21
1805_2,False,,988.672414,21
1805_3,False,,988.672414,21
1805_4,False,,988.672414,21
1806_1,True,,961.85,21
1807_1,True,,988.672414,21
1807_2,False,,988.672414,21
1807_3,False,,988.672414,21
1807_4,False,,988.672414,21
1808_1,True,,961.85,21
1808_2,False,,961.85,21
1809_1,True,,988.672414,21
1809_2,False,,988.672414,21
1809_3,False,,988.672414,21
1810_1,True,,961.85,21
1810_2,False,,961.85,21
1810_3,False,,961.85,21
1810_4,False,,961.85,21
1811_1,True,,988.672414,21
1811_2,False,,988.672414,21
1811_3,False,,988.672414,21
1812_1,True,,961.85,21
1812_2,False,,961.85,21
1813_1,True,,988.672414,21
1813_2,False,,988.672414,21
1813_3,False,,988.672414,21
1814_1,True,,961.85,21
1814_2,False,,961.85,21
1814_3,False,,961.85,21
1814_4,False,,961.85,21
1815_1,True,,988.672414,21
1815_2,False,,988.672414,21
1815_3,False,,988.672414,21
1815_4,False,,988.672414,21
1816_1,True,,961.85,21
1816_2,False,,961.85,21
1816_3,False,,961.85,21
1817_1,True,,988.672414,21
1817_2,False,,988.672414,21
1818_1,True,,961.85,21
1819_1,True,,988.672414,21
1819_2,False,,988.672414,21
1819_3,False,,988.672414,21
1820_1,True,,961.85,21
1820_2,False,,961.85,21
1820_3,False,,961.85,21
1821_1,True,,988.672414,21
1821_2,False,,988.672414,21
1821_3,False,,988.672414,21
1821_4,False,,988.672414,21
1821_5,False,,988.672414,21
1822_1,True,,961.85,21
1822_2,False,,961.85,21
1822_3,False,,961.85,21
1822_4,False,,961.85,21
1823_1,True,,988.672414,21
1823_2,False,,988.672414,21
1823_3,False,,988.672414,21
1824_1,True,,961.85,21
1824_2,False,,961.85,21
1824_3,False,,961.85,21
1825_1,True,,988.672414,21
1825_2,False,,988.672414,21
1826_1,True,,961.85,21
1827_1,True,,988.672414,21
1827_2,False,,988.672414,21
1827_3,False,,988.672414,21
1827_4,False,,988.672414,21
1828_1,True,,961.85,21
1829_1,True,,988.672414,21
1829_2,False,,988.672414,21
1830_1,True,,961.85,21
1830_2,False,,961.85,21
1830_3,False,,961.85,21
1831_1,True,,988.672414,21
1831_2,False,,988.672414,21
1831_3,False,,988.672414,21
1831_4,False,,988.672414,21
1831_5,False,,988.672414,21
1832_1,True,,961.85,21
1832_2,False,,961.85,21
1832_3,False,,961.85,21
1832_4,False,,961.85,21
1833_1,True,,961.85,21
1833_2,False,,961.85,21
1834_1,True,,961.85,21
1834_2,False,,961.85,21
1834_3,False,,961.85,21
1835_1,True,,988.672414,21
1835_2,False,,988.672414,21
1835_3,False,,988.672414,21
1835_4,False,,988.672414,21
1836_1,True,,961.85,21
1836_2,False,,961.85,21
1836_3,False,,961.85,21
1836_4,False,,961.85,21
1837_1,True,,988.672414,21
1837_2,False,,988.672414,21
1837_3,False,,988.672414,21
1837_4,False,,988.672414,21
1838_1,True,,961.85,21
1838_2,False,,961.85,21
1838_3,False,,961.85,21
1838_4,False,,961.85,21
1839_1,True,,988.672414,21
1839_2,False,,988.672414,21
1839_3,False,,988.672414,21
1840_1,True,,961.85,21
1840_2,False,,961.85,21
1840_3,False,,961.85,21
1840_4,False,,961.85,21
1841_1,True,,988.672414,21
1841_2,False,,988.672414,21
1841_3,False,,988.672414,21
1841_4,False,,988.672414,21
1842_1,True,,961.85,21
1842_2,False,,961.85,21
1842_3,False,,961.85,21
1842_4,False,,961.85,21
1842_5,False,,961.85,21
1843_1,True,,988.672414,21
1843_2,False,,988.672414,21
1844_1,True,,961.85,21
1844_2,False,,961.85,21
1844_3,False,,961.85,21
1844_4,False,,961.85,21
1845_1,True,,988.672414,21
1845_2,False,,988.672414,21
1845_3,False,,988.672414,21
1846_1,True,,961.85,21
1846_2,False,,961.85,21
1846_3,False,,961.85,21
1846_4,False,,961.85,21
1846_5,False,,961.85,21
1847_1,True,,988.672414,21
1847_2,False,,988.672414,21
1847_3,False,,988.672414,21
1847_4,False,,988.672414,21
1847_5,False,,988.672414,21
1848_1,True,,961.85,21
1848_2,False,,961.85,21
1849_1,True,,988.672414,21
1849_2,False,,988.672414,21
1849_3,False,,988.672414,21
1849_4,False,,988.672414,21
1850_1,True,,961.85,21
1850_2,False,,961.85,21
1850_3,False,,961.85,21
1850_4,False,,961.85,21
1851_1,True,,988.672414,21
1852_1,True,,961.85,21
1852_2,False,,961.85,21
1852_3,False,,961.85,21
1852_4,False,,961.85,21
1852_5,False,,961.85,21
1853_1,True,,988.672414,21
1853_2,False,,988.672414,21
1853_3,False,,988.672414,21
1853_4,False,,988.672414,21
1854_1,True,,961.85,21
1854_2,False,,961.85,21
1855_1,True,,988.672414,21
1855_2,False,,988.672414,21
1855_3,False,,988.672414,21
1856_1,True,,961.85,21
1856_2,False,,961.85,21
1857_1,True,,988.672414,21
1857_2,False,,988.672414,21
1857_3,False,,988.672414,21
1857_4,False,,988.672414,21
1858_1,True,,961.85,21
1858_2,False,,961.85,21
1859_1,True,,988.672414,21
1859_2,False,,988.672414,21
1859_3,False,,988.672414,21
1859_4,False,,988.672414,21
1859_5,False,,988.672414,21
1860_1,True,,961.85,21
1860_2,False,,961.85,21
1861_1,True,,988.672414,21
1861_2,False,,988.672414,21
1861_3,False,,988.672414,21
1861_4,False,,988.672414,21
1861_5,False,,988.672414,21
1862_1,True,,961.85,21
1862_2,False,,961.85,21
1862_3,False,,961.85,21
1862_4,False,,961.85,21
1863_1,True,,988.672414,21
1863_2,False,,988.672414,21
1863_3,False,,988.672414,21
1863_4,False,,988.672414,21
1864_1,True,,961.85,21
1864_2,False,,961.85,21
1865_1,True,,988.672414,21
1865_2,False,,988.672414,21
1866_1,True,,961.85,21
1866_2,False,,961.85,21
1866_3,False,,961.85,21
1866_4,False,,961.85,21
1866_5,False,,961.85,21
1867_1,True,,988.672414,21
1867_2,False,,988.672414,21
1867_3,False,,988.672414,21
1868_1,True,,961.85,21
1868_2,False,,961.85,21
1868_3,False,,961.85,21
1869_1,True,,988.672414,21
1869_2,False,,988.672414,21
1869_3,False,,988.672414,21
1870_1,True,,961.85,21
1871_1,True,,988.672414,21
1871_2,False,,988.672414,21
1871_3,False,,988.672414,21
1871_4,False,,988.672414,21
1872_1,True,,961.85,21
1872_2,False,,961.85,21
1872_3,False,,961.85,21
1872_4,False,,961.85,21
1872_5,False,,961.85,21
1873_1,True,,988.672414,21
1873_2,False,,988.672414,21
1873_3,False,,988.672414,21
1873_4,False,,988.672414,21
1873_5,False,,988.672414,21
1874_1,True,,961.85,21
1874_2,False,,961.85,21
1875_1,True,,988.672414,21
1875_2,False,,988.672414,21
1875_3,False,,988.672414,21
1875_4,False,,988.672414,21
1875_5,False,,988.672414,21
1875_6,False,,988.672414,21
1876_1,True,,961.85,21
1877_1,True,,988.672414,21
1877_2,False,,988.672414,21
1878_1,True,,961.85,21
1878_2,False,,961.85,21
1878_3,False,,961.85,21
1879_1,True,,988.672414,21
1879_2,False,,988.672414,21
1879_3,False,,988.672414,21
1879_4,False,,988.672414,21
1880_1,True,,961.85,21
1881_1,True,,988.672414,21
1881_2,False,,988.672414,21
1881_3,False,,988.672414,21
1881_4,False,,988.672414,21
1881_5,False,,988.672414,21
1881_6,False,,988.672414,21
1882_1,True,,961.85,21
1882_2,False,,961.85,21
1882_3,False,,961.85,21
1883_1,True,,988.672414,21
1883_2,False,,988.672414,21
1883_3,False,,988.672414,21
1884_1,True,,961.85,21
1884_2,False,,961.85,21
1884_3,False,,961.85,21
1884_4,False,,961.85,21
1885_1,True,,988.672414,21
1885_2,False,,988.672414,21
1885_3,False,,988.672414,21
1885_4,False,,988.672414,21
1885_5,False,,988.672414,21
1886_1,True,,961.85,21
1887_1,True,,988.672414,21
1887_2,False,,988.672414,21
1887_3,False,,988.672414,21
1888_1,True,,961.85,21
1888_2,False,,961.85,21
1888_3,False,,961.85,21
1888_4,False,,961.85,21
1888_5,False,,961.85,21
1889_1,True,,988.672414,21
1889_2,False,,988.672414,21
1889_3,False,,988.672414,21
1889_4,False,,988.672414,21
1890_1,True,,961.85,21
1890_2,False,,961.85,21
1890_3,False,,961.85,21
1891_1,True,,988.672414,21
1891_2,False,,988.672414,21
1891_3,False,,988.672414,21
1891_4,False,,988.672414,21
1892_1,True,,961.85,21
1892_2,False,,961.85,21
1892_3,False,,961.85,21
1893_1,True,,988.672414,21
1893_2,False,,988.672414,21
1893_3,False,,988.672414,21
1893_4,False,,988.672414,21
1893_5,False,,988.672414,21
1894_1,True,,961.85,21
1895_1,True,,988.672414,21
1895_2,False,,988.672414,21
1895_3,False,,988.672414,21
1896_1,True,,961.85,21
1896_2,False,,961.85,21
1896_3,False,,961.85,21
1896_4,False,,961.85,21
1896_5,False,,961.85,21
1897_1,True,,988.672414,21
1897_2,False,,988.672414,21
1897_3,False,,988.672414,21
1897_4,False,,988.672414,21
1897_5,False,,988.672414,21
1898_1,True,,961.85,21
1899_1,True,,988.672414,21
1899_2,False,,988.672414,21
1899_3,False,,988.672414,21
1899_4,False,,988.672414,21
1900_1,True,,961.85,21
1900_2,False,,961.85,21
1900_3,False,,961.85,21
1900_4,False,,961.85,21
1900_5,False,,961.85,21
1901_1,True,,988.672414,21
1901_2,False,,988.672414,21
1901_3,False,,988.672414,21
1902_1,True,,961.85,21
1902_2,False,,961.85,21
1902_3,False,,961.85,21
1903_1,True,,988.672414,21
1903_2,False,,988.672414,21
1903_3,False,,988.672414,21
1903_4,False,,988.672414,21
1904_1,True,,961.85,21
1904_2,False,,961.85,21
1904_3,False,,961.85,21
1904_4,False,,961.85,21
1905_1,True,,988.672414,21
1905_2,False,,988.672414,21
1905_3,False,,988.672414,21
1905_4,False,,988.672414,21
1906_1,True,,961.85,21
1907_1,True,,988.672414,21
1907_2,False,,988.672414,21
1907_3,False,,988.672414,21
1907_4,False,,988.672414,21
1907_5,False,,988.672414,21
1908_1,True,,961.85,21
1908_2,False,,961.85,21
1909_1,True,,988.672414,21
1909_2,False,,988.672414,21
1910_1,True,,961.85,21
1910_2,False,,961.85,21
1910_3,False,,961.85,21
1910_4,False,,961.85,21
1910_5,False,,961.85,21
1911_1,True,,988.672414,21
1911_2,False,,988.672414,21
1911_3,False,,988.672414,21
1912_1,True,,961.85,21
1912_2,False,,961.85,21
1912_3,False,,961.85,21
1912_4,False,,961.85,21
1912_5,False,,961.85,21
1913_1,True,,988.672414,21
1913_2,False,,988.672414,21
1913_3,False,,988.672414,21
1913_4,False,,988.672414,21
1913_5,False,,988.672414,21
1914_1,True,,961.85,21
1914_2,False,,961.85,21
1914_3,False,,961.85,21
1915_1,True,,988.672414,21
1915_2,False,,988.672414,21
1915_3,False,,988.672414,21
1916_1,True,,961.85,21
1916_2,False,,961.85,21
1916_3,False,,961.85,21
1916_4,False,,961.85,21
1917_1,True,,988.672414,21
1917_2,False,,988.672414,21
1917_3,False,,988.672414,21
1918_1,True,,961.85,21
1918_2,False,,961.85,21
1918_3,False,,961.85,21
1918_4,False,,961.85,21
1919_1,True,,988.672414,21
1919_2,False,,988.672414,21
1919_3,False,,988.672414,21
1920_1,True,,961.85,21
1920_2,False,,961.85,21
1920_3,False,,961.85,21
1921_1,True,,988.672414,21
1921_2,False,,988.672414,21
1921_3,False,,988.672414,21
1921_4,False,,988.672414,21
1922_1,True,,961.85,21
1922_2,False,,961.85,21
1922_3,False,,961.85,21
1922_4,False,,961.85,21
1923_1,True,,988.672414,21
1923_2,False,,988.672414,21
1923_3,False,,988.672414,21
1923_4,False,,988.672414,21
1923_5,False,,988.672414,21
1924_1,True,,961.85,21
1924_2,False,,961.85,21
1925_1,True,,988.672414,21
1925_2,False,,988.672414,21
1926_1,True,,961.85,21
1926_2,False,,961.85,21
1926_3,False,,961.85,21
1926_4,False,,961.85,21
1927_1,True,,988.672414,21
1927_2,False,,988.672414,21
1927_3,False,,988.672414,21
1928_1,True,,961.85,21
1928_2,False,,961.85,21
1928_3,False,,961.85,21
1929_1,True,,988.672414,21
1929_2,False,,988.672414,21
1930_1,True,,961.85,21
1930_2,False,,961.85,21
1930_3,False,,961.85,21
1931_1,True,,988.672414,21
1932_1,True,,961.85,21
1932_2,False,,961.85,21
1932_3,False,,961.85,21
1933_1,True,,988.672414,21
1933_2,False,,988.672414,21
1933_3,False,,988.672414,21
1933_4,False,,988.672414,21
1933_5,False,,988.672414,21
1934_1,True,,961.85,21
1934_2,False,,961.85,21
1934_3,False,,961.85,21
1934_4,False,,961.85,21
1935_1,True,,988.672414,21
1935_2,False,,988.672414,21
1936_1,True,,961.85,21
1936_2,False,,961.85,21
1936_3,False,,961.85,21
1936_4,False,,961.85,21
1937_1,True,,988.672414,21
1937_2,False,,988.672414,21
1937_3,False,,988.672414,21
1938_1,True,,961.85,21
1938_2,False,,961.85,21
1939_1,True,,988.672414,21
1939_2,False,,988.672414,21
1939_3,False,,988.672414,21
1939_4,False,,988.672414,21
1939_5,False,,988.672414,21
1939_6,False,,988.672414,21
1940_1,True,,961.85,21
1940_2,False,,961.85,21
1940_3,False,,961.85,21
1940_4,False,,961.85,21
1940_5,False,,961.85,21
1940_6,False,,961.85,21
1941_1,True,,988.672414,21
1941_2,False,,988.672414,21
1941_3,False,,988.672414,21
1941_4,False,,988.672414,21
1941_5,False,,988.672414,21
1942_1,True,,961.85,21
1942_2,False,,961.85,21
1942_3,False,,961.85,21
1943_1,True,,988.672414,21
1943_2,False,,988.672414,21
1943_3,False,,988.672414,21
1943_4,False,,988.672414,21
1944_1,True,,961.85,21
1944_2,False,,961.85,21
1944_3,False,,961.85,21
1945_1,True,,988.672414,21
1945_2,False,,988.672414,21
1945_3,False,,988.672414,21
1945_4,False,,988.672414,21
1946_1,True,,961.85,21
1946_2,False,,961.85,21
1947_1,True,,988.672414,21
1947_2,False,,988.672414,21
1947_3,False,,988.672414,21
1947_4,False,,988.672414,21
1947_5,False,,988.672414,21
1948_1,True,,961.85,21
1948_2,False,,961.85,21
1948_3,False,,961.85,21
1948_4,False,,961.85,21
1949_1,True,,988.672414,21
1949_2,False,,988.672414,21
1949_3,False,,988.672414,21
1949_4,False,,988.672414,21
1950_1,True,,961.85,21
1951_1,True,,988.672414,21
1951_2,False,,988.672414,21
1951_3,False,,988.672414,21
1951_4,False,,988.672414,21
1951_5,False,,988.672414,21
1952_1,True,,961.85,21
1952_2,False,,961.85,21
1952_3,False,,961.85,21
1953_1,True,,1265.571429,22
1953_2,False,,1265.571429,22
1953_3,False,,1265.571429,22
1953_4,False,,1265.571429,22
1953_5,False,,1265.571429,22
1954_1,True,,1290.894737,22
1954_2,False,,1290.894737,22
1955_1,True,,1265.571429,22
1955_2,False,,1265.571429,22
1955_3,False,,1265.571429,22
1956_1,True,,1290.894737,22
1957_1,True,,1265.571429,24
1957_2,False,,1265.571429,24
1957_3,False,,1265.571429,24
1958_1,True,,1290.894737,24
1958_2,False,,1290.894737,24
1958_3,False,,1290.894737,24
1958_4,False,,1290.894737,24
1959_1,True,,1265.571429,24
1959_2,False,,1265.571429,24
1960_1,True,,1290.894737,24
1961_1,True,,1265.571429,24
1962_1,True,,1290.894737,24
1962_2,False,,1290.894737,24
1963_1,True,,1265.571429,24
1963_2,False,,1265.571429,24
1964_1,True,,1290.894737,24
1964_2,False,,1290.894737,24
1965_1,True,,1265.571429,25
1965_2,False,,1265.571429,25
1965_3,False,,1265.571429,25
1965_4,False,,1265.571429,25
1965_5,False,,1265.571429,25
1965_6,False,,1265.571429,25
1965_7,False,,1265.571429,25
1965_8,False,,1265.571429,25
1966_1,True,,1290.894737,25
1966_2,False,,1290.894737,25
1967_1,True,,1265.571429,25
1967_2,False,,1265.571429,25
1967_3,False,,1265.571429,25
1967_4,False,,1265.571429,25
1967_5,False,,1265.571429,25
1968_1,True,,1290.894737,25
1969_1,True,,1265.571429,25
1969_2,False,,1265.571429,25
1969_3,False,,1265.571429,25
1970_1,True,,1290.894737,25
1970_2,False,,1290.894737,25
1970_3,False,,1290.894737,25
1970_4,False,,1290.894737,25
1970_5,False,,1290.894737,25
1971_1,True,,1265.571429,25
1971_2,False,,1265.571429,25
1971_3,False,,1265.571429,25
1971_4,False,,1265.571429,25
1972_1,True,,1290.894737,25
1973_1,True,,1265.571429,25
1973_2,False,,1265.571429,25
1973_3,False,,1265.571429,25
1973_4,False,,1265.571429,25
1973_5,False,,1265.571429,25
1973_6,False,,1265.571429,25
1974_1,True,,1290.894737,25
1974_2,False,,1290.894737,25
1975_1,True,,1265.571429,25
1976_1,True,,1290.894737,25
1976_2,False,,1290.894737,25
1977_1,True,,1265.571429,25
1977_2,False,,1265.571429,25
1977_3,False,,1265.571429,25
1977_4,False,,1265.571429,25
1977_5,False,,1265.571429,25
1978_1,True,,1290.894737,25
1978_2,False,,1290.894737,25
1978_3,False,,1290.894737,25
1978_4,False,,1290.894737,25
1979_1,True,,1265.571429,25
1979_2,False,,1265.571429,25
1979_3,False,,1265.571429,25
1979_4,False,,1265.571429,25
1980_1,True,,1290.894737,25
1980_2,False,,1290.894737,25
1981_1,True,,1265.571429,25
1981_2,False,,1265.571429,25
1981_3,False,,1265.571429,25
1981_4,False,,1265.571429,25
1981_5,False,,1265.571429,25
1981_6,False,,1265.571429,25
1982_1,True,,1290.894737,25
1982_2,False,,1290.894737,25
1982_3,False,,1290.894737,25
1982_4,False,,1290.894737,25
1982_5,False,,1290.894737,25
1983_1,True,,1265.571429,25
1983_2,False,,1265.571429,25
1983_3,False,,1265.571429,25
1983_4,False,,1265.571429,25
1983_5,False,,1265.571429,25
1984_1,True,,1290.894737,25
1984_2,False,,1290.894737,25
1984_3,False,,1290.894737,25
1984_4,False,,1290.894737,25
1984_5,False,,1290.894737,25
1985_1,True,,1265.571429,25
1985_2,False,,1265.571429,25
1985_3,False,,1265.571429,25
1986_1,True,,1290.894737,25
1986_2,False,,1290.894737,25
1986_3,False,,1290.894737,25
1986_4,False,,1290.894737,25
1986_5,False,,1290.894737,25
1987_1,True,,1265.571429,25
1987_2,False,,1265.571429,25
1987_3,False,,1265.571429,25
1988_1,True,,1290.894737,25
1988_2,False,,1290.894737,25
1988_3,False,,1290.894737,25
1988_4,False,,1290.894737,25
1988_5,False,,1290.894737,25
1988_6,False,,1290.894737,25
1989_1,True,,1265.571429,25
1989_2,False,,1265.571429,25
1989_3,False,,1265.571429,25
1989_4,False,,1265.571429,25
1989_5,False,,1265.571429,25
1989_6,False,,1265.571429,25
1990_1,True,,1290.894737,25
1990_2,False,,1290.894737,25
1990_3,False,,1290.894737,25
1990_4,False,,1290.894737,25
1991_1,True,,1265.571429,25
1991_2,False,,1265.571429,25
1991_3,False,,1265.571429,25
1991_4,False,,1265.571429,25
1992_1,True,,1290.894737,25
1992_2,False,,1290.894737,25
1992_3,False,,1290.894737,25
1992_4,False,,1290.894737,25
1993_1,True,,1265.571429,25
1993_2,False,,1265.571429,25
1993_3,False,,1265.571429,25
1993_4,False,,1265.571429,25
1993_5,False,,1265.571429,25
1993_6,False,,1265.571429,25
1993_7,False,,1265.571429,25
1993_8,False,,1265.571429,25
1994_1,True,,1290.894737,25
1994_2,False,,1290.894737,25
1994_3,False,,1290.894737,25
1994_4,False,,1290.894737,25
1994_5,False,,1290.894737,25
1995_1,True,,1265.571429,25
1995_2,False,,1265.571429,25
1996_1,True,,1290.894737,25
1996_2,False,,1290.894737,25
1996_3,False,,1290.894737,25
1996_4,False,,1290.894737,25
1997_1,True,,1265.571429,25
1997_2,False,,1265.571429,25
1997_3,False,,1265.571429,25
1997_4,False,,1265.571429,25
1998_1,True,,1290.894737,25
1998_2,False,,1290.894737,25
1998_3,False,,1290.894737,25
1998_4,False,,1290.894737,25
1998_5,False,,1290.894737,25
1998_6,False,,1290.894737,25
1999_1,True,,1265.571429,25
1999_2,False,,1265.571429,25
1999_3,False,,1265.571429,25
1999_4,False,,1265.571429,25
2000_1,True,,1290.894737,25
2000_2,False,,1290.894737,25
2000_3,False,,1290.894737,25
2001_1,True,,1265.571429,25
2001_2,False,,1265.571429,25
2002_1,True,,1290.894737,25
2002_2,False,,1290.894737,25
2002_3,False,,1290.894737,25
2002_4,False,,1290.894737,25
2003_1,True,,1265.571429,25
2003_2,False,,1265.571429,25
2003_3,False,,1265.571429,25
2004_1,True,,1290.894737,25
2004_2,False,,1290.894737,25
2004_3,False,,1290.894737,25
2004_4,False,,1290.894737,25
2004_5,False,,1290.894737,25
2005_1,True,,1265.571429,25
2005_2,False,,1265.571429,25
2005_3,False,,1265.571429,25
2005_4,False,,1265.571429,25
2005_5,False,,1265.571429,25
2005_6,False,,1265.571429,25
2006_1,True,,1290.894737,25
2006_2,False,,1290.894737,25
2007_1,True,,1265.571429,25
2007_2,False,,1265.571429,25
2007_3,False,,1265.571429,25
2007_4,False,,1265.571429,25
2008_1,True,,1290.894737,25
2008_2,False,,1290.894737,25
2008_3,False,,1290.894737,25
2008_4,False,,1290.894737,25
2008_5,False,,1290.894737,25
2009_1,True,,1265.571429,25
2009_2,False,,1265.571429,25
2009_3,False,,1265.571429,25
2010_1,True,,1290.894737,25
2010_2,False,,1290.894737,25
2010_3,False,,1290.894737,25
2010_4,False,,1290.894737,25
2010_5,False,,1290.894737,25
2011_1,True,,1265.571429,25
2011_2,False,,1265.571429,25
2011_3,False,,1265.571429,25
2011_4,False,,1265.571429,25
2012_1,True,,1290.894737,25
2012_2,False,,1290.894737,25
2012_3,False,,1290.894737,25
2012_4,False,,1290.894737,25
2012_5,False,,1290.894737,25
2013_1,True,,1265.571429,25
2013_2,False,,1265.571429,25
2013_3,False,,1265.571429,25
2013_4,False,,1265.571429,25
2013_5,False,,1265.571429,25
2014_1,True,,1290.894737,25
2014_2,False,,1290.894737,25
2015_1,True,,1265.571429,25
2015_2,False,,1265.571429,25
2015_3,False,,1265.571429,25
2015_4,False,,1265.571429,25
2016_1,True,,1290.894737,25
2016_2,False,,1290.894737,25
2016_3,False,,1290.894737,25
2017_1,True,,1265.571429,25
2017_2,False,,1265.571429,25
2017_3,False,,1265.571429,25
2017_4,False,,1265.571429,25
2017_5,False,,1265.571429,25
2018_1,True,,1290.894737,25
2018_2,False,,1290.894737,25
2018_3,False,,1290.894737,25
2018_4,False,,1290.894737,25
2018_5,False,,1290.894737,25
2019_1,True,,1265.571429,25
2019_2,False,,1265.571429,25
2019_3,False,,1265.571429,25
2019_4,False,,1265.571429,25
2020_1,True,,1290.894737,25
2020_2,False,,1290.894737,25
2020_3,False,,1290.894737,25
2021_1,True,,1265.571429,25
2021_2,False,,1265.571429,25
2021_3,False,,1265.571429,25
2022_1,True,,1290.894737,25
2022_2,False,,1290.894737,25
2023_1,True,,1265.571429,25
2023_2,False,,1265.571429,25
2023_3,False,,1265.571429,25
2023_4,False,,1265.571429,25
2024_1,True,,1290.894737,25
2024_2,False,,1290.894737,25
2024_3,False,,1290.894737,25
2024_4,False,,1290.894737,25
2024_5,False,,1290.894737,25
2025_1,True,,1265.571429,25
2025_2,False,,1265.571429,25
2025_3,False,,1265.571429,25
2025_4,False,,1265.571429,25
2026_1,True,,1290.894737,25
2026_2,False,,1290.894737,25
2026_3,False,,1290.894737,25
2026_4,False,,1290.894737,25
2027_1,True,,1265.571429,25
2027_2,False,,1265.571429,25
2027_3,False,,1265.571429,25
2027_4,False,,1265.571429,25
2027_5,False,,1265.571429,25
2027_6,False,,1265.571429,25
2028_1,True,,1290.894737,25
2028_2,False,,1290.894737,25
2029_1,True,,1265.571429,25
2029_2,False,,1265.571429,25
2029_3,False,,1265.571429,25
2029_4,False,,1265.571429,25
2029_5,False,,1265.571429,25
2030_1,True,,1290.894737,25
2030_2,False,,1290.894737,25
2030_3,False,,1290.894737,25
2030_4,False,,1290.894737,25
2031_1,True,,1265.571429,25
2031_2,False,,1265.571429,25
2031_3,False,,1265.571429,25
2031_4,False,,1265.571429,25
2031_5,False,,1265.571429,25
2032_1,True,,1290.894737,25
2032_2,False,,1290.894737,25
2033_1,True,,1440.792135,26
2033_2,False,,1440.792135,26
2034_1,True,,1417.744318,26
2034_2,False,,1417.744318,26
2035_1,True,,1440.792135,26
2035_2,False,,1440.792135,26
2035_3,False,,1440.792135,26
2035_4,False,,1440.792135,26
2036_1,True,,1417.744318,26
2036_2,False,,1417.744318,26
2036_3,False,,1417.744318,26
2037_1,True,,1440.792135,26
2037_2,False,,1440.792135,26
2037_3,False,,1440.792135,26
2038_1,True,,1417.744318,26
2038_2,False,,1417.744318,26
2038_3,False,,1417.744318,26
2038_4,False,,1417.744318,26
2039_1,True,,1440.792135,26
2039_2,False,,1440.792135,26
2039_3,False,,1440.792135,26
2039_4,False,,1440.792135,26
2040_1,True,,1417.744318,26
2040_2,False,,1417.744318,26
2040_3,False,,1417.744318,26
2041_1,True,,1440.792135,26
2041_2,False,,1440.792135,26
2041_3,False,,1440.792135,26
2041_4,False,,1440.792135,26
2042_1,True,,1417.744318,26
2042_2,False,,1417.744318,26
2043_1,True,,1440.792135,26
2043_2,False,,1440.792135,26
2044_1,True,,1417.744318,26
2044_2,False,,1417.744318,26
2045_1,True,,1440.792135,26
2045_2,False,,1440.792135,26
2045_3,False,,1440.792135,26
2045_4,False,,1440.792135,26
2045_5,False,,1440.792135,26
2046_1,True,,1417.744318,26
2046_2,False,,1417.744318,26
2047_1,True,,1440.792135,26
2047_2,False,,1440.792135,26
2047_3,False,,1440.792135,26
2047_4,False,,1440.792135,26
2047_5,False,,1440.792135,26
2048_1,True,,1417.744318,26
2048_2,False,,1417.744318,26
2049_1,True,,1440.792135,26
2049_2,False,,1440.792135,26
2049_3,False,,1440.792135,26
2049_4,False,,1440.792135,26
2050_1,True,,1440.792135,26
2050_2,False,,1440.792135,26
2051_1,True,,1417.744318,26
2051_2,False,,1417.744318,26
2051_3,False,,1417.744318,26
2052_1,True,,1417.744318,26
2052_2,False,,1417.744318,26
2052_3,False,,1417.744318,26
2052_4,False,,1417.744318,26
2052_5,False,,1417.744318,26
2052_6,False,,1417.744318,26
2053_1,True,,1440.792135,26
2053_2,False,,1440.792135,26
2054_1,True,,1417.744318,26
2054_2,False,,1417.744318,26
2054_3,False,,1417.744318,26
2055_1,True,,1440.792135,26
2056_1,True,,1417.744318,26
2056_2,False,,1417.744318,26
2056_3,False,,1417.744318,26
2057_1,True,,1440.792135,26
2057_2,False,,1440.792135,26
2057_3,False,,1440.792135,26
2058_1,True,,1417.744318,26
2058_2,False,,1417.744318,26
2059_1,True,,1440.792135,26
2059_2,False,,1440.792135,26
2060_1,True,,1417.744318,26
2060_2,False,,1417.744318,26
2061_1,True,,1440.792135,26
2061_2,False,,1440.792135,26
2061_3,False,,1440.792135,26
2062_1,True,,1417.744318,26
2062_2,False,,1417.744318,26
2062_3,False,,1417.744318,26
2063_1,True,,1440.792135,26
2063_2,False,,1440.792135,26
2063_3,False,,1440.792135,26
2063_4,False,,1440.792135,26
2063_5,False,,1440.792135,26
2063_6,False,,1440.792135,26
2064_1,True,,1417.744318,26
2064_2,False,,1417.744318,26
2065_1,True,,1440.792135,26
2065_2,False,,1440.792135,26
2065_3,False,,1440.792135,26
2065_4,False,,1440.792135,26
2065_5,False,,1440.792135,26
2065_6,False,,1440.792135,26
2065_7,False,,1440.792135,26
2065_8,False,,1440.792135,26
2065_9,False,,1440.792135,26
2065_10,False,,1440.792135,26
2066_1,True,,1417.744318,26
2066_2,False,,1417.744318,26
2066_3,False,,1417.744318,26
2066_4,False,,1417.744318,26
2067_1,True,,1440.792135,26
2067_2,False,,1440.792135,26
2067_3,False,,1440.792135,26
2067_4,False,,1440.792135,26
2068_1,True,,1417.744318,26
2068_2,False,,1417.744318,26
2068_3,False,,1417.744318,26
2069_1,True,,1440.792135,26
2069_2,False,,1440.792135,26
2069_3,False,,1440.792135,26
2070_1,True,,1417.744318,26
2070_2,False,,1417.744318,26
2071_1,True,,1440.792135,26
2071_2,False,,1440.792135,26
2071_3,False,,1440.792135,26
2072_1,True,,1417.744318,26
2072_2,False,,1417.744318,26
2073_1,True,,1440.792135,26
2073_2,False,,1440.792135,26
2073_3,False,,1440.792135,26
2073_4,False,,1440.792135,26
2073_5,False,,1440.792135,26
2073_6,False,,1440.792135,26
2074_1,True,,1417.744318,26
2075_1,True,,1440.792135,26
2075_2,False,,1440.792135,26
2076_1,True,,1417.744318,26
2076_2,False,,1417.744318,26
2076_3,False,,1417.744318,26
2077_1,True,,1440.792135,26
2077_2,False,,1440.792135,26
2077_3,False,,1440.792135,26
2078_1,True,,1417.744318,26
2079_1,True,,1440.792135,26
2079_2,False,,1440.792135,26
2079_3,False,,1440.792135,26
2080_1,True,,1417.744318,26
2080_2,False,,1417.744318,26
2080_3,False,,1417.744318,26
2080_4,False,,1417.744318,26
2081_1,True,,1440.792135,26
2081_2,False,,1440.792135,26
2081_3,False,,1440.792135,26
2082_1,True,,1417.744318,26
2082_2,False,,1417.744318,26
2082_3,False,,1417.744318,26
2083_1,True,,1440.792135,26
2083_2,False,,1440.792135,26
2084_1,True,,1417.744318,26
2084_2,False,,1417.744318,26
2084_3,False,,1417.744318,26
2084_4,False,,1417.744318,26
2084_5,False,,1417.744318,26
2084_6,False,,1417.744318,26
2084_7,False,,1417.744318,26
2084_8,False,,1417.744318,26
2085_1,True,,1440.792135,26
2085_2,False,,1440.792135,26
2085_3,False,,1440.792135,26
2086_1,True,,1417.744318,26
2087_1,True,,1440.792135,26
2087_2,False,,1440.792135,26
2088_1,True,,1417.744318,26
2088_2,False,,1417.744318,26
2088_3,False,,1417.744318,26
2088_4,False,,1417.744318,26
2089_1,True,,1440.792135,26
2089_2,False,,1440.792135,26
2089_3,False,,1440.792135,26
2090_1,True,,1417.744318,26
2091_1,True,,1440.792135,26
2091_2,False,,1440.792135,26
2091_3,False,,1440.792135,26
2091_4,False,,1440.792135,26
2092_1,True,,1417.744318,26
2092_2,False,,1417.744318,26
2093_1,True,,1440.792135,26
2093_2,False,,1440.792135,26
2093_3,False,,1440.792135,26
2093_4,False,,1440.792135,26
2093_5,False,,1440.792135,26
2093_6,False,,1440.792135,26
2093_7,False,,1440.792135,26
2093_8,False,,1440.792135,26
2094_1,True,,1417.744318,26
2095_1,True,,1440.792135,26
2095_2,False,,1440.792135,26
2096_1,True,,1417.744318,26
2096_2,False,,1417.744318,26
2096_3,False,,1417.744318,26
2097_1,True,,1440.792135,26
2097_2,False,,1440.792135,26
2097_3,False,,1440.792135,26
2097_4,False,,1440.792135,26
2097_5,False,,1440.792135,26
2098_1,True,,1417.744318,26
2098_2,False,,1417.744318,26
2099_1,True,,1440.792135,26
2099_2,False,,1440.792135,26
2100_1,True,,1417.744318,26
2100_2,False,,1417.744318,26
2100_3,False,,1417.744318,26
2101_1,True,,1440.792135,26
2102_1,True,,1417.744318,26
2102_2,False,,1417.744318,26
2103_1,True,,1440.792135,26
2103_2,False,,1440.792135,26
2104_1,True,,1417.744318,26
2104_2,False,,1417.744318,26
2105_1,True,,1440.792135,26
2105_2,False,,1440.792135,26
2105_3,False,,1440.792135,26
2106_1,True,,1417.744318,26
2107_1,True,,1440.792135,26
2107_2,False,,1440.792135,26
2108_1,True,,1417.744318,26
2108_2,False,,1417.744318,26
2108_3,False,,1417.744318,26
2108_4,False,,1417.744318,26
2108_5,False,,1417.744318,26
2109_1,True,,1440.792135,26
2109_2,False,,1440.792135,26
2110_1,True,,1417.744318,26
2110_2,False,,1417.744318,26
2111_1,True,,1440.792135,26
2111_2,False,,1440.792135,26
2111_3,False,,1440.792135,26
2112_1,True,,1417.744318,26
2112_2,False,,1417.744318,26
2112_3,False,,1417.744318,26
2112_4,False,,1417.744318,26
2113_1,True,,1440.792135,26
2114_1,True,,1417.744318,26
2114_2,False,,1417.744318,26
2114_3,False,,1417.744318,26
2114_4,False,,1417.744318,26
2115_1,True,,1440.792135,26
2115_2,False,,1440.792135,26
2115_3,False,,1440.792135,26
2116_1,True,,1417.744318,26
2116_2,False,,1417.744318,26
2117_1,True,,1440.792135,26
2117_2,False,,1440.792135,26
2118_1,True,,1417.744318,26
2118_2,False,,1417.744318,26
2118_3,False,,1417.744318,26
2119_1,True,,1440.792135,26
2119_2,False,,1440.792135,26
2119_3,False,,1440.792135,26
2120_1,True,,1417.744318,26
2120_2,False,,1417.744318,26
2120_3,False,,1417.744318,26
2120_4,False,,1417.744318,26
2120_5,False,,1417.744318,26
2121_1,True,,1440.792135,26
2121_2,False,,1440.792135,26
2121_3,False,,1440.792135,26
2122_1,True,,1417.744318,26
2122_2,False,,1417.744318,26
2122_3,False,,1417.744318,26
2123_1,True,,1440.792135,26
2123_2,False,,1440.792135,26
2123_3,False,,1440.792135,26
2123_4,False,,1440.792135,26
2124_1,True,,1417.744318,26
2124_2,False,,1417.744318,26
2124_3,False,,1417.744318,26
2124_4,False,,1417.744318,26
2125_1,True,,1440.792135,26
2125_2,False,,1440.792135,26
2126_1,True,,1417.744318,26
2126_2,False,,1417.744318,26
2126_3,False,,1417.744318,26
2126_4,False,,1417.744318,26
2126_5,False,,1417.744318,26
2126_6,False,,1417.744318,26
2127_1,True,,1440.792135,26
2128_1,True,,1417.744318,26
2128_2,False,,1417.744318,26
2129_1,True,,1440.792135,26
2129_2,False,,1440.792135,26
2129_3,False,,1440.792135,26
2129_4,False,,1440.792135,26
2130_1,True,,1417.744318,26
2130_2,False,,1417.744318,26
2130_3,False,,1417.744318,26
2131_1,True,,1440.792135,26
2131_2,False,,1440.792135,26
2131_3,False,,1440.792135,26
2131_4,False,,1440.792135,26
2131_5,False,,1440.792135,26
2132_1,True,,1417.744318,26
2132_2,False,,1417.744318,26
2132_3,False,,1417.744318,26
2132_4,False,,1417.744318,26
2133_1,True,,1440.792135,26
2133_2,False,,1440.792135,26
2134_1,True,,1417.744318,26
2134_2,False,,1417.744318,26
2134_3,False,,1417.744318,26
2134_4,False,,1417.744318,26
2134_5,False,,1417.744318,26
2135_1,True,,1440.792135,26
2135_2,False,,1440.792135,26
2135_3,False,,1440.792135,26
2135_4,False,,1440.792135,26
2136_1,True,,1417.744318,26
2136_2,False,,1417.744318,26
2136_3,False,,1417.744318,26
2136_4,False,,1417.744318,26
2137_1,True,,1440.792135,26
2137_2,False,,1440.792135,26
2137_3,False,,1440.792135,26
2137_4,False,,1440.792135,26
2137_5,False,,1440.792135,26
2137_6,False,,1440.792135,26
2137_7,False,,1440.792135,26
2138_1,True,,1417.744318,26
2138_2,False,,1417.744318,26
2139_1,True,,1440.792135,26
2139_2,False,,1440.792135,26
2139_3,False,,1440.792135,26
2139_4,False,,1440.792135,26
2140_1,True,,1417.744318,26
2140_2,False,,1417.744318,26
2140_3,False,,1417.744318,26
2140_4,False,,1417.744318,26
2140_5,False,,1417.744318,26
2141_1,True,,1440.792135,26
2141_2,False,,1440.792135,26
2142_1,True,,1417.744318,26
2143_1,True,,1440.792135,26
2143_2,False,,1440.792135,26
2143_3,False,,1440.792135,26
2143_4,False,,1440.792135,26
2143_5,False,,1440.792135,26
2143_6,False,,1440.792135,26
2143_7,False,,1440.792135,26
2144_1,True,,1417.744318,26
2145_1,True,,1440.792135,26
2145_2,False,,1440.792135,26
2145_3,False,,1440.792135,26
2146_1,True,,1417.744318,26
2146_2,False,,1417.744318,26
2147_1,True,,1440.792135,26
2147_2,False,,1440.792135,26
2147_3,False,,1440.792135,26
2147_4,False,,1440.792135,26
2147_5,False,,1440.792135,26
2148_1,True,,1417.744318,26
2148_2,False,,1417.744318,26
2148_3,False,,1417.744318,26
2149_1,True,,1440.792135,26
2149_2,False,,1440.792135,26
2149_3,False,,1440.792135,26
2149_4,False,,1440.792135,26
2149_5,False,,1440.792135,26
2149_6,False,,1440.792135,26
2149_7,False,,1440.792135,26
2150_1,True,,1417.744318,26
2150_2,False,,1417.744318,26
2150_3,False,,1417.744318,26
2150_4,False,,1417.744318,26
2150_5,False,,1417.744318,26
2150_6,False,,1417.744318,26
2151_1,True,,1440.792135,26
2151_2,False,,1440.792135,26
2152_1,True,,1417.744318,26
2152_2,False,,1417.744318,26
2152_3,False,,1417.744318,26
2152_4,False,,1417.744318,26
2153_1,True,,1440.792135,26
2153_2,False,,1440.792135,26
2153_3,False,,1440.792135,26
2154_1,True,,1417.744318,26
2154_2,False,,1417.744318,26
2155_1,True,,1440.792135,26
2155_2,False,,1440.792135,26
2155_3,False,,1440.792135,26
2155_4,False,,1440.792135,26
2155_5,False,,1440.792135,26
2156_1,True,,1417.744318,26
2156_2,False,,1417.744318,26
2156_3,False,,1417.744318,26
2156_4,False,,1417.744318,26
2157_1,True,,1440.792135,26
2157_2,False,,1440.792135,26
2158_1,True,,1417.744318,26
2158_2,False,,1417.744318,26
2158_3,False,,1417.744318,26
2158_4,False,,1417.744318,26
2159_1,True,,1440.792135,26
2159_2,False,,1440.792135,26
2159_3,False,,1440.792135,26
2159_4,False,,1440.792135,26
2160_1,True,,1417.744318,26
2160_2,False,,1417.744318,26
2160_3,False,,1417.744318,26
2160_4,False,,1417.744318,26
2161_1,True,,1440.792135,26
2161_2,False,,1440.792135,26
2162_1,True,,1417.744318,26
2162_2,False,,1417.744318,26
2162_3,False,,1417.744318,26
2162_4,False,,1417.744318,26
2162_5,False,,1417.744318,26
2163_1,True,,1440.792135,26
2163_2,False,,1440.792135,26
2163_3,False,,1440.792135,26
2163_4,False,,1440.792135,26
2164_1,True,,1417.744318,26
2164_2,False,,1417.744318,26
2165_1,True,,1440.792135,26
2165_2,False,,1440.792135,26
2165_3,False,,1440.792135,26
2165_4,False,,1440.792135,26
2166_1,True,,1417.744318,26
2166_2,False,,1417.744318,26
2166_3,False,,1417.744318,26
2166_4,False,,1417.744318,26
2166_5,False,,1417.744318,26
2166_6,False,,1417.744318,26
2167_1,True,,1440.792135,26
2167_2,False,,1440.792135,26
2167_3,False,,1440.792135,26
2167_4,False,,1440.792135,26
2167_5,False,,1440.792135,26
2168_1,True,,1417.744318,26
2168_2,False,,1417.744318,26
2168_3,False,,1417.744318,26
2168_4,False,,1417.744318,26
2168_5,False,,1417.744318,26
2169_1,True,,1440.792135,26
2169_2,False,,1440.792135,26
2169_3,False,,1440.792135,26
2169_4,False,,1440.792135,26
2170_1,True,,1417.744318,26
2170_2,False,,1417.744318,26
2170_3,False,,1417.744318,26
2170_4,False,,1417.744318,26
2171_1,True,,1440.792135,26
2171_2,False,,1440.792135,26
2172_1,True,,1417.744318,26
2172_2,False,,1417.744318,26
2172_3,False,,1417.744318,26
2172_4,False,,1417.744318,26
2173_1,True,,1440.792135,26
2173_2,False,,1440.792135,26
2174_1,True,,1417.744318,26
2174_2,False,,1417.744318,26
2174_3,False,,1417.744318,26
2174_4,False,,1417.744318,26
2174_5,False,,1417.744318,26
2175_1,True,,1440.792135,26
2175_2,False,,1440.792135,26
2175_3,False,,1440.792135,26
2176_1,True,,1417.744318,26
2176_2,False,,1417.744318,26
2177_1,True,,1440.792135,26
2177_2,False,,1440.792135,26
2177_3,False,,1440.792135,26
2177_4,False,,1440.792135,26
2178_1,True,,1417.744318,26
2178_2,False,,1417.744318,26
2179_1,True,,1440.792135,26
2179_2,False,,1440.792135,26
2179_3,False,,1440.792135,26
2180_1,True,,1417.744318,26
2180_2,False,,1417.744318,26
2181_1,True,,1440.792135,26
2181_2,False,,1440.792135,26
2181_3,False,,1440.792135,26
2181_4,False,,1440.792135,26
2182_1,True,,1417.744318,26
2182_2,False,,1417.744318,26
2182_3,False,,1417.744318,26
2182_4,False,,1417.744318,26
2183_1,True,,1440.792135,26
2183_2,False,,1440.792135,26
2183_3,False,,1440.792135,26
2183_4,False,,1440.792135,26
2183_5,False,,1440.792135,26
2184_1,True,,1417.744318,26
2184_2,False,,1417.744318,26
2184_3,False,,1417.744318,26
2184_4,False,,1417.744318,26
2184_5,False,,1417.744318,26
2185_1,True,,1440.792135,26
2185_2,False,,1440.792135,26
2186_1,True,,1417.744318,26
2187_1,True,,1440.792135,26
2187_2,False,,1440.792135,26
2188_1,True,,1417.744318,26
2188_2,False,,1417.744318,26
2188_3,False,,1417.744318,26
2189_1,True,,1440.792135,26
2189_2,False,,1440.792135,26
2189_3,False,,1440.792135,26
2189_4,False,,1440.792135,26
2189_5,False,,1440.792135,26
2189_6,False,,1440.792135,26
2189_7,False,,1440.792135,26
2189_8,False,,1440.792135,26
2190_1,True,,1417.744318,26
2190_2,False,,1417.744318,26
2191_1,True,,1440.792135,26
2191_2,False,,1440.792135,26
2192_1,True,,1417.744318,26
2193_1,True,,1440.792135,26
2193_2,False,,1440.792135,26
2193_3,False,,1440.792135,26
2193_4,False,,1440.792135,26
2193_5,False,,1440.792135,26
2194_1,True,,1417.744318,26
2194_2,False,,1417.744318,26
2195_1,True,,1440.792135,26
2195_2,False,,1440.792135,26
2196_1,True,,1417.744318,26
2196_2,False,,1417.744318,26
2197_1,True,,1440.792135,26
2197_2,False,,1440.792135,26
2197_3,False,,1440.792135,26
2197_4,False,,1440.792135,26
2198_1,True,,1417.744318,26
2198_2,False,,1417.744318,26
2198_3,False,,1417.744318,26
2199_1,True,,1440.792135,26
2199_2,False,,1440.792135,26
2199_3,False,,1440.792135,26
2199_4,False,,1440.792135,26
2200_1,True,,1417.744318,26
2200_2,False,,1417.744318,26
2200_3,False,,1417.744318,26
2201_1,True,,1440.792135,26
2201_2,False,,1440.792135,26
2201_3,False,,1440.792135,26
2202_1,True,,1417.744318,26
2202_2,False,,1417.744318,26
2202_3,False,,1417.744318,26
2202_4,False,,1417.744318,26
2203_1,True,,1440.792135,26
2203_2,False,,1440.792135,26
2203_3,False,,1440.792135,26
2203_4,False,,1440.792135,26
2204_1,True,,1417.744318,26
2204_2,False,,1417.744318,26
2205_1,True,,1440.792135,26
2205_2,False,,1440.792135,26
2206_1,True,,1417.744318,26
2206_2,False,,1417.744318,26
2206_3,False,,1417.744318,26
2206_4,False,,1417.744318,26
2207_1,True,,1440.792135,26
2207_2,False,,1440.792135,26
2207_3,False,,1440.792135,26
2207_4,False,,1440.792135,26
2208_1,True,,1417.744318,26
2209_1,True,,1440.792135,26
2210_1,True,,1417.744318,26
2211_1,True,,1440.792135,26
2212_1,True,,1417.744318,26
2212_2,False,,1417.744318,26
2213_1,True,,1440.792135,26
2213_2,False,,1440.792135,26
2214_1,True,,1417.744318,26
2214_2,False,,1417.744318,26
2215_1,True,,1440.792135,26
2215_2,False,,1440.792135,26
2215_3,False,,1440.792135,26
2216_1,True,,1417.744318,26
2216_2,False,,1417.744318,26
2216_3,False,,1417.744318,26
2217_1,True,,1440.792135,26
2217_2,False,,1440.792135,26
2217_3,False,,1440.792135,26
2217_4,False,,1440.792135,26
2217_5,False,,1440.792135,26
2217_6,False,,1440.792135,26
2218_1,True,,1417.744318,26
2218_2,False,,1417.744318,26
2218_3,False,,1417.744318,26
2218_4,False,,1417.744318,26
2219_1,True,,1440.792135,26
2219_2,False,,1440.792135,26
2219_3,False,,1440.792135,26
2219_4,False,,1440.792135,26
2220_1,True,,1417.744318,26
2220_2,False,,1417.744318,26
2220_3,False,,1417.744318,26
2221_1,True,,1440.792135,26
2221_2,False,,1440.792135,26
2222_1,True,,1417.744318,26
2222_2,False,,1417.744318,26
2223_1,True,,1440.792135,26
2223_2,False,,1440.792135,26
2223_3,False,,1440.792135,26
2223_4,False,,1440.792135,26
2223_5,False,,1440.792135,26
2224_1,True,,1417.744318,26
2224_2,False,,1417.744318,26
2224_3,False,,1417.744318,26
2225_1,True,,1440.792135,26
2225_2,False,,1440.792135,26
2225_3,False,,1440.792135,26
2225_4,False,,1440.792135,26
2226_1,True,,1417.744318,26
2227_1,True,,1440.792135,26
2227_2,False,,1440.792135,26
2227_3,False,,1440.792135,26
2227_4,False,,1440.792135,26
2228_1,True,,1417.744318,26
2228_2,False,,1417.744318,26
2228_3,False,,1417.744318,26
2229_1,True,,1440.792135,26
2230_1,True,,1417.744318,26
2230_2,False,,1417.744318,26
2230_3,False,,1417.744318,26
2230_4,False,,1417.744318,26
2231_1,True,,1440.792135,26
2232_1,True,,1417.744318,26
2232_2,False,,1417.744318,26
2232_3,False,,1417.744318,26
2232_4,False,,1417.744318,26
2233_1,True,,1440.792135,26
2233_2,False,,1440.792135,26
2233_3,False,,1440.792135,26
2234_1,True,,1417.744318,26
2234_2,False,,1417.744318,26
2234_3,False,,1417.744318,26
2235_1,True,,1440.792135,26
2235_2,False,,1440.792135,26
2235_3,False,,1440.792135,26
2235_4,False,,1440.792135,26
2235_5,False,,1440.792135,26
2236_1,True,,1417.744318,26
2236_2,False,,1417.744318,26
2237_1,True,,1440.792135,26
2237_2,False,,1440.792135,26
2237_3,False,,1440.792135,26
2237_4,False,,1440.792135,26
2238_1,True,,1417.744318,26
2238_2,False,,1417.744318,26
2238_3,False,,1417.744318,26
2238_4,False,,1417.744318,26
2239_1,True,,1440.792135,26
2239_2,False,,1440.792135,26
2240_1,True,,1417.744318,26
2241_1,True,,1417.744318,26
2241_2,False,,1417.744318,26
2242_1,True,,1417.744318,26
2243_1,True,,1440.792135,26
2243_2,False,,1440.792135,26
2244_1,True,,1417.744318,26
2244_2,False,,1417.744318,26
2244_3,False,,1417.744318,26
2244_4,False,,1417.744318,26
2244_5,False,,1417.744318,26
2245_1,True,,1440.792135,26
2245_2,False,,1440.792135,26
2246_1,True,,1417.744318,26
2247_1,True,,1440.792135,26
2247_2,False,,1440.792135,26
2248_1,True,,1417.744318,26
2248_2,False,,1417.744318,26
2249_1,True,,1440.792135,26
2249_2,False,,1440.792135,26
2249_3,False,,1440.792135,26
2250_1,True,,1417.744318,26
2250_2,False,,1417.744318,26
2250_3,False,,1417.744318,26
2251_1,True,,1440.792135,26
2251_2,False,,1440.792135,26
2251_3,False,,1440.792135,26
2251_4,False,,1440.792135,26
2251_5,False,,1440.792135,26
2251_6,False,,1440.792135,26
2252_1,True,,1417.744318,26
2252_2,False,,1417.744318,26
2253_1,True,,1440.792135,26
2253_2,False,,1440.792135,26
2253_3,False,,1440.792135,26
2253_4,False,,1440.792135,26
2253_5,False,,1440.792135,26
2254_1,True,,1417.744318,26
2254_2,False,,1417.744318,26
2254_3,False,,1417.744318,26
2255_1,True,,1440.792135,26
2255_2,False,,1440.792135,26
2255_3,False,,1440.792135,26
2255_4,False,,1440.792135,26
2256_1,True,,1417.744318,26
2256_2,False,,1417.744318,26
2256_3,False,,1417.744318,26
2256_4,False,,1417.744318,26
2256_5,False,,1417.744318,26
2256_6,False,,1417.744318,26
2257_1,True,,1440.792135,26
2257_2,False,,1440.792135,26
2257_3,False,,1440.792135,26
2257_4,False,,1440.792135,26
2258_1,True,,1417.744318,26
2258_2,False,,1417.744318,26
2259_1,True,,1440.792135,26
2259_2,False,,1440.792135,26
2260_1,True,,1417.744318,26
2260_2,False,,1417.744318,26
2260_3,False,,1417.744318,26
2260_4,False,,1417.744318,26
2260_5,False,,1417.744318,26
2261_1,True,,1440.792135,26
2261_2,False,,1440.792135,26
2262_1,True,,1417.744318,26
2262_2,False,,1417.744318,26
2263_1,True,,1440.792135,26
2263_2,False,,1440.792135,26
2264_1,True,,1417.744318,26
2264_2,False,,1417.744318,26
2264_3,False,,1417.744318,26
2264_4,False,,1417.744318,26
2265_1,True,,1440.792135,26
2265_2,False,,1440.792135,26
2265_3,False,,1440.792135,26
2265_4,False,,1440.792135,26
2265_5,False,,1440.792135,26
2266_1,True,,1417.744318,26
2266_2,False,,1417.744318,26
2266_3,False,,1417.744318,26
2266_4,False,,1417.744318,26
2267_1,True,,1440.792135,26
2267_2,False,,1440.792135,26
2268_1,True,,1417.744318,26
2268_2,False,,1417.744318,26
2268_3,False,,1417.744318,26
2268_4,False,,1417.744318,26
2269_1,True,,1440.792135,26
2269_2,False,,1440.792135,26
2269_3,False,,1440.792135,26
2269_4,False,,1440.792135,26
2269_5,False,,1440.792135,26
2270_1,True,,1417.744318,26
2270_2,False,,1417.744318,26
2270_3,False,,1417.744318,26
2270_4,False,,1417.744318,26
2270_5,False,,1417.744318,26
2271_1,True,,1440.792135,26
2271_2,False,,1440.792135,26
2271_3,False,,1440.792135,26
2271_4,False,,1440.792135,26
2272_1,True,,1417.744318,26
2272_2,False,,1417.744318,26
2272_3,False,,1417.744318,26
2273_1,True,,1440.792135,26
2273_2,False,,1440.792135,26
2273_3,False,,1440.792135,26
2273_4,False,,1440.792135,26
2274_1,True,,1417.744318,26
2274_2,False,,1417.744318,26
2274_3,False,,1417.744318,26
2275_1,True,,1440.792135,26
2275_2,False,,1440.792135,26
2275_3,False,,1440.792135,26
2275_4,False,,1440.792135,26
2275_5,False,,1440.792135,26
2275_6,False,,1440.792135,26
2275_7,False,,1440.792135,26
2275_8,False,,1440.792135,26
2275_9,False,,1440.792135,26
2275_10,False,,1440.792135,26
2275_11,False,,1440.792135,26
2276_1,True,,1417.744318,26
2276_2,False,,1417.744318,26
2276_3,False,,1417.744318,26
2276_4,False,,1417.744318,26
2276_5,False,,1417.744318,26
2277_1,True,,1440.792135,26
2278_1,True,,1417.744318,26
2279_1,True,,1440.792135,26
2279_2,False,,1440.792135,26
2280_1,True,,1417.744318,26
2280_2,False,,1417.744318,26
2280_3,False,,1417.744318,26
2281_1,True,,1440.792135,26
2281_2,False,,1440.792135,26
2281_3,False,,1440.792135,26
2281_4,False,,1440.792135,26
2282_1,True,,1417.744318,26
2283_1,True,,1440.792135,26
2283_2,False,,1440.792135,26
2283_3,False,,1440.792135,26
2283_4,False,,1440.792135,26
2283_5,False,,1440.792135,26
2284_1,True,,1417.744318,26
2284_2,False,,1417.744318,26
2285_1,True,,1440.792135,26
2285_2,False,,1440.792135,26
2285_3,False,,1440.792135,26
2286_1,True,,1417.744318,26
2286_2,False,,1417.744318,26
2286_3,False,,1417.744318,26
2286_4,False,,1417.744318,26
2287_1,True,,1440.792135,26
2287_2,False,,1440.792135,26
2287_3,False,,1440.792135,26
2288_1,True,,1417.744318,26
2288_2,False,,1417.744318,26
2288_3,False,,1417.744318,26
2289_1,True,,1440.792135,26
2289_2,False,,1440.792135,26
2289_3,False,,1440.792135,26
2289_4,False,,1440.792135,26
2290_1,True,,1417.744318,26
2290_2,False,,1417.744318,26
2290_3,False,,1417.744318,26
2291_1,True,,1440.792135,26
2291_2,False,,1440.792135,26
2291_3,False,,1440.792135,26
2291_4,False,,1440.792135,26
2292_1,True,,1417.744318,26
2292_2,False,,1417.744318,26
2292_3,False,,1417.744318,26
2293_1,True,,1440.792135,26
2293_2,False,,1440.792135,26
2293_3,False,,1440.792135,26
2294_1,True,,1417.744318,26
2294_2,False,,1417.744318,26
2294_3,False,,1417.744318,26
2294_4,False,,1417.744318,26
2294_5,False,,1417.744318,26
2295_1,True,,1440.792135,26
2295_2,False,,1440.792135,26
2296_1,True,,1417.744318,26
2296_2,False,,1417.744318,26
2296_3,False,,1417.744318,26
2296_4,False,,1417.744318,26
2297_1,True,,1440.792135,26
2297_2,False,,1440.792135,26
2297_3,False,,1440.792135,26
2298_1,True,,1417.744318,26
2298_2,False,,1417.744318,26
2298_3,False,,1417.744318,26
2299_1,True,,1440.792135,26
2299_2,False,,1440.792135,26
2299_3,False,,1440.792135,26
2299_4,False,,1440.792135,26
2299_5,False,,1440.792135,26
2299_6,False,,1440.792135,26
2300_1,True,,1417.744318,26
2300_2,False,,1417.744318,26
2300_3,False,,1417.744318,26
2300_4,False,,1417.744318,26
2301_1,True,,1440.792135,26
2301_2,False,,1440.792135,26
2302_1,True,,1417.744318,26
2302_2,False,,1417.744318,26
2302_3,False,,1417.744318,26
2302_4,False,,1417.744318,26
2302_5,False,,1417.744318,26
2302_6,False,,1417.744318,26
2303_1,True,,1440.792135,26
2303_2,False,,1440.792135,26
2304_1,True,,1417.744318,26
2304_2,False,,1417.744318,26
2304_3,False,,1417.744318,26
2305_1,True,,1440.792135,26
2305_2,False,,1440.792135,26
2306_1,True,,1417.744318,26
2306_2,False,,1417.744318,26
2306_3,False,,1417.744318,26
2306_4,False,,1417.744318,26
2307_1,True,,1440.792135,26
2307_2,False,,1440.792135,26
2307_3,False,,1440.792135,26
2307_4,False,,1440.792135,26
2307_5,False,,1440.792135,26
2308_1,True,,1417.744318,26
2308_2,False,,1417.744318,26
2308_3,False,,1417.744318,26
2308_4,False,,1417.744318,26
2308_5,False,,1417.744318,26
2309_1,True,,1440.792135,26
2309_2,False,,1440.792135,26
2309_3,False,,1440.792135,26
2309_4,False,,1440.792135,26
2310_1,True,,1417.744318,26
2311_1,True,,1440.792135,26
2311_2,False,,1440.792135,26
2311_3,False,,1440.792135,26
2311_4,False,,1440.792135,26
2312_1,True,,1417.744318,26
2312_2,False,,1417.744318,26
2312_3,False,,1417.744318,26
2313_1,True,,1440.792135,26
2313_2,False,,1440.792135,26
2313_3,False,,1440.792135,26
2313_4,False,,1440.792135,26
2314_1,True,,1417.744318,26
2314_2,False,,1417.744318,26
2314_3,False,,1417.744318,26
2315_1,True,,1440.792135,26
2315_2,False,,1440.792135,26
2315_3,False,,1440.792135,26
2315_4,False,,1440.792135,26
2315_5,False,,1440.792135,26
2316_1,True,,1417.744318,26
2316_2,False,,1417.744318,26
2316_3,False,,1417.744318,26
2316_4,False,,1417.744318,26
2316_5,False,,1417.744318,26
2317_1,True,,1440.792135,26
2317_2,False,,1440.792135,26
2317_3,False,,1440.792135,26
2317_4,False,,1440.792135,26
2317_5,False,,1440.792135,26
2317_6,False,,1440.792135,26
2318_1,True,,1417.744318,26
2318_2,False,,1417.744318,26
2318_3,False,,1417.744318,26
2318_4,False,,1417.744318,26
2318_5,False,,1417.744318,26
2319_1,True,,1417.744318,26
2319_2,False,,1417.744318,26
2320_1,True,,1440.792135,26
2320_2,False,,1440.792135,26
2320_3,False,,1440.792135,26
2321_1,True,,1440.792135,26
2321_2,False,,1440.792135,26
2321_3,False,,1440.792135,26
2321_4,False,,1440.792135,26
2321_5,False,,1440.792135,26
2321_6,False,,1440.792135,26
2322_1,True,,1417.744318,26
2322_2,False,,1417.744318,26
2322_3,False,,1417.744318,26
2323_1,True,,1440.792135,26
2323_2,False,,1440.792135,26
2323_3,False,,1440.792135,26
2324_1,True,,1417.744318,26
2324_2,False,,1417.744318,26
2324_3,False,,1417.744318,26
2324_4,False,,1417.744318,26
2325_1,True,,1440.792135,26
2325_2,False,,1440.792135,26
2326_1,True,,1417.744318,26
2326_2,False,,1417.744318,26
2326_3,False,,1417.744318,26
2327_1,True,,1440.792135,26
2327_2,False,,1440.792135,26
2327_3,False,,1440.792135,26
2328_1,True,,1417.744318,26
2328_2,False,,1417.744318,26
2329_1,True,,1440.792135,26
2329_2,False,,1440.792135,26
2330_1,True,,1417.744318,26
2330_2,False,,1417.744318,26
2330_3,False,,1417.744318,26
2330_4,False,,1417.744318,26
2331_1,True,,1440.792135,26
2331_2,False,,1440.792135,26
2331_3,False,,1440.792135,26
2331_4,False,,1440.792135,26
2332_1,True,,1417.744318,26
2332_2,False,,1417.744318,26
2333_1,True,,1440.792135,26
2333_2,False,,1440.792135,26
2333_3,False,,1440.792135,26
2333_4,False,,1440.792135,26
2334_1,True,,1417.744318,26
2334_2,False,,1417.744318,26
2334_3,False,,1417.744318,26
2335_1,True,,1440.792135,26
2335_2,False,,1440.792135,26
2335_3,False,,1440.792135,26
2335_4,False,,1440.792135,26
2335_5,False,,1440.792135,26
2336_1,True,,1417.744318,26
2336_2,False,,1417.744318,26
2336_3,False,,1417.744318,26
2337_1,True,,1440.792135,26
2337_2,False,,1440.792135,26
2337_3,False,,1440.792135,26
2337_4,False,,1440.792135,26
2338_1,True,,1417.744318,26
2338_2,False,,1417.744318,26
2338_3,False,,1417.744318,26
2339_1,True,,1440.792135,26
2339_2,False,,1440.792135,26
2339_3,False,,1440.792135,26
2340_1,True,,1440.792135,26
2340_2,False,,1440.792135,26
2340_3,False,,1440.792135,26
2340_4,False,,1440.792135,26
2340_5,False,,1440.792135,26
2340_6,False,,1440.792135,26
2341_1,True,,1440.792135,26
2341_2,False,,1440.792135,26
2341_3,False,,1440.792135,26
2341_4,False,,1440.792135,26
2342_1,True,,1417.744318,26
2342_2,False,,1417.744318,26
2343_1,True,,1440.792135,26
2344_1,True,,1417.744318,26
2344_2,False,,1417.744318,26
2345_1,True,,1440.792135,26
2346_1,True,,1417.744318,26
2346_2,False,,1417.744318,26
2346_3,False,,1417.744318,26
2346_4,False,,1417.744318,26
2347_1,True,,1440.792135,26
2347_2,False,,1440.792135,26
2347_3,False,,1440.792135,26
2348_1,True,,1417.744318,26
2348_2,False,,1417.744318,26
2348_3,False,,1417.744318,26
2349_1,True,,1440.792135,26
2349_2,False,,1440.792135,26
2349_3,False,,1440.792135,26
2349_4,False,,1440.792135,26
2350_1,True,,1417.744318,26
2350_2,False,,1417.744318,26
2350_3,False,,1417.744318,26
2350_4,False,,1417.744318,26
2351_1,True,,1440.792135,26
2351_2,False,,1440.792135,26
2352_1,True,,1417.744318,26
2352_2,False,,1417.744318,26
2352_3,False,,1417.744318,26
2353_1,True,,1440.792135,26
2353_2,False,,1440.792135,26
2353_3,False,,1440.792135,26
2354_1,True,,1417.744318,26
2354_2,False,,1417.744318,26
2355_1,True,,1440.792135,26
2355_2,False,,1440.792135,26
2355_3,False,,1440.792135,26
2355_4,False,,1440.792135,26
2355_5,False,,1440.792135,26
2356_1,True,,1417.744318,26
2356_2,False,,1417.744318,26
2357_1,True,,1440.792135,26
2358_1,True,,1417.744318,26
2358_2,False,,1417.744318,26
2358_3,False,,1417.744318,26
2358_4,False,,1417.744318,26
2359_1,True,,1440.792135,26
2359_2,False,,1440.792135,26
2359_3,False,,1440.792135,26
2359_4,False,,1440.792135,26
2359_5,False,,1440.792135,26
2360_1,True,,1417.744318,26
2360_2,False,,1417.744318,26
2360_3,False,,1417.744318,26
2361_1,True,,1440.792135,26
2362_1,True,,1417.744318,26
2362_2,False,,1417.744318,26
2363_1,True,,1440.792135,26
2363_2,False,,1440.792135,26
2364_1,True,,1417.744318,26
2365_1,True,,1440.792135,26
2366_1,True,,1417.744318,26
2366_2,False,,1417.744318,26
2367_1,True,,1440.792135,26
2367_2,False,,1440.792135,26
2367_3,False,,1440.792135,26
2368_1,True,,1417.744318,26
2368_2,False,,1417.744318,26
2368_3,False,,1417.744318,26
2368_4,False,,1417.744318,26
2368_5,False,,1417.744318,26
2369_1,True,,1440.792135,26
2369_2,False,,1440.792135,26
2369_3,False,,1440.792135,26
2369_4,False,,1440.792135,26
2370_1,True,,1417.744318,26
2370_2,False,,1417.744318,26
2370_3,False,,1417.744318,26
2370_4,False,,1417.744318,26
2371_1,True,,1440.792135,26
2371_2,False,,1440.792135,26
2371_3,False,,1440.792135,26
2371_4,False,,1440.792135,26
2372_1,True,,1417.744318,26
2372_2,False,,1417.744318,26
2373_1,True,,1440.792135,26
2373_2,False,,1440.792135,26
2373_3,False,,1440.792135,26
2374_1,True,,1417.744318,26
2374_2,False,,1417.744318,26
2374_3,False,,1417.744318,26
2374_4,False,,1417.744318,26
2375_1,True,,1440.792135,26
2375_2,False,,1440.792135,26
2375_3,False,,1440.792135,26
2375_4,False,,1440.792135,26
2376_1,True,,1440.792135,26
2376_2,False,,1440.792135,26
2376_3,False,,1440.792135,26
2377_1,True,,1440.792135,26
2377_2,False,,1440.792135,26
2377_3,False,,1440.792135,26
2378_1,True,,1417.744318,26
2379_1,True,,1440.792135,26
2380_1,True,,1440.792135,26
2380_2,False,,1440.792135,26
2380_3,False,,1440.792135,26
2380_4,False,,1440.792135,26
2381_1,True,,1417.744318,26
2382_1,True,,1440.792135,26
2382_2,False,,1440.792135,26
2382_3,False,,1440.792135,26
2382_4,False,,1440.792135,26
2382_5,False,,1440.792135,26
2382_6,False,,1440.792135,26
2383_1,True,,1417.744318,26
2383_2,False,,1417.744318,26
2383_3,False,,1417.744318,26
2383_4,False,,1417.744318,26
2384_1,True,,1417.744318,26
2385_1,True,,1440.792135,26
2385_2,False,,1440.792135,26
2385_3,False,,1440.792135,26
2385_4,False,,1440.792135,26
2386_1,True,,1417.744318,26
2386_2,False,,1417.744318,26
2386_3,False,,1417.744318,26
2387_1,True,,1265.571429,29
2388_1,True,,1290.894737,29
2389_1,True,,1265.571429,29
2389_2,False,,1265.571429,29
2389_3,False,,1265.571429,29
2390_1,True,,1265.571429,29
2390_2,False,,1265.571429,29
2390_3,False,,1265.571429,29
2390_4,False,,1265.571429,29
2391_1,True,,1290.894737,29
2391_2,False,,1290.894737,29
2391_3,False,,1290.894737,29
2391_4,False,,1290.894737,29
2391_5,False,,1290.894737,29
2392_1,True,,1265.571429,29
2392_2,False,,1265.571429,29
2392_3,False,,1265.571429,29
2392_4,False,,1265.571429,29
2392_5,False,,1265.571429,29
2392_6,False,,1265.571429,29
2392_7,False,,1265.571429,29
2393_1,True,,1290.894737,29
2393_2,False,,1290.894737,29
2393_3,False,,1290.894737,29
2393_4,False,,1290.894737,29
2394_1,True,,1290.894737,29
2395_1,True,,923.867815999999,31
2395_2,False,,923.867815999999,31
2395_3,False,,923.867815999999,31
2395_4,False,,923.867815999999,31
2395_5,False,,923.867815999999,31
2396_1,True,,901.777778,31
2396_2,False,,901.777778,31
2396_3,False,,901.777778,31
2397_1,True,,923.867815999999,31
2397_2,False,,923.867815999999,31
2398_1,True,,901.777778,31
2398_2,False,,901.777778,31
2398_3,False,,901.777778,31
2398_4,False,,901.777778,31
2399_1,True,,923.867815999999,31
2399_2,False,,923.867815999999,31
2399_3,False,,923.867815999999,31
2400_1,True,,901.777778,31
2400_2,False,,901.777778,31
2400_3,False,,901.777778,31
2400_4,False,,901.777778,31
2401_1,True,,923.867815999999,31
2401_2,False,,923.867815999999,31
2401_3,False,,923.867815999999,31
2401_4,False,,923.867815999999,31
2401_5,False,,923.867815999999,31
2401_6,False,,923.867815999999,31
2401_7,False,,923.867815999999,31
2402_1,True,,901.777778,31
2402_2,False,,901.777778,31
2402_3,False,,901.777778,31
2403_1,True,,923.867815999999,31
2403_2,False,,923.867815999999,31
2404_1,True,,901.777778,31
2404_2,False,,901.777778,31
2404_3,False,,901.777778,31
2404_4,False,,901.777778,31
2404_5,False,,901.777778,31
2405_1,True,,923.867815999999,31
2405_2,False,,923.867815999999,31
2405_3,False,,923.867815999999,31
2406_1,True,,901.777778,31
2406_2,False,,901.777778,31
2407_1,True,,923.867815999999,31
2407_2,False,,923.867815999999,31
2408_1,True,,901.777778,31
2408_2,False,,901.777778,31
2408_3,False,,901.777778,31
2408_4,False,,901.777778,31
2409_1,True,,923.867815999999,31
2409_2,False,,923.867815999999,31
2409_3,False,,923.867815999999,31
2409_4,False,,923.867815999999,31
2410_1,True,,901.777778,31
2410_2,False,,901.777778,31
2410_3,False,,901.777778,31
2410_4,False,,901.777778,31
2411_1,True,,923.867815999999,31
2411_2,False,,923.867815999999,31
2411_3,False,,923.867815999999,31
2411_4,False,,923.867815999999,31
2411_5,False,,923.867815999999,31
2412_1,True,,901.777778,31
2412_2,False,,901.777778,31
2412_3,False,,901.777778,31
2413_1,True,,923.867815999999,31
2413_2,False,,923.867815999999,31
2413_3,False,,923.867815999999,31
2414_1,True,,901.777778,31
2414_2,False,,901.777778,31
2414_3,False,,901.777778,31
2414_4,False,,901.777778,31
2415_1,True,,923.867815999999,31
2415_2,False,,923.867815999999,31
2415_3,False,,923.867815999999,31
2415_4,False,,923.867815999999,31
2416_1,True,,901.777778,31
2416_2,False,,901.777778,31
2416_3,False,,901.777778,31
2417_1,True,,923.867815999999,31
2417_2,False,,923.867815999999,31
2417_3,False,,923.867815999999,31
2417_4,False,,923.867815999999,31
2418_1,True,,901.777778,31
2418_2,False,,901.777778,31
2418_3,False,,901.777778,31
2418_4,False,,901.777778,31
2418_5,False,,901.777778,31
2418_6,False,,901.777778,31
2419_1,True,,923.867815999999,31
2419_2,False,,923.867815999999,31
2419_3,False,,923.867815999999,31
2420_1,True,,901.777778,31
2420_2,False,,901.777778,31
2421_1,True,,923.867815999999,31
2421_2,False,,923.867815999999,31
2421_3,False,,923.867815999999,31
2421_4,False,,923.867815999999,31
2422_1,True,,901.777778,31
2422_2,False,,901.777778,31
2422_3,False,,901.777778,31
2423_1,True,,901.777778,31
2423_2,False,,901.777778,31
2424_1,True,,901.777778,31
2424_2,False,,901.777778,31
2424_3,False,,901.777778,31
2424_4,False,,901.777778,31
2424_5,False,,901.777778,31
2425_1,True,,923.867815999999,31
2425_2,False,,923.867815999999,31
2425_3,False,,923.867815999999,31
2425_4,False,,923.867815999999,31
2426_1,True,,901.777778,31
2426_2,False,,901.777778,31
2426_3,False,,901.777778,31
2426_4,False,,901.777778,31
2426_5,False,,901.777778,31
2427_1,True,,923.867815999999,31
2427_2,False,,923.867815999999,31
2427_3,False,,923.867815999999,31
2428_1,True,,901.777778,31
2428_2,False,,901.777778,31
2428_3,False,,901.777778,31
2428_4,False,,901.777778,31
2429_1,True,,923.867815999999,31
2429_2,False,,923.867815999999,31
2429_3,False,,923.867815999999,31
2429_4,False,,923.867815999999,31
2430_1,True,,901.777778,31
2430_2,False,,901.777778,31
2430_3,False,,901.777778,31
2431_1,True,,901.777778,31
2432_1,True,,923.867815999999,31
2432_2,False,,923.867815999999,31
2433_1,True,,923.867815999999,31
2433_2,False,,923.867815999999,31
2433_3,False,,923.867815999999,31
2433_4,False,,923.867815999999,31
2433_5,False,,923.867815999999,31
2433_6,False,,923.867815999999,31
2434_1,True,,901.777778,31
2434_2,False,,901.777778,31
2434_3,False,,901.777778,31
2435_1,True,,923.867815999999,31
2435_2,False,,923.867815999999,31
2436_1,True,,901.777778,31
2437_1,True,,923.867815999999,31
2437_2,False,,923.867815999999,31
2437_3,False,,923.867815999999,31
2438_1,True,,901.777778,31
2438_2,False,,901.777778,31
2438_3,False,,901.777778,31
2438_4,False,,901.777778,31
2439_1,True,,923.867815999999,31
2439_2,False,,923.867815999999,31
2440_1,True,,901.777778,31
2440_2,False,,901.777778,31
2440_3,False,,901.777778,31
2441_1,True,,923.867815999999,31
2441_2,False,,923.867815999999,31
2441_3,False,,923.867815999999,31
2441_4,False,,923.867815999999,31
2441_5,False,,923.867815999999,31
2442_1,True,,901.777778,31
2442_2,False,,901.777778,31
2443_1,True,,923.867815999999,31
2443_2,False,,923.867815999999,31
2443_3,False,,923.867815999999,31
2443_4,False,,923.867815999999,31
2443_5,False,,923.867815999999,31
2443_6,False,,923.867815999999,31
2444_1,True,,923.867815999999,31
2444_2,False,,923.867815999999,31
2445_1,True,,901.777778,31
2445_2,False,,901.777778,31
2445_3,False,,901.777778,31
2446_1,True,,923.867815999999,31
2446_2,False,,923.867815999999,31
2446_3,False,,923.867815999999,31
2447_1,True,,901.777778,31
2447_2,False,,901.777778,31
2448_1,True,,923.867815999999,31
2448_2,False,,923.867815999999,31
2448_3,False,,923.867815999999,31
2449_1,True,,923.867815999999,31
2449_2,False,,923.867815999999,31
2450_1,True,,923.867815999999,31
2450_2,False,,923.867815999999,31
2450_3,False,,923.867815999999,31
2451_1,True,,923.867815999999,31
2451_2,False,,923.867815999999,31
2451_3,False,,923.867815999999,31
2451_4,False,,923.867815999999,31
2452_1,True,,901.777778,31
2453_1,True,,901.777778,31
2454_1,True,,923.867815999999,31
2454_2,False,,923.867815999999,31
2454_3,False,,923.867815999999,31
2454_4,False,,923.867815999999,31
2454_5,False,,923.867815999999,31
2454_6,False,,923.867815999999,31
2454_7,False,,923.867815999999,31
2455_1,True,,901.777778,31
2455_2,False,,901.777778,31
2455_3,False,,901.777778,31
2455_4,False,,901.777778,31
2455_5,False,,901.777778,31
2456_1,True,,923.867815999999,31
2456_2,False,,923.867815999999,31
2456_3,False,,923.867815999999,31
2456_4,False,,923.867815999999,31
2456_5,False,,923.867815999999,31
2457_1,True,,901.777778,31
2457_2,False,,901.777778,31
2458_1,True,,923.867815999999,31
2458_2,False,,923.867815999999,31
2458_3,False,,923.867815999999,31
2458_4,False,,923.867815999999,31
2459_1,True,,901.777778,31
2459_2,False,,901.777778,31
2460_1,True,,923.867815999999,31
2460_2,False,,923.867815999999,31
2460_3,False,,923.867815999999,31
2460_4,False,,923.867815999999,31
2461_1,True,,901.777778,31
2461_2,False,,901.777778,31
2462_1,True,,923.867815999999,31
2462_2,False,,923.867815999999,31
2462_3,False,,923.867815999999,31
2462_4,False,,923.867815999999,31
2462_5,False,,923.867815999999,31
2463_1,True,,901.777778,31
2463_2,False,,901.777778,31
2463_3,False,,901.777778,31
2464_1,True,,923.867815999999,31
2464_2,False,,923.867815999999,31
2464_3,False,,923.867815999999,31
2464_4,False,,923.867815999999,31
2465_1,True,,901.777778,31
2465_2,False,,901.777778,31
2465_3,False,,901.777778,31
2465_4,False,,901.777778,31
2466_1,True,,923.867815999999,31
2466_2,False,,923.867815999999,31
2466_3,False,,923.867815999999,31
2466_4,False,,923.867815999999,31
2467_1,True,,901.777778,31
2467_2,False,,901.777778,31
2467_3,False,,901.777778,31
2467_4,False,,901.777778,31
2468_1,True,,923.867815999999,31
2468_2,False,,923.867815999999,31
2468_3,False,,923.867815999999,31
2468_4,False,,923.867815999999,31
2469_1,True,,901.777778,31
2469_2,False,,901.777778,31
2470_1,True,,923.867815999999,31
2470_2,False,,923.867815999999,31
2470_3,False,,923.867815999999,31
2470_4,False,,923.867815999999,31
2470_5,False,,923.867815999999,31
2471_1,True,,901.777778,31
2472_1,True,,901.777778,31
2472_2,False,,901.777778,31
2472_3,False,,901.777778,31
2473_1,True,,901.777778,31
2473_2,False,,901.777778,31
2473_3,False,,901.777778,31
2473_4,False,,901.777778,31
2474_1,True,,923.867815999999,31
2474_2,False,,923.867815999999,31
2474_3,False,,923.867815999999,31
2474_4,False,,923.867815999999,31
2474_5,False,,923.867815999999,31
2475_1,True,,901.777778,31
2476_1,True,,923.867815999999,31
2476_2,False,,923.867815999999,31
2476_3,False,,923.867815999999,31
2477_1,True,,901.777778,31
2477_2,False,,901.777778,31
2477_3,False,,901.777778,31
2477_4,False,,901.777778,31
2478_1,True,,923.867815999999,31
2478_2,False,,923.867815999999,31
2478_3,False,,923.867815999999,31
2478_4,False,,923.867815999999,31
2479_1,True,,901.777778,31
2479_2,False,,901.777778,31
2479_3,False,,901.777778,31
2479_4,False,,901.777778,31
2479_5,False,,901.777778,31
2480_1,True,,923.867815999999,31
2480_2,False,,923.867815999999,31
2480_3,False,,923.867815999999,31
2480_4,False,,923.867815999999,31
2481_1,True,,901.777778,31
2481_2,False,,901.777778,31
2482_1,True,,923.867815999999,31
2483_1,True,,901.777778,31
2483_2,False,,901.777778,31
2483_3,False,,901.777778,31
2483_4,False,,901.777778,31
2484_1,True,,923.867815999999,31
2484_2,False,,923.867815999999,31
2484_3,False,,923.867815999999,31
2485_1,True,,901.777778,31
2485_2,False,,901.777778,31
2485_3,False,,901.777778,31
2485_4,False,,901.777778,31
2486_1,True,,923.867815999999,31
2486_2,False,,923.867815999999,31
2486_3,False,,923.867815999999,31
2487_1,True,,901.777778,31
2487_2,False,,901.777778,31
2487_3,False,,901.777778,31
2487_4,False,,901.777778,31
2487_5,False,,901.777778,31
2488_1,True,,923.867815999999,31
2488_2,False,,923.867815999999,31
2488_3,False,,923.867815999999,31
2489_1,True,,923.867815999999,31
2489_2,False,,923.867815999999,31
2489_3,False,,923.867815999999,31
2490_1,True,,901.777778,31
2490_2,False,,901.777778,31
2490_3,False,,901.777778,31
2491_1,True,,923.867815999999,31
2492_1,True,,901.777778,31
2492_2,False,,901.777778,31
2492_3,False,,901.777778,31
2493_1,True,,923.867815999999,31
2493_2,False,,923.867815999999,31
2493_3,False,,923.867815999999,31
2494_1,True,,901.777778,31
2494_2,False,,901.777778,31
2494_3,False,,901.777778,31
2494_4,False,,901.777778,31
2495_1,True,,923.867815999999,31
2495_2,False,,923.867815999999,31
2495_3,False,,923.867815999999,31
2496_1,True,,901.777778,31
2496_2,False,,901.777778,31
2497_1,True,,923.867815999999,31
2497_2,False,,923.867815999999,31
2497_3,False,,923.867815999999,31
2497_4,False,,923.867815999999,31
2497_5,False,,923.867815999999,31
2498_1,True,,901.777778,31
2498_2,False,,901.777778,31
2498_3,False,,901.777778,31
2498_4,False,,901.777778,31
2498_5,False,,901.777778,31
2498_6,False,,901.777778,31
2499_1,True,,923.867815999999,31
2499_2,False,,923.867815999999,31
2499_3,False,,923.867815999999,31
2499_4,False,,923.867815999999,31
2500_1,True,,901.777778,31
2500_2,False,,901.777778,31
2500_3,False,,901.777778,31
2500_4,False,,901.777778,31
2500_5,False,,901.777778,31
2501_1,True,,923.867815999999,31
2501_2,False,,923.867815999999,31
2501_3,False,,923.867815999999,31
2501_4,False,,923.867815999999,31
2501_5,False,,923.867815999999,31
2501_6,False,,923.867815999999,31
2502_1,True,,901.777778,31
2502_2,False,,901.777778,31
2502_3,False,,901.777778,31
2503_1,True,,923.867815999999,31
2503_2,False,,923.867815999999,31
2504_1,True,,901.777778,31
2504_2,False,,901.777778,31
2504_3,False,,901.777778,31
2504_4,False,,901.777778,31
2504_5,False,,901.777778,31
2504_6,False,,901.777778,31
2505_1,True,,923.867815999999,31
2505_2,False,,923.867815999999,31
2505_3,False,,923.867815999999,31
2505_4,False,,923.867815999999,31
2506_1,True,,901.777778,31
2506_2,False,,901.777778,31
2506_3,False,,901.777778,31
2506_4,False,,901.777778,31
2506_5,False,,901.777778,31
2507_1,True,,923.867815999999,31
2507_2,False,,923.867815999999,31
2507_3,False,,923.867815999999,31
2508_1,True,,901.777778,31
2509_1,True,,923.867815999999,31
2509_2,False,,923.867815999999,31
2509_3,False,,923.867815999999,31
2509_4,False,,923.867815999999,31
2510_1,True,,901.777778,31
2510_2,False,,901.777778,31
2510_3,False,,901.777778,31
2510_4,False,,901.777778,31
2511_1,True,,923.867815999999,31
2511_2,False,,923.867815999999,31
2511_3,False,,923.867815999999,31
2511_4,False,,923.867815999999,31
2512_1,True,,901.777778,31
2512_2,False,,901.777778,31
2512_3,False,,901.777778,31
2512_4,False,,901.777778,31
2512_5,False,,901.777778,31
2513_1,True,,923.867815999999,31
2513_2,False,,923.867815999999,31
2513_3,False,,923.867815999999,31
2513_4,False,,923.867815999999,31
2513_5,False,,923.867815999999,31
2514_1,True,,901.777778,31
2514_2,False,,901.777778,31
2514_3,False,,901.777778,31
2514_4,False,,901.777778,31
2514_5,False,,901.777778,31
2515_1,True,,923.867815999999,31
2515_2,False,,923.867815999999,31
2515_3,False,,923.867815999999,31
2516_1,True,,901.777778,31
2516_2,False,,901.777778,31
2516_3,False,,901.777778,31
2516_4,False,,901.777778,31
2517_1,True,,923.867815999999,31
2517_2,False,,923.867815999999,31
2517_3,False,,923.867815999999,31
2517_4,False,,923.867815999999,31
2517_5,False,,923.867815999999,31
2518_1,True,,901.777778,31
2518_2,False,,901.777778,31
2519_1,True,,923.867815999999,31
2520_1,True,,901.777778,31
2520_2,False,,901.777778,31
2520_3,False,,901.777778,31
2520_4,False,,901.777778,31
2521_1,True,,923.867815999999,31
2521_2,False,,923.867815999999,31
2521_3,False,,923.867815999999,31
2522_1,True,,901.777778,31
2522_2,False,,901.777778,31
2523_1,True,,923.867815999999,31
2523_2,False,,923.867815999999,31
2523_3,False,,923.867815999999,31
2524_1,True,,901.777778,31
2524_2,False,,901.777778,31
2524_3,False,,901.777778,31
2525_1,True,,923.867815999999,31
2525_2,False,,923.867815999999,31
2525_3,False,,923.867815999999,31
2526_1,True,,901.777778,31
2526_2,False,,901.777778,31
2526_3,False,,901.777778,31
2527_1,True,,923.867815999999,31
2527_2,False,,923.867815999999,31
2527_3,False,,923.867815999999,31
2528_1,True,,901.777778,31
2528_2,False,,901.777778,31
2528_3,False,,901.777778,31
2529_1,True,,923.867815999999,31
2529_2,False,,923.867815999999,31
2529_3,False,,923.867815999999,31
2529_4,False,,923.867815999999,31
2530_1,True,,901.777778,31
2531_1,True,,923.867815999999,31
2531_2,False,,923.867815999999,31
2531_3,False,,923.867815999999,31
2531_4,False,,923.867815999999,31
2531_5,False,,923.867815999999,31
2532_1,True,,901.777778,31
2532_2,False,,901.777778,31
2532_3,False,,901.777778,31
2533_1,True,,901.777778,31
2533_2,False,,901.777778,31
2534_1,True,,923.867815999999,31
2534_2,False,,923.867815999999,31
2534_3,False,,923.867815999999,31
2535_1,True,,901.777778,31
2535_2,False,,901.777778,31
2535_3,False,,901.777778,31
2535_4,False,,901.777778,31
2536_1,True,,923.867815999999,31
2536_2,False,,923.867815999999,31
2536_3,False,,923.867815999999,31
2536_4,False,,923.867815999999,31
2537_1,True,,923.867815999999,31
2537_2,False,,923.867815999999,31
2537_3,False,,923.867815999999,31
2537_4,False,,923.867815999999,31
2537_5,False,,923.867815999999,31
2538_1,True,,901.777778,31
2538_2,False,,901.777778,31
2538_3,False,,901.777778,31
2539_1,True,,923.867815999999,31
2539_2,False,,923.867815999999,31
2539_3,False,,923.867815999999,31
2539_4,False,,923.867815999999,31
2540_1,True,,901.777778,31
2540_2,False,,901.777778,31
2540_3,False,,901.777778,31
2540_4,False,,901.777778,31
2541_1,True,,923.867815999999,31
2541_2,False,,923.867815999999,31
2541_3,False,,923.867815999999,31
2541_4,False,,923.867815999999,31
2542_1,True,,901.777778,31
2542_2,False,,901.777778,31
2543_1,True,,923.867815999999,31
2543_2,False,,923.867815999999,31
2544_1,True,,901.777778,31
2544_2,False,,901.777778,31
2545_1,True,,923.867815999999,31
2545_2,False,,923.867815999999,31
2545_3,False,,923.867815999999,31
2545_4,False,,923.867815999999,31
2546_1,True,,901.777778,31
2547_1,True,,923.867815999999,31
2547_2,False,,923.867815999999,31
2547_3,False,,923.867815999999,31
2548_1,True,,901.777778,31
2548_2,False,,901.777778,31
2549_1,True,,923.867815999999,31
2549_2,False,,923.867815999999,31
2549_3,False,,923.867815999999,31
2549_4,False,,923.867815999999,31
2549_5,False,,923.867815999999,31
2550_1,True,,901.777778,31
2550_2,False,,901.777778,31
2550_3,False,,901.777778,31
2551_1,True,,923.867815999999,31
2551_2,False,,923.867815999999,31
2551_3,False,,923.867815999999,31
2551_4,False,,923.867815999999,31
2551_5,False,,923.867815999999,31
2551_6,False,,923.867815999999,31
2552_1,True,,901.777778,31
2553_1,True,,923.867815999999,31
2553_2,False,,923.867815999999,31
2554_1,True,,923.867815999999,31
2554_2,False,,923.867815999999,31
2554_3,False,,923.867815999999,31
2554_4,False,,923.867815999999,31
2554_5,False,,923.867815999999,31
2555_1,True,,923.867815999999,31
2555_2,False,,923.867815999999,31
2555_3,False,,923.867815999999,31
2555_4,False,,923.867815999999,31
2556_1,True,,901.777778,31
2557_1,True,,923.867815999999,31
2557_2,False,,923.867815999999,31
2557_3,False,,923.867815999999,31
2558_1,True,,901.777778,31
2559_1,True,,923.867815999999,31
2559_2,False,,923.867815999999,31
2559_3,False,,923.867815999999,31
2560_1,True,,901.777778,31
2560_2,False,,901.777778,31
2560_3,False,,901.777778,31
2561_1,True,,923.867815999999,31
2562_1,True,,901.777778,31
2563_1,True,,923.867815999999,31
2563_2,False,,923.867815999999,31
2563_3,False,,923.867815999999,31
2563_4,False,,923.867815999999,31
2564_1,True,,901.777778,31
2564_2,False,,901.777778,31
2564_3,False,,901.777778,31
2564_4,False,,901.777778,31
2564_5,False,,901.777778,31
2564_6,False,,901.777778,31
2564_7,False,,901.777778,31
2564_8,False,,901.777778,31
2564_9,False,,901.777778,31
2565_1,True,,923.867815999999,31
2566_1,True,,901.777778,31
2566_2,False,,901.777778,31
2567_1,True,,923.867815999999,31
2567_2,False,,923.867815999999,31
2567_3,False,,923.867815999999,31
2567_4,False,,923.867815999999,31
2567_5,False,,923.867815999999,31
2568_1,True,,901.777778,31
2568_2,False,,901.777778,31
2568_3,False,,901.777778,31
2568_4,False,,901.777778,31
2569_1,True,,923.867815999999,31
2569_2,False,,923.867815999999,31
2569_3,False,,923.867815999999,31
2570_1,True,,901.777778,31
2571_1,True,,923.867815999999,31
2571_2,False,,923.867815999999,31
2571_3,False,,923.867815999999,31
2571_4,False,,923.867815999999,31
2571_5,False,,923.867815999999,31
2572_1,True,,901.777778,31
2572_2,False,,901.777778,31
2573_1,True,,923.867815999999,31
2573_2,False,,923.867815999999,31
2573_3,False,,923.867815999999,31
2574_1,True,,901.777778,31
2575_1,True,,923.867815999999,31
2575_2,False,,923.867815999999,31
2575_3,False,,923.867815999999,31
2576_1,True,,901.777778,31
2576_2,False,,901.777778,31
2576_3,False,,901.777778,31
2576_4,False,,901.777778,31
2577_1,True,,923.867815999999,31
2577_2,False,,923.867815999999,31
2577_3,False,,923.867815999999,31
2577_4,False,,923.867815999999,31
2578_1,True,,901.777778,31
2578_2,False,,901.777778,31
2578_3,False,,901.777778,31
2578_4,False,,901.777778,31
2579_1,True,,923.867815999999,31
2579_2,False,,923.867815999999,31
2579_3,False,,923.867815999999,31
2580_1,True,,901.777778,31
2580_2,False,,901.777778,31
2580_3,False,,901.777778,31
2581_1,True,,923.867815999999,31
2581_2,False,,923.867815999999,31
2581_3,False,,923.867815999999,31
2581_4,False,,923.867815999999,31
2582_1,True,,901.777778,31
2582_2,False,,901.777778,31
2582_3,False,,901.777778,31
2583_1,True,,923.867815999999,31
2583_2,False,,923.867815999999,31
2584_1,True,,901.777778,31
2584_2,False,,901.777778,31
2584_3,False,,901.777778,31
2585_1,True,,901.777778,31
2585_2,False,,901.777778,31
2585_3,False,,901.777778,31
2585_4,False,,901.777778,31
2586_1,True,,923.867815999999,31
2586_2,False,,923.867815999999,31
2586_3,False,,923.867815999999,31
2586_4,False,,923.867815999999,31
2586_5,False,,923.867815999999,31
2587_1,True,,901.777778,31
2587_2,False,,901.777778,31
2587_3,False,,901.777778,31
2587_4,False,,901.777778,31
2587_5,False,,901.777778,31
2588_1,True,,901.777778,31
2588_2,False,,901.777778,31
2588_3,False,,901.777778,31
2589_1,True,,901.777778,31
2589_2,False,,901.777778,31
2589_3,False,,901.777778,31
2589_4,False,,901.777778,31
2589_5,False,,901.777778,31
2590_1,True,,923.867815999999,31
2590_2,False,,923.867815999999,31
2590_3,False,,923.867815999999,31
2590_4,False,,923.867815999999,31
2590_5,False,,923.867815999999,31
2591_1,True,,901.777778,31
2591_2,False,,901.777778,31
2591_3,False,,901.777778,31
2591_4,False,,901.777778,31
2591_5,False,,901.777778,31
2591_6,False,,901.777778,31
2592_1,True,,923.867815999999,31
2592_2,False,,923.867815999999,31
2593_1,True,,901.777778,31
2593_2,False,,901.777778,31
2594_1,True,,923.867815999999,31
2594_2,False,,923.867815999999,31
2594_3,False,,923.867815999999,31
2594_4,False,,923.867815999999,31
2594_5,False,,923.867815999999,31
2595_1,True,,901.777778,31
2595_2,False,,901.777778,31
2595_3,False,,901.777778,31
2595_4,False,,901.777778,31
2595_5,False,,901.777778,31
2595_6,False,,901.777778,31
2596_1,True,,923.867815999999,31
2596_2,False,,923.867815999999,31
2596_3,False,,923.867815999999,31
2596_4,False,,923.867815999999,31
2597_1,True,,901.777778,31
2598_1,True,,923.867815999999,31
2598_2,False,,923.867815999999,31
2598_3,False,,923.867815999999,31
2598_4,False,,923.867815999999,31
2599_1,True,,901.777778,31
2599_2,False,,901.777778,31
2599_3,False,,901.777778,31
2599_4,False,,901.777778,31
2600_1,True,,923.867815999999,31
2600_2,False,,923.867815999999,31
2600_3,False,,923.867815999999,31
2601_1,True,,901.777778,31
2601_2,False,,901.777778,31
2601_3,False,,901.777778,31
2601_4,False,,901.777778,31
2602_1,True,,923.867815999999,31
2602_2,False,,923.867815999999,31
2602_3,False,,923.867815999999,31
2602_4,False,,923.867815999999,31
2603_1,True,,901.777778,31
2603_2,False,,901.777778,31
2603_3,False,,901.777778,31
2604_1,True,,923.867815999999,31
2604_2,False,,923.867815999999,31
2604_3,False,,923.867815999999,31
2604_4,False,,923.867815999999,31
2604_5,False,,923.867815999999,31
2605_1,True,,901.777778,31
2605_2,False,,901.777778,31
2606_1,True,,923.867815999999,31
2606_2,False,,923.867815999999,31
2606_3,False,,923.867815999999,31
2606_4,False,,923.867815999999,31
2606_5,False,,923.867815999999,31
2607_1,True,,901.777778,31
2607_2,False,,901.777778,31
2607_3,False,,901.777778,31
2607_4,False,,901.777778,31
2608_1,True,,923.867815999999,31
2608_2,False,,923.867815999999,31
2608_3,False,,923.867815999999,31
2608_4,False,,923.867815999999,31
2608_5,False,,923.867815999999,31
2609_1,True,,901.777778,31
2609_2,False,,901.777778,31
2609_3,False,,901.777778,31
2609_4,False,,901.777778,31
2610_1,True,,923.867815999999,31
2610_2,False,,923.867815999999,31
2610_3,False,,923.867815999999,31
2610_4,False,,923.867815999999,31
2611_1,True,,901.777778,31
2611_2,False,,901.777778,31
2612_1,True,,901.777778,31
2613_1,True,,901.777778,31
2614_1,True,,923.867815999999,31
2614_2,False,,923.867815999999,31
2614_3,False,,923.867815999999,31
2614_4,False,,923.867815999999,31
2614_5,False,,923.867815999999,31
2615_1,True,,901.777778,31
2615_2,False,,901.777778,31
2616_1,True,,923.867815999999,31
2616_2,False,,923.867815999999,31
2616_3,False,,923.867815999999,31
2616_4,False,,923.867815999999,31
2617_1,True,,901.777778,31
2617_2,False,,901.777778,31
2617_3,False,,901.777778,31
2617_4,False,,901.777778,31
2617_5,False,,901.777778,31
2617_6,False,,901.777778,31
2617_7,False,,901.777778,31
2618_1,True,,901.777778,31
2618_2,False,,901.777778,31
2619_1,True,,923.867815999999,31
2619_2,False,,923.867815999999,31
2619_3,False,,923.867815999999,31
2620_1,True,,923.867815999999,31
2620_2,False,,923.867815999999,31
2620_3,False,,923.867815999999,31
2621_1,True,,901.777778,31
2621_2,False,,901.777778,31
2621_3,False,,901.777778,31
2621_4,False,,901.777778,31
2622_1,True,,923.867815999999,31
2622_2,False,,923.867815999999,31
2623_1,True,,923.867815999999,31
2623_2,False,,923.867815999999,31
2623_3,False,,923.867815999999,31
2624_1,True,,901.777778,31
2624_2,False,,901.777778,31
2625_1,True,,923.867815999999,31
2625_2,False,,923.867815999999,31
2625_3,False,,923.867815999999,31
2625_4,False,,923.867815999999,31
2626_1,True,,901.777778,31
2626_2,False,,901.777778,31
2626_3,False,,901.777778,31
2627_1,True,,923.867815999999,31
2627_2,False,,923.867815999999,31
2627_3,False,,923.867815999999,31
2627_4,False,,923.867815999999,31
2628_1,True,,901.777778,31
2628_2,False,,901.777778,31
2628_3,False,,901.777778,31
2628_4,False,,901.777778,31
2628_5,False,,901.777778,31
2629_1,True,,923.867815999999,31
2629_2,False,,923.867815999999,31
2630_1,True,,901.777778,31
2630_2,False,,901.777778,31
2630_3,False,,901.777778,31
2631_1,True,,901.777778,31
2631_2,False,,901.777778,31
2631_3,False,,901.777778,31
2631_4,False,,901.777778,31
2631_5,False,,901.777778,31
2631_6,False,,901.777778,31
2631_7,False,,901.777778,31
2632_1,True,,923.867815999999,31
2632_2,False,,923.867815999999,31
2632_3,False,,923.867815999999,31
2633_1,True,,901.777778,31
2633_2,False,,901.777778,31
2633_3,False,,901.777778,31
2634_1,True,,923.867815999999,31
2634_2,False,,923.867815999999,31
2635_1,True,,901.777778,31
2635_2,False,,901.777778,31
2635_3,False,,901.777778,31
2635_4,False,,901.777778,31
2635_5,False,,901.777778,31
2635_6,False,,901.777778,31
2636_1,True,,923.867815999999,31
2636_2,False,,923.867815999999,31
2636_3,False,,923.867815999999,31
2637_1,True,,901.777778,31
2637_2,False,,901.777778,31
2637_3,False,,901.777778,31
2637_4,False,,901.777778,31
2637_5,False,,901.777778,31
2638_1,True,,923.867815999999,31
2638_2,False,,923.867815999999,31
2638_3,False,,923.867815999999,31
2639_1,True,,901.777778,31
2639_2,False,,901.777778,31
2640_1,True,,901.777778,31
2640_2,False,,901.777778,31
2641_1,True,,923.867815999999,31
2641_2,False,,923.867815999999,31
2641_3,False,,923.867815999999,31
2641_4,False,,923.867815999999,31
2642_1,True,,901.777778,31
2642_2,False,,901.777778,31
2643_1,True,,923.867815999999,31
2643_2,False,,923.867815999999,31
2643_3,False,,923.867815999999,31
2643_4,False,,923.867815999999,31
2644_1,True,,901.777778,31
2644_2,False,,901.777778,31
2645_1,True,,901.777778,31
2645_2,False,,901.777778,31
2645_3,False,,901.777778,31
2645_4,False,,901.777778,31
2645_5,False,,901.777778,31
2646_1,True,,923.867815999999,31
2646_2,False,,923.867815999999,31
2646_3,False,,923.867815999999,31
2647_1,True,,923.867815999999,31
2647_2,False,,923.867815999999,31
2647_3,False,,923.867815999999,31
2647_4,False,,923.867815999999,31
2648_1,True,,901.777778,31
2648_2,False,,901.777778,31
2648_3,False,,901.777778,31
2649_1,True,,923.867815999999,31
2649_2,False,,923.867815999999,31
2649_3,False,,923.867815999999,31
2650_1,True,,901.777778,31
2651_1,True,,923.867815999999,31
2651_2,False,,923.867815999999,31
2651_3,False,,923.867815999999,31
2651_4,False,,923.867815999999,31
2652_1,True,,901.777778,31
2652_2,False,,901.777778,31
2652_3,False,,901.777778,31
2652_4,False,,901.777778,31
2653_1,True,,901.777778,31
2653_2,False,,901.777778,31
2653_3,False,,901.777778,31
2653_4,False,,901.777778,31
2654_1,True,,923.867815999999,31
2654_2,False,,923.867815999999,31
2655_1,True,,901.777778,31
2655_2,False,,901.777778,31
2655_3,False,,901.777778,31
2655_4,False,,901.777778,31
2656_1,True,,923.867815999999,31
2656_2,False,,923.867815999999,31
2657_1,True,,901.777778,31
2657_2,False,,901.777778,31
2657_3,False,,901.777778,31
2657_4,False,,901.777778,31
2658_1,True,,923.867815999999,31
2658_2,False,,923.867815999999,31
2658_3,False,,923.867815999999,31
2659_1,True,,901.777778,31
2659_2,False,,901.777778,31
2659_3,False,,901.777778,31
2659_4,False,,901.777778,31
2660_1,True,,923.867815999999,31
2660_2,False,,923.867815999999,31
2660_3,False,,923.867815999999,31
2660_4,False,,923.867815999999,31
2661_1,True,,923.867815999999,31
2661_2,False,,923.867815999999,31
2661_3,False,,923.867815999999,31
2662_1,True,,901.777778,31
2663_1,True,,923.867815999999,31
2663_2,False,,923.867815999999,31
2663_3,False,,923.867815999999,31
2663_4,False,,923.867815999999,31
2664_1,True,,923.867815999999,31
2664_2,False,,923.867815999999,31
2664_3,False,,923.867815999999,31
2665_1,True,,901.777778,31
2665_2,False,,901.777778,31
2665_3,False,,901.777778,31
2665_4,False,,901.777778,31
2665_5,False,,901.777778,31
2666_1,True,,923.867815999999,31
2666_2,False,,923.867815999999,31
2666_3,False,,923.867815999999,31
2666_4,False,,923.867815999999,31
2667_1,True,,901.777778,31
2667_2,False,,901.777778,31
2667_3,False,,901.777778,31
2667_4,False,,901.777778,31
2668_1,True,,923.867815999999,31
2668_2,False,,923.867815999999,31
2668_3,False,,923.867815999999,31
2668_4,False,,923.867815999999,31
2669_1,True,,901.777778,31
2669_2,False,,901.777778,31
2669_3,False,,901.777778,31
2669_4,False,,901.777778,31
2669_5,False,,901.777778,31
2669_6,False,,901.777778,31
2670_1,True,,923.867815999999,31
2670_2,False,,923.867815999999,31
2670_3,False,,923.867815999999,31
2670_4,False,,923.867815999999,31
2671_1,True,,901.777778,31
2672_1,True,,901.777778,31
2672_2,False,,901.777778,31
2672_3,False,,901.777778,31
2672_4,False,,901.777778,31
2673_1,True,,923.867815999999,31
2673_2,False,,923.867815999999,31
2673_3,False,,923.867815999999,31
2673_4,False,,923.867815999999,31
2674_1,True,,901.777778,31
2675_1,True,,923.867815999999,31
2675_2,False,,923.867815999999,31
2675_3,False,,923.867815999999,31
2675_4,False,,923.867815999999,31
2675_5,False,,923.867815999999,31
2676_1,True,,901.777778,31
2676_2,False,,901.777778,31
2676_3,False,,901.777778,31
2676_4,False,,901.777778,31
2677_1,True,,923.867815999999,31
2677_2,False,,923.867815999999,31
2677_3,False,,923.867815999999,31
2678_1,True,,901.777778,31
2678_2,False,,901.777778,31
2678_3,False,,901.777778,31
2679_1,True,,923.867815999999,31
2679_2,False,,923.867815999999,31
2679_3,False,,923.867815999999,31
2679_4,False,,923.867815999999,31
2679_5,False,,923.867815999999,31
2680_1,True,,901.777778,31
2680_2,False,,901.777778,31
2681_1,True,,923.867815999999,31
2681_2,False,,923.867815999999,31
2681_3,False,,923.867815999999,31
2681_4,False,,923.867815999999,31
2682_1,True,,901.777778,31
2682_2,False,,901.777778,31
2683_1,True,,923.867815999999,31
2683_2,False,,923.867815999999,31
2683_3,False,,923.867815999999,31
2683_4,False,,923.867815999999,31
2684_1,True,,901.777778,31
2684_2,False,,901.777778,31
2684_3,False,,901.777778,31
2684_4,False,,901.777778,31
2685_1,True,,923.867815999999,31
2685_2,False,,923.867815999999,31
2686_1,True,,901.777778,31
2686_2,False,,901.777778,31
2686_3,False,,901.777778,31
2686_4,False,,901.777778,31
2687_1,True,,923.867815999999,31
2687_2,False,,923.867815999999,31
2687_3,False,,923.867815999999,31
2687_4,False,,923.867815999999,31
2688_1,True,,901.777778,31
2688_2,False,,901.777778,31
2688_3,False,,901.777778,31
2688_4,False,,901.777778,31
2689_1,True,,923.867815999999,31
2689_2,False,,923.867815999999,31
2690_1,True,,923.867815999999,31
2690_2,False,,923.867815999999,31
2690_3,False,,923.867815999999,31
2691_1,True,,901.777778,31
2691_2,False,,901.777778,31
2692_1,True,,923.867815999999,31
2692_2,False,,923.867815999999,31
2692_3,False,,923.867815999999,31
2692_4,False,,923.867815999999,31
2693_1,True,,901.777778,31
2693_2,False,,901.777778,31
2693_3,False,,901.777778,31
2693_4,False,,901.777778,31
2694_1,True,,923.867815999999,31
2694_2,False,,923.867815999999,31
2694_3,False,,923.867815999999,31
2695_1,True,,901.777778,31
2695_2,False,,901.777778,31
2695_3,False,,901.777778,31
2695_4,False,,901.777778,31
2696_1,True,,923.867815999999,31
2696_2,False,,923.867815999999,31
2696_3,False,,923.867815999999,31
2696_4,False,,923.867815999999,31
2697_1,True,,901.777778,31
2697_2,False,,901.777778,31
2697_3,False,,901.777778,31
2698_1,True,,923.867815999999,31
2698_2,False,,923.867815999999,31
2698_3,False,,923.867815999999,31
2698_4,False,,923.867815999999,31
2698_5,False,,923.867815999999,31
2699_1,True,,901.777778,31
2699_2,False,,901.777778,31
2699_3,False,,901.777778,31
2699_4,False,,901.777778,31
2699_5,False,,901.777778,31
2700_1,True,,923.867815999999,31
2700_2,False,,923.867815999999,31
2700_3,False,,923.867815999999,31
2700_4,False,,923.867815999999,31
2701_1,True,,901.777778,31
2701_2,False,,901.777778,31
2702_1,True,,923.867815999999,31
2702_2,False,,923.867815999999,31
2702_3,False,,923.867815999999,31
2702_4,False,,923.867815999999,31
2702_5,False,,923.867815999999,31
2703_1,True,,901.777778,31
2703_2,False,,901.777778,31
2703_3,False,,901.777778,31
2703_4,False,,901.777778,31
2703_5,False,,901.777778,31
2704_1,True,,923.867815999999,31
2704_2,False,,923.867815999999,31
2704_3,False,,923.867815999999,31
2705_1,True,,901.777778,31
2705_2,False,,901.777778,31
2705_3,False,,901.777778,31
2706_1,True,,923.867815999999,31
2706_2,False,,923.867815999999,31
2707_1,True,,901.777778,31
2707_2,False,,901.777778,31
2707_3,False,,901.777778,31
2708_1,True,,923.867815999999,31
2708_2,False,,923.867815999999,31
2708_3,False,,923.867815999999,31
2708_4,False,,923.867815999999,31
2709_1,True,,901.777778,31
2709_2,False,,901.777778,31
2709_3,False,,901.777778,31
2709_4,False,,901.777778,31
2710_1,True,,923.867815999999,31
2710_2,False,,923.867815999999,31
2710_3,False,,923.867815999999,31
2710_4,False,,923.867815999999,31
2711_1,True,,901.777778,31
2711_2,False,,901.777778,31
2711_3,False,,901.777778,31
2711_4,False,,901.777778,31
2712_1,True,,923.867815999999,31
2712_2,False,,923.867815999999,31
2712_3,False,,923.867815999999,31
2712_4,False,,923.867815999999,31
2713_1,True,,901.777778,31
2713_2,False,,901.777778,31
2713_3,False,,901.777778,31
2714_1,True,,923.867815999999,31
2714_2,False,,923.867815999999,31
2714_3,False,,923.867815999999,31
2714_4,False,,923.867815999999,31
2714_5,False,,923.867815999999,31
2715_1,True,,901.777778,31
2715_2,False,,901.777778,31
2716_1,True,,923.867815999999,31
2716_2,False,,923.867815999999,31
2716_3,False,,923.867815999999,31
2716_4,False,,923.867815999999,31
2716_5,False,,923.867815999999,31
2717_1,True,,901.777778,31
2718_1,True,,923.867815999999,31
2718_2,False,,923.867815999999,31
2718_3,False,,923.867815999999,31
2719_1,True,,901.777778,31
2719_2,False,,901.777778,31
2719_3,False,,901.777778,31
2719_4,False,,901.777778,31
2719_5,False,,901.777778,31
2720_1,True,,923.867815999999,31
2720_2,False,,923.867815999999,31
2720_3,False,,923.867815999999,31
2721_1,True,,901.777778,31
2721_2,False,,901.777778,31
2721_3,False,,901.777778,31
2722_1,True,,923.867815999999,31
2722_2,False,,923.867815999999,31
2722_3,False,,923.867815999999,31
2723_1,True,,901.777778,31
2723_2,False,,901.777778,31
2723_3,False,,901.777778,31
2723_4,False,,901.777778,31
2724_1,True,,901.777778,31
2724_2,False,,901.777778,31
2724_3,False,,901.777778,31
2724_4,False,,901.777778,31
2725_1,True,,901.777778,31
2725_2,False,,901.777778,31
2725_3,False,,901.777778,31
2726_1,True,,923.867815999999,31
2726_2,False,,923.867815999999,31
2726_3,False,,923.867815999999,31
2726_4,False,,923.867815999999,31
2726_5,False,,923.867815999999,31
2727_1,True,,901.777778,31
2727_2,False,,901.777778,31
2727_3,False,,901.777778,31
2728_1,True,,923.867815999999,31
2728_2,False,,923.867815999999,31
2728_3,False,,923.867815999999,31
2728_4,False,,923.867815999999,31
2728_5,False,,923.867815999999,31
2729_1,True,,901.777778,31
2729_2,False,,901.777778,31
2729_3,False,,901.777778,31
2729_4,False,,901.777778,31
2729_5,False,,901.777778,31
2730_1,True,,923.867815999999,31
2730_2,False,,923.867815999999,31
2730_3,False,,923.867815999999,31
2731_1,True,,901.777778,31
2731_2,False,,901.777778,31
2731_3,False,,901.777778,31
2732_1,True,,923.867815999999,31
2732_2,False,,923.867815999999,31
2732_3,False,,923.867815999999,31
2732_4,False,,923.867815999999,31
2733_1,True,,901.777778,31
2733_2,False,,901.777778,31
2734_1,True,,923.867815999999,31
2734_2,False,,923.867815999999,31
2735_1,True,,901.777778,31
2735_2,False,,901.777778,31
2736_1,True,,901.777778,31
2736_2,False,,901.777778,31
2736_3,False,,901.777778,31
2737_1,True,,923.867815999999,31
2737_2,False,,923.867815999999,31
2738_1,True,,901.777778,31
2738_2,False,,901.777778,31
2738_3,False,,901.777778,31
2739_1,True,,923.867815999999,31
2739_2,False,,923.867815999999,31
2739_3,False,,923.867815999999,31
2740_1,True,,901.777778,31
2740_2,False,,901.777778,31
2740_3,False,,901.777778,31
2740_4,False,,901.777778,31
2740_5,False,,901.777778,31
2740_6,False,,901.777778,31
2740_7,False,,901.777778,31
2740_8,False,,901.777778,31
2741_1,True,,923.867815999999,31
2741_2,False,,923.867815999999,31
2741_3,False,,923.867815999999,31
2741_4,False,,923.867815999999,31
2742_1,True,,901.777778,31
2742_2,False,,901.777778,31
2743_1,True,,923.867815999999,31
2743_2,False,,923.867815999999,31
2743_3,False,,923.867815999999,31
2744_1,True,,901.777778,31
2744_2,False,,901.777778,31
2744_3,False,,901.777778,31
2744_4,False,,901.777778,31
2745_1,True,,923.867815999999,31
2745_2,False,,923.867815999999,31
2745_3,False,,923.867815999999,31
2746_1,True,,901.777778,31
2746_2,False,,901.777778,31
2746_3,False,,901.777778,31
2746_4,False,,901.777778,31
2747_1,True,,923.867815999999,31
2747_2,False,,923.867815999999,31
2748_1,True,,901.777778,31
2749_1,True,,1265.571429,33
2749_2,False,,1265.571429,33
2749_3,False,,1265.571429,33
2750_1,True,,1290.894737,33
2750_2,False,,1290.894737,33
2751_1,True,,1265.571429,33
2751_2,False,,1265.571429,33
2751_3,False,,1265.571429,33
2751_4,False,,1265.571429,33
2751_5,False,,1265.571429,33
2752_1,True,,1290.894737,33
2753_1,True,,1265.571429,33
2753_2,False,,1265.571429,33
2753_3,False,,1265.571429,33
2754_1,True,,1290.894737,33
2754_2,False,,1290.894737,33
2754_3,False,,1290.894737,33
2755_1,True,,1265.571429,33
2755_2,False,,1265.571429,33
2755_3,False,,1265.571429,33
2756_1,True,,1290.894737,33
2756_2,False,,1290.894737,33
2757_1,True,,1265.571429,33
2757_2,False,,1265.571429,33
2758_1,True,,1290.894737,33
2758_2,False,,1290.894737,33
2758_3,False,,1290.894737,33
2759_1,True,,1265.571429,33
2759_2,False,,1265.571429,33
2759_3,False,,1265.571429,33
2760_1,True,,1290.894737,33
2760_2,False,,1290.894737,33
2760_3,False,,1290.894737,33
2760_4,False,,1290.894737,33
2760_5,False,,1290.894737,33
2760_6,False,,1290.894737,33
2760_7,False,,1290.894737,33
2761_1,True,,1265.571429,33
2761_2,False,,1265.571429,33
2762_1,True,,1290.894737,33
2763_1,True,,1290.894737,33
2763_2,False,,1290.894737,33
2763_3,False,,1290.894737,33
2763_4,False,,1290.894737,33
2763_5,False,,1290.894737,33
2764_1,True,,1265.571429,33
2764_2,False,,1265.571429,33
2764_3,False,,1265.571429,33
2764_4,False,,1265.571429,33
2765_1,True,,1290.894737,33
2765_2,False,,1290.894737,33
2766_1,True,,1265.571429,33
2766_2,False,,1265.571429,33
2766_3,False,,1265.571429,33
2767_1,True,,1290.894737,33
2767_2,False,,1290.894737,33
2767_3,False,,1290.894737,33
2767_4,False,,1290.894737,33
2768_1,True,,1265.571429,33
2768_2,False,,1265.571429,33
2768_3,False,,1265.571429,33
2768_4,False,,1265.571429,33
2769_1,True,,1290.894737,33
2769_2,False,,1290.894737,33
2769_3,False,,1290.894737,33
2769_4,False,,1290.894737,33
2769_5,False,,1290.894737,33
2769_6,False,,1290.894737,33
2769_7,False,,1290.894737,33
2770_1,True,,1265.571429,33
2771_1,True,,1290.894737,33
2771_2,False,,1290.894737,33
2771_3,False,,1290.894737,33
2772_1,True,,1265.571429,33
2772_2,False,,1265.571429,33
2772_3,False,,1265.571429,33
2772_4,False,,1265.571429,33
2773_1,True,,1290.894737,33
2773_2,False,,1290.894737,33
2773_3,False,,1290.894737,33
2774_1,True,,1265.571429,33
2774_2,False,,1265.571429,33
2774_3,False,,1265.571429,33
2775_1,True,,1290.894737,33
2775_2,False,,1290.894737,33
2776_1,True,,1265.571429,33
2776_2,False,,1265.571429,33
2776_3,False,,1265.571429,33
2776_4,False,,1265.571429,33
2776_5,False,,1265.571429,33
2777_1,True,,1290.894737,33
2777_2,False,,1290.894737,33
2777_3,False,,1290.894737,33
2778_1,True,,1265.571429,33
2778_2,False,,1265.571429,33
2779_1,True,,1290.894737,33
2780_1,True,,1265.571429,33
2780_2,False,,1265.571429,33
2781_1,True,,1290.894737,33
2781_2,False,,1290.894737,33
2782_1,True,,1265.571429,33
2782_2,False,,1265.571429,33
2783_1,True,,1290.894737,33
2783_2,False,,1290.894737,33
2783_3,False,,1290.894737,33
2784_1,True,,1265.571429,33
2784_2,False,,1265.571429,33
2784_3,False,,1265.571429,33
2784_4,False,,1265.571429,33
2785_1,True,,1265.571429,34
2785_2,False,,1265.571429,34
2786_1,True,,1290.894737,34
2787_1,True,,1265.571429,34
2787_2,False,,1265.571429,34
2787_3,False,,1265.571429,34
2787_4,False,,1265.571429,34
2788_1,True,,1290.894737,34
2788_2,False,,1290.894737,34
2789_1,True,,1265.571429,34
2789_2,False,,1265.571429,34
2789_3,False,,1265.571429,34
2789_4,False,,1265.571429,34
2789_5,False,,1265.571429,34
2790_1,True,,1290.894737,34
2791_1,True,,1265.571429,34
2791_2,False,,1265.571429,34
2791_3,False,,1265.571429,34
2791_4,False,,1265.571429,34
2791_5,False,,1265.571429,34
2792_1,True,,1290.894737,34
2792_2,False,,1290.894737,34
2792_3,False,,1290.894737,34
2792_4,False,,1290.894737,34
2793_1,True,,1265.571429,35
2793_2,False,,1265.571429,35
2793_3,False,,1265.571429,35
2793_4,False,,1265.571429,35
2793_5,False,,1265.571429,35
2793_6,False,,1265.571429,35
2793_7,False,,1265.571429,35
2794_1,True,,1290.894737,35
2794_2,False,,1290.894737,35
2795_1,True,,1265.571429,35
2795_2,False,,1265.571429,35
2795_3,False,,1265.571429,35
2795_4,False,,1265.571429,35
2795_5,False,,1265.571429,35
2795_6,False,,1265.571429,35
2795_7,False,,1265.571429,35
2796_1,True,,1290.894737,35
2796_2,False,,1290.894737,35
2796_3,False,,1290.894737,35
2796_4,False,,1290.894737,35
2797_1,True,,1265.571429,35
2797_2,False,,1265.571429,35
2797_3,False,,1265.571429,35
2798_1,True,,1290.894737,35
2799_1,True,,1265.571429,35
2799_2,False,,1265.571429,35
2800_1,True,,1290.894737,35
2801_1,True,,1265.571429,35
2801_2,False,,1265.571429,35
2801_3,False,,1265.571429,35
2802_1,True,,1290.894737,35
2802_2,False,,1290.894737,35
2802_3,False,,1290.894737,35
2802_4,False,,1290.894737,35
2803_1,True,,1265.571429,35
2803_2,False,,1265.571429,35
2803_3,False,,1265.571429,35
2804_1,True,,1290.894737,35
2804_2,False,,1290.894737,35
2805_1,True,,1265.571429,35
2806_1,True,,1290.894737,35
2806_2,False,,1290.894737,35
2807_1,True,,1265.571429,35
2807_2,False,,1265.571429,35
2807_3,False,,1265.571429,35
2808_1,True,,1290.894737,35
2809_1,True,,1265.571429,36
2810_1,True,,1290.894737,36
2810_2,False,,1290.894737,36
2810_3,False,,1290.894737,36
2810_4,False,,1290.894737,36
2811_1,True,,1265.571429,36
2811_2,False,,1265.571429,36
2811_3,False,,1265.571429,36
2811_4,False,,1265.571429,36
2811_5,False,,1265.571429,36
2812_1,True,,1290.894737,36
2813_1,True,,1265.571429,36
2814_1,True,,1290.894737,36
2814_2,False,,1290.894737,36
2815_1,True,,1265.571429,36
2815_2,False,,1265.571429,36
2815_3,False,,1265.571429,36
2815_4,False,,1265.571429,36
2816_1,True,,1290.894737,36
2816_2,False,,1290.894737,36
2816_3,False,,1290.894737,36
2816_4,False,,1290.894737,36
2816_5,False,,1290.894737,36
2816_6,False,,1290.894737,36
2816_7,False,,1290.894737,36
2817_1,True,,1265.571429,38
2817_2,False,,1265.571429,38
2818_1,True,,1290.894737,38
2818_2,False,,1290.894737,38
2818_3,False,,1290.894737,38
2819_1,True,,1265.571429,38
2819_2,False,,1265.571429,38
2819_3,False,,1265.571429,38
2820_1,True,,1290.894737,38
2820_2,False,,1290.894737,38
2820_3,False,,1290.894737,38
2821_1,True,,1265.571429,38
2821_2,False,,1265.571429,38
2821_3,False,,1265.571429,38
2822_1,True,,1290.894737,38
2822_2,False,,1290.894737,38
2823_1,True,,1265.571429,38
2823_2,False,,1265.571429,38
2823_3,False,,1265.571429,38
2824_1,True,,1290.894737,38
2825_1,True,,1265.571429,38
2825_2,False,,1265.571429,38
2825_3,False,,1265.571429,38
2825_4,False,,1265.571429,38
2825_5,False,,1265.571429,38
2825_6,False,,1265.571429,38
2826_1,True,,1290.894737,38
2826_2,False,,1290.894737,38
2827_1,True,,1265.571429,38
2827_2,False,,1265.571429,38
2827_3,False,,1265.571429,38
2828_1,True,,1290.894737,38
2828_2,False,,1290.894737,38
2828_3,False,,1290.894737,38
2829_1,True,,1265.571429,38
2829_2,False,,1265.571429,38
2829_3,False,,1265.571429,38
2829_4,False,,1265.571429,38
2829_5,False,,1265.571429,38
2830_1,True,,1290.894737,38
2830_2,False,,1290.894737,38
2830_3,False,,1290.894737,38
2831_1,True,,1265.571429,38
2831_2,False,,1265.571429,38
2832_1,True,,1290.894737,38
2833_1,True,,1265.571429,38
2833_2,False,,1265.571429,38
2834_1,True,,1290.894737,38
2834_2,False,,1290.894737,38
2834_3,False,,1290.894737,38
2834_4,False,,1290.894737,38
2835_1,True,,1265.571429,38
2835_2,False,,1265.571429,38
2835_3,False,,1265.571429,38
2835_4,False,,1265.571429,38
2836_1,True,,1290.894737,38
2836_2,False,,1290.894737,38
2836_3,False,,1290.894737,38
2836_4,False,,1290.894737,38
2837_1,True,,1265.571429,38
2837_2,False,,1265.571429,38
2837_3,False,,1265.571429,38
2838_1,True,,1290.894737,38
2838_2,False,,1290.894737,38
2838_3,False,,1290.894737,38
2838_4,False,,1290.894737,38
2839_1,True,,1265.571429,38
2840_1,True,,1290.894737,38
2840_2,False,,1290.894737,38
2841_1,True,,1265.571429,38
2842_1,True,,1290.894737,38
2842_2,False,,1290.894737,38
2843_1,True,,1265.571429,38
2843_2,False,,1265.571429,38
2844_1,True,,1290.894737,38
2845_1,True,,2617.154286,39
2845_2,False,,2617.154286,39
2845_3,False,,2617.154286,39
2845_4,False,,2617.154286,39
2845_5,False,,2617.154286,39
2846_1,True,,2469.05618,39
2846_2,False,,2469.05618,39
2846_3,False,,2469.05618,39
2847_1,True,,2617.154286,39
2847_2,False,,2617.154286,39
2847_3,False,,2617.154286,39
2847_4,False,,2617.154286,39
2848_1,True,,2469.05618,39
2848_2,False,,2469.05618,39
2848_3,False,,2469.05618,39
2848_4,False,,2469.05618,39
2849_1,True,,2617.154286,39
2850_1,True,,2469.05618,39
2850_2,False,,2469.05618,39
2851_1,True,,2617.154286,39
2851_2,False,,2617.154286,39
2851_3,False,,2617.154286,39
2851_4,False,,2617.154286,39
2851_5,False,,2617.154286,39
2852_1,True,,2469.05618,39
2853_1,True,,2617.154286,39
2853_2,False,,2617.154286,39
2853_3,False,,2617.154286,39
2853_4,False,,2617.154286,39
2853_5,False,,2617.154286,39
2854_1,True,,2469.05618,39
2854_2,False,,2469.05618,39
2855_1,True,,2617.154286,39
2855_2,False,,2617.154286,39
2855_3,False,,2617.154286,39
2856_1,True,,2469.05618,39
2856_2,False,,2469.05618,39
2856_3,False,,2469.05618,39
2857_1,True,,2617.154286,39
2857_2,False,,2617.154286,39
2858_1,True,,2469.05618,39
2858_2,False,,2469.05618,39
2858_3,False,,2469.05618,39
2858_4,False,,2469.05618,39
2859_1,True,,2617.154286,39
2859_2,False,,2617.154286,39
2860_1,True,,2469.05618,39
2861_1,True,,2617.154286,39
2861_2,False,,2617.154286,39
2862_1,True,,2469.05618,39
2862_2,False,,2469.05618,39
2862_3,False,,2469.05618,39
2863_1,True,,2617.154286,39
2863_2,False,,2617.154286,39
2864_1,True,,2469.05618,39
2864_2,False,,2469.05618,39
2865_1,True,,2617.154286,39
2865_2,False,,2617.154286,39
2866_1,True,,2469.05618,39
2866_2,False,,2469.05618,39
2867_1,True,,2617.154286,39
2867_2,False,,2617.154286,39
2867_3,False,,2617.154286,39
2867_4,False,,2617.154286,39
2868_1,True,,2469.05618,39
2868_2,False,,2469.05618,39
2868_3,False,,2469.05618,39
2868_4,False,,2469.05618,39
2869_1,True,,2617.154286,39
2869_2,False,,2617.154286,39
2869_3,False,,2617.154286,39
2869_4,False,,2617.154286,39
2870_1,True,,2469.05618,39
2870_2,False,,2469.05618,39
2870_3,False,,2469.05618,39
2870_4,False,,2469.05618,39
2871_1,True,,2617.154286,39
2872_1,True,,2469.05618,39
2872_2,False,,2469.05618,39
2872_3,False,,2469.05618,39
2872_4,False,,2469.05618,39
2872_5,False,,2469.05618,39
2873_1,True,,2617.154286,39
2873_2,False,,2617.154286,39
2873_3,False,,2617.154286,39
2874_1,True,,2469.05618,39
2875_1,True,,2617.154286,39
2875_2,False,,2617.154286,39
2876_1,True,,2469.05618,39
2876_2,False,,2469.05618,39
2877_1,True,,2617.154286,39
2877_2,False,,2617.154286,39
2878_1,True,,2469.05618,39
2878_2,False,,2469.05618,39
2879_1,True,,2617.154286,39
2879_2,False,,2617.154286,39
2880_1,True,,2469.05618,39
2881_1,True,,2617.154286,39
2881_2,False,,2617.154286,39
2882_1,True,,2469.05618,39
2883_1,True,,2617.154286,39
2884_1,True,,2469.05618,39
2884_2,False,,2469.05618,39
2884_3,False,,2469.05618,39
2885_1,True,,2617.154286,39
2885_2,False,,2617.154286,39
2886_1,True,,2469.05618,39
2886_2,False,,2469.05618,39
2886_3,False,,2469.05618,39
2886_4,False,,2469.05618,39
2887_1,True,,2617.154286,39
2887_2,False,,2617.154286,39
2887_3,False,,2617.154286,39
2887_4,False,,2617.154286,39
2888_1,True,,2469.05618,39
2888_2,False,,2469.05618,39
2888_3,False,,2469.05618,39
2889_1,True,,2617.154286,39
2889_2,False,,2617.154286,39
2890_1,True,,2469.05618,39
2890_2,False,,2469.05618,39
2890_3,False,,2469.05618,39
2891_1,True,,2617.154286,39
2891_2,False,,2617.154286,39
2892_1,True,,2469.05618,39
2892_2,False,,2469.05618,39
2892_3,False,,2469.05618,39
2892_4,False,,2469.05618,39
2893_1,True,,2617.154286,39
2893_2,False,,2617.154286,39
2894_1,True,,2469.05618,39
2894_2,False,,2469.05618,39
2895_1,True,,2617.154286,39
2896_1,True,,2469.05618,39
2896_2,False,,2469.05618,39
2896_3,False,,2469.05618,39
2896_4,False,,2469.05618,39
2897_1,True,,2617.154286,39
2897_2,False,,2617.154286,39
2897_3,False,,2617.154286,39
2897_4,False,,2617.154286,39
2898_1,True,,2469.05618,39
2898_2,False,,2469.05618,39
2899_1,True,,2617.154286,39
2899_2,False,,2617.154286,39
2899_3,False,,2617.154286,39
2900_1,True,,2469.05618,39
2901_1,True,,2617.154286,39
2901_2,False,,2617.154286,39
2901_3,False,,2617.154286,39
2902_1,True,,2469.05618,39
2902_2,False,,2469.05618,39
2903_1,True,,2617.154286,39
2903_2,False,,2617.154286,39
2904_1,True,,2469.05618,39
2904_2,False,,2469.05618,39
2905_1,True,,2617.154286,39
2905_2,False,,2617.154286,39
2905_3,False,,2617.154286,39
2905_4,False,,2617.154286,39
2905_5,False,,2617.154286,39
2905_6,False,,2617.154286,39
2906_1,True,,2469.05618,39
2906_2,False,,2469.05618,39
2906_3,False,,2469.05618,39
2906_4,False,,2469.05618,39
2907_1,True,,2617.154286,39
2907_2,False,,2617.154286,39
2908_1,True,,2469.05618,39
2908_2,False,,2469.05618,39
2908_3,False,,2469.05618,39
2908_4,False,,2469.05618,39
2909_1,True,,2617.154286,39
2909_2,False,,2617.154286,39
2910_1,True,,2469.05618,39
2910_2,False,,2469.05618,39
2910_3,False,,2469.05618,39
2910_4,False,,2469.05618,39
2911_1,True,,2617.154286,39
2911_2,False,,2617.154286,39
2912_1,True,,2469.05618,39
2912_2,False,,2469.05618,39
2912_3,False,,2469.05618,39
2913_1,True,,2617.154286,39
2913_2,False,,2617.154286,39
2913_3,False,,2617.154286,39
2913_4,False,,2617.154286,39
2914_1,True,,2469.05618,39
2914_2,False,,2469.05618,39
2915_1,True,,2617.154286,39
2915_2,False,,2617.154286,39
2915_3,False,,2617.154286,39
2915_4,False,,2617.154286,39
2916_1,True,,2469.05618,39
2916_2,False,,2469.05618,39
2917_1,True,,2617.154286,39
2917_2,False,,2617.154286,39
2918_1,True,,2469.05618,39
2918_2,False,,2469.05618,39
2918_3,False,,2469.05618,39
2919_1,True,,2617.154286,39
2919_2,False,,2617.154286,39
2919_3,False,,2617.154286,39
2920_1,True,,2469.05618,39
2920_2,False,,2469.05618,39
2921_1,True,,2617.154286,39
2921_2,False,,2617.154286,39
2921_3,False,,2617.154286,39
2922_1,True,,2469.05618,39
2923_1,True,,2617.154286,39
2924_1,True,,2469.05618,39
2924_2,False,,2469.05618,39
2924_3,False,,2469.05618,39
2925_1,True,,2617.154286,39
2926_1,True,,2469.05618,39
2927_1,True,,2617.154286,39
2927_2,False,,2617.154286,39
2927_3,False,,2617.154286,39
2927_4,False,,2617.154286,39
2928_1,True,,2469.05618,39
2929_1,True,,2617.154286,39
2929_2,False,,2617.154286,39
2930_1,True,,2469.05618,39
2931_1,True,,2617.154286,39
2931_2,False,,2617.154286,39
2932_1,True,,2469.05618,39
2933_1,True,,2617.154286,39
2933_2,False,,2617.154286,39
2933_3,False,,2617.154286,39
2933_4,False,,2617.154286,39
2933_5,False,,2617.154286,39
2934_1,True,,2469.05618,39
2934_2,False,,2469.05618,39
2934_3,False,,2469.05618,39
2934_4,False,,2469.05618,39
2935_1,True,,2617.154286,39
2935_2,False,,2617.154286,39
2936_1,True,,2469.05618,39
2936_2,False,,2469.05618,39
2936_3,False,,2469.05618,39
2936_4,False,,2469.05618,39
2936_5,False,,2469.05618,39
2936_6,False,,2469.05618,39
2937_1,True,,2617.154286,39
2937_2,False,,2617.154286,39
2937_3,False,,2617.154286,39
2937_4,False,,2617.154286,39
2938_1,True,,2469.05618,39
2938_2,False,,2469.05618,39
2938_3,False,,2469.05618,39
2938_4,False,,2469.05618,39
2939_1,True,,2617.154286,39
2939_2,False,,2617.154286,39
2939_3,False,,2617.154286,39
2939_4,False,,2617.154286,39
2939_5,False,,2617.154286,39
2940_1,True,,2469.05618,39
2940_2,False,,2469.05618,39
2941_1,True,,2617.154286,39
2941_2,False,,2617.154286,39
2942_1,True,,2469.05618,39
2942_2,False,,2469.05618,39
2942_3,False,,2469.05618,39
2942_4,False,,2469.05618,39
2943_1,True,,2617.154286,39
2943_2,False,,2617.154286,39
2943_3,False,,2617.154286,39
2943_4,False,,2617.154286,39
2943_5,False,,2617.154286,39
2944_1,True,,2469.05618,39
2944_2,False,,2469.05618,39
2944_3,False,,2469.05618,39
2945_1,True,,2617.154286,39
2945_2,False,,2617.154286,39
2945_3,False,,2617.154286,39
2946_1,True,,2469.05618,39
2946_2,False,,2469.05618,39
2947_1,True,,2617.154286,39
2947_2,False,,2617.154286,39
2947_3,False,,2617.154286,39
2947_4,False,,2617.154286,39
2947_5,False,,2617.154286,39
2948_1,True,,2469.05618,39
2948_2,False,,2469.05618,39
2948_3,False,,2469.05618,39
2948_4,False,,2469.05618,39
2948_5,False,,2469.05618,39
2948_6,False,,2469.05618,39
2948_7,False,,2469.05618,39
2949_1,True,,2617.154286,39
2949_2,False,,2617.154286,39
2950_1,True,,2469.05618,39
2950_2,False,,2469.05618,39
2950_3,False,,2469.05618,39
2950_4,False,,2469.05618,39
2950_5,False,,2469.05618,39
2951_1,True,,2617.154286,39
2951_2,False,,2617.154286,39
2951_3,False,,2617.154286,39
2951_4,False,,2617.154286,39
2951_5,False,,2617.154286,39
2951_6,False,,2617.154286,39
2952_1,True,,2469.05618,39
2953_1,True,,2617.154286,39
2953_2,False,,2617.154286,39
2954_1,True,,2617.154286,39
2955_1,True,,2469.05618,39
2955_2,False,,2469.05618,39
2955_3,False,,2469.05618,39
2955_4,False,,2469.05618,39
2956_1,True,,2617.154286,39
2957_1,True,,2469.05618,39
2957_2,False,,2469.05618,39
2957_3,False,,2469.05618,39
2958_1,True,,2617.154286,39
2958_2,False,,2617.154286,39
2959_1,True,,2469.05618,39
2959_2,False,,2469.05618,39
2960_1,True,,2617.154286,39
2960_2,False,,2617.154286,39
2960_3,False,,2617.154286,39
2960_4,False,,2617.154286,39
2960_5,False,,2617.154286,39
2961_1,True,,2469.05618,39
2961_2,False,,2469.05618,39
2961_3,False,,2469.05618,39
2961_4,False,,2469.05618,39
2962_1,True,,2617.154286,39
2962_2,False,,2617.154286,39
2962_3,False,,2617.154286,39
2962_4,False,,2617.154286,39
2962_5,False,,2617.154286,39
2962_6,False,,2617.154286,39
2963_1,True,,2469.05618,39
2963_2,False,,2469.05618,39
2964_1,True,,2617.154286,39
2964_2,False,,2617.154286,39
2964_3,False,,2617.154286,39
2964_4,False,,2617.154286,39
2964_5,False,,2617.154286,39
2964_6,False,,2617.154286,39
2965_1,True,,2469.05618,39
2966_1,True,,2617.154286,39
2966_2,False,,2617.154286,39
2966_3,False,,2617.154286,39
2967_1,True,,2469.05618,39
2968_1,True,,2617.154286,39
2968_2,False,,2617.154286,39
2968_3,False,,2617.154286,39
2968_4,False,,2617.154286,39
2969_1,True,,2469.05618,39
2969_2,False,,2469.05618,39
2969_3,False,,2469.05618,39
2969_4,False,,2469.05618,39
2969_5,False,,2469.05618,39
2969_6,False,,2469.05618,39
2969_7,False,,2469.05618,39
2970_1,True,,2617.154286,39
2970_2,False,,2617.154286,39
2970_3,False,,2617.154286,39
2970_4,False,,2617.154286,39
2970_5,False,,2617.154286,39
2971_1,True,,2469.05618,39
2972_1,True,,2469.05618,39
2972_2,False,,2469.05618,39
2972_3,False,,2469.05618,39
2972_4,False,,2469.05618,39
2973_1,True,,2469.05618,39
2973_2,False,,2469.05618,39
2973_3,False,,2469.05618,39
2974_1,True,,2617.154286,39
2974_2,False,,2617.154286,39
2974_3,False,,2617.154286,39
2974_4,False,,2617.154286,39
2975_1,True,,2469.05618,39
2975_2,False,,2469.05618,39
2976_1,True,,2617.154286,39
2976_2,False,,2617.154286,39
2976_3,False,,2617.154286,39
2977_1,True,,2469.05618,39
2977_2,False,,2469.05618,39
2978_1,True,,2617.154286,39
2978_2,False,,2617.154286,39
2978_3,False,,2617.154286,39
2978_4,False,,2617.154286,39
2978_5,False,,2617.154286,39
2979_1,True,,2469.05618,39
2979_2,False,,2469.05618,39
2979_3,False,,2469.05618,39
2980_1,True,,2617.154286,39
2980_2,False,,2617.154286,39
2980_3,False,,2617.154286,39
2981_1,True,,2469.05618,39
2981_2,False,,2469.05618,39
2981_3,False,,2469.05618,39
2981_4,False,,2469.05618,39
2982_1,True,,2617.154286,39
2982_2,False,,2617.154286,39
2982_3,False,,2617.154286,39
2983_1,True,,2469.05618,39
2983_2,False,,2469.05618,39
2983_3,False,,2469.05618,39
2983_4,False,,2469.05618,39
2984_1,True,,2617.154286,39
2984_2,False,,2617.154286,39
2984_3,False,,2617.154286,39
2984_4,False,,2617.154286,39
2985_1,True,,2469.05618,39
2986_1,True,,2617.154286,39
2986_2,False,,2617.154286,39
2987_1,True,,2469.05618,39
2987_2,False,,2469.05618,39
2987_3,False,,2469.05618,39
2988_1,True,,2617.154286,39
2988_2,False,,2617.154286,39
2989_1,True,,2469.05618,39
2989_2,False,,2469.05618,39
2990_1,True,,2617.154286,39
2990_2,False,,2617.154286,39
2991_1,True,,2469.05618,39
2991_2,False,,2469.05618,39
2992_1,True,,2617.154286,39
2992_2,False,,2617.154286,39
2992_3,False,,2617.154286,39
2993_1,True,,2469.05618,39
2993_2,False,,2469.05618,39
2994_1,True,,2617.154286,39
2994_2,False,,2617.154286,39
2995_1,True,,2469.05618,39
2995_2,False,,2469.05618,39
2995_3,False,,2469.05618,39
2996_1,True,,2617.154286,39
2996_2,False,,2617.154286,39
2997_1,True,,2469.05618,39
2997_2,False,,2469.05618,39
2997_3,False,,2469.05618,39
2997_4,False,,2469.05618,39
2997_5,False,,2469.05618,39
2997_6,False,,2469.05618,39
2997_7,False,,2469.05618,39
2998_1,True,,2617.154286,39
2999_1,True,,2469.05618,39
2999_2,False,,2469.05618,39
3000_1,True,,2617.154286,39
3000_2,False,,2617.154286,39
3001_1,True,,2469.05618,39
3001_2,False,,2469.05618,39
3001_3,False,,2469.05618,39
3001_4,False,,2469.05618,39
3002_1,True,,2617.154286,39
3002_2,False,,2617.154286,39
3002_3,False,,2617.154286,39
3003_1,True,,2469.05618,39
3003_2,False,,2469.05618,39
3004_1,True,,2617.154286,39
3004_2,False,,2617.154286,39
3004_3,False,,2617.154286,39
3004_4,False,,2617.154286,39
3004_5,False,,2617.154286,39
3005_1,True,,2469.05618,39
3005_2,False,,2469.05618,39
3005_3,False,,2469.05618,39
3005_4,False,,2469.05618,39
3005_5,False,,2469.05618,39
3006_1,True,,2617.154286,39
3006_2,False,,2617.154286,39
3007_1,True,,2469.05618,39
3007_2,False,,2469.05618,39
3007_3,False,,2469.05618,39
3008_1,True,,2617.154286,39
3008_2,False,,2617.154286,39
3008_3,False,,2617.154286,39
3009_1,True,,2469.05618,39
3009_2,False,,2469.05618,39
3009_3,False,,2469.05618,39
3009_4,False,,2469.05618,39
3009_5,False,,2469.05618,39
3010_1,True,,2617.154286,39
3010_2,False,,2617.154286,39
3010_3,False,,2617.154286,39
3010_4,False,,2617.154286,39
3011_1,True,,2469.05618,39
3011_2,False,,2469.05618,39
3012_1,True,,2617.154286,39
3012_2,False,,2617.154286,39
3012_3,False,,2617.154286,39
3012_4,False,,2617.154286,39
3013_1,True,,2469.05618,39
3013_2,False,,2469.05618,39
3013_3,False,,2469.05618,39
3013_4,False,,2469.05618,39
3014_1,True,,2617.154286,39
3014_2,False,,2617.154286,39
3014_3,False,,2617.154286,39
3014_4,False,,2617.154286,39
3015_1,True,,2469.05618,39
3015_2,False,,2469.05618,39
3015_3,False,,2469.05618,39
3015_4,False,,2469.05618,39
3015_5,False,,2469.05618,39
3016_1,True,,2617.154286,39
3016_2,False,,2617.154286,39
3016_3,False,,2617.154286,39
3017_1,True,,2469.05618,39
3017_2,False,,2469.05618,39
3017_3,False,,2469.05618,39
3017_4,False,,2469.05618,39
3018_1,True,,2617.154286,39
3018_2,False,,2617.154286,39
3018_3,False,,2617.154286,39
3018_4,False,,2617.154286,39
3018_5,False,,2617.154286,39
3019_1,True,,2469.05618,39
3019_2,False,,2469.05618,39
3019_3,False,,2469.05618,39
3019_4,False,,2469.05618,39
3020_1,True,,2617.154286,39
3020_2,False,,2617.154286,39
3020_3,False,,2617.154286,39
3021_1,True,,2469.05618,39
3021_2,False,,2469.05618,39
3021_3,False,,2469.05618,39
3021_4,False,,2469.05618,39
3021_5,False,,2469.05618,39
3022_1,True,,2617.154286,39
3022_2,False,,2617.154286,39
3023_1,True,,2469.05618,39
3023_2,False,,2469.05618,39
3023_3,False,,2469.05618,39
3023_4,False,,2469.05618,39
3023_5,False,,2469.05618,39
3024_1,True,,2617.154286,39
3025_1,True,,2469.05618,39
3025_2,False,,2469.05618,39
3026_1,True,,2617.154286,39
3026_2,False,,2617.154286,39
3027_1,True,,2469.05618,39
3028_1,True,,2617.154286,39
3028_2,False,,2617.154286,39
3029_1,True,,2469.05618,39
3029_2,False,,2469.05618,39
3029_3,False,,2469.05618,39
3030_1,True,,2617.154286,39
3030_2,False,,2617.154286,39
3030_3,False,,2617.154286,39
3030_4,False,,2617.154286,39
3031_1,True,,2469.05618,39
3032_1,True,,2617.154286,39
3032_2,False,,2617.154286,39
3032_3,False,,2617.154286,39
3032_4,False,,2617.154286,39
3033_1,True,,2469.05618,39
3033_2,False,,2469.05618,39
3033_3,False,,2469.05618,39
3033_4,False,,2469.05618,39
3033_5,False,,2469.05618,39
3034_1,True,,2617.154286,39
3034_2,False,,2617.154286,39
3034_3,False,,2617.154286,39
3035_1,True,,2469.05618,39
3035_2,False,,2469.05618,39
3036_1,True,,2617.154286,39
3036_2,False,,2617.154286,39
3037_1,True,,2469.05618,39
3038_1,True,,2617.154286,39
3038_2,False,,2617.154286,39
3038_3,False,,2617.154286,39
3039_1,True,,2469.05618,39
3039_2,False,,2469.05618,39
3039_3,False,,2469.05618,39
3040_1,True,,2617.154286,39
3040_2,False,,2617.154286,39
3041_1,True,,2469.05618,39
3041_2,False,,2469.05618,39
3041_3,False,,2469.05618,39
3041_4,False,,2469.05618,39
3042_1,True,,2617.154286,39
3042_2,False,,2617.154286,39
3042_3,False,,2617.154286,39
3042_4,False,,2617.154286,39
3043_1,True,,2469.05618,39
3043_2,False,,2469.05618,39
3043_3,False,,2469.05618,39
3044_1,True,,2617.154286,39
3044_2,False,,2617.154286,39
3044_3,False,,2617.154286,39
3044_4,False,,2617.154286,39
3045_1,True,,2469.05618,39
3045_2,False,,2469.05618,39
3045_3,False,,2469.05618,39
3045_4,False,,2469.05618,39
3045_5,False,,2469.05618,39
3046_1,True,,2617.154286,39
3046_2,False,,2617.154286,39
3046_3,False,,2617.154286,39
3046_4,False,,2617.154286,39
3047_1,True,,2469.05618,39
3047_2,False,,2469.05618,39
3047_3,False,,2469.05618,39
3047_4,False,,2469.05618,39
3048_1,True,,2617.154286,39
3048_2,False,,2617.154286,39
3048_3,False,,2617.154286,39
3049_1,True,,2469.05618,39
3049_2,False,,2469.05618,39
3049_3,False,,2469.05618,39
3050_1,True,,2617.154286,39
3050_2,False,,2617.154286,39
3050_3,False,,2617.154286,39
3050_4,False,,2617.154286,39
3051_1,True,,2469.05618,39
3051_2,False,,2469.05618,39
3051_3,False,,2469.05618,39
3052_1,True,,2617.154286,39
3052_2,False,,2617.154286,39
3052_3,False,,2617.154286,39
3053_1,True,,2469.05618,39
3053_2,False,,2469.05618,39
3054_1,True,,2617.154286,39
3054_2,False,,2617.154286,39
3054_3,False,,2617.154286,39
3055_1,True,,2469.05618,39
3055_2,False,,2469.05618,39
3055_3,False,,2469.05618,39
3055_4,False,,2469.05618,39
3055_5,False,,2469.05618,39
3056_1,True,,2617.154286,39
3056_2,False,,2617.154286,39
3056_3,False,,2617.154286,39
3056_4,False,,2617.154286,39
3056_5,False,,2617.154286,39
3057_1,True,,2469.05618,39
3057_2,False,,2469.05618,39
3057_3,False,,2469.05618,39
3058_1,True,,2617.154286,39
3058_2,False,,2617.154286,39
3058_3,False,,2617.154286,39
3059_1,True,,2469.05618,39
3059_2,False,,2469.05618,39
3059_3,False,,2469.05618,39
3060_1,True,,2617.154286,39
3060_2,False,,2617.154286,39
3061_1,True,,2469.05618,39
3061_2,False,,2469.05618,39
3061_3,False,,2469.05618,39
3061_4,False,,2469.05618,39
3062_1,True,,2617.154286,39
3062_2,False,,2617.154286,39
3062_3,False,,2617.154286,39
3062_4,False,,2617.154286,39
3062_5,False,,2617.154286,39
3063_1,True,,2469.05618,39
3063_2,False,,2469.05618,39
3064_1,True,,2617.154286,39
3064_2,False,,2617.154286,39
3064_3,False,,2617.154286,39
3065_1,True,,2469.05618,39
3065_2,False,,2469.05618,39
3065_3,False,,2469.05618,39
3066_1,True,,2617.154286,39
3066_2,False,,2617.154286,39
3067_1,True,,2469.05618,39
3068_1,True,,2617.154286,39
3068_2,False,,2617.154286,39
3068_3,False,,2617.154286,39
3068_4,False,,2617.154286,39
3069_1,True,,2469.05618,39
3069_2,False,,2469.05618,39
3070_1,True,,2617.154286,39
3070_2,False,,2617.154286,39
3070_3,False,,2617.154286,39
3070_4,False,,2617.154286,39
3070_5,False,,2617.154286,39
3070_6,False,,2617.154286,39
3070_7,False,,2617.154286,39
3070_8,False,,2617.154286,39
3071_1,True,,2469.05618,39
3071_2,False,,2469.05618,39
3071_3,False,,2469.05618,39
3072_1,True,,2617.154286,39
3072_2,False,,2617.154286,39
3073_1,True,,2469.05618,39
3073_2,False,,2469.05618,39
3073_3,False,,2469.05618,39
3073_4,False,,2469.05618,39
3074_1,True,,2617.154286,39
3074_2,False,,2617.154286,39
3074_3,False,,2617.154286,39
3074_4,False,,2617.154286,39
3075_1,True,,2469.05618,39
3075_2,False,,2469.05618,39
3075_3,False,,2469.05618,39
3075_4,False,,2469.05618,39
3075_5,False,,2469.05618,39
3075_6,False,,2469.05618,39
3076_1,True,,2617.154286,39
3076_2,False,,2617.154286,39
3076_3,False,,2617.154286,39
3076_4,False,,2617.154286,39
3076_5,False,,2617.154286,39
3077_1,True,,2469.05618,39
3077_2,False,,2469.05618,39
3078_1,True,,2617.154286,39
3078_2,False,,2617.154286,39
3078_3,False,,2617.154286,39
3078_4,False,,2617.154286,39
3078_5,False,,2617.154286,39
3078_6,False,,2617.154286,39
3078_7,False,,2617.154286,39
3079_1,True,,2469.05618,39
3079_2,False,,2469.05618,39
3079_3,False,,2469.05618,39
3080_1,True,,2617.154286,39
3080_2,False,,2617.154286,39
3080_3,False,,2617.154286,39
3081_1,True,,2469.05618,39
3082_1,True,,2617.154286,39
3082_2,False,,2617.154286,39
3082_3,False,,2617.154286,39
3083_1,True,,2469.05618,39
3084_1,True,,2617.154286,39
3084_2,False,,2617.154286,39
3084_3,False,,2617.154286,39
3084_4,False,,2617.154286,39
3085_1,True,,2469.05618,39
3085_2,False,,2469.05618,39
3085_3,False,,2469.05618,39
3086_1,True,,2617.154286,39
3086_2,False,,2617.154286,39
3087_1,True,,2469.05618,39
3087_2,False,,2469.05618,39
3088_1,True,,2617.154286,39
3088_2,False,,2617.154286,39
3089_1,True,,2469.05618,39
3089_2,False,,2469.05618,39
3089_3,False,,2469.05618,39
3090_1,True,,2617.154286,39
3090_2,False,,2617.154286,39
3091_1,True,,2469.05618,39
3091_2,False,,2469.05618,39
3091_3,False,,2469.05618,39
3091_4,False,,2469.05618,39
3092_1,True,,2617.154286,39
3092_2,False,,2617.154286,39
3092_3,False,,2617.154286,39
3093_1,True,,2469.05618,39
3093_2,False,,2469.05618,39
3093_3,False,,2469.05618,39
3093_4,False,,2469.05618,39
3094_1,True,,2617.154286,39
3094_2,False,,2617.154286,39
3094_3,False,,2617.154286,39
3095_1,True,,2469.05618,39
3095_2,False,,2469.05618,39
3095_3,False,,2469.05618,39
3096_1,True,,2617.154286,39
3096_2,False,,2617.154286,39
3096_3,False,,2617.154286,39
3097_1,True,,2469.05618,39
3098_1,True,,2617.154286,39
3098_2,False,,2617.154286,39
3099_1,True,,2469.05618,39
3099_2,False,,2469.05618,39
3099_3,False,,2469.05618,39
3099_4,False,,2469.05618,39
3099_5,False,,2469.05618,39
3099_6,False,,2469.05618,39
3099_7,False,,2469.05618,39
3100_1,True,,2617.154286,39
3100_2,False,,2617.154286,39
3100_3,False,,2617.154286,39
3100_4,False,,2617.154286,39
3100_5,False,,2617.154286,39
3101_1,True,,2469.05618,39
3101_2,False,,2469.05618,39
3101_3,False,,2469.05618,39
3101_4,False,,2469.05618,39
3102_1,True,,2617.154286,39
3102_2,False,,2617.154286,39
3102_3,False,,2617.154286,39
3102_4,False,,2617.154286,39
3102_5,False,,2617.154286,39
3103_1,True,,2469.05618,39
3103_2,False,,2469.05618,39
3103_3,False,,2469.05618,39
3104_1,True,,2617.154286,39
3104_2,False,,2617.154286,39
3104_3,False,,2617.154286,39
3105_1,True,,2469.05618,39
3105_2,False,,2469.05618,39
3105_3,False,,2469.05618,39
3105_4,False,,2469.05618,39
3106_1,True,,2617.154286,39
3106_2,False,,2617.154286,39
3106_3,False,,2617.154286,39
3107_1,True,,2469.05618,39
3108_1,True,,2617.154286,39
3108_2,False,,2617.154286,39
3108_3,False,,2617.154286,39
3109_1,True,,2469.05618,39
3109_2,False,,2469.05618,39
3110_1,True,,2617.154286,39
3110_2,False,,2617.154286,39
3110_3,False,,2617.154286,39
3111_1,True,,2469.05618,39
3112_1,True,,2617.154286,39
3112_2,False,,2617.154286,39
3113_1,True,,2469.05618,39
3114_1,True,,2617.154286,39
3114_2,False,,2617.154286,39
3114_3,False,,2617.154286,39
3114_4,False,,2617.154286,39
3115_1,True,,2469.05618,39
3115_2,False,,2469.05618,39
3115_3,False,,2469.05618,39
3115_4,False,,2469.05618,39
3115_5,False,,2469.05618,39
3116_1,True,,2617.154286,39
3117_1,True,,2469.05618,39
3117_2,False,,2469.05618,39
3118_1,True,,2617.154286,39
3118_2,False,,2617.154286,39
3119_1,True,,2469.05618,39
3119_2,False,,2469.05618,39
3119_3,False,,2469.05618,39
3120_1,True,,2617.154286,39
3120_2,False,,2617.154286,39
3120_3,False,,2617.154286,39
3120_4,False,,2617.154286,39
3121_1,True,,2469.05618,39
3121_2,False,,2469.05618,39
3121_3,False,,2469.05618,39
3122_1,True,,2617.154286,39
3122_2,False,,2617.154286,39
3123_1,True,,2469.05618,39
3123_2,False,,2469.05618,39
3124_1,True,,2617.154286,39
3124_2,False,,2617.154286,39
3124_3,False,,2617.154286,39
3125_1,True,,2469.05618,39
3126_1,True,,2617.154286,39
3126_2,False,,2617.154286,39
3126_3,False,,2617.154286,39
3127_1,True,,2469.05618,39
3127_2,False,,2469.05618,39
3127_3,False,,2469.05618,39
3128_1,True,,2617.154286,39
3128_2,False,,2617.154286,39
3128_3,False,,2617.154286,39
3128_4,False,,2617.154286,39
3129_1,True,,2469.05618,39
3129_2,False,,2469.05618,39
3130_1,True,,2617.154286,39
3131_1,True,,2469.05618,39
3131_2,False,,2469.05618,39
3131_3,False,,2469.05618,39
3132_1,True,,2617.154286,39
3132_2,False,,2617.154286,39
3133_1,True,,2469.05618,39
3133_2,False,,2469.05618,39
3134_1,True,,2617.154286,39
3134_2,False,,2617.154286,39
3135_1,True,,2469.05618,39
3135_2,False,,2469.05618,39
3136_1,True,,2617.154286,39
3136_2,False,,2617.154286,39
3137_1,True,,2469.05618,39
3137_2,False,,2469.05618,39
3137_3,False,,2469.05618,39
3137_4,False,,2469.05618,39
3138_1,True,,2617.154286,39
3139_1,True,,2469.05618,39
3139_2,False,,2469.05618,39
3139_3,False,,2469.05618,39
3139_4,False,,2469.05618,39
3140_1,True,,2469.05618,39
3140_2,False,,2469.05618,39
3140_3,False,,2469.05618,39
3141_1,True,,2469.05618,39
3142_1,True,,2617.154286,39
3142_2,False,,2617.154286,39
3142_3,False,,2617.154286,39
3142_4,False,,2617.154286,39
3143_1,True,,2469.05618,39
3143_2,False,,2469.05618,39
3143_3,False,,2469.05618,39
3143_4,False,,2469.05618,39
3144_1,True,,2617.154286,39
3144_2,False,,2617.154286,39
3144_3,False,,2617.154286,39
3144_4,False,,2617.154286,39
3144_5,False,,2617.154286,39
3144_6,False,,2617.154286,39
3145_1,True,,2469.05618,39
3145_2,False,,2469.05618,39
3146_1,True,,2617.154286,39
3146_2,False,,2617.154286,39
3146_3,False,,2617.154286,39
3147_1,True,,2469.05618,39
3148_1,True,,2617.154286,39
3148_2,False,,2617.154286,39
3148_3,False,,2617.154286,39
3148_4,False,,2617.154286,39
3149_1,True,,2469.05618,39
3149_2,False,,2469.05618,39
3149_3,False,,2469.05618,39
3149_4,False,,2469.05618,39
3150_1,True,,2617.154286,39
3150_2,False,,2617.154286,39
3150_3,False,,2617.154286,39
3150_4,False,,2617.154286,39
3151_1,True,,2469.05618,39
3151_2,False,,2469.05618,39
3151_3,False,,2469.05618,39
3151_4,False,,2469.05618,39
3151_5,False,,2469.05618,39
3152_1,True,,2617.154286,39
3152_2,False,,2617.154286,39
3152_3,False,,2617.154286,39
3152_4,False,,2617.154286,39
3153_1,True,,2469.05618,39
3154_1,True,,2617.154286,39
3154_2,False,,2617.154286,39
3155_1,True,,2469.05618,39
3155_2,False,,2469.05618,39
3155_3,False,,2469.05618,39
3156_1,True,,2617.154286,39
3156_2,False,,2617.154286,39
3156_3,False,,2617.154286,39
3156_4,False,,2617.154286,39
3156_5,False,,2617.154286,39
3157_1,True,,2469.05618,39
3157_2,False,,2469.05618,39
3157_3,False,,2469.05618,39
3158_1,True,,2617.154286,39
3158_2,False,,2617.154286,39
3158_3,False,,2617.154286,39
3158_4,False,,2617.154286,39
3159_1,True,,2469.05618,39
3160_1,True,,2617.154286,39
3161_1,True,,2469.05618,39
3161_2,False,,2469.05618,39
3162_1,True,,2617.154286,39
3162_2,False,,2617.154286,39
3162_3,False,,2617.154286,39
3162_4,False,,2617.154286,39
3163_1,True,,2469.05618,39
3164_1,True,,2617.154286,39
3164_2,False,,2617.154286,39
3165_1,True,,2469.05618,39
3166_1,True,,2617.154286,39
3166_2,False,,2617.154286,39
3167_1,True,,2469.05618,39
3167_2,False,,2469.05618,39
3167_3,False,,2469.05618,39
3168_1,True,,2617.154286,39
3168_2,False,,2617.154286,39
3168_3,False,,2617.154286,39
3168_4,False,,2617.154286,39
3169_1,True,,2469.05618,39
3169_2,False,,2469.05618,39
3170_1,True,,2617.154286,39
3170_2,False,,2617.154286,39
3171_1,True,,2469.05618,39
3172_1,True,,2617.154286,39
3172_2,False,,2617.154286,39
3172_3,False,,2617.154286,39
3172_4,False,,2617.154286,39
3173_1,True,,2469.05618,39
3173_2,False,,2469.05618,39
3174_1,True,,2617.154286,39
3174_2,False,,2617.154286,39
3175_1,True,,2469.05618,39
3175_2,False,,2469.05618,39
3175_3,False,,2469.05618,39
3175_4,False,,2469.05618,39
3175_5,False,,2469.05618,39
3176_1,True,,2617.154286,39
3176_2,False,,2617.154286,39
3176_3,False,,2617.154286,39
3176_4,False,,2617.154286,39
3177_1,True,,2469.05618,39
3178_1,True,,2617.154286,39
3178_2,False,,2617.154286,39
3179_1,True,,2469.05618,39
3179_2,False,,2469.05618,39
3179_3,False,,2469.05618,39
3180_1,True,,2617.154286,39
3180_2,False,,2617.154286,39
3180_3,False,,2617.154286,39
3181_1,True,,2469.05618,39
3181_2,False,,2469.05618,39
3181_3,False,,2469.05618,39
3181_4,False,,2469.05618,39
3181_5,False,,2469.05618,39
3182_1,True,,2617.154286,39
3182_2,False,,2617.154286,39
3182_3,False,,2617.154286,39
3182_4,False,,2617.154286,39
3182_5,False,,2617.154286,39
3183_1,True,,2469.05618,39
3184_1,True,,2617.154286,39
3185_1,True,,2469.05618,39
3185_2,False,,2469.05618,39
3186_1,True,,2617.154286,39
3187_1,True,,2469.05618,39
3187_2,False,,2469.05618,39
3187_3,False,,2469.05618,39
3188_1,True,,2617.154286,39
3188_2,False,,2617.154286,39
3188_3,False,,2617.154286,39
3188_4,False,,2617.154286,39
3188_5,False,,2617.154286,39
3189_1,True,,2469.05618,39
3189_2,False,,2469.05618,39
3189_3,False,,2469.05618,39
3189_4,False,,2469.05618,39
3190_1,True,,2617.154286,39
3190_2,False,,2617.154286,39
3190_3,False,,2617.154286,39
3190_4,False,,2617.154286,39
3191_1,True,,2469.05618,39
3191_2,False,,2469.05618,39
3191_3,False,,2469.05618,39
3192_1,True,,2617.154286,39
3192_2,False,,2617.154286,39
3192_3,False,,2617.154286,39
3192_4,False,,2617.154286,39
3193_1,True,,2469.05618,39
3193_2,False,,2469.05618,39
3193_3,False,,2469.05618,39
3193_4,False,,2469.05618,39
3193_5,False,,2469.05618,39
3194_1,True,,2617.154286,39
3194_2,False,,2617.154286,39
3194_3,False,,2617.154286,39
3194_4,False,,2617.154286,39
3195_1,True,,2469.05618,39
3195_2,False,,2469.05618,39
3195_3,False,,2469.05618,39
3195_4,False,,2469.05618,39
3196_1,True,,2617.154286,39
3196_2,False,,2617.154286,39
3197_1,True,,2469.05618,39
3197_2,False,,2469.05618,39
3197_3,False,,2469.05618,39
3198_1,True,,1265.571429,41
3198_2,False,,1265.571429,41
3199_1,True,,1290.894737,41
3199_2,False,,1290.894737,41
3199_3,False,,1290.894737,41
3199_4,False,,1290.894737,41
3200_1,True,,1265.571429,41
3200_2,False,,1265.571429,41
3200_3,False,,1265.571429,41
3201_1,True,,1290.894737,41
3201_2,False,,1290.894737,41
3201_3,False,,1290.894737,41
3201_4,False,,1290.894737,41
3202_1,True,,1265.571429,41
3203_1,True,,1290.894737,41
3203_2,False,,1290.894737,41
3203_3,False,,1290.894737,41
3203_4,False,,1290.894737,41
3204_1,True,,1265.571429,41
3204_2,False,,1265.571429,41
3204_3,False,,1265.571429,41
3205_1,True,,1290.894737,41
3205_2,False,,1290.894737,41
3205_3,False,,1290.894737,41
3205_4,False,,1290.894737,41
3206_1,True,,1265.571429,41
3206_2,False,,1265.571429,41
3206_3,False,,1265.571429,41
3207_1,True,,1290.894737,41
3207_2,False,,1290.894737,41
3208_1,True,,1265.571429,41
3208_2,False,,1265.571429,41
3208_3,False,,1265.571429,41
3208_4,False,,1265.571429,41
3208_5,False,,1265.571429,41
3208_6,False,,1265.571429,41
3209_1,True,,1290.894737,41
3209_2,False,,1290.894737,41
3209_3,False,,1290.894737,41
3210_1,True,,1265.571429,41
3210_2,False,,1265.571429,41
3210_3,False,,1265.571429,41
3210_4,False,,1265.571429,41
3210_5,False,,1265.571429,41
3210_6,False,,1265.571429,41
3210_7,False,,1265.571429,41
3211_1,True,,1290.894737,41
3211_2,False,,1290.894737,41
3211_3,False,,1290.894737,41
3211_4,False,,1290.894737,41
3212_1,True,,1265.571429,41
3212_2,False,,1265.571429,41
3212_3,False,,1265.571429,41
3212_4,False,,1265.571429,41
3212_5,False,,1265.571429,41
3213_1,True,,1290.894737,41
3213_2,False,,1290.894737,41
3213_3,False,,1290.894737,41
3214_1,True,,1265.571429,41
3214_2,False,,1265.571429,41
3214_3,False,,1265.571429,41
3214_4,False,,1265.571429,41
3215_1,True,,1290.894737,41
3216_1,True,,1265.571429,41
3216_2,False,,1265.571429,41
3217_1,True,,1290.894737,41
3217_2,False,,1290.894737,41
3217_3,False,,1290.894737,41
3218_1,True,,1265.571429,41
3218_2,False,,1265.571429,41
3218_3,False,,1265.571429,41
3218_4,False,,1265.571429,41
3218_5,False,,1265.571429,41
3219_1,True,,1290.894737,41
3219_2,False,,1290.894737,41
3219_3,False,,1290.894737,41
3220_1,True,,1265.571429,41
3220_2,False,,1265.571429,41
3220_3,False,,1265.571429,41
3220_4,False,,1265.571429,41
3221_1,True,,1290.894737,41
3222_1,True,,1265.571429,41
3222_2,False,,1265.571429,41
3222_3,False,,1265.571429,41
3222_4,False,,1265.571429,41
3223_1,True,,1290.894737,41
3223_2,False,,1290.894737,41
3223_3,False,,1290.894737,41
3224_1,True,,1265.571429,41
3224_2,False,,1265.571429,41
3224_3,False,,1265.571429,41
3224_4,False,,1265.571429,41
3224_5,False,,1265.571429,41
3225_1,True,,1290.894737,41
3225_2,False,,1290.894737,41
3225_3,False,,1290.894737,41
3226_1,True,,1265.571429,41
3226_2,False,,1265.571429,41
3226_3,False,,1265.571429,41
3226_4,False,,1265.571429,41
3226_5,False,,1265.571429,41
3226_6,False,,1265.571429,41
3227_1,True,,1290.894737,41
3227_2,False,,1290.894737,41
3227_3,False,,1290.894737,41
3227_4,False,,1290.894737,41
3228_1,True,,1265.571429,41
3228_2,False,,1265.571429,41
3228_3,False,,1265.571429,41
3228_4,False,,1265.571429,41
3228_5,False,,1265.571429,41
3229_1,True,,1290.894737,41
3229_2,False,,1290.894737,41
3229_3,False,,1290.894737,41
3229_4,False,,1290.894737,41
3230_1,True,,1265.571429,41
3230_2,False,,1265.571429,41
3230_3,False,,1265.571429,41
3230_4,False,,1265.571429,41
3231_1,True,,1290.894737,41
3231_2,False,,1290.894737,41
3232_1,True,,1265.571429,41
3232_2,False,,1265.571429,41
3232_3,False,,1265.571429,41
3232_4,False,,1265.571429,41
3232_5,False,,1265.571429,41
3233_1,True,,1290.894737,41
3233_2,False,,1290.894737,41
3233_3,False,,1290.894737,41
3233_4,False,,1290.894737,41
3234_1,True,,1265.571429,41
3234_2,False,,1265.571429,41
3234_3,False,,1265.571429,41
3234_4,False,,1265.571429,41
3234_5,False,,1265.571429,41
3234_6,False,,1265.571429,41
3235_1,True,,1290.894737,41
3235_2,False,,1290.894737,41
3235_3,False,,1290.894737,41
3235_4,False,,1290.894737,41
3235_5,False,,1290.894737,41
3235_6,False,,1290.894737,41
3236_1,True,,1265.571429,41
3236_2,False,,1265.571429,41
3236_3,False,,1265.571429,41
3237_1,True,,1290.894737,41
3237_2,False,,1290.894737,41
3238_1,True,,1265.571429,41
3238_2,False,,1265.571429,41
3238_3,False,,1265.571429,41
3239_1,True,,1290.894737,41
3239_2,False,,1290.894737,41
3240_1,True,,1265.571429,41
3240_2,False,,1265.571429,41
3240_3,False,,1265.571429,41
3240_4,False,,1265.571429,41
3241_1,True,,1290.894737,41
3241_2,False,,1290.894737,41
3242_1,True,,1265.571429,41
3242_2,False,,1265.571429,41
3242_3,False,,1265.571429,41
3242_4,False,,1265.571429,41
3242_5,False,,1265.571429,41
3243_1,True,,1290.894737,41
3243_2,False,,1290.894737,41
3243_3,False,,1290.894737,41
3243_4,False,,1290.894737,41
3243_5,False,,1290.894737,41
3243_6,False,,1290.894737,41
3244_1,True,,1265.571429,41
3244_2,False,,1265.571429,41
3244_3,False,,1265.571429,41
3245_1,True,,1290.894737,41
3245_2,False,,1290.894737,41
3245_3,False,,1290.894737,41
3246_1,True,,1265.571429,41
3246_2,False,,1265.571429,41
3246_3,False,,1265.571429,41
3246_4,False,,1265.571429,41
3247_1,True,,1290.894737,41
3248_1,True,,1265.571429,41
3248_2,False,,1265.571429,41
3248_3,False,,1265.571429,41
3249_1,True,,1290.894737,41
3250_1,True,,1265.571429,41
3251_1,True,,1290.894737,41
3251_2,False,,1290.894737,41
3252_1,True,,1265.571429,41
3252_2,False,,1265.571429,41
3252_3,False,,1265.571429,41
3253_1,True,,1290.894737,41
3253_2,False,,1290.894737,41
3253_3,False,,1290.894737,41
3254_1,True,,1265.571429,44
3254_2,False,,1265.571429,44
3254_3,False,,1265.571429,44
3254_4,False,,1265.571429,44
3255_1,True,,1290.894737,44
3255_2,False,,1290.894737,44
3255_3,False,,1290.894737,44
3255_4,False,,1290.894737,44
3256_1,True,,1265.571429,44
3256_2,False,,1265.571429,44
3256_3,False,,1265.571429,44
3256_4,False,,1265.571429,44
3257_1,True,,1290.894737,44
3257_2,False,,1290.894737,44
3258_1,True,,1265.571429,44
3258_2,False,,1265.571429,44
3258_3,False,,1265.571429,44
3259_1,True,,1290.894737,44
3259_2,False,,1290.894737,44
3260_1,True,,1265.571429,44
3261_1,True,,1290.894737,44
3262_1,True,,1265.571429,44
3263_1,True,,1290.894737,44
3264_1,True,,1265.571429,44
3264_2,False,,1265.571429,44
3264_3,False,,1265.571429,44
3264_4,False,,1265.571429,44
3265_1,True,,1290.894737,44
3266_1,True,,1265.571429,44
3266_2,False,,1265.571429,44
3266_3,False,,1265.571429,44
3266_4,False,,1265.571429,44
3266_5,False,,1265.571429,44
3266_6,False,,1265.571429,44
3266_7,False,,1265.571429,44
3267_1,True,,1290.894737,44
3267_2,False,,1290.894737,44
3268_1,True,,1265.571429,44
3268_2,False,,1265.571429,44
3269_1,True,,1290.894737,44
3270_1,True,,1265.571429,44
3270_2,False,,1265.571429,44
3270_3,False,,1265.571429,44
3270_4,False,,1265.571429,44
3270_5,False,,1265.571429,44
3271_1,True,,1290.894737,44
3272_1,True,,1265.571429,44
3272_2,False,,1265.571429,44
3272_3,False,,1265.571429,44
3273_1,True,,1290.894737,44
3273_2,False,,1290.894737,44
3273_3,False,,1290.894737,44
3273_4,False,,1290.894737,44
3274_1,True,,1265.571429,44
3274_2,False,,1265.571429,44
3274_3,False,,1265.571429,44
3274_4,False,,1265.571429,44
3274_5,False,,1265.571429,44
3274_6,False,,1265.571429,44
3274_7,False,,1265.571429,44
3275_1,True,,1290.894737,44
3275_2,False,,1290.894737,44
3275_3,False,,1290.894737,44
3275_4,False,,1290.894737,44
3275_5,False,,1290.894737,44
3276_1,True,,1265.571429,44
3276_2,False,,1265.571429,44
3277_1,True,,1290.894737,44
3277_2,False,,1290.894737,44
3277_3,False,,1290.894737,44
3277_4,False,,1290.894737,44
3278_1,True,,1265.571429,45
3278_2,False,,1265.571429,45
3278_3,False,,1265.571429,45
3278_4,False,,1265.571429,45
3279_1,True,,1290.894737,45
3279_2,False,,1290.894737,45
3279_3,False,,1290.894737,45
3279_4,False,,1290.894737,45
3280_1,True,,1265.571429,45
3280_2,False,,1265.571429,45
3281_1,True,,1290.894737,45
3281_2,False,,1290.894737,45
3282_1,True,,1265.571429,45
3282_2,False,,1265.571429,45
3282_3,False,,1265.571429,45
3282_4,False,,1265.571429,45
3283_1,True,,1290.894737,45
3283_2,False,,1290.894737,45
3283_3,False,,1290.894737,45
3283_4,False,,1290.894737,45
3284_1,True,,1265.571429,45
3284_2,False,,1265.571429,45
3284_3,False,,1265.571429,45
3284_4,False,,1265.571429,45
3284_5,False,,1265.571429,45
3285_1,True,,1290.894737,45
3285_2,False,,1290.894737,45
3285_3,False,,1290.894737,45
3285_4,False,,1290.894737,45
3285_5,False,,1290.894737,45
3286_1,True,,1265.571429,45
3286_2,False,,1265.571429,45
3286_3,False,,1265.571429,45
3287_1,True,,1290.894737,45
3287_2,False,,1290.894737,45
3287_3,False,,1290.894737,45
3287_4,False,,1290.894737,45
3287_5,False,,1290.894737,45
3287_6,False,,1290.894737,45
3288_1,True,,1265.571429,45
3288_2,False,,1265.571429,45
3288_3,False,,1265.571429,45
3289_1,True,,1290.894737,45
3289_2,False,,1290.894737,45
3289_3,False,,1290.894737,45
3289_4,False,,1290.894737,45
3289_5,False,,1290.894737,45
3290_1,True,,1265.571429,45
3290_2,False,,1265.571429,45
3290_3,False,,1265.571429,45
3291_1,True,,1290.894737,45
3291_2,False,,1290.894737,45
3291_3,False,,1290.894737,45
3292_1,True,,1265.571429,45
3292_2,False,,1265.571429,45
3292_3,False,,1265.571429,45
3293_1,True,,1290.894737,45
3293_2,False,,1290.894737,45
3293_3,False,,1290.894737,45
3293_4,False,,1290.894737,45
3294_1,True,,1265.571429,45
3294_2,False,,1265.571429,45
3294_3,False,,1265.571429,45
3295_1,True,,1290.894737,45
3295_2,False,,1290.894737,45
3295_3,False,,1290.894737,45
3295_4,False,,1290.894737,45
3296_1,True,,1265.571429,45
3296_2,False,,1265.571429,45
3296_3,False,,1265.571429,45
3296_4,False,,1265.571429,45
3297_1,True,,1290.894737,45
3297_2,False,,1290.894737,45
3298_1,True,,1265.571429,45
3298_2,False,,1265.571429,45
3298_3,False,,1265.571429,45
3299_1,True,,1290.894737,45
3299_2,False,,1290.894737,45
3299_3,False,,1290.894737,45
3300_1,True,,1265.571429,45
3300_2,False,,1265.571429,45
3300_3,False,,1265.571429,45
3300_4,False,,1265.571429,45
3301_1,True,,1290.894737,45
3301_2,False,,1290.894737,45
3301_3,False,,1290.894737,45
3302_1,True,,1265.571429,45
3303_1,True,,1290.894737,45
3303_2,False,,1290.894737,45
3304_1,True,,1265.571429,45
3304_2,False,,1265.571429,45
3304_3,False,,1265.571429,45
3304_4,False,,1265.571429,45
3305_1,True,,1290.894737,45
3305_2,False,,1290.894737,45
3305_3,False,,1290.894737,45
3306_1,True,,1265.571429,45
3306_2,False,,1265.571429,45
3306_3,False,,1265.571429,45
3307_1,True,,1290.894737,45
3307_2,False,,1290.894737,45
3308_1,True,,1265.571429,45
3308_2,False,,1265.571429,45
3308_3,False,,1265.571429,45
3309_1,True,,1290.894737,45
3309_2,False,,1290.894737,45
3309_3,False,,1290.894737,45
3310_1,True,,1265.571429,45
3310_2,False,,1265.571429,45
3311_1,True,,1290.894737,45
3312_1,True,,1265.571429,45
3312_2,False,,1265.571429,45
3312_3,False,,1265.571429,45
3313_1,True,,1290.894737,45
3313_2,False,,1290.894737,45
3314_1,True,,1265.571429,45
3314_2,False,,1265.571429,45
3314_3,False,,1265.571429,45
3314_4,False,,1265.571429,45
3315_1,True,,1290.894737,45
3315_2,False,,1290.894737,45
3315_3,False,,1290.894737,45
3315_4,False,,1290.894737,45
3316_1,True,,1265.571429,45
3316_2,False,,1265.571429,45
3316_3,False,,1265.571429,45
3316_4,False,,1265.571429,45
3316_5,False,,1265.571429,45
3317_1,True,,1290.894737,45
3317_2,False,,1290.894737,45
3318_1,True,,1265.571429,45
3318_2,False,,1265.571429,45
3319_1,True,,1290.894737,45
3319_2,False,,1290.894737,45
3320_1,True,,1265.571429,45
3320_2,False,,1265.571429,45
3321_1,True,,1290.894737,45
3321_2,False,,1290.894737,45
3322_1,True,,1265.571429,45
3322_2,False,,1265.571429,45
3322_3,False,,1265.571429,45
3322_4,False,,1265.571429,45
3322_5,False,,1265.571429,45
3323_1,True,,1290.894737,45
3323_2,False,,1290.894737,45
3323_3,False,,1290.894737,45
3323_4,False,,1290.894737,45
3324_1,True,,1265.571429,45
3324_2,False,,1265.571429,45
3325_1,True,,1290.894737,45
3325_2,False,,1290.894737,45
3325_3,False,,1290.894737,45
3326_1,True,,1265.571429,45
3326_2,False,,1265.571429,45
3326_3,False,,1265.571429,45
3326_4,False,,1265.571429,45
3326_5,False,,1265.571429,45
3327_1,True,,1290.894737,45
3327_2,False,,1290.894737,45
3327_3,False,,1290.894737,45
3327_4,False,,1290.894737,45
3328_1,True,,1265.571429,45
3328_2,False,,1265.571429,45
3328_3,False,,1265.571429,45
3328_4,False,,1265.571429,45
3328_5,False,,1265.571429,45
3329_1,True,,1290.894737,45
3329_2,False,,1290.894737,45
3329_3,False,,1290.894737,45
3329_4,False,,1290.894737,45
3329_5,False,,1290.894737,45
3330_1,True,,1265.571429,45
3330_2,False,,1265.571429,45
3330_3,False,,1265.571429,45
3330_4,False,,1265.571429,45
3331_1,True,,1290.894737,45
3331_2,False,,1290.894737,45
3331_3,False,,1290.894737,45
3331_4,False,,1290.894737,45
3332_1,True,,1265.571429,45
3332_2,False,,1265.571429,45
3333_1,True,,1290.894737,45
3333_2,False,,1290.894737,45
3334_1,True,,1265.571429,45
3334_2,False,,1265.571429,45
3334_3,False,,1265.571429,45
3334_4,False,,1265.571429,45
3335_1,True,,1290.894737,45
3335_2,False,,1290.894737,45
3335_3,False,,1290.894737,45
3335_4,False,,1290.894737,45
3335_5,False,,1290.894737,45
3336_1,True,,1265.571429,45
3336_2,False,,1265.571429,45
3337_1,True,,1290.894737,45
3338_1,True,,1265.571429,45
3338_2,False,,1265.571429,45
3339_1,True,,1290.894737,45
3339_2,False,,1290.894737,45
3339_3,False,,1290.894737,45
3339_4,False,,1290.894737,45
3340_1,True,,1265.571429,45
3340_2,False,,1265.571429,45
3340_3,False,,1265.571429,45
3340_4,False,,1265.571429,45
3340_5,False,,1265.571429,45
3341_1,True,,1290.894737,45
3341_2,False,,1290.894737,45
3341_3,False,,1290.894737,45
3342_1,True,,1265.571429,45
3342_2,False,,1265.571429,45
3342_3,False,,1265.571429,45
3343_1,True,,1290.894737,45
3343_2,False,,1290.894737,45
3344_1,True,,1265.571429,45
3344_2,False,,1265.571429,45
3344_3,False,,1265.571429,45
3344_4,False,,1265.571429,45
3345_1,True,,1290.894737,45
3345_2,False,,1290.894737,45
3345_3,False,,1290.894737,45
3345_4,False,,1290.894737,45
3346_1,True,,1265.571429,45
3346_2,False,,1265.571429,45
3347_1,True,,1290.894737,45
3347_2,False,,1290.894737,45
3347_3,False,,1290.894737,45
3348_1,True,,1265.571429,45
3348_2,False,,1265.571429,45
3348_3,False,,1265.571429,45
3348_4,False,,1265.571429,45
3348_5,False,,1265.571429,45
3349_1,True,,1290.894737,45
3349_2,False,,1290.894737,45
3350_1,True,,1265.571429,45
3350_2,False,,1265.571429,45
3351_1,True,,1290.894737,45
3351_2,False,,1290.894737,45
3351_3,False,,1290.894737,45
3351_4,False,,1290.894737,45
3351_5,False,,1290.894737,45
3352_1,True,,1265.571429,45
3352_2,False,,1265.571429,45
3352_3,False,,1265.571429,45
3352_4,False,,1265.571429,45
3352_5,False,,1265.571429,45
3352_6,False,,1265.571429,45
3352_7,False,,1265.571429,45
3353_1,True,,1290.894737,45
3353_2,False,,1290.894737,45
3353_3,False,,1290.894737,45
3353_4,False,,1290.894737,45
3354_1,True,,970.972067,46
3355_1,True,,949.542857,46
3355_2,False,,949.542857,46
3355_3,False,,949.542857,46
3356_1,True,,970.972067,46
3356_2,False,,970.972067,46
3356_3,False,,970.972067,46
3357_1,True,,949.542857,46
3358_1,True,,970.972067,46
3358_2,False,,970.972067,46
3359_1,True,,949.542857,46
3359_2,False,,949.542857,46
3359_3,False,,949.542857,46
3360_1,True,,970.972067,46
3360_2,False,,970.972067,46
3360_3,False,,970.972067,46
3360_4,False,,970.972067,46
3360_5,False,,970.972067,46
3361_1,True,,949.542857,46
3361_2,False,,949.542857,46
3362_1,True,,970.972067,46
3362_2,False,,970.972067,46
3362_3,False,,970.972067,46
3362_4,False,,970.972067,46
3362_5,False,,970.972067,46
3363_1,True,,949.542857,46
3363_2,False,,949.542857,46
3363_3,False,,949.542857,46
3363_4,False,,949.542857,46
3363_5,False,,949.542857,46
3363_6,False,,949.542857,46
3364_1,True,,970.972067,46
3364_2,False,,970.972067,46
3364_3,False,,970.972067,46
3364_4,False,,970.972067,46
3365_1,True,,949.542857,46
3365_2,False,,949.542857,46
3365_3,False,,949.542857,46
3365_4,False,,949.542857,46
3366_1,True,,970.972067,46
3367_1,True,,949.542857,46
3367_2,False,,949.542857,46
3368_1,True,,970.972067,46
3368_2,False,,970.972067,46
3368_3,False,,970.972067,46
3368_4,False,,970.972067,46
3368_5,False,,970.972067,46
3368_6,False,,970.972067,46
3369_1,True,,949.542857,46
3369_2,False,,949.542857,46
3370_1,True,,970.972067,46
3370_2,False,,970.972067,46
3370_3,False,,970.972067,46
3371_1,True,,949.542857,46
3371_2,False,,949.542857,46
3372_1,True,,970.972067,46
3372_2,False,,970.972067,46
3372_3,False,,970.972067,46
3372_4,False,,970.972067,46
3373_1,True,,949.542857,46
3373_2,False,,949.542857,46
3374_1,True,,970.972067,46
3374_2,False,,970.972067,46
3375_1,True,,949.542857,46
3375_2,False,,949.542857,46
3376_1,True,,970.972067,46
3376_2,False,,970.972067,46
3376_3,False,,970.972067,46
3377_1,True,,949.542857,46
3377_2,False,,949.542857,46
3378_1,True,,970.972067,46
3378_2,False,,970.972067,46
3379_1,True,,949.542857,46
3379_2,False,,949.542857,46
3380_1,True,,970.972067,46
3380_2,False,,970.972067,46
3381_1,True,,949.542857,46
3381_2,False,,949.542857,46
3382_1,True,,970.972067,46
3382_2,False,,970.972067,46
3382_3,False,,970.972067,46
3383_1,True,,949.542857,46
3383_2,False,,949.542857,46
3384_1,True,,970.972067,46
3384_2,False,,970.972067,46
3384_3,False,,970.972067,46
3384_4,False,,970.972067,46
3384_5,False,,970.972067,46
3385_1,True,,949.542857,46
3385_2,False,,949.542857,46
3385_3,False,,949.542857,46
3386_1,True,,970.972067,46
3386_2,False,,970.972067,46
3386_3,False,,970.972067,46
3386_4,False,,970.972067,46
3387_1,True,,949.542857,46
3387_2,False,,949.542857,46
3387_3,False,,949.542857,46
3387_4,False,,949.542857,46
3388_1,True,,970.972067,46
3388_2,False,,970.972067,46
3388_3,False,,970.972067,46
3388_4,False,,970.972067,46
3389_1,True,,949.542857,46
3389_2,False,,949.542857,46
3390_1,True,,970.972067,46
3390_2,False,,970.972067,46
3390_3,False,,970.972067,46
3390_4,False,,970.972067,46
3390_5,False,,970.972067,46
3390_6,False,,970.972067,46
3391_1,True,,949.542857,46
3392_1,True,,970.972067,46
3392_2,False,,970.972067,46
3392_3,False,,970.972067,46
3393_1,True,,949.542857,46
3393_2,False,,949.542857,46
3393_3,False,,949.542857,46
3394_1,True,,970.972067,46
3394_2,False,,970.972067,46
3394_3,False,,970.972067,46
3395_1,True,,949.542857,46
3395_2,False,,949.542857,46
3395_3,False,,949.542857,46
3395_4,False,,949.542857,46
3396_1,True,,970.972067,46
3396_2,False,,970.972067,46
3396_3,False,,970.972067,46
3397_1,True,,949.542857,46
3397_2,False,,949.542857,46
3397_3,False,,949.542857,46
3397_4,False,,949.542857,46
3398_1,True,,970.972067,46
3398_2,False,,970.972067,46
3399_1,True,,949.542857,46
3399_2,False,,949.542857,46
3400_1,True,,970.972067,46
3400_2,False,,970.972067,46
3400_3,False,,970.972067,46
3400_4,False,,970.972067,46
3401_1,True,,949.542857,46
3402_1,True,,970.972067,46
3402_2,False,,970.972067,46
3402_3,False,,970.972067,46
3403_1,True,,949.542857,46
3403_2,False,,949.542857,46
3404_1,True,,970.972067,46
3404_2,False,,970.972067,46
3404_3,False,,970.972067,46
3405_1,True,,949.542857,46
3405_2,False,,949.542857,46
3405_3,False,,949.542857,46
3405_4,False,,949.542857,46
3406_1,True,,970.972067,46
3406_2,False,,970.972067,46
3407_1,True,,949.542857,46
3407_2,False,,949.542857,46
3407_3,False,,949.542857,46
3407_4,False,,949.542857,46
3407_5,False,,949.542857,46
3408_1,True,,970.972067,46
3408_2,False,,970.972067,46
3408_3,False,,970.972067,46
3408_4,False,,970.972067,46
3409_1,True,,949.542857,46
3409_2,False,,949.542857,46
3410_1,True,,970.972067,46
3410_2,False,,970.972067,46
3410_3,False,,970.972067,46
3410_4,False,,970.972067,46
3411_1,True,,949.542857,46
3411_2,False,,949.542857,46
3412_1,True,,970.972067,46
3412_2,False,,970.972067,46
3412_3,False,,970.972067,46
3413_1,True,,949.542857,46
3413_2,False,,949.542857,46
3413_3,False,,949.542857,46
3414_1,True,,970.972067,46
3414_2,False,,970.972067,46
3414_3,False,,970.972067,46
3414_4,False,,970.972067,46
3414_5,False,,970.972067,46
3415_1,True,,949.542857,46
3415_2,False,,949.542857,46
3415_3,False,,949.542857,46
3416_1,True,,970.972067,46
3416_2,False,,970.972067,46
3416_3,False,,970.972067,46
3416_4,False,,970.972067,46
3417_1,True,,949.542857,46
3417_2,False,,949.542857,46
3417_3,False,,949.542857,46
3417_4,False,,949.542857,46
3418_1,True,,970.972067,46
3418_2,False,,970.972067,46
3418_3,False,,970.972067,46
3419_1,True,,949.542857,46
3419_2,False,,949.542857,46
3419_3,False,,949.542857,46
3419_4,False,,949.542857,46
3419_5,False,,949.542857,46
3420_1,True,,970.972067,46
3420_2,False,,970.972067,46
3420_3,False,,970.972067,46
3421_1,True,,949.542857,46
3421_2,False,,949.542857,46
3421_3,False,,949.542857,46
3421_4,False,,949.542857,46
3422_1,True,,970.972067,46
3422_2,False,,970.972067,46
3423_1,True,,949.542857,46
3423_2,False,,949.542857,46
3423_3,False,,949.542857,46
3423_4,False,,949.542857,46
3424_1,True,,970.972067,46
3425_1,True,,949.542857,46
3425_2,False,,949.542857,46
3426_1,True,,970.972067,46
3426_2,False,,970.972067,46
3426_3,False,,970.972067,46
3427_1,True,,949.542857,46
3428_1,True,,970.972067,46
3428_2,False,,970.972067,46
3428_3,False,,970.972067,46
3428_4,False,,970.972067,46
3429_1,True,,949.542857,46
3430_1,True,,970.972067,46
3430_2,False,,970.972067,46
3430_3,False,,970.972067,46
3430_4,False,,970.972067,46
3430_5,False,,970.972067,46
3430_6,False,,970.972067,46
3430_7,False,,970.972067,46
3431_1,True,,949.542857,46
3431_2,False,,949.542857,46
3431_3,False,,949.542857,46
3431_4,False,,949.542857,46
3431_5,False,,949.542857,46
3432_1,True,,970.972067,46
3432_2,False,,970.972067,46
3433_1,True,,949.542857,46
3433_2,False,,949.542857,46
3433_3,False,,949.542857,46
3433_4,False,,949.542857,46
3434_1,True,,970.972067,46
3434_2,False,,970.972067,46
3434_3,False,,970.972067,46
3434_4,False,,970.972067,46
3435_1,True,,949.542857,46
3436_1,True,,970.972067,46
3436_2,False,,970.972067,46
3437_1,True,,949.542857,46
3437_2,False,,949.542857,46
3437_3,False,,949.542857,46
3438_1,True,,970.972067,46
3439_1,True,,949.542857,46
3439_2,False,,949.542857,46
3439_3,False,,949.542857,46
3440_1,True,,970.972067,46
3440_2,False,,970.972067,46
3440_3,False,,970.972067,46
3440_4,False,,970.972067,46
3441_1,True,,949.542857,46
3441_2,False,,949.542857,46
3442_1,True,,970.972067,46
3442_2,False,,970.972067,46
3443_1,True,,949.542857,46
3443_2,False,,949.542857,46
3443_3,False,,949.542857,46
3444_1,True,,970.972067,46
3444_2,False,,970.972067,46
3444_3,False,,970.972067,46
3444_4,False,,970.972067,46
3445_1,True,,949.542857,46
3445_2,False,,949.542857,46
3445_3,False,,949.542857,46
3446_1,True,,970.972067,46
3447_1,True,,949.542857,46
3447_2,False,,949.542857,46
3448_1,True,,970.972067,46
3448_2,False,,970.972067,46
3448_3,False,,970.972067,46
3449_1,True,,949.542857,46
3449_2,False,,949.542857,46
3449_3,False,,949.542857,46
3450_1,True,,970.972067,46
3450_2,False,,970.972067,46
3450_3,False,,970.972067,46
3450_4,False,,970.972067,46
3451_1,True,,949.542857,46
3451_2,False,,949.542857,46
3452_1,True,,970.972067,46
3452_2,False,,970.972067,46
3453_1,True,,949.542857,46
3454_1,True,,970.972067,46
3454_2,False,,970.972067,46
3454_3,False,,970.972067,46
3455_1,True,,949.542857,46
3455_2,False,,949.542857,46
3455_3,False,,949.542857,46
3456_1,True,,970.972067,46
3456_2,False,,970.972067,46
3457_1,True,,949.542857,46
3457_2,False,,949.542857,46
3458_1,True,,970.972067,46
3458_2,False,,970.972067,46
3458_3,False,,970.972067,46
3459_1,True,,949.542857,46
3460_1,True,,970.972067,46
3460_2,False,,970.972067,46
3461_1,True,,949.542857,46
3462_1,True,,970.972067,46
3462_2,False,,970.972067,46
3462_3,False,,970.972067,46
3463_1,True,,949.542857,46
3463_2,False,,949.542857,46
3463_3,False,,949.542857,46
3463_4,False,,949.542857,46
3463_5,False,,949.542857,46
3464_1,True,,970.972067,46
3464_2,False,,970.972067,46
3464_3,False,,970.972067,46
3465_1,True,,949.542857,46
3465_2,False,,949.542857,46
3466_1,True,,970.972067,46
3466_2,False,,970.972067,46
3466_3,False,,970.972067,46
3466_4,False,,970.972067,46
3467_1,True,,949.542857,46
3467_2,False,,949.542857,46
3467_3,False,,949.542857,46
3467_4,False,,949.542857,46
3467_5,False,,949.542857,46
3467_6,False,,949.542857,46
3468_1,True,,970.972067,46
3468_2,False,,970.972067,46
3468_3,False,,970.972067,46
3469_1,True,,949.542857,46
3470_1,True,,970.972067,46
3470_2,False,,970.972067,46
3470_3,False,,970.972067,46
3471_1,True,,949.542857,46
3472_1,True,,970.972067,46
3472_2,False,,970.972067,46
3473_1,True,,949.542857,46
3473_2,False,,949.542857,46
3473_3,False,,949.542857,46
3474_1,True,,970.972067,46
3474_2,False,,970.972067,46
3475_1,True,,949.542857,46
3475_2,False,,949.542857,46
3475_3,False,,949.542857,46
3475_4,False,,949.542857,46
3476_1,True,,970.972067,46
3476_2,False,,970.972067,46
3476_3,False,,970.972067,46
3476_4,False,,970.972067,46
3477_1,True,,949.542857,46
3477_2,False,,949.542857,46
3477_3,False,,949.542857,46
3477_4,False,,949.542857,46
3478_1,True,,970.972067,46
3478_2,False,,970.972067,46
3478_3,False,,970.972067,46
3479_1,True,,949.542857,46
3479_2,False,,949.542857,46
3479_3,False,,949.542857,46
3479_4,False,,949.542857,46
3480_1,True,,970.972067,46
3480_2,False,,970.972067,46
3480_3,False,,970.972067,46
3480_4,False,,970.972067,46
3481_1,True,,949.542857,46
3481_2,False,,949.542857,46
3481_3,False,,949.542857,46
3481_4,False,,949.542857,46
3482_1,True,,970.972067,46
3482_2,False,,970.972067,46
3483_1,True,,949.542857,46
3484_1,True,,970.972067,46
3484_2,False,,970.972067,46
3484_3,False,,970.972067,46
3484_4,False,,970.972067,46
3484_5,False,,970.972067,46
3484_6,False,,970.972067,46
3485_1,True,,949.542857,46
3485_2,False,,949.542857,46
3485_3,False,,949.542857,46
3485_4,False,,949.542857,46
3486_1,True,,970.972067,46
3486_2,False,,970.972067,46
3486_3,False,,970.972067,46
3487_1,True,,949.542857,46
3487_2,False,,949.542857,46
3488_1,True,,970.972067,46
3488_2,False,,970.972067,46
3488_3,False,,970.972067,46
3488_4,False,,970.972067,46
3488_5,False,,970.972067,46
3489_1,True,,949.542857,46
3489_2,False,,949.542857,46
3490_1,True,,970.972067,46
3490_2,False,,970.972067,46
3491_1,True,,949.542857,46
3492_1,True,,970.972067,46
3492_2,False,,970.972067,46
3492_3,False,,970.972067,46
3493_1,True,,949.542857,46
3493_2,False,,949.542857,46
3493_3,False,,949.542857,46
3493_4,False,,949.542857,46
3494_1,True,,970.972067,46
3494_2,False,,970.972067,46
3494_3,False,,970.972067,46
3495_1,True,,949.542857,46
3495_2,False,,949.542857,46
3496_1,True,,970.972067,46
3496_2,False,,970.972067,46
3496_3,False,,970.972067,46
3496_4,False,,970.972067,46
3497_1,True,,949.542857,46
3497_2,False,,949.542857,46
3497_3,False,,949.542857,46
3497_4,False,,949.542857,46
3497_5,False,,949.542857,46
3498_1,True,,970.972067,46
3498_2,False,,970.972067,46
3498_3,False,,970.972067,46
3499_1,True,,949.542857,46
3499_2,False,,949.542857,46
3499_3,False,,949.542857,46
3499_4,False,,949.542857,46
3499_5,False,,949.542857,46
3500_1,True,,970.972067,46
3500_2,False,,970.972067,46
3501_1,True,,949.542857,46
3501_2,False,,949.542857,46
3501_3,False,,949.542857,46
3501_4,False,,949.542857,46
3501_5,False,,949.542857,46
3501_6,False,,949.542857,46
3502_1,True,,970.972067,46
3503_1,True,,949.542857,46
3504_1,True,,970.972067,46
3504_2,False,,970.972067,46
3504_3,False,,970.972067,46
3504_4,False,,970.972067,46
3505_1,True,,949.542857,46
3505_2,False,,949.542857,46
3506_1,True,,970.972067,46
3506_2,False,,970.972067,46
3506_3,False,,970.972067,46
3506_4,False,,970.972067,46
3507_1,True,,949.542857,46
3507_2,False,,949.542857,46
3507_3,False,,949.542857,46
3507_4,False,,949.542857,46
3507_5,False,,949.542857,46
3508_1,True,,970.972067,46
3508_2,False,,970.972067,46
3508_3,False,,970.972067,46
3508_4,False,,970.972067,46
3509_1,True,,949.542857,46
3509_2,False,,949.542857,46
3510_1,True,,970.972067,46
3511_1,True,,949.542857,46
3511_2,False,,949.542857,46
3511_3,False,,949.542857,46
3512_1,True,,970.972067,46
3513_1,True,,949.542857,46
3513_2,False,,949.542857,46
3514_1,True,,970.972067,46
3514_2,False,,970.972067,46
3515_1,True,,949.542857,46
3515_2,False,,949.542857,46
3516_1,True,,970.972067,46
3517_1,True,,970.972067,46
3517_2,False,,970.972067,46
3517_3,False,,970.972067,46
3517_4,False,,970.972067,46
3517_5,False,,970.972067,46
3518_1,True,,970.972067,46
3518_2,False,,970.972067,46
3519_1,True,,949.542857,46
3519_2,False,,949.542857,46
3520_1,True,,970.972067,46
3520_2,False,,970.972067,46
3520_3,False,,970.972067,46
3520_4,False,,970.972067,46
3520_5,False,,970.972067,46
3521_1,True,,949.542857,46
3522_1,True,,970.972067,46
3522_2,False,,970.972067,46
3522_3,False,,970.972067,46
3523_1,True,,949.542857,46
3523_2,False,,949.542857,46
3523_3,False,,949.542857,46
3524_1,True,,970.972067,46
3524_2,False,,970.972067,46
3525_1,True,,949.542857,46
3525_2,False,,949.542857,46
3526_1,True,,970.972067,46
3526_2,False,,970.972067,46
3526_3,False,,970.972067,46
3526_4,False,,970.972067,46
3526_5,False,,970.972067,46
3526_6,False,,970.972067,46
3527_1,True,,949.542857,46
3527_2,False,,949.542857,46
3528_1,True,,970.972067,46
3528_2,False,,970.972067,46
3528_3,False,,970.972067,46
3529_1,True,,949.542857,46
3529_2,False,,949.542857,46
3530_1,True,,970.972067,46
3530_2,False,,970.972067,46
3530_3,False,,970.972067,46
3531_1,True,,949.542857,46
3531_2,False,,949.542857,46
3531_3,False,,949.542857,46
3531_4,False,,949.542857,46
3531_5,False,,949.542857,46
3532_1,True,,970.972067,46
3532_2,False,,970.972067,46
3532_3,False,,970.972067,46
3532_4,False,,970.972067,46
3533_1,True,,949.542857,46
3533_2,False,,949.542857,46
3534_1,True,,970.972067,46
3534_2,False,,970.972067,46
3535_1,True,,949.542857,46
3535_2,False,,949.542857,46
3535_3,False,,949.542857,46
3535_4,False,,949.542857,46
3536_1,True,,970.972067,46
3536_2,False,,970.972067,46
3536_3,False,,970.972067,46
3536_4,False,,970.972067,46
3537_1,True,,949.542857,46
3538_1,True,,970.972067,46
3538_2,False,,970.972067,46
3538_3,False,,970.972067,46
3538_4,False,,970.972067,46
3539_1,True,,949.542857,46
3539_2,False,,949.542857,46
3539_3,False,,949.542857,46
3539_4,False,,949.542857,46
3539_5,False,,949.542857,46
3540_1,True,,970.972067,46
3540_2,False,,970.972067,46
3540_3,False,,970.972067,46
3540_4,False,,970.972067,46
3541_1,True,,949.542857,46
3541_2,False,,949.542857,46
3542_1,True,,970.972067,46
3542_2,False,,970.972067,46
3543_1,True,,970.972067,46
3543_2,False,,970.972067,46
3544_1,True,,949.542857,46
3545_1,True,,949.542857,46
3545_2,False,,949.542857,46
3545_3,False,,949.542857,46
3545_4,False,,949.542857,46
3545_5,False,,949.542857,46
3545_6,False,,949.542857,46
3546_1,True,,970.972067,46
3546_2,False,,970.972067,46
3546_3,False,,970.972067,46
3546_4,False,,970.972067,46
3546_5,False,,970.972067,46
3547_1,True,,949.542857,46
3547_2,False,,949.542857,46
3547_3,False,,949.542857,46
3548_1,True,,970.972067,46
3548_2,False,,970.972067,46
3549_1,True,,949.542857,46
3549_2,False,,949.542857,46
3550_1,True,,970.972067,46
3550_2,False,,970.972067,46
3551_1,True,,949.542857,46
3552_1,True,,970.972067,46
3552_2,False,,970.972067,46
3552_3,False,,970.972067,46
3552_4,False,,970.972067,46
3552_5,False,,970.972067,46
3552_6,False,,970.972067,46
3552_7,False,,970.972067,46
3552_8,False,,970.972067,46
3553_1,True,,949.542857,46
3553_2,False,,949.542857,46
3553_3,False,,949.542857,46
3553_4,False,,949.542857,46
3554_1,True,,970.972067,46
3554_2,False,,970.972067,46
3554_3,False,,970.972067,46
3555_1,True,,949.542857,46
3555_2,False,,949.542857,46
3555_3,False,,949.542857,46
3555_4,False,,949.542857,46
3555_5,False,,949.542857,46
3555_6,False,,949.542857,46
3556_1,True,,970.972067,46
3556_2,False,,970.972067,46
3557_1,True,,949.542857,46
3557_2,False,,949.542857,46
3558_1,True,,970.972067,46
3558_2,False,,970.972067,46
3558_3,False,,970.972067,46
3559_1,True,,970.972067,46
3559_2,False,,970.972067,46
3560_1,True,,970.972067,46
3560_2,False,,970.972067,46
3560_3,False,,970.972067,46
3560_4,False,,970.972067,46
3560_5,False,,970.972067,46
3561_1,True,,949.542857,46
3561_2,False,,949.542857,46
3561_3,False,,949.542857,46
3561_4,False,,949.542857,46
3562_1,True,,970.972067,46
3562_2,False,,970.972067,46
3562_3,False,,970.972067,46
3562_4,False,,970.972067,46
3563_1,True,,949.542857,46
3563_2,False,,949.542857,46
3564_1,True,,970.972067,46
3564_2,False,,970.972067,46
3564_3,False,,970.972067,46
3564_4,False,,970.972067,46
3565_1,True,,949.542857,46
3565_2,False,,949.542857,46
3565_3,False,,949.542857,46
3565_4,False,,949.542857,46
3565_5,False,,949.542857,46
3565_6,False,,949.542857,46
3566_1,True,,970.972067,46
3566_2,False,,970.972067,46
3566_3,False,,970.972067,46
3567_1,True,,949.542857,46
3567_2,False,,949.542857,46
3567_3,False,,949.542857,46
3567_4,False,,949.542857,46
3568_1,True,,970.972067,46
3568_2,False,,970.972067,46
3569_1,True,,949.542857,46
3570_1,True,,970.972067,46
3570_2,False,,970.972067,46
3570_3,False,,970.972067,46
3570_4,False,,970.972067,46
3570_5,False,,970.972067,46
3570_6,False,,970.972067,46
3571_1,True,,949.542857,46
3571_2,False,,949.542857,46
3571_3,False,,949.542857,46
3571_4,False,,949.542857,46
3571_5,False,,949.542857,46
3571_6,False,,949.542857,46
3572_1,True,,970.972067,46
3573_1,True,,949.542857,46
3573_2,False,,949.542857,46
3574_1,True,,970.972067,46
3574_2,False,,970.972067,46
3574_3,False,,970.972067,46
3574_4,False,,970.972067,46
3574_5,False,,970.972067,46
3575_1,True,,949.542857,46
3576_1,True,,970.972067,46
3576_2,False,,970.972067,46
3577_1,True,,949.542857,46
3577_2,False,,949.542857,46
3577_3,False,,949.542857,46
3578_1,True,,970.972067,46
3578_2,False,,970.972067,46
3578_3,False,,970.972067,46
3578_4,False,,970.972067,46
3578_5,False,,970.972067,46
3579_1,True,,949.542857,46
3579_2,False,,949.542857,46
3579_3,False,,949.542857,46
3579_4,False,,949.542857,46
3579_5,False,,949.542857,46
3579_6,False,,949.542857,46
3580_1,True,,970.972067,46
3580_2,False,,970.972067,46
3580_3,False,,970.972067,46
3580_4,False,,970.972067,46
3581_1,True,,949.542857,46
3581_2,False,,949.542857,46
3582_1,True,,970.972067,46
3582_2,False,,970.972067,46
3583_1,True,,949.542857,46
3583_2,False,,949.542857,46
3583_3,False,,949.542857,46
3583_4,False,,949.542857,46
3584_1,True,,970.972067,46
3585_1,True,,949.542857,46
3585_2,False,,949.542857,46
3585_3,False,,949.542857,46
3585_4,False,,949.542857,46
3586_1,True,,970.972067,46
3586_2,False,,970.972067,46
3586_3,False,,970.972067,46
3587_1,True,,949.542857,46
3587_2,False,,949.542857,46
3587_3,False,,949.542857,46
3588_1,True,,970.972067,46
3589_1,True,,949.542857,46
3589_2,False,,949.542857,46
3589_3,False,,949.542857,46
3589_4,False,,949.542857,46
3589_5,False,,949.542857,46
3590_1,True,,970.972067,46
3591_1,True,,949.542857,46
3591_2,False,,949.542857,46
3592_1,True,,970.972067,46
3592_2,False,,970.972067,46
3592_3,False,,970.972067,46
3592_4,False,,970.972067,46
3592_5,False,,970.972067,46
3593_1,True,,949.542857,46
3593_2,False,,949.542857,46
3593_3,False,,949.542857,46
3593_4,False,,949.542857,46
3593_5,False,,949.542857,46
3594_1,True,,970.972067,46
3594_2,False,,970.972067,46
3595_1,True,,949.542857,46
3596_1,True,,970.972067,46
3596_2,False,,970.972067,46
3596_3,False,,970.972067,46
3597_1,True,,949.542857,46
3597_2,False,,949.542857,46
3597_3,False,,949.542857,46
3597_4,False,,949.542857,46
3598_1,True,,970.972067,46
3598_2,False,,970.972067,46
3598_3,False,,970.972067,46
3599_1,True,,949.542857,46
3599_2,False,,949.542857,46
3599_3,False,,949.542857,46
3599_4,False,,949.542857,46
3600_1,True,,970.972067,46
3600_2,False,,970.972067,46
3601_1,True,,949.542857,46
3601_2,False,,949.542857,46
3602_1,True,,970.972067,46
3602_2,False,,970.972067,46
3602_3,False,,970.972067,46
3602_4,False,,970.972067,46
3602_5,False,,970.972067,46
3603_1,True,,949.542857,46
3603_2,False,,949.542857,46
3604_1,True,,970.972067,46
3604_2,False,,970.972067,46
3604_3,False,,970.972067,46
3604_4,False,,970.972067,46
3605_1,True,,949.542857,46
3606_1,True,,970.972067,46
3607_1,True,,949.542857,46
3607_2,False,,949.542857,46
3608_1,True,,970.972067,46
3608_2,False,,970.972067,46
3608_3,False,,970.972067,46
3609_1,True,,949.542857,46
3609_2,False,,949.542857,46
3609_3,False,,949.542857,46
3609_4,False,,949.542857,46
3609_5,False,,949.542857,46
3610_1,True,,970.972067,46
3610_2,False,,970.972067,46
3610_3,False,,970.972067,46
3610_4,False,,970.972067,46
3611_1,True,,949.542857,46
3611_2,False,,949.542857,46
3611_3,False,,949.542857,46
3612_1,True,,970.972067,46
3612_2,False,,970.972067,46
3612_3,False,,970.972067,46
3612_4,False,,970.972067,46
3613_1,True,,949.542857,46
3613_2,False,,949.542857,46
3613_3,False,,949.542857,46
3614_1,True,,970.972067,46
3614_2,False,,970.972067,46
3614_3,False,,970.972067,46
3615_1,True,,949.542857,46
3615_2,False,,949.542857,46
3615_3,False,,949.542857,46
3615_4,False,,949.542857,46
3615_5,False,,949.542857,46
3616_1,True,,970.972067,46
3616_2,False,,970.972067,46
3617_1,True,,949.542857,46
3617_2,False,,949.542857,46
3617_3,False,,949.542857,46
3618_1,True,,970.972067,46
3618_2,False,,970.972067,46
3619_1,True,,949.542857,46
3619_2,False,,949.542857,46
3619_3,False,,949.542857,46
3620_1,True,,970.972067,46
3620_2,False,,970.972067,46
3621_1,True,,949.542857,46
3621_2,False,,949.542857,46
3621_3,False,,949.542857,46
3621_4,False,,949.542857,46
3622_1,True,,970.972067,46
3622_2,False,,970.972067,46
3623_1,True,,949.542857,46
3623_2,False,,949.542857,46
3623_3,False,,949.542857,46
3623_4,False,,949.542857,46
3623_5,False,,949.542857,46
3624_1,True,,970.972067,46
3625_1,True,,949.542857,46
3625_2,False,,949.542857,46
3625_3,False,,949.542857,46
3626_1,True,,970.972067,46
3626_2,False,,970.972067,46
3626_3,False,,970.972067,46
3626_4,False,,970.972067,46
3626_5,False,,970.972067,46
3626_6,False,,970.972067,46
3627_1,True,,949.542857,46
3627_2,False,,949.542857,46
3627_3,False,,949.542857,46
3628_1,True,,970.972067,46
3628_2,False,,970.972067,46
3628_3,False,,970.972067,46
3628_4,False,,970.972067,46
3629_1,True,,949.542857,46
3629_2,False,,949.542857,46
3629_3,False,,949.542857,46
3630_1,True,,970.972067,46
3630_2,False,,970.972067,46
3631_1,True,,949.542857,46
3631_2,False,,949.542857,46
3631_3,False,,949.542857,46
3631_4,False,,949.542857,46
3632_1,True,,970.972067,46
3633_1,True,,949.542857,46
3633_2,False,,949.542857,46
3634_1,True,,970.972067,46
3634_2,False,,970.972067,46
3634_3,False,,970.972067,46
3634_4,False,,970.972067,46
3634_5,False,,970.972067,46
3634_6,False,,970.972067,46
3635_1,True,,949.542857,46
3635_2,False,,949.542857,46
3636_1,True,,970.972067,46
3636_2,False,,970.972067,46
3636_3,False,,970.972067,46
3636_4,False,,970.972067,46
3636_5,False,,970.972067,46
3636_6,False,,970.972067,46
3636_7,False,,970.972067,46
3637_1,True,,949.542857,46
3638_1,True,,970.972067,46
3639_1,True,,949.542857,46
3639_2,False,,949.542857,46
3640_1,True,,970.972067,46
3640_2,False,,970.972067,46
3641_1,True,,949.542857,46
3642_1,True,,970.972067,46
3642_2,False,,970.972067,46
3642_3,False,,970.972067,46
3643_1,True,,949.542857,46
3643_2,False,,949.542857,46
3644_1,True,,970.972067,46
3644_2,False,,970.972067,46
3644_3,False,,970.972067,46
3645_1,True,,949.542857,46
3645_2,False,,949.542857,46
3646_1,True,,970.972067,46
3647_1,True,,949.542857,46
3648_1,True,,970.972067,46
3648_2,False,,970.972067,46
3648_3,False,,970.972067,46
3648_4,False,,970.972067,46
3649_1,True,,949.542857,46
3649_2,False,,949.542857,46
3649_3,False,,949.542857,46
3650_1,True,,970.972067,46
3650_2,False,,970.972067,46
3650_3,False,,970.972067,46
3650_4,False,,970.972067,46
3650_5,False,,970.972067,46
3650_6,False,,970.972067,46
3650_7,False,,970.972067,46
3651_1,True,,949.542857,46
3651_2,False,,949.542857,46
3651_3,False,,949.542857,46
3652_1,True,,970.972067,46
3652_2,False,,970.972067,46
3652_3,False,,970.972067,46
3652_4,False,,970.972067,46
3653_1,True,,949.542857,46
3653_2,False,,949.542857,46
3653_3,False,,949.542857,46
3653_4,False,,949.542857,46
3653_5,False,,949.542857,46
3654_1,True,,970.972067,46
3654_2,False,,970.972067,46
3654_3,False,,970.972067,46
3655_1,True,,949.542857,46
3656_1,True,,970.972067,46
3656_2,False,,970.972067,46
3656_3,False,,970.972067,46
3656_4,False,,970.972067,46
3656_5,False,,970.972067,46
3657_1,True,,949.542857,46
3657_2,False,,949.542857,46
3658_1,True,,970.972067,46
3658_2,False,,970.972067,46
3658_3,False,,970.972067,46
3659_1,True,,949.542857,46
3660_1,True,,970.972067,46
3660_2,False,,970.972067,46
3661_1,True,,949.542857,46
3661_2,False,,949.542857,46
3661_3,False,,949.542857,46
3662_1,True,,970.972067,46
3662_2,False,,970.972067,46
3662_3,False,,970.972067,46
3662_4,False,,970.972067,46
3663_1,True,,949.542857,46
3663_2,False,,949.542857,46
3663_3,False,,949.542857,46
3664_1,True,,970.972067,46
3664_2,False,,970.972067,46
3665_1,True,,949.542857,46
3665_2,False,,949.542857,46
3666_1,True,,970.972067,46
3666_2,False,,970.972067,46
3666_3,False,,970.972067,46
3666_4,False,,970.972067,46
3666_5,False,,970.972067,46
3667_1,True,,949.542857,46
3667_2,False,,949.542857,46
3667_3,False,,949.542857,46
3667_4,False,,949.542857,46
3667_5,False,,949.542857,46
3668_1,True,,970.972067,46
3668_2,False,,970.972067,46
3668_3,False,,970.972067,46
3668_4,False,,970.972067,46
3668_5,False,,970.972067,46
3668_6,False,,970.972067,46
3669_1,True,,949.542857,46
3669_2,False,,949.542857,46
3669_3,False,,949.542857,46
3669_4,False,,949.542857,46
3669_5,False,,949.542857,46
3670_1,True,,970.972067,46
3670_2,False,,970.972067,46
3670_3,False,,970.972067,46
3670_4,False,,970.972067,46
3670_5,False,,970.972067,46
3670_6,False,,970.972067,46
3671_1,True,,949.542857,46
3671_2,False,,949.542857,46
3671_3,False,,949.542857,46
3671_4,False,,949.542857,46
3672_1,True,,970.972067,46
3672_2,False,,970.972067,46
3673_1,True,,949.542857,46
3673_2,False,,949.542857,46
3673_3,False,,949.542857,46
3673_4,False,,949.542857,46
3674_1,True,,970.972067,46
3674_2,False,,970.972067,46
3675_1,True,,949.542857,46
3675_2,False,,949.542857,46
3675_3,False,,949.542857,46
3675_4,False,,949.542857,46
3675_5,False,,949.542857,46
3676_1,True,,970.972067,46
3676_2,False,,970.972067,46
3676_3,False,,970.972067,46
3676_4,False,,970.972067,46
3677_1,True,,949.542857,46
3677_2,False,,949.542857,46
3677_3,False,,949.542857,46
3678_1,True,,970.972067,46
3678_2,False,,970.972067,46
3679_1,True,,949.542857,46
3679_2,False,,949.542857,46
3680_1,True,,970.972067,46
3680_2,False,,970.972067,46
3680_3,False,,970.972067,46
3681_1,True,,949.542857,46
3682_1,True,,970.972067,46
3682_2,False,,970.972067,46
3682_3,False,,970.972067,46
3682_4,False,,970.972067,46
3683_1,True,,949.542857,46
3683_2,False,,949.542857,46
3683_3,False,,949.542857,46
3684_1,True,,970.972067,46
3684_2,False,,970.972067,46
3684_3,False,,970.972067,46
3684_4,False,,970.972067,46
3685_1,True,,949.542857,46
3685_2,False,,949.542857,46
3685_3,False,,949.542857,46
3685_4,False,,949.542857,46
3686_1,True,,970.972067,46
3686_2,False,,970.972067,46
3686_3,False,,970.972067,46
3686_4,False,,970.972067,46
3687_1,True,,949.542857,46
3687_2,False,,949.542857,46
3688_1,True,,970.972067,46
3688_2,False,,970.972067,46
3689_1,True,,949.542857,46
3689_2,False,,949.542857,46
3689_3,False,,949.542857,46
3689_4,False,,949.542857,46
3689_5,False,,949.542857,46
3689_6,False,,949.542857,46
3690_1,True,,970.972067,46
3690_2,False,,970.972067,46
3690_3,False,,970.972067,46
3690_4,False,,970.972067,46
3690_5,False,,970.972067,46
3691_1,True,,949.542857,46
3691_2,False,,949.542857,46
3691_3,False,,949.542857,46
3691_4,False,,949.542857,46
3691_5,False,,949.542857,46
3692_1,True,,970.972067,46
3692_2,False,,970.972067,46
3693_1,True,,949.542857,46
3693_2,False,,949.542857,46
3694_1,True,,970.972067,46
3694_2,False,,970.972067,46
3695_1,True,,949.542857,46
3695_2,False,,949.542857,46
3695_3,False,,949.542857,46
3696_1,True,,970.972067,46
3696_2,False,,970.972067,46
3697_1,True,,949.542857,46
3697_2,False,,949.542857,46
3697_3,False,,949.542857,46
3697_4,False,,949.542857,46
3697_5,False,,949.542857,46
3698_1,True,,970.972067,46
3698_2,False,,970.972067,46
3699_1,True,,949.542857,46
3699_2,False,,949.542857,46
3699_3,False,,949.542857,46
3700_1,True,,970.972067,46
3700_2,False,,970.972067,46
3701_1,True,,949.542857,46
3702_1,True,,970.972067,46
3702_2,False,,970.972067,46
3702_3,False,,970.972067,46
3702_4,False,,970.972067,46
3703_1,True,,949.542857,46
3703_2,False,,949.542857,46
3703_3,False,,949.542857,46
3704_1,True,,970.972067,46
3704_2,False,,970.972067,46
3704_3,False,,970.972067,46
3704_4,False,,970.972067,46
3705_1,True,,949.542857,46
3705_2,False,,949.542857,46
3705_3,False,,949.542857,46
3706_1,True,,970.972067,46
3706_2,False,,970.972067,46
3706_3,False,,970.972067,46
3706_4,False,,970.972067,46
3707_1,True,,949.542857,46
3707_2,False,,949.542857,46
3707_3,False,,949.542857,46
3707_4,False,,949.542857,46
3708_1,True,,646.674157,48
3708_2,False,,646.674157,48
3708_3,False,,646.674157,48
3708_4,False,,646.674157,48
3709_1,True,,642.244318,48
3709_2,False,,642.244318,48
3710_1,True,,646.674157,48
3710_2,False,,646.674157,48
3711_1,True,,642.244318,48
3711_2,False,,642.244318,48
3711_3,False,,642.244318,48
3712_1,True,,646.674157,48
3712_2,False,,646.674157,48
3712_3,False,,646.674157,48
3712_4,False,,646.674157,48
3713_1,True,,642.244318,48
3714_1,True,,646.674157,48
3714_2,False,,646.674157,48
3715_1,True,,642.244318,48
3716_1,True,,646.674157,48
3716_2,False,,646.674157,48
3716_3,False,,646.674157,48
3716_4,False,,646.674157,48
3717_1,True,,642.244318,48
3717_2,False,,642.244318,48
3718_1,True,,646.674157,48
3718_2,False,,646.674157,48
3719_1,True,,642.244318,48
3719_2,False,,642.244318,48
3719_3,False,,642.244318,48
3719_4,False,,642.244318,48
3719_5,False,,642.244318,48
3720_1,True,,646.674157,48
3720_2,False,,646.674157,48
3721_1,True,,642.244318,48
3721_2,False,,642.244318,48
3721_3,False,,642.244318,48
3722_1,True,,646.674157,48
3723_1,True,,642.244318,48
3723_2,False,,642.244318,48
3724_1,True,,646.674157,48
3724_2,False,,646.674157,48
3725_1,True,,642.244318,48
3725_2,False,,642.244318,48
3726_1,True,,646.674157,48
3726_2,False,,646.674157,48
3726_3,False,,646.674157,48
3726_4,False,,646.674157,48
3727_1,True,,642.244318,48
3728_1,True,,646.674157,48
3728_2,False,,646.674157,48
3728_3,False,,646.674157,48
3728_4,False,,646.674157,48
3729_1,True,,642.244318,48
3730_1,True,,646.674157,48
3730_2,False,,646.674157,48
3730_3,False,,646.674157,48
3731_1,True,,642.244318,48
3731_2,False,,642.244318,48
3731_3,False,,642.244318,48
3731_4,False,,642.244318,48
3731_5,False,,642.244318,48
3731_6,False,,642.244318,48
3732_1,True,,646.674157,48
3732_2,False,,646.674157,48
3732_3,False,,646.674157,48
3732_4,False,,646.674157,48
3733_1,True,,642.244318,48
3733_2,False,,642.244318,48
3733_3,False,,642.244318,48
3733_4,False,,642.244318,48
3734_1,True,,646.674157,48
3734_2,False,,646.674157,48
3735_1,True,,642.244318,48
3736_1,True,,646.674157,48
3736_2,False,,646.674157,48
3737_1,True,,642.244318,48
3738_1,True,,646.674157,48
3739_1,True,,642.244318,48
3739_2,False,,642.244318,48
3739_3,False,,642.244318,48
3740_1,True,,646.674157,48
3740_2,False,,646.674157,48
3741_1,True,,642.244318,48
3742_1,True,,646.674157,48
3743_1,True,,642.244318,48
3743_2,False,,642.244318,48
3744_1,True,,646.674157,48
3744_2,False,,646.674157,48
3745_1,True,,642.244318,48
3746_1,True,,646.674157,48
3747_1,True,,642.244318,48
3747_2,False,,642.244318,48
3748_1,True,,646.674157,48
3748_2,False,,646.674157,48
3748_3,False,,646.674157,48
3749_1,True,,642.244318,48
3749_2,False,,642.244318,48
3749_3,False,,642.244318,48
3749_4,False,,642.244318,48
3750_1,True,,646.674157,48
3750_2,False,,646.674157,48
3750_3,False,,646.674157,48
3751_1,True,,642.244318,48
3751_2,False,,642.244318,48
3751_3,False,,642.244318,48
3751_4,False,,642.244318,48
3752_1,True,,646.674157,48
3752_2,False,,646.674157,48
3752_3,False,,646.674157,48
3753_1,True,,642.244318,48
3753_2,False,,642.244318,48
3753_3,False,,642.244318,48
3753_4,False,,642.244318,48
3753_5,False,,642.244318,48
3754_1,True,,646.674157,48
3754_2,False,,646.674157,48
3755_1,True,,642.244318,48
3756_1,True,,646.674157,48
3756_2,False,,646.674157,48
3756_3,False,,646.674157,48
3756_4,False,,646.674157,48
3756_5,False,,646.674157,48
3757_1,True,,642.244318,48
3757_2,False,,642.244318,48
3757_3,False,,642.244318,48
3757_4,False,,642.244318,48
3758_1,True,,646.674157,48
3759_1,True,,642.244318,48
3759_2,False,,642.244318,48
3760_1,True,,646.674157,48
3761_1,True,,642.244318,48
3761_2,False,,642.244318,48
3762_1,True,,646.674157,48
3763_1,True,,642.244318,48
3763_2,False,,642.244318,48
3763_3,False,,642.244318,48
3763_4,False,,642.244318,48
3764_1,True,,646.674157,48
3764_2,False,,646.674157,48
3764_3,False,,646.674157,48
3764_4,False,,646.674157,48
3764_5,False,,646.674157,48
3765_1,True,,642.244318,48
3765_2,False,,642.244318,48
3766_1,True,,646.674157,48
3767_1,True,,642.244318,48
3768_1,True,,646.674157,48
3769_1,True,,642.244318,48
3770_1,True,,646.674157,48
3771_1,True,,642.244318,48
3771_2,False,,642.244318,48
3772_1,True,,646.674157,48
3772_2,False,,646.674157,48
3773_1,True,,642.244318,48
3774_1,True,,646.674157,48
3774_2,False,,646.674157,48
3775_1,True,,642.244318,48
3776_1,True,,646.674157,48
3776_2,False,,646.674157,48
3776_3,False,,646.674157,48
3777_1,True,,642.244318,48
3777_2,False,,642.244318,48
3778_1,True,,646.674157,48
3778_2,False,,646.674157,48
3779_1,True,,642.244318,48
3780_1,True,,646.674157,48
3780_2,False,,646.674157,48
3781_1,True,,642.244318,48
3781_2,False,,642.244318,48
3781_3,False,,642.244318,48
3782_1,True,,646.674157,48
3782_2,False,,646.674157,48
3782_3,False,,646.674157,48
3783_1,True,,642.244318,48
3783_2,False,,642.244318,48
3783_3,False,,642.244318,48
3783_4,False,,642.244318,48
3784_1,True,,646.674157,48
3785_1,True,,642.244318,48
3785_2,False,,642.244318,48
3786_1,True,,646.674157,48
3786_2,False,,646.674157,48
3786_3,False,,646.674157,48
3786_4,False,,646.674157,48
3787_1,True,,642.244318,48
3787_2,False,,642.244318,48
3787_3,False,,642.244318,48
3787_4,False,,642.244318,48
3788_1,True,,646.674157,48
3788_2,False,,646.674157,48
3788_3,False,,646.674157,48
3788_4,False,,646.674157,48
3789_1,True,,642.244318,48
3789_2,False,,642.244318,48
3790_1,True,,646.674157,48
3790_2,False,,646.674157,48
3790_3,False,,646.674157,48
3791_1,True,,642.244318,48
3792_1,True,,646.674157,48
3793_1,True,,642.244318,48
3793_2,False,,642.244318,48
3793_3,False,,642.244318,48
3794_1,True,,646.674157,48
3794_2,False,,646.674157,48
3794_3,False,,646.674157,48
3795_1,True,,642.244318,48
3796_1,True,,646.674157,48
3796_2,False,,646.674157,48
3797_1,True,,642.244318,48
3797_2,False,,642.244318,48
3797_3,False,,642.244318,48
3798_1,True,,646.674157,48
3798_2,False,,646.674157,48
3798_3,False,,646.674157,48
3799_1,True,,642.244318,48
3800_1,True,,646.674157,48
3800_2,False,,646.674157,48
3801_1,True,,642.244318,48
3802_1,True,,646.674157,48
3802_2,False,,646.674157,48
3803_1,True,,642.244318,48
3803_2,False,,642.244318,48
3803_3,False,,642.244318,48
3804_1,True,,646.674157,48
3804_2,False,,646.674157,48
3804_3,False,,646.674157,48
3805_1,True,,642.244318,48
3805_2,False,,642.244318,48
3806_1,True,,646.674157,48
3806_2,False,,646.674157,48
3807_1,True,,642.244318,48
3808_1,True,,646.674157,48
3808_2,False,,646.674157,48
3809_1,True,,642.244318,48
3810_1,True,,646.674157,48
3810_2,False,,646.674157,48
3811_1,True,,642.244318,48
3811_2,False,,642.244318,48
3812_1,True,,646.674157,48
3812_2,False,,646.674157,48
3813_1,True,,642.244318,48
3814_1,True,,646.674157,48
3814_2,False,,646.674157,48
3815_1,True,,642.244318,48
3816_1,True,,646.674157,48
3816_2,False,,646.674157,48
3817_1,True,,642.244318,48
3817_2,False,,642.244318,48
3817_3,False,,642.244318,48
3817_4,False,,642.244318,48
3818_1,True,,646.674157,48
3818_2,False,,646.674157,48
3818_3,False,,646.674157,48
3818_4,False,,646.674157,48
3818_5,False,,646.674157,48
3818_6,False,,646.674157,48
3818_7,False,,646.674157,48
3819_1,True,,642.244318,48
3820_1,True,,646.674157,48
3820_2,False,,646.674157,48
3821_1,True,,642.244318,48
3821_2,False,,642.244318,48
3822_1,True,,646.674157,48
3822_2,False,,646.674157,48
3822_3,False,,646.674157,48
3822_4,False,,646.674157,48
3822_5,False,,646.674157,48
3822_6,False,,646.674157,48
3823_1,True,,642.244318,48
3823_2,False,,642.244318,48
3823_3,False,,642.244318,48
3823_4,False,,642.244318,48
3824_1,True,,646.674157,48
3824_2,False,,646.674157,48
3825_1,True,,642.244318,48
3825_2,False,,642.244318,48
3825_3,False,,642.244318,48
3825_4,False,,642.244318,48
3825_5,False,,642.244318,48
3825_6,False,,642.244318,48
3826_1,True,,646.674157,48
3826_2,False,,646.674157,48
3826_3,False,,646.674157,48
3826_4,False,,646.674157,48
3826_5,False,,646.674157,48
3826_6,False,,646.674157,48
3827_1,True,,642.244318,48
3827_2,False,,642.244318,48
3827_3,False,,642.244318,48
3828_1,True,,646.674157,48
3828_2,False,,646.674157,48
3828_3,False,,646.674157,48
3828_4,False,,646.674157,48
3828_5,False,,646.674157,48
3828_6,False,,646.674157,48
3829_1,True,,642.244318,48
3829_2,False,,642.244318,48
3830_1,True,,646.674157,48
3830_2,False,,646.674157,48
3831_1,True,,642.244318,48
3831_2,False,,642.244318,48
3832_1,True,,646.674157,48
3832_2,False,,646.674157,48
3833_1,True,,642.244318,48
3833_2,False,,642.244318,48
3833_3,False,,642.244318,48
3834_1,True,,646.674157,48
3834_2,False,,646.674157,48
3835_1,True,,642.244318,48
3835_2,False,,642.244318,48
3836_1,True,,646.674157,48
3836_2,False,,646.674157,48
3836_3,False,,646.674157,48
3837_1,True,,642.244318,48
3838_1,True,,646.674157,48
3838_2,False,,646.674157,48
3838_3,False,,646.674157,48
3838_4,False,,646.674157,48
3839_1,True,,642.244318,48
3840_1,True,,646.674157,48
3840_2,False,,646.674157,48
3840_3,False,,646.674157,48
3840_4,False,,646.674157,48
3841_1,True,,642.244318,48
3841_2,False,,642.244318,48
3842_1,True,,646.674157,48
3842_2,False,,646.674157,48
3843_1,True,,642.244318,48
3844_1,True,,646.674157,48
3844_2,False,,646.674157,48
3845_1,True,,642.244318,48
3845_2,False,,642.244318,48
3845_3,False,,642.244318,48
3845_4,False,,642.244318,48
3845_5,False,,642.244318,48
3846_1,True,,646.674157,48
3846_2,False,,646.674157,48
3846_3,False,,646.674157,48
3847_1,True,,642.244318,48
3847_2,False,,642.244318,48
3847_3,False,,642.244318,48
3847_4,False,,642.244318,48
3847_5,False,,642.244318,48
3848_1,True,,646.674157,48
3848_2,False,,646.674157,48
3848_3,False,,646.674157,48
3848_4,False,,646.674157,48
3848_5,False,,646.674157,48
3848_6,False,,646.674157,48
3848_7,False,,646.674157,48
3849_1,True,,642.244318,48
3849_2,False,,642.244318,48
3850_1,True,,646.674157,48
3851_1,True,,642.244318,48
3851_2,False,,642.244318,48
3851_3,False,,642.244318,48
3852_1,True,,646.674157,48
3852_2,False,,646.674157,48
3853_1,True,,642.244318,48
3854_1,True,,646.674157,48
3854_2,False,,646.674157,48
3855_1,True,,642.244318,48
3856_1,True,,646.674157,48
3856_2,False,,646.674157,48
3857_1,True,,642.244318,48
3857_2,False,,642.244318,48
3858_1,True,,646.674157,48
3858_2,False,,646.674157,48
3858_3,False,,646.674157,48
3858_4,False,,646.674157,48
3858_5,False,,646.674157,48
3859_1,True,,642.244318,48
3859_2,False,,642.244318,48
3859_3,False,,642.244318,48
3860_1,True,,646.674157,48
3860_2,False,,646.674157,48
3860_3,False,,646.674157,48
3860_4,False,,646.674157,48
3861_1,True,,642.244318,48
3861_2,False,,642.244318,48
3861_3,False,,642.244318,48
3862_1,True,,646.674157,48
3862_2,False,,646.674157,48
3862_3,False,,646.674157,48
3862_4,False,,646.674157,48
3862_5,False,,646.674157,48
3863_1,True,,642.244318,48
3863_2,False,,642.244318,48
3863_3,False,,642.244318,48
3863_4,False,,642.244318,48
3864_1,True,,646.674157,48
3864_2,False,,646.674157,48
3864_3,False,,646.674157,48
3865_1,True,,642.244318,48
3865_2,False,,642.244318,48
3865_3,False,,642.244318,48
3865_4,False,,642.244318,48
3866_1,True,,646.674157,48
3866_2,False,,646.674157,48
3866_3,False,,646.674157,48
3866_4,False,,646.674157,48
3866_5,False,,646.674157,48
3867_1,True,,642.244318,48
3867_2,False,,642.244318,48
3867_3,False,,642.244318,48
3867_4,False,,642.244318,48
3868_1,True,,646.674157,48
3868_2,False,,646.674157,48
3868_3,False,,646.674157,48
3869_1,True,,642.244318,48
3869_2,False,,642.244318,48
3869_3,False,,642.244318,48
3869_4,False,,642.244318,48
3869_5,False,,642.244318,48
3870_1,True,,646.674157,48
3870_2,False,,646.674157,48
3870_3,False,,646.674157,48
3871_1,True,,642.244318,48
3871_2,False,,642.244318,48
3872_1,True,,646.674157,48
3873_1,True,,642.244318,48
3873_2,False,,642.244318,48
3873_3,False,,642.244318,48
3874_1,True,,646.674157,48
3874_2,False,,646.674157,48
3874_3,False,,646.674157,48
3874_4,False,,646.674157,48
3875_1,True,,642.244318,48
3875_2,False,,642.244318,48
3875_3,False,,642.244318,48
3875_4,False,,642.244318,48
3875_5,False,,642.244318,48
3875_6,False,,642.244318,48
3876_1,True,,646.674157,48
3876_2,False,,646.674157,48
3877_1,True,,642.244318,48
3878_1,True,,646.674157,48
3878_2,False,,646.674157,48
3878_3,False,,646.674157,48
3879_1,True,,642.244318,48
3879_2,False,,642.244318,48
3880_1,True,,646.674157,48
3881_1,True,,642.244318,48
3882_1,True,,646.674157,48
3882_2,False,,646.674157,48
3883_1,True,,642.244318,48
3883_2,False,,642.244318,48
3884_1,True,,646.674157,48
3884_2,False,,646.674157,48
3884_3,False,,646.674157,48
3884_4,False,,646.674157,48
3884_5,False,,646.674157,48
3884_6,False,,646.674157,48
3885_1,True,,646.674157,48
3885_2,False,,646.674157,48
3885_3,False,,646.674157,48
3885_4,False,,646.674157,48
3885_5,False,,646.674157,48
3885_6,False,,646.674157,48
3886_1,True,,646.674157,48
3886_2,False,,646.674157,48
3887_1,True,,642.244318,48
3887_2,False,,642.244318,48
3887_3,False,,642.244318,48
3888_1,True,,646.674157,48
3888_2,False,,646.674157,48
3888_3,False,,646.674157,48
3888_4,False,,646.674157,48
3888_5,False,,646.674157,48
3888_6,False,,646.674157,48
3889_1,True,,642.244318,48
3889_2,False,,642.244318,48
3890_1,True,,646.674157,48
3890_2,False,,646.674157,48
3891_1,True,,642.244318,48
3891_2,False,,642.244318,48
3891_3,False,,642.244318,48
3891_4,False,,642.244318,48
3892_1,True,,646.674157,48
3892_2,False,,646.674157,48
3893_1,True,,642.244318,48
3893_2,False,,642.244318,48
3894_1,True,,646.674157,48
3894_2,False,,646.674157,48
3894_3,False,,646.674157,48
3894_4,False,,646.674157,48
3895_1,True,,642.244318,48
3896_1,True,,646.674157,48
3896_2,False,,646.674157,48
3896_3,False,,646.674157,48
3896_4,False,,646.674157,48
3897_1,True,,642.244318,48
3897_2,False,,642.244318,48
3898_1,True,,646.674157,48
3899_1,True,,642.244318,48
3899_2,False,,642.244318,48
3899_3,False,,642.244318,48
3900_1,True,,646.674157,48
3900_2,False,,646.674157,48
3901_1,True,,642.244318,48
3901_2,False,,642.244318,48
3901_3,False,,642.244318,48
3901_4,False,,642.244318,48
3902_1,True,,646.674157,48
3902_2,False,,646.674157,48
3902_3,False,,646.674157,48
3903_1,True,,642.244318,48
3904_1,True,,646.674157,48
3904_2,False,,646.674157,48
3904_3,False,,646.674157,48
3904_4,False,,646.674157,48
3904_5,False,,646.674157,48
3904_6,False,,646.674157,48
3904_7,False,,646.674157,48
3905_1,True,,642.244318,48
3905_2,False,,642.244318,48
3905_3,False,,642.244318,48
3905_4,False,,642.244318,48
3906_1,True,,646.674157,48
3906_2,False,,646.674157,48
3906_3,False,,646.674157,48
3906_4,False,,646.674157,48
3906_5,False,,646.674157,48
3907_1,True,,642.244318,48
3907_2,False,,642.244318,48
3908_1,True,,646.674157,48
3908_2,False,,646.674157,48
3908_3,False,,646.674157,48
3909_1,True,,642.244318,48
3909_2,False,,642.244318,48
3909_3,False,,642.244318,48
3910_1,True,,646.674157,48
3910_2,False,,646.674157,48
3910_3,False,,646.674157,48
3911_1,True,,642.244318,48
3911_2,False,,642.244318,48
3912_1,True,,646.674157,48
3912_2,False,,646.674157,48
3912_3,False,,646.674157,48
3912_4,False,,646.674157,48
3913_1,True,,642.244318,48
3913_2,False,,642.244318,48
3914_1,True,,646.674157,48
3914_2,False,,646.674157,48
3914_3,False,,646.674157,48
3915_1,True,,642.244318,48
3915_2,False,,642.244318,48
3915_3,False,,642.244318,48
3915_4,False,,642.244318,48
3915_5,False,,642.244318,48
3916_1,True,,646.674157,48
3916_2,False,,646.674157,48
3916_3,False,,646.674157,48
3916_4,False,,646.674157,48
3916_5,False,,646.674157,48
3917_1,True,,642.244318,48
3917_2,False,,642.244318,48
3917_3,False,,642.244318,48
3918_1,True,,646.674157,48
3918_2,False,,646.674157,48
3918_3,False,,646.674157,48
3918_4,False,,646.674157,48
3919_1,True,,642.244318,48
3919_2,False,,642.244318,48
3919_3,False,,642.244318,48
3919_4,False,,642.244318,48
3920_1,True,,646.674157,48
3920_2,False,,646.674157,48
3921_1,True,,642.244318,48
3921_2,False,,642.244318,48
3921_3,False,,642.244318,48
3922_1,True,,646.674157,48
3922_2,False,,646.674157,48
3922_3,False,,646.674157,48
3923_1,True,,642.244318,48
3924_1,True,,646.674157,48
3924_2,False,,646.674157,48
3925_1,True,,642.244318,48
3926_1,True,,646.674157,48
3926_2,False,,646.674157,48
3927_1,True,,642.244318,48
3927_2,False,,642.244318,48
3927_3,False,,642.244318,48
3928_1,True,,646.674157,48
3928_2,False,,646.674157,48
3928_3,False,,646.674157,48
3928_4,False,,646.674157,48
3929_1,True,,642.244318,48
3930_1,True,,646.674157,48
3930_2,False,,646.674157,48
3931_1,True,,642.244318,48
3931_2,False,,642.244318,48
3931_3,False,,642.244318,48
3931_4,False,,642.244318,48
3932_1,True,,646.674157,48
3933_1,True,,642.244318,48
3934_1,True,,646.674157,48
3934_2,False,,646.674157,48
3935_1,True,,642.244318,48
3935_2,False,,642.244318,48
3936_1,True,,646.674157,48
3936_2,False,,646.674157,48
3936_3,False,,646.674157,48
3937_1,True,,642.244318,48
3937_2,False,,642.244318,48
3937_3,False,,642.244318,48
3937_4,False,,642.244318,48
3938_1,True,,642.244318,48
3938_2,False,,642.244318,48
3938_3,False,,642.244318,48
3939_1,True,,642.244318,48
3939_2,False,,642.244318,48
3940_1,True,,646.674157,48
3940_2,False,,646.674157,48
3940_3,False,,646.674157,48
3940_4,False,,646.674157,48
3941_1,True,,642.244318,48
3941_2,False,,642.244318,48
3941_3,False,,642.244318,48
3941_4,False,,642.244318,48
3942_1,True,,646.674157,48
3943_1,True,,642.244318,48
3943_2,False,,642.244318,48
3944_1,True,,646.674157,48
3945_1,True,,642.244318,48
3945_2,False,,642.244318,48
3946_1,True,,646.674157,48
3946_2,False,,646.674157,48
3947_1,True,,642.244318,48
3947_2,False,,642.244318,48
3948_1,True,,646.674157,48
3948_2,False,,646.674157,48
3949_1,True,,642.244318,48
3950_1,True,,646.674157,48
3951_1,True,,642.244318,48
3951_2,False,,642.244318,48
3952_1,True,,646.674157,48
3952_2,False,,646.674157,48
3952_3,False,,646.674157,48
3952_4,False,,646.674157,48
3953_1,True,,642.244318,48
3953_2,False,,642.244318,48
3953_3,False,,642.244318,48
3953_4,False,,642.244318,48
3954_1,True,,646.674157,48
3954_2,False,,646.674157,48
3954_3,False,,646.674157,48
3954_4,False,,646.674157,48
3955_1,True,,642.244318,48
3956_1,True,,646.674157,48
3956_2,False,,646.674157,48
3957_1,True,,642.244318,48
3958_1,True,,646.674157,48
3958_2,False,,646.674157,48
3958_3,False,,646.674157,48
3958_4,False,,646.674157,48
3959_1,True,,646.674157,48
3960_1,True,,646.674157,48
3960_2,False,,646.674157,48
3960_3,False,,646.674157,48
3961_1,True,,642.244318,48
3962_1,True,,646.674157,48
3962_2,False,,646.674157,48
3962_3,False,,646.674157,48
3963_1,True,,642.244318,48
3964_1,True,,646.674157,48
3965_1,True,,642.244318,48
3965_2,False,,642.244318,48
3966_1,True,,646.674157,48
3966_2,False,,646.674157,48
3967_1,True,,642.244318,48
3967_2,False,,642.244318,48
3967_3,False,,642.244318,48
3967_4,False,,642.244318,48
3968_1,True,,646.674157,48
3968_2,False,,646.674157,48
3968_3,False,,646.674157,48
3968_4,False,,646.674157,48
3969_1,True,,642.244318,48
3969_2,False,,642.244318,48
3969_3,False,,642.244318,48
3970_1,True,,646.674157,48
3970_2,False,,646.674157,48
3971_1,True,,642.244318,48
3971_2,False,,642.244318,48
3972_1,True,,646.674157,48
3972_2,False,,646.674157,48
3972_3,False,,646.674157,48
3973_1,True,,642.244318,48
3974_1,True,,646.674157,48
3974_2,False,,646.674157,48
3974_3,False,,646.674157,48
3974_4,False,,646.674157,48
3974_5,False,,646.674157,48
3975_1,True,,642.244318,48
3976_1,True,,646.674157,48
3976_2,False,,646.674157,48
3976_3,False,,646.674157,48
3977_1,True,,642.244318,48
3977_2,False,,642.244318,48
3978_1,True,,646.674157,48
3978_2,False,,646.674157,48
3978_3,False,,646.674157,48
3978_4,False,,646.674157,48
3978_5,False,,646.674157,48
3978_6,False,,646.674157,48
3978_7,False,,646.674157,48
3979_1,True,,642.244318,48
3979_2,False,,642.244318,48
3979_3,False,,642.244318,48
3979_4,False,,642.244318,48
3979_5,False,,642.244318,48
3979_6,False,,642.244318,48
3980_1,True,,646.674157,48
3981_1,True,,642.244318,48
3981_2,False,,642.244318,48
3981_3,False,,642.244318,48
3981_4,False,,642.244318,48
3981_5,False,,642.244318,48
3981_6,False,,642.244318,48
3982_1,True,,646.674157,48
3982_2,False,,646.674157,48
3982_3,False,,646.674157,48
3982_4,False,,646.674157,48
3983_1,True,,642.244318,48
3984_1,True,,646.674157,48
3984_2,False,,646.674157,48
3984_3,False,,646.674157,48
3984_4,False,,646.674157,48
3984_5,False,,646.674157,48
3985_1,True,,642.244318,48
3985_2,False,,642.244318,48
3985_3,False,,642.244318,48
3985_4,False,,642.244318,48
3985_5,False,,642.244318,48
3985_6,False,,642.244318,48
3985_7,False,,642.244318,48
3985_8,False,,642.244318,48
3986_1,True,,646.674157,48
3986_2,False,,646.674157,48
3987_1,True,,642.244318,48
3988_1,True,,646.674157,48
3988_2,False,,646.674157,48
3988_3,False,,646.674157,48
3988_4,False,,646.674157,48
3989_1,True,,642.244318,48
3989_2,False,,642.244318,48
3990_1,True,,646.674157,48
3991_1,True,,642.244318,48
3991_2,False,,642.244318,48
3991_3,False,,642.244318,48
3991_4,False,,642.244318,48
3992_1,True,,646.674157,48
3992_2,False,,646.674157,48
3993_1,True,,642.244318,48
3993_2,False,,642.244318,48
3994_1,True,,646.674157,48
3995_1,True,,642.244318,48
3995_2,False,,642.244318,48
3996_1,True,,646.674157,48
3996_2,False,,646.674157,48
3997_1,True,,642.244318,48
3997_2,False,,642.244318,48
3998_1,True,,646.674157,48
3998_2,False,,646.674157,48
3999_1,True,,642.244318,48
3999_2,False,,642.244318,48
3999_3,False,,642.244318,48
4000_1,True,,646.674157,48
4000_2,False,,646.674157,48
4000_3,False,,646.674157,48
4001_1,True,,642.244318,48
4001_2,False,,642.244318,48
4001_3,False,,642.244318,48
4001_4,False,,642.244318,48
4001_5,False,,642.244318,48
4002_1,True,,646.674157,48
4002_2,False,,646.674157,48
4003_1,True,,642.244318,48
4003_2,False,,642.244318,48
4003_3,False,,642.244318,48
4003_4,False,,642.244318,48
4003_5,False,,642.244318,48
4004_1,True,,646.674157,48
4004_2,False,,646.674157,48
4004_3,False,,646.674157,48
4004_4,False,,646.674157,48
4005_1,True,,642.244318,48
4005_2,False,,642.244318,48
4005_3,False,,642.244318,48
4005_4,False,,642.244318,48
4006_1,True,,646.674157,48
4006_2,False,,646.674157,48
4006_3,False,,646.674157,48
4007_1,True,,642.244318,48
4008_1,True,,646.674157,48
4009_1,True,,642.244318,48
4009_2,False,,642.244318,48
4010_1,True,,646.674157,48
4011_1,True,,642.244318,48
4012_1,True,,646.674157,48
4013_1,True,,642.244318,48
4013_2,False,,642.244318,48
4013_3,False,,642.244318,48
4014_1,True,,646.674157,48
4015_1,True,,642.244318,48
4016_1,True,,646.674157,48
4016_2,False,,646.674157,48
4017_1,True,,642.244318,48
4017_2,False,,642.244318,48
4017_3,False,,642.244318,48
4018_1,True,,646.674157,48
4018_2,False,,646.674157,48
4018_3,False,,646.674157,48
4019_1,True,,642.244318,48
4019_2,False,,642.244318,48
4020_1,True,,646.674157,48
4020_2,False,,646.674157,48
4020_3,False,,646.674157,48
4020_4,False,,646.674157,48
4021_1,True,,642.244318,48
4021_2,False,,642.244318,48
4021_3,False,,642.244318,48
4022_1,True,,646.674157,48
4022_2,False,,646.674157,48
4022_3,False,,646.674157,48
4022_4,False,,646.674157,48
4023_1,True,,642.244318,48
4023_2,False,,642.244318,48
4023_3,False,,642.244318,48
4023_4,False,,642.244318,48
4024_1,True,,646.674157,48
4024_2,False,,646.674157,48
4024_3,False,,646.674157,48
4024_4,False,,646.674157,48
4025_1,True,,642.244318,48
4025_2,False,,642.244318,48
4025_3,False,,642.244318,48
4025_4,False,,642.244318,48
4026_1,True,,646.674157,48
4026_2,False,,646.674157,48
4026_3,False,,646.674157,48
4026_4,False,,646.674157,48
4026_5,False,,646.674157,48
4027_1,True,,642.244318,48
4027_2,False,,642.244318,48
4027_3,False,,642.244318,48
4027_4,False,,642.244318,48
4027_5,False,,642.244318,48
4028_1,True,,646.674157,48
4028_2,False,,646.674157,48
4028_3,False,,646.674157,48
4028_4,False,,646.674157,48
4029_1,True,,642.244318,48
4029_2,False,,642.244318,48
4029_3,False,,642.244318,48
4030_1,True,,646.674157,48
4030_2,False,,646.674157,48
4030_3,False,,646.674157,48
4030_4,False,,646.674157,48
4030_5,False,,646.674157,48
4031_1,True,,642.244318,48
4031_2,False,,642.244318,48
4031_3,False,,642.244318,48
4031_4,False,,642.244318,48
4032_1,True,,646.674157,48
4032_2,False,,646.674157,48
4032_3,False,,646.674157,48
4033_1,True,,642.244318,48
4033_2,False,,642.244318,48
4033_3,False,,642.244318,48
4034_1,True,,646.674157,48
4034_2,False,,646.674157,48
4034_3,False,,646.674157,48
4034_4,False,,646.674157,48
4035_1,True,,642.244318,48
4035_2,False,,642.244318,48
4035_3,False,,642.244318,48
4035_4,False,,642.244318,48
4035_5,False,,642.244318,48
4035_6,False,,642.244318,48
4036_1,True,,646.674157,48
4036_2,False,,646.674157,48
4037_1,True,,642.244318,48
4037_2,False,,642.244318,48
4037_3,False,,642.244318,48
4037_4,False,,642.244318,48
4038_1,True,,646.674157,48
4038_2,False,,646.674157,48
4038_3,False,,646.674157,48
4039_1,True,,642.244318,48
4039_2,False,,642.244318,48
4040_1,True,,646.674157,48
4040_2,False,,646.674157,48
4040_3,False,,646.674157,48
4041_1,True,,642.244318,48
4041_2,False,,642.244318,48
4041_3,False,,642.244318,48
4041_4,False,,642.244318,48
4042_1,True,,646.674157,48
4042_2,False,,646.674157,48
4042_3,False,,646.674157,48
4042_4,False,,646.674157,48
4042_5,False,,646.674157,48
4043_1,True,,642.244318,48
4043_2,False,,642.244318,48
4043_3,False,,642.244318,48
4044_1,True,,646.674157,48
4044_2,False,,646.674157,48
4044_3,False,,646.674157,48
4045_1,True,,642.244318,48
4045_2,False,,642.244318,48
4045_3,False,,642.244318,48
4045_4,False,,642.244318,48
4046_1,True,,646.674157,48
4046_2,False,,646.674157,48
4046_3,False,,646.674157,48
4047_1,True,,642.244318,48
4047_2,False,,642.244318,48
4047_3,False,,642.244318,48
4047_4,False,,642.244318,48
4047_5,False,,642.244318,48
4048_1,True,,646.674157,48
4048_2,False,,646.674157,48
4048_3,False,,646.674157,48
4049_1,True,,642.244318,48
4049_2,False,,642.244318,48
4049_3,False,,642.244318,48
4049_4,False,,642.244318,48
4049_5,False,,642.244318,48
4050_1,True,,646.674157,48
4050_2,False,,646.674157,48
4050_3,False,,646.674157,48
4050_4,False,,646.674157,48
4051_1,True,,642.244318,48
4051_2,False,,642.244318,48
4051_3,False,,642.244318,48
4051_4,False,,642.244318,48
4051_5,False,,642.244318,48
4052_1,True,,646.674157,48
4052_2,False,,646.674157,48
4052_3,False,,646.674157,48
4052_4,False,,646.674157,48
4053_1,True,,642.244318,48
4053_2,False,,642.244318,48
4053_3,False,,642.244318,48
4053_4,False,,642.244318,48
4054_1,True,,646.674157,48
4054_2,False,,646.674157,48
4054_3,False,,646.674157,48
4054_4,False,,646.674157,48
4054_5,False,,646.674157,48
4054_6,False,,646.674157,48
4054_7,False,,646.674157,48
4055_1,True,,642.244318,48
4055_2,False,,642.244318,48
4055_3,False,,642.244318,48
4055_4,False,,642.244318,48
4056_1,True,,646.674157,48
4056_2,False,,646.674157,48
4057_1,True,,642.244318,48
4057_2,False,,642.244318,48
4057_3,False,,642.244318,48
4058_1,True,,646.674157,48
4058_2,False,,646.674157,48
4059_1,True,,642.244318,48
4059_2,False,,642.244318,48
4059_3,False,,642.244318,48
4059_4,False,,642.244318,48
4060_1,True,,646.674157,48
4060_2,False,,646.674157,48
4060_3,False,,646.674157,48
4060_4,False,,646.674157,48
4061_1,True,,642.244318,48
4062_1,True,,102.849711,49
4062_2,False,,102.849711,49
4063_1,True,,101.482955,49
4063_2,False,,101.482955,49
4063_3,False,,101.482955,49
4064_1,True,,102.849711,49
4064_2,False,,102.849711,49
4065_1,True,,101.482955,49
4066_1,True,,102.849711,49
4067_1,True,,101.482955,49
4067_2,False,,101.482955,49
4067_3,False,,101.482955,49
4067_4,False,,101.482955,49
4068_1,True,,102.849711,49
4068_2,False,,102.849711,49
4068_3,False,,102.849711,49
4069_1,True,,101.482955,49
4070_1,True,,102.849711,49
4070_2,False,,102.849711,49
4070_3,False,,102.849711,49
4071_1,True,,101.482955,49
4071_2,False,,101.482955,49
4072_1,True,,102.849711,49
4072_2,False,,102.849711,49
4072_3,False,,102.849711,49
4072_4,False,,102.849711,49
4073_1,True,,101.482955,49
4073_2,False,,101.482955,49
4074_1,True,,101.482955,49
4074_2,False,,101.482955,49
4075_1,True,,101.482955,49
4075_2,False,,101.482955,49
4076_1,True,,102.849711,49
4077_1,True,,101.482955,49
4077_2,False,,101.482955,49
4078_1,True,,102.849711,49
4078_2,False,,102.849711,49
4079_1,True,,101.482955,49
4079_2,False,,101.482955,49
4080_1,True,,102.849711,49
4080_2,False,,102.849711,49
4080_3,False,,102.849711,49
4080_4,False,,102.849711,49
4081_1,True,,101.482955,49
4081_2,False,,101.482955,49
4081_3,False,,101.482955,49
4081_4,False,,101.482955,49
4082_1,True,,102.849711,49
4082_2,False,,102.849711,49
4082_3,False,,102.849711,49
4082_4,False,,102.849711,49
4083_1,True,,101.482955,49
4083_2,False,,101.482955,49
4084_1,True,,102.849711,49
4085_1,True,,101.482955,49
4085_2,False,,101.482955,49
4086_1,True,,102.849711,49
4086_2,False,,102.849711,49
4087_1,True,,101.482955,49
4087_2,False,,101.482955,49
4088_1,True,,102.849711,49
4088_2,False,,102.849711,49
4089_1,True,,101.482955,49
4089_2,False,,101.482955,49
4090_1,True,,102.849711,49
4090_2,False,,102.849711,49
4091_1,True,,101.482955,49
4091_2,False,,101.482955,49
4092_1,True,,102.849711,49
4092_2,False,,102.849711,49
4092_3,False,,102.849711,49
4092_4,False,,102.849711,49
4093_1,True,,101.482955,49
4093_2,False,,101.482955,49
4094_1,True,,102.849711,49
4094_2,False,,102.849711,49
4094_3,False,,102.849711,49
4095_1,True,,101.482955,49
4096_1,True,,102.849711,49
4096_2,False,,102.849711,49
4097_1,True,,101.482955,49
4097_2,False,,101.482955,49
4098_1,True,,102.849711,49
4098_2,False,,102.849711,49
4099_1,True,,101.482955,49
4099_2,False,,101.482955,49
4100_1,True,,102.849711,49
4100_2,False,,102.849711,49
4101_1,True,,101.482955,49
4101_2,False,,101.482955,49
4101_3,False,,101.482955,49
4102_1,True,,102.849711,49
4103_1,True,,101.482955,49
4103_2,False,,101.482955,49
4104_1,True,,102.849711,49
4104_2,False,,102.849711,49
4105_1,True,,101.482955,49
4105_2,False,,101.482955,49
4106_1,True,,102.849711,49
4106_2,False,,102.849711,49
4106_3,False,,102.849711,49
4106_4,False,,102.849711,49
4107_1,True,,101.482955,49
4108_1,True,,102.849711,49
4108_2,False,,102.849711,49
4109_1,True,,101.482955,49
4109_2,False,,101.482955,49
4110_1,True,,102.849711,49
4110_2,False,,102.849711,49
4110_3,False,,102.849711,49
4110_4,False,,102.849711,49
4111_1,True,,101.482955,49
4111_2,False,,101.482955,49
4112_1,True,,102.849711,49
4112_2,False,,102.849711,49
4112_3,False,,102.849711,49
4112_4,False,,102.849711,49
4113_1,True,,101.482955,49
4113_2,False,,101.482955,49
4113_3,False,,101.482955,49
4113_4,False,,101.482955,49
4114_1,True,,102.849711,49
4114_2,False,,102.849711,49
4115_1,True,,101.482955,49
4115_2,False,,101.482955,49
4115_3,False,,101.482955,49
4115_4,False,,101.482955,49
4115_5,False,,101.482955,49
4116_1,True,,102.849711,49
4116_2,False,,102.849711,49
4116_3,False,,102.849711,49
4117_1,True,,101.482955,49
4118_1,True,,102.849711,49
4118_2,False,,102.849711,49
4119_1,True,,101.482955,49
4120_1,True,,102.849711,49
4120_2,False,,102.849711,49
4120_3,False,,102.849711,49
4120_4,False,,102.849711,49
4121_1,True,,101.482955,49
4121_2,False,,101.482955,49
4121_3,False,,101.482955,49
4121_4,False,,101.482955,49
4122_1,True,,102.849711,49
4122_2,False,,102.849711,49
4122_3,False,,102.849711,49
4123_1,True,,101.482955,49
4123_2,False,,101.482955,49
4124_1,True,,102.849711,49
4124_2,False,,102.849711,49
4124_3,False,,102.849711,49
4125_1,True,,101.482955,49
4125_2,False,,101.482955,49
4125_3,False,,101.482955,49
4125_4,False,,101.482955,49
4126_1,True,,102.849711,49
4126_2,False,,102.849711,49
4127_1,True,,101.482955,49
4128_1,True,,102.849711,49
4128_2,False,,102.849711,49
4129_1,True,,101.482955,49
4129_2,False,,101.482955,49
4129_3,False,,101.482955,49
4130_1,True,,102.849711,49
4130_2,False,,102.849711,49
4131_1,True,,101.482955,49
4131_2,False,,101.482955,49
4132_1,True,,102.849711,49
4132_2,False,,102.849711,49
4132_3,False,,102.849711,49
4132_4,False,,102.849711,49
4132_5,False,,102.849711,49
4132_6,False,,102.849711,49
4133_1,True,,102.849711,49
4133_2,False,,102.849711,49
4134_1,True,,102.849711,49
4134_2,False,,102.849711,49
4134_3,False,,102.849711,49
4134_4,False,,102.849711,49
4134_5,False,,102.849711,49
4134_6,False,,102.849711,49
4135_1,True,,101.482955,49
4135_2,False,,101.482955,49
4136_1,True,,102.849711,49
4136_2,False,,102.849711,49
4136_3,False,,102.849711,49
4136_4,False,,102.849711,49
4137_1,True,,101.482955,49
4137_2,False,,101.482955,49
4138_1,True,,102.849711,49
4138_2,False,,102.849711,49
4139_1,True,,101.482955,49
4139_2,False,,101.482955,49
4140_1,True,,102.849711,49
4140_2,False,,102.849711,49
4141_1,True,,101.482955,49
4142_1,True,,102.849711,49
4142_2,False,,102.849711,49
4142_3,False,,102.849711,49
4142_4,False,,102.849711,49
4142_5,False,,102.849711,49
4143_1,True,,101.482955,49
4143_2,False,,101.482955,49
4143_3,False,,101.482955,49
4144_1,True,,102.849711,49
4144_2,False,,102.849711,49
4144_3,False,,102.849711,49
4145_1,True,,101.482955,49
4146_1,True,,102.849711,49
4146_2,False,,102.849711,49
4146_3,False,,102.849711,49
4146_4,False,,102.849711,49
4146_5,False,,102.849711,49
4147_1,True,,101.482955,49
4148_1,True,,102.849711,49
4148_2,False,,102.849711,49
4149_1,True,,101.482955,49
4149_2,False,,101.482955,49
4150_1,True,,102.849711,49
4150_2,False,,102.849711,49
4151_1,True,,101.482955,49
4151_2,False,,101.482955,49
4152_1,True,,102.849711,49
4152_2,False,,102.849711,49
4152_3,False,,102.849711,49
4153_1,True,,101.482955,49
4153_2,False,,101.482955,49
4153_3,False,,101.482955,49
4154_1,True,,102.849711,49
4155_1,True,,101.482955,49
4155_2,False,,101.482955,49
4156_1,True,,102.849711,49
4156_2,False,,102.849711,49
4157_1,True,,101.482955,49
4158_1,True,,102.849711,49
4158_2,False,,102.849711,49
4158_3,False,,102.849711,49
4159_1,True,,101.482955,49
4159_2,False,,101.482955,49
4160_1,True,,102.849711,49
4160_2,False,,102.849711,49
4160_3,False,,102.849711,49
4161_1,True,,101.482955,49
4162_1,True,,102.849711,49
4162_2,False,,102.849711,49
4162_3,False,,102.849711,49
4163_1,True,,101.482955,49
4164_1,True,,102.849711,49
4164_2,False,,102.849711,49
4165_1,True,,101.482955,49
4165_2,False,,101.482955,49
4166_1,True,,102.849711,49
4166_2,False,,102.849711,49
4167_1,True,,101.482955,49
4168_1,True,,102.849711,49
4169_1,True,,101.482955,49
4169_2,False,,101.482955,49
4170_1,True,,102.849711,49
4171_1,True,,101.482955,49
4171_2,False,,101.482955,49
4171_3,False,,101.482955,49
4172_1,True,,102.849711,49
4172_2,False,,102.849711,49
4173_1,True,,101.482955,49
4173_2,False,,101.482955,49
4174_1,True,,102.849711,49
4174_2,False,,102.849711,49
4175_1,True,,101.482955,49
4175_2,False,,101.482955,49
4176_1,True,,102.849711,49
4176_2,False,,102.849711,49
4177_1,True,,101.482955,49
4178_1,True,,102.849711,49
4178_2,False,,102.849711,49
4179_1,True,,101.482955,49
4179_2,False,,101.482955,49
4179_3,False,,101.482955,49
4180_1,True,,102.849711,49
4180_2,False,,102.849711,49
4180_3,False,,102.849711,49
4180_4,False,,102.849711,49
4180_5,False,,102.849711,49
4181_1,True,,101.482955,49
4181_2,False,,101.482955,49
4181_3,False,,101.482955,49
4182_1,True,,102.849711,49
4182_2,False,,102.849711,49
4183_1,True,,101.482955,49
4183_2,False,,101.482955,49
4184_1,True,,102.849711,49
4184_2,False,,102.849711,49
4185_1,True,,101.482955,49
4185_2,False,,101.482955,49
4185_3,False,,101.482955,49
4186_1,True,,102.849711,49
4187_1,True,,101.482955,49
4187_2,False,,101.482955,49
4187_3,False,,101.482955,49
4188_1,True,,102.849711,49
4188_2,False,,102.849711,49
4189_1,True,,101.482955,49
4190_1,True,,102.849711,49
4190_2,False,,102.849711,49
4190_3,False,,102.849711,49
4191_1,True,,101.482955,49
4191_2,False,,101.482955,49
4192_1,True,,102.849711,49
4192_2,False,,102.849711,49
4192_3,False,,102.849711,49
4192_4,False,,102.849711,49
4192_5,False,,102.849711,49
4193_1,True,,101.482955,49
4193_2,False,,101.482955,49
4193_3,False,,101.482955,49
4194_1,True,,102.849711,49
4194_2,False,,102.849711,49
4195_1,True,,101.482955,49
4195_2,False,,101.482955,49
4195_3,False,,101.482955,49
4195_4,False,,101.482955,49
4195_5,False,,101.482955,49
4195_6,False,,101.482955,49
4195_7,False,,101.482955,49
4196_1,True,,102.849711,49
4196_2,False,,102.849711,49
4197_1,True,,101.482955,49
4197_2,False,,101.482955,49
4198_1,True,,102.849711,49
4199_1,True,,101.482955,49
4199_2,False,,101.482955,49
4199_3,False,,101.482955,49
4200_1,True,,102.849711,49
4200_2,False,,102.849711,49
4201_1,True,,101.482955,49
4202_1,True,,102.849711,49
4202_2,False,,102.849711,49
4203_1,True,,101.482955,49
4204_1,True,,102.849711,49
4204_2,False,,102.849711,49
4204_3,False,,102.849711,49
4205_1,True,,101.482955,49
4206_1,True,,102.849711,49
4206_2,False,,102.849711,49
4206_3,False,,102.849711,49
4207_1,True,,101.482955,49
4207_2,False,,101.482955,49
4207_3,False,,101.482955,49
4208_1,True,,102.849711,49
4208_2,False,,102.849711,49
4209_1,True,,101.482955,49
4209_2,False,,101.482955,49
4210_1,True,,102.849711,49
4211_1,True,,101.482955,49
4211_2,False,,101.482955,49
4212_1,True,,102.849711,49
4212_2,False,,102.849711,49
4212_3,False,,102.849711,49
4213_1,True,,101.482955,49
4214_1,True,,102.849711,49
4214_2,False,,102.849711,49
4214_3,False,,102.849711,49
4215_1,True,,101.482955,49
4215_2,False,,101.482955,49
4216_1,True,,102.849711,49
4216_2,False,,102.849711,49
4217_1,True,,101.482955,49
4217_2,False,,101.482955,49
4218_1,True,,102.849711,49
4218_2,False,,102.849711,49
4219_1,True,,101.482955,49
4220_1,True,,102.849711,49
4220_2,False,,102.849711,49
4221_1,True,,101.482955,49
4221_2,False,,101.482955,49
4222_1,True,,102.849711,49
4222_2,False,,102.849711,49
4223_1,True,,101.482955,49
4223_2,False,,101.482955,49
4224_1,True,,102.849711,49
4224_2,False,,102.849711,49
4224_3,False,,102.849711,49
4225_1,True,,101.482955,49
4226_1,True,,102.849711,49
4226_2,False,,102.849711,49
4226_3,False,,102.849711,49
4226_4,False,,102.849711,49
4227_1,True,,101.482955,49
4227_2,False,,101.482955,49
4228_1,True,,102.849711,49
4228_2,False,,102.849711,49
4228_3,False,,102.849711,49
4229_1,True,,101.482955,49
4229_2,False,,101.482955,49
4230_1,True,,102.849711,49
4230_2,False,,102.849711,49
4230_3,False,,102.849711,49
4230_4,False,,102.849711,49
4231_1,True,,101.482955,49
4231_2,False,,101.482955,49
4232_1,True,,102.849711,49
4232_2,False,,102.849711,49
4233_1,True,,101.482955,49
4233_2,False,,101.482955,49
4233_3,False,,101.482955,49
4233_4,False,,101.482955,49
4233_5,False,,101.482955,49
4233_6,False,,101.482955,49
4234_1,True,,102.849711,49
4234_2,False,,102.849711,49
4235_1,True,,101.482955,49
4235_2,False,,101.482955,49
4236_1,True,,102.849711,49
4236_2,False,,102.849711,49
4236_3,False,,102.849711,49
4237_1,True,,101.482955,49
4237_2,False,,101.482955,49
4237_3,False,,101.482955,49
4238_1,True,,102.849711,49
4238_2,False,,102.849711,49
4239_1,True,,101.482955,49
4239_2,False,,101.482955,49
4240_1,True,,102.849711,49
4240_2,False,,102.849711,49
4240_3,False,,102.849711,49
4241_1,True,,101.482955,49
4242_1,True,,102.849711,49
4242_2,False,,102.849711,49
4243_1,True,,101.482955,49
4243_2,False,,101.482955,49
4243_3,False,,101.482955,49
4244_1,True,,102.849711,49
4245_1,True,,101.482955,49
4245_2,False,,101.482955,49
4246_1,True,,102.849711,49
4246_2,False,,102.849711,49
4246_3,False,,102.849711,49
4247_1,True,,101.482955,49
4247_2,False,,101.482955,49
4248_1,True,,102.849711,49
4248_2,False,,102.849711,49
4249_1,True,,101.482955,49
4250_1,True,,102.849711,49
4250_2,False,,102.849711,49
4250_3,False,,102.849711,49
4251_1,True,,101.482955,49
4251_2,False,,101.482955,49
4251_3,False,,101.482955,49
4252_1,True,,102.849711,49
4252_2,False,,102.849711,49
4252_3,False,,102.849711,49
4252_4,False,,102.849711,49
4253_1,True,,101.482955,49
4253_2,False,,101.482955,49
4253_3,False,,101.482955,49
4253_4,False,,101.482955,49
4254_1,True,,102.849711,49
4254_2,False,,102.849711,49
4254_3,False,,102.849711,49
4254_4,False,,102.849711,49
4254_5,False,,102.849711,49
4254_6,False,,102.849711,49
4254_7,False,,102.849711,49
4255_1,True,,101.482955,49
4255_2,False,,101.482955,49
4256_1,True,,102.849711,49
4256_2,False,,102.849711,49
4257_1,True,,101.482955,49
4257_2,False,,101.482955,49
4258_1,True,,102.849711,49
4258_2,False,,102.849711,49
4258_3,False,,102.849711,49
4259_1,True,,101.482955,49
4259_2,False,,101.482955,49
4259_3,False,,101.482955,49
4260_1,True,,102.849711,49
4260_2,False,,102.849711,49
4260_3,False,,102.849711,49
4261_1,True,,101.482955,49
4261_2,False,,101.482955,49
4261_3,False,,101.482955,49
4261_4,False,,101.482955,49
4262_1,True,,102.849711,49
4262_2,False,,102.849711,49
4262_3,False,,102.849711,49
4262_4,False,,102.849711,49
4262_5,False,,102.849711,49
4263_1,True,,101.482955,49
4264_1,True,,102.849711,49
4264_2,False,,102.849711,49
4265_1,True,,101.482955,49
4266_1,True,,102.849711,49
4266_2,False,,102.849711,49
4267_1,True,,101.482955,49
4268_1,True,,102.849711,49
4268_2,False,,102.849711,49
4268_3,False,,102.849711,49
4269_1,True,,101.482955,49
4269_2,False,,101.482955,49
4270_1,True,,102.849711,49
4271_1,True,,101.482955,49
4271_2,False,,101.482955,49
4272_1,True,,102.849711,49
4272_2,False,,102.849711,49
4273_1,True,,101.482955,49
4273_2,False,,101.482955,49
4273_3,False,,101.482955,49
4273_4,False,,101.482955,49
4274_1,True,,102.849711,49
4274_2,False,,102.849711,49
4275_1,True,,101.482955,49
4276_1,True,,102.849711,49
4276_2,False,,102.849711,49
4277_1,True,,101.482955,49
4277_2,False,,101.482955,49
4278_1,True,,102.849711,49
4278_2,False,,102.849711,49
4278_3,False,,102.849711,49
4278_4,False,,102.849711,49
4278_5,False,,102.849711,49
4279_1,True,,101.482955,49
4279_2,False,,101.482955,49
4280_1,True,,102.849711,49
4280_2,False,,102.849711,49
4281_1,True,,101.482955,49
4281_2,False,,101.482955,49
4282_1,True,,102.849711,49
4282_2,False,,102.849711,49
4282_3,False,,102.849711,49
4282_4,False,,102.849711,49
4282_5,False,,102.849711,49
4282_6,False,,102.849711,49
4283_1,True,,101.482955,49
4283_2,False,,101.482955,49
4284_1,True,,102.849711,49
4284_2,False,,102.849711,49
4285_1,True,,101.482955,49
4285_2,False,,101.482955,49
4285_3,False,,101.482955,49
4286_1,True,,102.849711,49
4287_1,True,,101.482955,49
4287_2,False,,101.482955,49
4287_3,False,,101.482955,49
4287_4,False,,101.482955,49
4287_5,False,,101.482955,49
4288_1,True,,102.849711,49
4288_2,False,,102.849711,49
4288_3,False,,102.849711,49
4289_1,True,,101.482955,49
4290_1,True,,102.849711,49
4290_2,False,,102.849711,49
4291_1,True,,101.482955,49
4291_2,False,,101.482955,49
4291_3,False,,101.482955,49
4291_4,False,,101.482955,49
4291_5,False,,101.482955,49
4291_6,False,,101.482955,49
4291_7,False,,101.482955,49
4291_8,False,,101.482955,49
4292_1,True,,102.849711,49
4292_2,False,,102.849711,49
4293_1,True,,101.482955,49
4294_1,True,,102.849711,49
4294_2,False,,102.849711,49
4294_3,False,,102.849711,49
4295_1,True,,101.482955,49
4295_2,False,,101.482955,49
4296_1,True,,102.849711,49
4296_2,False,,102.849711,49
4296_3,False,,102.849711,49
4297_1,True,,101.482955,49
4298_1,True,,102.849711,49
4298_2,False,,102.849711,49
4298_3,False,,102.849711,49
4298_4,False,,102.849711,49
4299_1,True,,101.482955,49
4299_2,False,,101.482955,49
4299_3,False,,101.482955,49
4300_1,True,,102.849711,49
4300_2,False,,102.849711,49
4301_1,True,,101.482955,49
4302_1,True,,102.849711,49
4302_2,False,,102.849711,49
4303_1,True,,101.482955,49
4304_1,True,,102.849711,49
4304_2,False,,102.849711,49
4304_3,False,,102.849711,49
4304_4,False,,102.849711,49
4305_1,True,,101.482955,49
4305_2,False,,101.482955,49
4305_3,False,,101.482955,49
4305_4,False,,101.482955,49
4306_1,True,,102.849711,49
4306_2,False,,102.849711,49
4306_3,False,,102.849711,49
4306_4,False,,102.849711,49
4307_1,True,,101.482955,49
4307_2,False,,101.482955,49
4307_3,False,,101.482955,49
4308_1,True,,102.849711,49
4308_2,False,,102.849711,49
4309_1,True,,101.482955,49
4309_2,False,,101.482955,49
4309_3,False,,101.482955,49
4310_1,True,,102.849711,49
4310_2,False,,102.849711,49
4310_3,False,,102.849711,49
4310_4,False,,102.849711,49
4311_1,True,,101.482955,49
4311_2,False,,101.482955,49
4311_3,False,,101.482955,49
4311_4,False,,101.482955,49
4312_1,True,,102.849711,49
4312_2,False,,102.849711,49
4312_3,False,,102.849711,49
4313_1,True,,101.482955,49
4313_2,False,,101.482955,49
4314_1,True,,102.849711,49
4314_2,False,,102.849711,49
4314_3,False,,102.849711,49
4315_1,True,,101.482955,49
4316_1,True,,102.849711,49
4316_2,False,,102.849711,49
4317_1,True,,101.482955,49
4317_2,False,,101.482955,49
4317_3,False,,101.482955,49
4317_4,False,,101.482955,49
4317_5,False,,101.482955,49
4318_1,True,,102.849711,49
4318_2,False,,102.849711,49
4318_3,False,,102.849711,49
4318_4,False,,102.849711,49
4318_5,False,,102.849711,49
4319_1,True,,101.482955,49
4320_1,True,,102.849711,49
4321_1,True,,101.482955,49
4321_2,False,,101.482955,49
4322_1,True,,102.849711,49
4322_2,False,,102.849711,49
4322_3,False,,102.849711,49
4323_1,True,,101.482955,49
4324_1,True,,102.849711,49
4324_2,False,,102.849711,49
4324_3,False,,102.849711,49
4324_4,False,,102.849711,49
4325_1,True,,101.482955,49
4325_2,False,,101.482955,49
4325_3,False,,101.482955,49
4326_1,True,,102.849711,49
4326_2,False,,102.849711,49
4326_3,False,,102.849711,49
4327_1,True,,101.482955,49
4327_2,False,,101.482955,49
4327_3,False,,101.482955,49
4327_4,False,,101.482955,49
4327_5,False,,101.482955,49
4328_1,True,,102.849711,49
4328_2,False,,102.849711,49
4328_3,False,,102.849711,49
4328_4,False,,102.849711,49
4328_5,False,,102.849711,49
4329_1,True,,101.482955,49
4329_2,False,,101.482955,49
4329_3,False,,101.482955,49
4329_4,False,,101.482955,49
4330_1,True,,102.849711,49
4330_2,False,,102.849711,49
4330_3,False,,102.849711,49
4331_1,True,,101.482955,49
4331_2,False,,101.482955,49
4332_1,True,,102.849711,49
4332_2,False,,102.849711,49
4332_3,False,,102.849711,49
4333_1,True,,101.482955,49
4333_2,False,,101.482955,49
4333_3,False,,101.482955,49
4334_1,True,,102.849711,49
4334_2,False,,102.849711,49
4334_3,False,,102.849711,49
4334_4,False,,102.849711,49
4335_1,True,,101.482955,49
4335_2,False,,101.482955,49
4336_1,True,,102.849711,49
4336_2,False,,102.849711,49
4336_3,False,,102.849711,49
4336_4,False,,102.849711,49
4336_5,False,,102.849711,49
4336_6,False,,102.849711,49
4336_7,False,,102.849711,49
4337_1,True,,101.482955,49
4337_2,False,,101.482955,49
4337_3,False,,101.482955,49
4337_4,False,,101.482955,49
4338_1,True,,102.849711,49
4338_2,False,,102.849711,49
4339_1,True,,101.482955,49
4339_2,False,,101.482955,49
4340_1,True,,102.849711,49
4340_2,False,,102.849711,49
4341_1,True,,101.482955,49
4341_2,False,,101.482955,49
4341_3,False,,101.482955,49
4342_1,True,,102.849711,49
4342_2,False,,102.849711,49
4342_3,False,,102.849711,49
4342_4,False,,102.849711,49
4343_1,True,,101.482955,49
4344_1,True,,102.849711,49
4344_2,False,,102.849711,49
4345_1,True,,101.482955,49
4345_2,False,,101.482955,49
4346_1,True,,102.849711,49
4347_1,True,,101.482955,49
4347_2,False,,101.482955,49
4348_1,True,,102.849711,49
4348_2,False,,102.849711,49
4349_1,True,,101.482955,49
4349_2,False,,101.482955,49
4349_3,False,,101.482955,49
4350_1,True,,102.849711,49
4350_2,False,,102.849711,49
4350_3,False,,102.849711,49
4350_4,False,,102.849711,49
4351_1,True,,102.849711,49
4351_2,False,,102.849711,49
4352_1,True,,101.482955,49
4352_2,False,,101.482955,49
4353_1,True,,102.849711,49
4353_2,False,,102.849711,49
4354_1,True,,101.482955,49
4354_2,False,,101.482955,49
4355_1,True,,102.849711,49
4355_2,False,,102.849711,49
4355_3,False,,102.849711,49
4356_1,True,,101.482955,49
4357_1,True,,101.482955,49
4358_1,True,,101.482955,49
4358_2,False,,101.482955,49
4358_3,False,,101.482955,49
4358_4,False,,101.482955,49
4359_1,True,,102.849711,49
4359_2,False,,102.849711,49
4359_3,False,,102.849711,49
4359_4,False,,102.849711,49
4359_5,False,,102.849711,49
4360_1,True,,101.482955,49
4361_1,True,,102.849711,49
4361_2,False,,102.849711,49
4362_1,True,,101.482955,49
4362_2,False,,101.482955,49
4363_1,True,,102.849711,49
4363_2,False,,102.849711,49
4363_3,False,,102.849711,49
4364_1,True,,101.482955,49
4364_2,False,,101.482955,49
4364_3,False,,101.482955,49
4364_4,False,,101.482955,49
4365_1,True,,101.482955,49
4365_2,False,,101.482955,49
4366_1,True,,101.482955,49
4367_1,True,,102.849711,49
4368_1,True,,101.482955,49
4368_2,False,,101.482955,49
4368_3,False,,101.482955,49
4369_1,True,,102.849711,49
4369_2,False,,102.849711,49
4370_1,True,,101.482955,49
4371_1,True,,102.849711,49
4372_1,True,,101.482955,49
4372_2,False,,101.482955,49
4373_1,True,,102.849711,49
4374_1,True,,101.482955,49
4375_1,True,,102.849711,49
4376_1,True,,101.482955,49
4376_2,False,,101.482955,49
4377_1,True,,102.849711,49
4377_2,False,,102.849711,49
4377_3,False,,102.849711,49
4377_4,False,,102.849711,49
4378_1,True,,101.482955,49
4379_1,True,,102.849711,49
4379_2,False,,102.849711,49
4379_3,False,,102.849711,49
4379_4,False,,102.849711,49
4379_5,False,,102.849711,49
4379_6,False,,102.849711,49
4380_1,True,,101.482955,49
4380_2,False,,101.482955,49
4381_1,True,,102.849711,49
4381_2,False,,102.849711,49
4381_3,False,,102.849711,49
4382_1,True,,101.482955,49
4382_2,False,,101.482955,49
4383_1,True,,102.849711,49
4383_2,False,,102.849711,49
4383_3,False,,102.849711,49
4383_4,False,,102.849711,49
4384_1,True,,101.482955,49
4384_2,False,,101.482955,49
4385_1,True,,102.849711,49
4386_1,True,,101.482955,49
4387_1,True,,102.849711,49
4387_2,False,,102.849711,49
4387_3,False,,102.849711,49
4387_4,False,,102.849711,49
4388_1,True,,101.482955,49
4388_2,False,,101.482955,49
4389_1,True,,102.849711,49
4390_1,True,,101.482955,49
4391_1,True,,102.849711,49
4391_2,False,,102.849711,49
4392_1,True,,101.482955,49
4392_2,False,,101.482955,49
4392_3,False,,101.482955,49
4393_1,True,,102.849711,49
4393_2,False,,102.849711,49
4393_3,False,,102.849711,49
4393_4,False,,102.849711,49
4393_5,False,,102.849711,49
4394_1,True,,101.482955,49
4394_2,False,,101.482955,49
4395_1,True,,102.849711,49
4395_2,False,,102.849711,49
4395_3,False,,102.849711,49
4396_1,True,,101.482955,49
4396_2,False,,101.482955,49
4397_1,True,,102.849711,49
4397_2,False,,102.849711,49
4397_3,False,,102.849711,49
4398_1,True,,101.482955,49
4398_2,False,,101.482955,49
4399_1,True,,102.849711,49
4399_2,False,,102.849711,49
4399_3,False,,102.849711,49
4399_4,False,,102.849711,49
4399_5,False,,102.849711,49
4400_1,True,,101.482955,49
4400_2,False,,101.482955,49
4400_3,False,,101.482955,49
4401_1,True,,102.849711,49
4401_2,False,,102.849711,49
4401_3,False,,102.849711,49
4401_4,False,,102.849711,49
4401_5,False,,102.849711,49
4401_6,False,,102.849711,49
4402_1,True,,101.482955,49
4402_2,False,,101.482955,49
4402_3,False,,101.482955,49
4402_4,False,,101.482955,49
4403_1,True,,102.849711,49
4403_2,False,,102.849711,49
4403_3,False,,102.849711,49
4403_4,False,,102.849711,49
4404_1,True,,101.482955,49
4404_2,False,,101.482955,49
4404_3,False,,101.482955,49
4405_1,True,,102.849711,49
4405_2,False,,102.849711,49
4406_1,True,,101.482955,49
4406_2,False,,101.482955,49
4406_3,False,,101.482955,49
4406_4,False,,101.482955,49
4407_1,True,,102.849711,49
4407_2,False,,102.849711,49
4408_1,True,,101.482955,49
4408_2,False,,101.482955,49
4408_3,False,,101.482955,49
4408_4,False,,101.482955,49
4408_5,False,,101.482955,49
4409_1,True,,102.849711,49
4410_1,True,,101.482955,49
