respondent_id,is_initial_respondent,nombre,factor_cvnl,city_id
1_1,True,,258.2655334,9
1_2,False,,258.2655334,9
2_1,True,,273.0114441,9
2_2,False,,273.0114441,9
2_3,False,,273.0114441,9
3_1,True,,258.2655334,9
3_2,False,,258.2655334,9
3_3,False,,258.2655334,9
3_4,False,,258.2655334,9
4_1,True,,273.0114441,9
4_2,False,,273.0114441,9
5_1,True,,273.0114441,9
6_1,True,,1013.601074,21
6_2,False,,1013.601074,21
6_3,False,,1013.601074,21
6_4,False,,1013.601074,21
6_5,False,,1013.601074,21
7_1,True,,666.6879883,4
7_2,False,,666.6879883,4
7_3,False,,666.6879883,4
7_4,False,,666.6879883,4
8_1,True,,1480.23999,26
8_2,False,,1480.23999,26
8_3,False,,1480.23999,26
9_1,True,,666.6879883,35
10_1,True,,2537.585693,39
11_1,True,,777.2303467,18
11_2,False,,777.2303467,18
11_3,False,,777.2303467,18
11_4,False,,777.2303467,18
12_1,True,,1480.23999,26
12_2,False,,1480.23999,26
12_3,False,,1480.23999,26
12_4,False,,1480.23999,26
12_5,False,,1480.23999,26
12_6,False,,1480.23999,26
13_1,True,,337.8926697,19
13_2,False,,337.8926697,19
13_3,False,,337.8926697,19
14_1,True,,1480.23999,26
14_2,False,,1480.23999,26
15_1,True,,106.0568237,49
15_2,False,,106.0568237,49
15_3,False,,106.0568237,49
15_4,False,,106.0568237,49
16_1,True,,963.7158813,31
16_2,False,,963.7158813,31
16_3,False,,963.7158813,31
16_4,False,,963.7158813,31
17_1,True,,258.2655334,9
17_2,False,,258.2655334,9
18_1,True,,663.3157959,7
19_1,True,,301.1954041,19
19_2,False,,301.1954041,19
19_3,False,,301.1954041,19
20_1,True,,1429.022583,6
20_2,False,,1429.022583,6
21_1,True,,777.2303467,18
21_2,False,,777.2303467,18
21_3,False,,777.2303467,18
21_4,False,,777.2303467,18
21_5,False,,777.2303467,18
22_1,True,,663.3157959,32
22_2,False,,663.3157959,32
23_1,True,,659.7180786,25
23_2,False,,659.7180786,25
23_3,False,,659.7180786,25
23_4,False,,659.7180786,25
24_1,True,,777.2303467,18
24_2,False,,777.2303467,18
24_3,False,,777.2303467,18
24_4,False,,777.2303467,18
24_5,False,,777.2303467,18
24_6,False,,777.2303467,18
25_1,True,,802.7727051,18
25_2,False,,802.7727051,18
25_3,False,,802.7727051,18
26_1,True,,777.2303467,18
26_2,False,,777.2303467,18
26_3,False,,777.2303467,18
27_1,True,,777.2303467,18
28_1,True,,963.7158813,31
28_2,False,,963.7158813,31
29_1,True,,963.3539429,31
29_2,False,,963.3539429,31
29_3,False,,963.3539429,31
30_1,True,,663.3157959,44
31_1,True,,691.5112915,12
31_2,False,,691.5112915,12
32_1,True,,301.1954041,19
32_2,False,,301.1954041,19
32_3,False,,301.1954041,19
33_1,True,,1015.954529,46
33_2,False,,1015.954529,46
33_3,False,,1015.954529,46
33_4,False,,1015.954529,46
33_5,False,,1015.954529,46
34_1,True,,1429.022583,6
35_1,True,,337.8926697,19
35_2,False,,337.8926697,19
35_3,False,,337.8926697,19
36_1,True,,777.2303467,18
36_2,False,,777.2303467,18
36_3,False,,777.2303467,18
37_1,True,,1480.23999,26
37_2,False,,1480.23999,26
38_1,True,,659.7180786,25
38_2,False,,659.7180786,25
38_3,False,,659.7180786,25
38_4,False,,659.7180786,25
39_1,True,,301.1954041,19
39_2,False,,301.1954041,19
40_1,True,,1429.022583,6
41_1,True,,962.1404419,46
41_2,False,,962.1404419,46
41_3,False,,962.1404419,46
41_4,False,,962.1404419,46
41_5,False,,962.1404419,46
42_1,True,,659.7180786,41
42_2,False,,659.7180786,41
42_3,False,,659.7180786,41
42_4,False,,659.7180786,41
43_1,True,,659.7180786,41
43_2,False,,659.7180786,41
43_3,False,,659.7180786,41
44_1,True,,2537.585693,39
44_2,False,,2537.585693,39
44_3,False,,2537.585693,39
44_4,False,,2537.585693,39
45_1,True,,258.2655334,9
45_2,False,,258.2655334,9
46_1,True,,106.0568237,49
46_2,False,,106.0568237,49
46_3,False,,106.0568237,49
47_1,True,,663.3157959,32
47_2,False,,663.3157959,32
47_3,False,,663.3157959,32
48_1,True,,1480.23999,26
48_2,False,,1480.23999,26
48_3,False,,1480.23999,26
48_4,False,,1480.23999,26
49_1,True,,1480.23999,26
49_2,False,,1480.23999,26
49_3,False,,1480.23999,26
49_4,False,,1480.23999,26
50_1,True,,659.7180786,45
50_2,False,,659.7180786,45
50_3,False,,659.7180786,45
50_4,False,,659.7180786,45
50_5,False,,659.7180786,45
50_6,False,,659.7180786,45
51_1,True,,1407.310669,6
51_2,False,,1407.310669,6
51_3,False,,1407.310669,6
51_4,False,,1407.310669,6
51_5,False,,1407.310669,6
51_6,False,,1407.310669,6
51_7,False,,1407.310669,6
52_1,True,,675.8522949,48
52_2,False,,675.8522949,48
52_3,False,,675.8522949,48
52_4,False,,675.8522949,48
53_1,True,,659.7180786,10
53_2,False,,659.7180786,10
53_3,False,,659.7180786,10
53_4,False,,659.7180786,10
54_1,True,,777.2303467,18
54_2,False,,777.2303467,18
54_3,False,,777.2303467,18
54_4,False,,777.2303467,18
55_1,True,,1429.022583,6
55_2,False,,1429.022583,6
56_1,True,,666.6879883,38
56_2,False,,666.6879883,38
56_3,False,,666.6879883,38
57_1,True,,337.8926697,19
57_2,False,,337.8926697,19
57_3,False,,337.8926697,19
57_4,False,,337.8926697,19
57_5,False,,337.8926697,19
57_6,False,,337.8926697,19
57_7,False,,337.8926697,19
58_1,True,,337.8926697,19
58_2,False,,337.8926697,19
58_3,False,,337.8926697,19
59_1,True,,301.1954041,19
59_2,False,,301.1954041,19
59_3,False,,301.1954041,19
59_4,False,,301.1954041,19
59_5,False,,301.1954041,19
59_6,False,,301.1954041,19
59_7,False,,301.1954041,19
60_1,True,,663.3157959,30
60_2,False,,663.3157959,30
60_3,False,,663.3157959,30
60_4,False,,663.3157959,30
60_5,False,,663.3157959,30
61_1,True,,1407.310669,6
61_2,False,,1407.310669,6
62_1,True,,659.7180786,25
62_2,False,,659.7180786,25
62_3,False,,659.7180786,25
63_1,True,,963.7158813,31
63_2,False,,963.7158813,31
64_1,True,,659.7180786,41
64_2,False,,659.7180786,41
64_3,False,,659.7180786,41
64_4,False,,659.7180786,41
65_1,True,,675.8522949,48
65_2,False,,675.8522949,48
65_3,False,,675.8522949,48
65_4,False,,675.8522949,48
66_1,True,,963.7158813,31
66_2,False,,963.7158813,31
66_3,False,,963.7158813,31
67_1,True,,802.7727051,18
67_2,False,,802.7727051,18
67_3,False,,802.7727051,18
67_4,False,,802.7727051,18
67_5,False,,802.7727051,18
68_1,True,,258.2655334,9
68_2,False,,258.2655334,9
68_3,False,,258.2655334,9
69_1,True,,962.1404419,46
69_2,False,,962.1404419,46
70_1,True,,802.7727051,18
70_2,False,,802.7727051,18
71_1,True,,675.8522949,48
71_2,False,,675.8522949,48
72_1,True,,659.7180786,45
72_2,False,,659.7180786,45
72_3,False,,659.7180786,45
72_4,False,,659.7180786,45
73_1,True,,1407.310669,6
73_2,False,,1407.310669,6
73_3,False,,1407.310669,6
73_4,False,,1407.310669,6
74_1,True,,659.7180786,45
74_2,False,,659.7180786,45
74_3,False,,659.7180786,45
74_4,False,,659.7180786,45
75_1,True,,666.6879883,5
75_2,False,,666.6879883,5
75_3,False,,666.6879883,5
75_4,False,,666.6879883,5
75_5,False,,666.6879883,5
76_1,True,,663.3157959,11
77_1,True,,1013.601074,21
77_2,False,,1013.601074,21
77_3,False,,1013.601074,21
77_4,False,,1013.601074,21
77_5,False,,1013.601074,21
78_1,True,,1483.921753,26
78_2,False,,1483.921753,26
79_1,True,,963.3539429,31
79_2,False,,963.3539429,31
79_3,False,,963.3539429,31
80_1,True,,679.5336914,48
80_2,False,,679.5336914,48
81_1,True,,675.8522949,48
81_2,False,,675.8522949,48
81_3,False,,675.8522949,48
81_4,False,,675.8522949,48
82_1,True,,659.7180786,10
82_2,False,,659.7180786,10
82_3,False,,659.7180786,10
82_4,False,,659.7180786,10
82_5,False,,659.7180786,10
83_1,True,,1407.310669,6
83_2,False,,1407.310669,6
83_3,False,,1407.310669,6
83_4,False,,1407.310669,6
84_1,True,,777.2303467,18
84_2,False,,777.2303467,18
84_3,False,,777.2303467,18
85_1,True,,777.2303467,18
85_2,False,,777.2303467,18
85_3,False,,777.2303467,18
85_4,False,,777.2303467,18
86_1,True,,1034.289795,21
86_2,False,,1034.289795,21
86_3,False,,1034.289795,21
86_4,False,,1034.289795,21
86_5,False,,1034.289795,21
87_1,True,,802.7727051,18
87_2,False,,802.7727051,18
87_3,False,,802.7727051,18
87_4,False,,802.7727051,18
88_1,True,,1015.954529,46
88_2,False,,1015.954529,46
88_3,False,,1015.954529,46
88_4,False,,1015.954529,46
88_5,False,,1015.954529,46
89_1,True,,2808.141113,39
89_2,False,,2808.141113,39
89_3,False,,2808.141113,39
89_4,False,,2808.141113,39
89_5,False,,2808.141113,39
90_1,True,,1429.022583,6
90_2,False,,1429.022583,6
90_3,False,,1429.022583,6
90_4,False,,1429.022583,6
90_5,False,,1429.022583,6
91_1,True,,659.7180786,41
91_2,False,,659.7180786,41
91_3,False,,659.7180786,41
91_4,False,,659.7180786,41
92_1,True,,659.7180786,25
92_2,False,,659.7180786,25
92_3,False,,659.7180786,25
92_4,False,,659.7180786,25
92_5,False,,659.7180786,25
92_6,False,,659.7180786,25
93_1,True,,659.7180786,10
93_2,False,,659.7180786,10
93_3,False,,659.7180786,10
93_4,False,,659.7180786,10
94_1,True,,110.7352905,49
94_2,False,,110.7352905,49
94_3,False,,110.7352905,49
94_4,False,,110.7352905,49
95_1,True,,777.2303467,18
95_2,False,,777.2303467,18
95_3,False,,777.2303467,18
95_4,False,,777.2303467,18
95_5,False,,777.2303467,18
96_1,True,,1480.23999,26
96_2,False,,1480.23999,26
96_3,False,,1480.23999,26
96_4,False,,1480.23999,26
97_1,True,,1407.310669,6
97_2,False,,1407.310669,6
97_3,False,,1407.310669,6
97_4,False,,1407.310669,6
97_5,False,,1407.310669,6
98_1,True,,666.6879883,16
98_2,False,,666.6879883,16
99_1,True,,1483.921753,26
99_2,False,,1483.921753,26
99_3,False,,1483.921753,26
99_4,False,,1483.921753,26
100_1,True,,1480.23999,26
100_2,False,,1480.23999,26
100_3,False,,1480.23999,26
100_4,False,,1480.23999,26
100_5,False,,1480.23999,26
101_1,True,,679.5336914,48
101_2,False,,679.5336914,48
101_3,False,,679.5336914,48
101_4,False,,679.5336914,48
101_5,False,,679.5336914,48
101_6,False,,679.5336914,48
102_1,True,,1480.23999,26
102_2,False,,1480.23999,26
103_1,True,,962.1404419,46
104_1,True,,963.7158813,31
104_2,False,,963.7158813,31
104_3,False,,963.7158813,31
104_4,False,,963.7158813,31
104_5,False,,963.7158813,31
105_1,True,,663.3157959,13
105_2,False,,663.3157959,13
105_3,False,,663.3157959,13
105_4,False,,663.3157959,13
106_1,True,,691.5112915,25
106_2,False,,691.5112915,25
106_3,False,,691.5112915,25
107_1,True,,691.5112915,45
107_2,False,,691.5112915,45
107_3,False,,691.5112915,45
107_4,False,,691.5112915,45
108_1,True,,1013.601074,21
108_2,False,,1013.601074,21
108_3,False,,1013.601074,21
108_4,False,,1013.601074,21
108_5,False,,1013.601074,21
109_1,True,,659.7180786,12
109_2,False,,659.7180786,12
109_3,False,,659.7180786,12
110_1,True,,106.0568237,49
110_2,False,,106.0568237,49
110_3,False,,106.0568237,49
111_1,True,,2537.585693,39
111_2,False,,2537.585693,39
111_3,False,,2537.585693,39
112_1,True,,666.6879883,33
112_2,False,,666.6879883,33
112_3,False,,666.6879883,33
112_4,False,,666.6879883,33
112_5,False,,666.6879883,33
113_1,True,,273.0114441,9
113_2,False,,273.0114441,9
113_3,False,,273.0114441,9
114_1,True,,802.7727051,18
114_2,False,,802.7727051,18
114_3,False,,802.7727051,18
114_4,False,,802.7727051,18
114_5,False,,802.7727051,18
115_1,True,,666.6879883,47
115_2,False,,666.6879883,47
115_3,False,,666.6879883,47
116_1,True,,1034.289795,21
116_2,False,,1034.289795,21
117_1,True,,1483.921753,26
117_2,False,,1483.921753,26
118_1,True,,963.3539429,31
118_2,False,,963.3539429,31
119_1,True,,666.6879883,11
119_2,False,,666.6879883,11
119_3,False,,666.6879883,11
119_4,False,,666.6879883,11
119_5,False,,666.6879883,11
120_1,True,,659.7180786,10
120_2,False,,659.7180786,10
120_3,False,,659.7180786,10
120_4,False,,659.7180786,10
120_5,False,,659.7180786,10
121_1,True,,110.7352905,49
121_2,False,,110.7352905,49
121_3,False,,110.7352905,49
122_1,True,,1015.954529,46
122_2,False,,1015.954529,46
122_3,False,,1015.954529,46
122_4,False,,1015.954529,46
123_1,True,,1015.954529,46
123_2,False,,1015.954529,46
124_1,True,,663.3157959,47
124_2,False,,663.3157959,47
124_3,False,,663.3157959,47
125_1,True,,1013.601074,21
125_2,False,,1013.601074,21
125_3,False,,1013.601074,21
125_4,False,,1013.601074,21
125_5,False,,1013.601074,21
126_1,True,,963.7158813,31
126_2,False,,963.7158813,31
126_3,False,,963.7158813,31
126_4,False,,963.7158813,31
127_1,True,,666.6879883,7
127_2,False,,666.6879883,7
127_3,False,,666.6879883,7
128_1,True,,666.6879883,47
128_2,False,,666.6879883,47
129_1,True,,659.7180786,45
129_2,False,,659.7180786,45
129_3,False,,659.7180786,45
129_4,False,,659.7180786,45
129_5,False,,659.7180786,45
129_6,False,,659.7180786,45
130_1,True,,666.6879883,33
130_2,False,,666.6879883,33
130_3,False,,666.6879883,33
131_1,True,,963.7158813,31
131_2,False,,963.7158813,31
132_1,True,,963.3539429,31
132_2,False,,963.3539429,31
133_1,True,,258.2655334,9
133_2,False,,258.2655334,9
134_1,True,,110.7352905,49
134_2,False,,110.7352905,49
134_3,False,,110.7352905,49
135_1,True,,802.7727051,18
135_2,False,,802.7727051,18
136_1,True,,1407.310669,6
136_2,False,,1407.310669,6
137_1,True,,962.1404419,46
137_2,False,,962.1404419,46
137_3,False,,962.1404419,46
137_4,False,,962.1404419,46
138_1,True,,666.6879883,11
138_2,False,,666.6879883,11
138_3,False,,666.6879883,11
139_1,True,,2808.141113,39
139_2,False,,2808.141113,39
139_3,False,,2808.141113,39
139_4,False,,2808.141113,39
139_5,False,,2808.141113,39
139_6,False,,2808.141113,39
139_7,False,,2808.141113,39
139_8,False,,2808.141113,39
140_1,True,,1407.310669,6
140_2,False,,1407.310669,6
140_3,False,,1407.310669,6
140_4,False,,1407.310669,6
140_5,False,,1407.310669,6
140_6,False,,1407.310669,6
141_1,True,,1407.310669,6
141_2,False,,1407.310669,6
141_3,False,,1407.310669,6
142_1,True,,659.7180786,12
142_2,False,,659.7180786,12
142_3,False,,659.7180786,12
143_1,True,,962.1404419,46
144_1,True,,110.7352905,49
144_2,False,,110.7352905,49
145_1,True,,679.5336914,48
145_2,False,,679.5336914,48
146_1,True,,2537.585693,39
146_2,False,,2537.585693,39
146_3,False,,2537.585693,39
147_1,True,,2808.141113,39
147_2,False,,2808.141113,39
148_1,True,,1013.601074,21
148_2,False,,1013.601074,21
148_3,False,,1013.601074,21
148_4,False,,1013.601074,21
148_5,False,,1013.601074,21
149_1,True,,2537.585693,39
149_2,False,,2537.585693,39
150_1,True,,110.7352905,49
150_2,False,,110.7352905,49
151_1,True,,663.3157959,33
152_1,True,,691.5112915,25
153_1,True,,110.7352905,49
153_2,False,,110.7352905,49
154_1,True,,106.0568237,49
154_2,False,,106.0568237,49
155_1,True,,337.8926697,19
155_2,False,,337.8926697,19
155_3,False,,337.8926697,19
156_1,True,,802.7727051,18
156_2,False,,802.7727051,18
156_3,False,,802.7727051,18
156_4,False,,802.7727051,18
157_1,True,,1480.23999,26
157_2,False,,1480.23999,26
157_3,False,,1480.23999,26
157_4,False,,1480.23999,26
158_1,True,,2537.585693,39
159_1,True,,2537.585693,39
160_1,True,,2537.585693,39
160_2,False,,2537.585693,39
160_3,False,,2537.585693,39
160_4,False,,2537.585693,39
161_1,True,,663.3157959,5
162_1,True,,2537.585693,39
163_1,True,,2808.141113,39
163_2,False,,2808.141113,39
164_1,True,,675.8522949,48
164_2,False,,675.8522949,48
164_3,False,,675.8522949,48
164_4,False,,675.8522949,48
165_1,True,,2808.141113,39
165_2,False,,2808.141113,39
165_3,False,,2808.141113,39
166_1,True,,963.7158813,31
166_2,False,,963.7158813,31
166_3,False,,963.7158813,31
167_1,True,,1034.289795,21
167_2,False,,1034.289795,21
167_3,False,,1034.289795,21
168_1,True,,1407.310669,6
168_2,False,,1407.310669,6
168_3,False,,1407.310669,6
168_4,False,,1407.310669,6
169_1,True,,1429.022583,6
169_2,False,,1429.022583,6
169_3,False,,1429.022583,6
170_1,True,,1015.954529,46
171_1,True,,663.3157959,17
172_1,True,,1013.601074,21
172_2,False,,1013.601074,21
172_3,False,,1013.601074,21
173_1,True,,659.7180786,10
173_2,False,,659.7180786,10
173_3,False,,659.7180786,10
173_4,False,,659.7180786,10
173_5,False,,659.7180786,10
174_1,True,,110.7352905,49
174_2,False,,110.7352905,49
174_3,False,,110.7352905,49
175_1,True,,666.6879883,37
175_2,False,,666.6879883,37
175_3,False,,666.6879883,37
175_4,False,,666.6879883,37
176_1,True,,963.7158813,31
176_2,False,,963.7158813,31
176_3,False,,963.7158813,31
176_4,False,,963.7158813,31
177_1,True,,106.0568237,49
177_2,False,,106.0568237,49
177_3,False,,106.0568237,49
177_4,False,,106.0568237,49
177_5,False,,106.0568237,49
178_1,True,,1015.954529,46
178_2,False,,1015.954529,46
178_3,False,,1015.954529,46
178_4,False,,1015.954529,46
179_1,True,,1407.310669,6
179_2,False,,1407.310669,6
179_3,False,,1407.310669,6
180_1,True,,663.3157959,11
181_1,True,,2808.141113,39
181_2,False,,2808.141113,39
181_3,False,,2808.141113,39
181_4,False,,2808.141113,39
182_1,True,,666.6879883,17
182_2,False,,666.6879883,17
183_1,True,,666.6879883,5
183_2,False,,666.6879883,5
183_3,False,,666.6879883,5
183_4,False,,666.6879883,5
184_1,True,,963.3539429,31
184_2,False,,963.3539429,31
184_3,False,,963.3539429,31
185_1,True,,663.3157959,4
185_2,False,,663.3157959,4
186_1,True,,1407.310669,6
186_2,False,,1407.310669,6
186_3,False,,1407.310669,6
186_4,False,,1407.310669,6
186_5,False,,1407.310669,6
187_1,True,,1015.954529,46
187_2,False,,1015.954529,46
187_3,False,,1015.954529,46
187_4,False,,1015.954529,46
187_5,False,,1015.954529,46
187_6,False,,1015.954529,46
188_1,True,,258.2655334,9
188_2,False,,258.2655334,9
188_3,False,,258.2655334,9
188_4,False,,258.2655334,9
189_1,True,,963.3539429,31
189_2,False,,963.3539429,31
189_3,False,,963.3539429,31
190_1,True,,962.1404419,46
190_2,False,,962.1404419,46
191_1,True,,777.2303467,18
191_2,False,,777.2303467,18
191_3,False,,777.2303467,18
191_4,False,,777.2303467,18
192_1,True,,110.7352905,49
193_1,True,,659.7180786,10
193_2,False,,659.7180786,10
193_3,False,,659.7180786,10
193_4,False,,659.7180786,10
194_1,True,,301.1954041,19
194_2,False,,301.1954041,19
194_3,False,,301.1954041,19
194_4,False,,301.1954041,19
195_1,True,,691.5112915,10
196_1,True,,1013.601074,21
196_2,False,,1013.601074,21
196_3,False,,1013.601074,21
196_4,False,,1013.601074,21
196_5,False,,1013.601074,21
196_6,False,,1013.601074,21
196_7,False,,1013.601074,21
197_1,True,,110.7352905,49
197_2,False,,110.7352905,49
197_3,False,,110.7352905,49
198_1,True,,777.2303467,18
198_2,False,,777.2303467,18
198_3,False,,777.2303467,18
198_4,False,,777.2303467,18
199_1,True,,1483.921753,26
199_2,False,,1483.921753,26
199_3,False,,1483.921753,26
200_1,True,,106.0568237,49
200_2,False,,106.0568237,49
200_3,False,,106.0568237,49
200_4,False,,106.0568237,49
201_1,True,,659.7180786,45
201_2,False,,659.7180786,45
201_3,False,,659.7180786,45
201_4,False,,659.7180786,45
202_1,True,,337.8926697,19
202_2,False,,337.8926697,19
202_3,False,,337.8926697,19
202_4,False,,337.8926697,19
202_5,False,,337.8926697,19
203_1,True,,666.6879883,47
203_2,False,,666.6879883,47
203_3,False,,666.6879883,47
203_4,False,,666.6879883,47
204_1,True,,679.5336914,48
204_2,False,,679.5336914,48
204_3,False,,679.5336914,48
204_4,False,,679.5336914,48
204_5,False,,679.5336914,48
205_1,True,,663.3157959,38
206_1,True,,1407.310669,6
206_2,False,,1407.310669,6
206_3,False,,1407.310669,6
207_1,True,,106.0568237,49
207_2,False,,106.0568237,49
207_3,False,,106.0568237,49
208_1,True,,110.7352905,49
208_2,False,,110.7352905,49
208_3,False,,110.7352905,49
209_1,True,,675.8522949,48
209_2,False,,675.8522949,48
210_1,True,,679.5336914,48
210_2,False,,679.5336914,48
210_3,False,,679.5336914,48
210_4,False,,679.5336914,48
210_5,False,,679.5336914,48
211_1,True,,679.5336914,48
211_2,False,,679.5336914,48
211_3,False,,679.5336914,48
212_1,True,,1013.601074,21
212_2,False,,1013.601074,21
212_3,False,,1013.601074,21
212_4,False,,1013.601074,21
212_5,False,,1013.601074,21
212_6,False,,1013.601074,21
213_1,True,,679.5336914,48
213_2,False,,679.5336914,48
213_3,False,,679.5336914,48
213_4,False,,679.5336914,48
214_1,True,,675.8522949,48
214_2,False,,675.8522949,48
214_3,False,,675.8522949,48
214_4,False,,675.8522949,48
215_1,True,,659.7180786,12
215_2,False,,659.7180786,12
215_3,False,,659.7180786,12
215_4,False,,659.7180786,12
216_1,True,,777.2303467,18
216_2,False,,777.2303467,18
216_3,False,,777.2303467,18
216_4,False,,777.2303467,18
216_5,False,,777.2303467,18
217_1,True,,675.8522949,48
217_2,False,,675.8522949,48
218_1,True,,659.7180786,12
218_2,False,,659.7180786,12
218_3,False,,659.7180786,12
218_4,False,,659.7180786,12
218_5,False,,659.7180786,12
219_1,True,,691.5112915,45
219_2,False,,691.5112915,45
219_3,False,,691.5112915,45
220_1,True,,663.3157959,14
220_2,False,,663.3157959,14
221_1,True,,679.5336914,48
221_2,False,,679.5336914,48
222_1,True,,659.7180786,10
222_2,False,,659.7180786,10
222_3,False,,659.7180786,10
222_4,False,,659.7180786,10
223_1,True,,110.7352905,49
223_2,False,,110.7352905,49
223_3,False,,110.7352905,49
223_4,False,,110.7352905,49
223_5,False,,110.7352905,49
224_1,True,,2537.585693,39
224_2,False,,2537.585693,39
224_3,False,,2537.585693,39
224_4,False,,2537.585693,39
225_1,True,,663.3157959,17
225_2,False,,663.3157959,17
225_3,False,,663.3157959,17
225_4,False,,663.3157959,17
226_1,True,,666.6879883,33
226_2,False,,666.6879883,33
226_3,False,,666.6879883,33
226_4,False,,666.6879883,33
226_5,False,,666.6879883,33
226_6,False,,666.6879883,33
226_7,False,,666.6879883,33
227_1,True,,666.6879883,5
227_2,False,,666.6879883,5
228_1,True,,273.0114441,9
228_2,False,,273.0114441,9
228_3,False,,273.0114441,9
228_4,False,,273.0114441,9
229_1,True,,691.5112915,45
229_2,False,,691.5112915,45
230_1,True,,1407.310669,6
230_2,False,,1407.310669,6
230_3,False,,1407.310669,6
230_4,False,,1407.310669,6
230_5,False,,1407.310669,6
230_6,False,,1407.310669,6
231_1,True,,106.0568237,49
231_2,False,,106.0568237,49
231_3,False,,106.0568237,49
232_1,True,,2808.141113,39
232_2,False,,2808.141113,39
232_3,False,,2808.141113,39
232_4,False,,2808.141113,39
233_1,True,,110.7352905,49
234_1,True,,106.0568237,49
234_2,False,,106.0568237,49
234_3,False,,106.0568237,49
235_1,True,,110.7352905,49
235_2,False,,110.7352905,49
235_3,False,,110.7352905,49
236_1,True,,1483.921753,26
236_2,False,,1483.921753,26
236_3,False,,1483.921753,26
236_4,False,,1483.921753,26
237_1,True,,1480.23999,26
237_2,False,,1480.23999,26
237_3,False,,1480.23999,26
237_4,False,,1480.23999,26
238_1,True,,106.0568237,49
238_2,False,,106.0568237,49
238_3,False,,106.0568237,49
238_4,False,,106.0568237,49
239_1,True,,110.7352905,49
239_2,False,,110.7352905,49
240_1,True,,106.0568237,49
240_2,False,,106.0568237,49
240_3,False,,106.0568237,49
240_4,False,,106.0568237,49
241_1,True,,110.7352905,49
241_2,False,,110.7352905,49
241_3,False,,110.7352905,49
241_4,False,,110.7352905,49
242_1,True,,106.0568237,49
242_2,False,,106.0568237,49
242_3,False,,106.0568237,49
243_1,True,,110.7352905,49
243_2,False,,110.7352905,49
244_1,True,,110.7352905,49
244_2,False,,110.7352905,49
244_3,False,,110.7352905,49
244_4,False,,110.7352905,49
245_1,True,,666.6879883,44
245_2,False,,666.6879883,44
245_3,False,,666.6879883,44
245_4,False,,666.6879883,44
246_1,True,,1480.23999,26
246_2,False,,1480.23999,26
247_1,True,,337.8926697,19
247_2,False,,337.8926697,19
248_1,True,,1013.601074,21
248_2,False,,1013.601074,21
248_3,False,,1013.601074,21
248_4,False,,1013.601074,21
249_1,True,,337.8926697,19
249_2,False,,337.8926697,19
250_1,True,,963.3539429,31
250_2,False,,963.3539429,31
250_3,False,,963.3539429,31
250_4,False,,963.3539429,31
250_5,False,,963.3539429,31
251_1,True,,666.6879883,4
251_2,False,,666.6879883,4
251_3,False,,666.6879883,4
252_1,True,,1483.921753,26
252_2,False,,1483.921753,26
252_3,False,,1483.921753,26
252_4,False,,1483.921753,26
253_1,True,,679.5336914,48
253_2,False,,679.5336914,48
253_3,False,,679.5336914,48
254_1,True,,666.6879883,38
254_2,False,,666.6879883,38
254_3,False,,666.6879883,38
254_4,False,,666.6879883,38
255_1,True,,301.1954041,19
255_2,False,,301.1954041,19
256_1,True,,666.6879883,24
257_1,True,,301.1954041,19
258_1,True,,1407.310669,6
258_2,False,,1407.310669,6
258_3,False,,1407.310669,6
259_1,True,,659.7180786,41
259_2,False,,659.7180786,41
259_3,False,,659.7180786,41
259_4,False,,659.7180786,41
260_1,True,,777.2303467,18
260_2,False,,777.2303467,18
260_3,False,,777.2303467,18
260_4,False,,777.2303467,18
260_5,False,,777.2303467,18
261_1,True,,2808.141113,39
261_2,False,,2808.141113,39
262_1,True,,1480.23999,26
262_2,False,,1480.23999,26
262_3,False,,1480.23999,26
262_4,False,,1480.23999,26
263_1,True,,666.6879883,38
263_2,False,,666.6879883,38
263_3,False,,666.6879883,38
264_1,True,,1483.921753,26
265_1,True,,273.0114441,9
265_2,False,,273.0114441,9
265_3,False,,273.0114441,9
265_4,False,,273.0114441,9
266_1,True,,2537.585693,39
266_2,False,,2537.585693,39
267_1,True,,659.7180786,12
267_2,False,,659.7180786,12
267_3,False,,659.7180786,12
267_4,False,,659.7180786,12
268_1,True,,963.3539429,31
268_2,False,,963.3539429,31
268_3,False,,963.3539429,31
269_1,True,,1013.601074,21
269_2,False,,1013.601074,21
269_3,False,,1013.601074,21
269_4,False,,1013.601074,21
270_1,True,,679.5336914,48
270_2,False,,679.5336914,48
270_3,False,,679.5336914,48
270_4,False,,679.5336914,48
271_1,True,,1015.954529,46
271_2,False,,1015.954529,46
271_3,False,,1015.954529,46
271_4,False,,1015.954529,46
271_5,False,,1015.954529,46
272_1,True,,1407.310669,6
272_2,False,,1407.310669,6
272_3,False,,1407.310669,6
272_4,False,,1407.310669,6
272_5,False,,1407.310669,6
272_6,False,,1407.310669,6
272_7,False,,1407.310669,6
272_8,False,,1407.310669,6
272_9,False,,1407.310669,6
272_10,False,,1407.310669,6
273_1,True,,1407.310669,6
273_2,False,,1407.310669,6
273_3,False,,1407.310669,6
273_4,False,,1407.310669,6
273_5,False,,1407.310669,6
274_1,True,,659.7180786,25
274_2,False,,659.7180786,25
274_3,False,,659.7180786,25
275_1,True,,691.5112915,45
275_2,False,,691.5112915,45
276_1,True,,1013.601074,21
276_2,False,,1013.601074,21
277_1,True,,691.5112915,10
277_2,False,,691.5112915,10
277_3,False,,691.5112915,10
277_4,False,,691.5112915,10
277_5,False,,691.5112915,10
278_1,True,,691.5112915,12
278_2,False,,691.5112915,12
278_3,False,,691.5112915,12
279_1,True,,963.7158813,31
279_2,False,,963.7158813,31
279_3,False,,963.7158813,31
279_4,False,,963.7158813,31
279_5,False,,963.7158813,31
280_1,True,,666.6879883,4
280_2,False,,666.6879883,4
280_3,False,,666.6879883,4
280_4,False,,666.6879883,4
281_1,True,,963.3539429,31
281_2,False,,963.3539429,31
282_1,True,,110.7352905,49
282_2,False,,110.7352905,49
283_1,True,,659.7180786,10
283_2,False,,659.7180786,10
283_3,False,,659.7180786,10
284_1,True,,691.5112915,12
284_2,False,,691.5112915,12
284_3,False,,691.5112915,12
285_1,True,,691.5112915,45
285_2,False,,691.5112915,45
286_1,True,,659.7180786,41
286_2,False,,659.7180786,41
287_1,True,,691.5112915,25
287_2,False,,691.5112915,25
288_1,True,,963.7158813,31
288_2,False,,963.7158813,31
289_1,True,,659.7180786,41
289_2,False,,659.7180786,41
289_3,False,,659.7180786,41
290_1,True,,963.3539429,31
290_2,False,,963.3539429,31
290_3,False,,963.3539429,31
291_1,True,,963.7158813,31
291_2,False,,963.7158813,31
291_3,False,,963.7158813,31
291_4,False,,963.7158813,31
292_1,True,,2808.141113,39
292_2,False,,2808.141113,39
292_3,False,,2808.141113,39
292_4,False,,2808.141113,39
293_1,True,,802.7727051,18
293_2,False,,802.7727051,18
293_3,False,,802.7727051,18
293_4,False,,802.7727051,18
293_5,False,,802.7727051,18
294_1,True,,2808.141113,39
294_2,False,,2808.141113,39
294_3,False,,2808.141113,39
294_4,False,,2808.141113,39
295_1,True,,1480.23999,26
295_2,False,,1480.23999,26
295_3,False,,1480.23999,26
296_1,True,,691.5112915,41
296_2,False,,691.5112915,41
296_3,False,,691.5112915,41
296_4,False,,691.5112915,41
297_1,True,,110.7352905,49
297_2,False,,110.7352905,49
297_3,False,,110.7352905,49
298_1,True,,777.2303467,18
298_2,False,,777.2303467,18
298_3,False,,777.2303467,18
298_4,False,,777.2303467,18
299_1,True,,1013.601074,21
299_2,False,,1013.601074,21
299_3,False,,1013.601074,21
300_1,True,,1407.310669,6
300_2,False,,1407.310669,6
301_1,True,,659.7180786,41
301_2,False,,659.7180786,41
301_3,False,,659.7180786,41
301_4,False,,659.7180786,41
302_1,True,,106.0568237,49
302_2,False,,106.0568237,49
302_3,False,,106.0568237,49
303_1,True,,1015.954529,46
303_2,False,,1015.954529,46
303_3,False,,1015.954529,46
304_1,True,,1013.601074,21
304_2,False,,1013.601074,21
304_3,False,,1013.601074,21
305_1,True,,337.8926697,19
305_2,False,,337.8926697,19
306_1,True,,1013.601074,21
306_2,False,,1013.601074,21
307_1,True,,666.6879883,38
307_2,False,,666.6879883,38
307_3,False,,666.6879883,38
307_4,False,,666.6879883,38
308_1,True,,1429.022583,6
308_2,False,,1429.022583,6
308_3,False,,1429.022583,6
309_1,True,,777.2303467,18
309_2,False,,777.2303467,18
309_3,False,,777.2303467,18
309_4,False,,777.2303467,18
309_5,False,,777.2303467,18
310_1,True,,659.7180786,10
310_2,False,,659.7180786,10
310_3,False,,659.7180786,10
310_4,False,,659.7180786,10
311_1,True,,963.3539429,31
311_2,False,,963.3539429,31
311_3,False,,963.3539429,31
311_4,False,,963.3539429,31
312_1,True,,663.3157959,5
313_1,True,,666.6879883,33
313_2,False,,666.6879883,33
313_3,False,,666.6879883,33
313_4,False,,666.6879883,33
314_1,True,,963.7158813,31
314_2,False,,963.7158813,31
314_3,False,,963.7158813,31
314_4,False,,963.7158813,31
315_1,True,,666.6879883,42
316_1,True,,666.6879883,33
316_2,False,,666.6879883,33
316_3,False,,666.6879883,33
316_4,False,,666.6879883,33
317_1,True,,666.6879883,16
317_2,False,,666.6879883,16
317_3,False,,666.6879883,16
318_1,True,,666.6879883,30
318_2,False,,666.6879883,30
318_3,False,,666.6879883,30
319_1,True,,666.6879883,5
319_2,False,,666.6879883,5
320_1,True,,663.3157959,47
321_1,True,,1480.23999,26
321_2,False,,1480.23999,26
321_3,False,,1480.23999,26
321_4,False,,1480.23999,26
322_1,True,,663.3157959,14
322_2,False,,663.3157959,14
323_1,True,,666.6879883,42
323_2,False,,666.6879883,42
324_1,True,,659.7180786,45
324_2,False,,659.7180786,45
325_1,True,,802.7727051,18
325_2,False,,802.7727051,18
325_3,False,,802.7727051,18
325_4,False,,802.7727051,18
326_1,True,,2537.585693,39
326_2,False,,2537.585693,39
326_3,False,,2537.585693,39
327_1,True,,663.3157959,33
327_2,False,,663.3157959,33
328_1,True,,659.7180786,10
328_2,False,,659.7180786,10
328_3,False,,659.7180786,10
328_4,False,,659.7180786,10
328_5,False,,659.7180786,10
329_1,True,,1034.289795,21
329_2,False,,1034.289795,21
329_3,False,,1034.289795,21
329_4,False,,1034.289795,21
329_5,False,,1034.289795,21
330_1,True,,691.5112915,41
330_2,False,,691.5112915,41
330_3,False,,691.5112915,41
330_4,False,,691.5112915,41
331_1,True,,659.7180786,10
331_2,False,,659.7180786,10
332_1,True,,1407.310669,6
332_2,False,,1407.310669,6
332_3,False,,1407.310669,6
333_1,True,,663.3157959,5
334_1,True,,802.7727051,18
334_2,False,,802.7727051,18
334_3,False,,802.7727051,18
334_4,False,,802.7727051,18
335_1,True,,659.7180786,45
335_2,False,,659.7180786,45
335_3,False,,659.7180786,45
335_4,False,,659.7180786,45
335_5,False,,659.7180786,45
336_1,True,,691.5112915,41
336_2,False,,691.5112915,41
337_1,True,,663.3157959,37
337_2,False,,663.3157959,37
337_3,False,,663.3157959,37
338_1,True,,1483.921753,26
338_2,False,,1483.921753,26
338_3,False,,1483.921753,26
339_1,True,,663.3157959,33
339_2,False,,663.3157959,33
339_3,False,,663.3157959,33
340_1,True,,963.7158813,31
340_2,False,,963.7158813,31
340_3,False,,963.7158813,31
340_4,False,,963.7158813,31
340_5,False,,963.7158813,31
341_1,True,,1015.954529,46
341_2,False,,1015.954529,46
341_3,False,,1015.954529,46
341_4,False,,1015.954529,46
341_5,False,,1015.954529,46
342_1,True,,691.5112915,10
342_2,False,,691.5112915,10
343_1,True,,1407.310669,6
343_2,False,,1407.310669,6
343_3,False,,1407.310669,6
344_1,True,,777.2303467,18
344_2,False,,777.2303467,18
344_3,False,,777.2303467,18
344_4,False,,777.2303467,18
344_5,False,,777.2303467,18
345_1,True,,659.7180786,41
345_2,False,,659.7180786,41
345_3,False,,659.7180786,41
345_4,False,,659.7180786,41
346_1,True,,258.2655334,9
346_2,False,,258.2655334,9
347_1,True,,1483.921753,26
347_2,False,,1483.921753,26
347_3,False,,1483.921753,26
347_4,False,,1483.921753,26
347_5,False,,1483.921753,26
347_6,False,,1483.921753,26
348_1,True,,1407.310669,6
348_2,False,,1407.310669,6
348_3,False,,1407.310669,6
348_4,False,,1407.310669,6
349_1,True,,106.0568237,49
349_2,False,,106.0568237,49
350_1,True,,1480.23999,26
350_2,False,,1480.23999,26
351_1,True,,1034.289795,21
351_2,False,,1034.289795,21
351_3,False,,1034.289795,21
352_1,True,,963.3539429,31
352_2,False,,963.3539429,31
352_3,False,,963.3539429,31
353_1,True,,273.0114441,9
353_2,False,,273.0114441,9
353_3,False,,273.0114441,9
353_4,False,,273.0114441,9
354_1,True,,659.7180786,10
354_2,False,,659.7180786,10
354_3,False,,659.7180786,10
354_4,False,,659.7180786,10
355_1,True,,2537.585693,39
355_2,False,,2537.585693,39
355_3,False,,2537.585693,39
356_1,True,,666.6879883,2
356_2,False,,666.6879883,2
356_3,False,,666.6879883,2
356_4,False,,666.6879883,2
356_5,False,,666.6879883,2
357_1,True,,258.2655334,9
357_2,False,,258.2655334,9
358_1,True,,2808.141113,39
358_2,False,,2808.141113,39
359_1,True,,110.7352905,49
359_2,False,,110.7352905,49
359_3,False,,110.7352905,49
359_4,False,,110.7352905,49
360_1,True,,963.7158813,31
360_2,False,,963.7158813,31
360_3,False,,963.7158813,31
360_4,False,,963.7158813,31
360_5,False,,963.7158813,31
361_1,True,,802.7727051,18
361_2,False,,802.7727051,18
361_3,False,,802.7727051,18
361_4,False,,802.7727051,18
361_5,False,,802.7727051,18
362_1,True,,1034.289795,21
362_2,False,,1034.289795,21
362_3,False,,1034.289795,21
362_4,False,,1034.289795,21
362_5,False,,1034.289795,21
362_6,False,,1034.289795,21
362_7,False,,1034.289795,21
362_8,False,,1034.289795,21
363_1,True,,659.7180786,12
363_2,False,,659.7180786,12
363_3,False,,659.7180786,12
364_1,True,,1407.310669,6
364_2,False,,1407.310669,6
364_3,False,,1407.310669,6
364_4,False,,1407.310669,6
365_1,True,,663.3157959,17
366_1,True,,1034.289795,21
366_2,False,,1034.289795,21
366_3,False,,1034.289795,21
366_4,False,,1034.289795,21
366_5,False,,1034.289795,21
367_1,True,,1013.601074,21
367_2,False,,1013.601074,21
367_3,False,,1013.601074,21
367_4,False,,1013.601074,21
367_5,False,,1013.601074,21
368_1,True,,2537.585693,39
368_2,False,,2537.585693,39
368_3,False,,2537.585693,39
369_1,True,,1483.921753,26
369_2,False,,1483.921753,26
369_3,False,,1483.921753,26
369_4,False,,1483.921753,26
370_1,True,,659.7180786,10
370_2,False,,659.7180786,10
370_3,False,,659.7180786,10
371_1,True,,802.7727051,18
372_1,True,,301.1954041,19
372_2,False,,301.1954041,19
373_1,True,,659.7180786,12
373_2,False,,659.7180786,12
374_1,True,,1015.954529,46
374_2,False,,1015.954529,46
374_3,False,,1015.954529,46
374_4,False,,1015.954529,46
374_5,False,,1015.954529,46
375_1,True,,666.6879883,33
376_1,True,,1407.310669,6
376_2,False,,1407.310669,6
376_3,False,,1407.310669,6
377_1,True,,1407.310669,6
377_2,False,,1407.310669,6
377_3,False,,1407.310669,6
377_4,False,,1407.310669,6
377_5,False,,1407.310669,6
377_6,False,,1407.310669,6
378_1,True,,1034.289795,21
378_2,False,,1034.289795,21
378_3,False,,1034.289795,21
378_4,False,,1034.289795,21
379_1,True,,666.6879883,37
379_2,False,,666.6879883,37
379_3,False,,666.6879883,37
380_1,True,,1480.23999,26
381_1,True,,1407.310669,6
381_2,False,,1407.310669,6
382_1,True,,1015.954529,46
382_2,False,,1015.954529,46
383_1,True,,666.6879883,44
383_2,False,,666.6879883,44
383_3,False,,666.6879883,44
384_1,True,,106.0568237,49
384_2,False,,106.0568237,49
385_1,True,,1483.921753,26
385_2,False,,1483.921753,26
385_3,False,,1483.921753,26
385_4,False,,1483.921753,26
385_5,False,,1483.921753,26
385_6,False,,1483.921753,26
385_7,False,,1483.921753,26
385_8,False,,1483.921753,26
386_1,True,,1429.022583,6
386_2,False,,1429.022583,6
386_3,False,,1429.022583,6
387_1,True,,659.7180786,10
387_2,False,,659.7180786,10
387_3,False,,659.7180786,10
388_1,True,,802.7727051,18
388_2,False,,802.7727051,18
388_3,False,,802.7727051,18
388_4,False,,802.7727051,18
389_1,True,,258.2655334,9
389_2,False,,258.2655334,9
389_3,False,,258.2655334,9
389_4,False,,258.2655334,9
390_1,True,,663.3157959,5
391_1,True,,963.7158813,31
391_2,False,,963.7158813,31
391_3,False,,963.7158813,31
392_1,True,,962.1404419,46
392_2,False,,962.1404419,46
393_1,True,,666.6879883,44
393_2,False,,666.6879883,44
393_3,False,,666.6879883,44
393_4,False,,666.6879883,44
393_5,False,,666.6879883,44
394_1,True,,1013.601074,21
394_2,False,,1013.601074,21
394_3,False,,1013.601074,21
394_4,False,,1013.601074,21
395_1,True,,1013.601074,21
396_1,True,,659.7180786,41
396_2,False,,659.7180786,41
397_1,True,,691.5112915,25
397_2,False,,691.5112915,25
398_1,True,,301.1954041,19
398_2,False,,301.1954041,19
399_1,True,,1483.921753,26
399_2,False,,1483.921753,26
399_3,False,,1483.921753,26
399_4,False,,1483.921753,26
399_5,False,,1483.921753,26
399_6,False,,1483.921753,26
400_1,True,,777.2303467,18
400_2,False,,777.2303467,18
400_3,False,,777.2303467,18
400_4,False,,777.2303467,18
401_1,True,,1429.022583,6
401_2,False,,1429.022583,6
401_3,False,,1429.022583,6
401_4,False,,1429.022583,6
402_1,True,,963.7158813,31
402_2,False,,963.7158813,31
402_3,False,,963.7158813,31
402_4,False,,963.7158813,31
403_1,True,,675.8522949,48
403_2,False,,675.8522949,48
403_3,False,,675.8522949,48
404_1,True,,1429.022583,6
404_2,False,,1429.022583,6
404_3,False,,1429.022583,6
404_4,False,,1429.022583,6
404_5,False,,1429.022583,6
404_6,False,,1429.022583,6
405_1,True,,1407.310669,6
405_2,False,,1407.310669,6
405_3,False,,1407.310669,6
405_4,False,,1407.310669,6
406_1,True,,1034.289795,21
406_2,False,,1034.289795,21
406_3,False,,1034.289795,21
406_4,False,,1034.289795,21
407_1,True,,963.7158813,31
407_2,False,,963.7158813,31
407_3,False,,963.7158813,31
407_4,False,,963.7158813,31
408_1,True,,1407.310669,6
408_2,False,,1407.310669,6
409_1,True,,1034.289795,21
409_2,False,,1034.289795,21
409_3,False,,1034.289795,21
409_4,False,,1034.289795,21
409_5,False,,1034.289795,21
410_1,True,,679.5336914,48
410_2,False,,679.5336914,48
410_3,False,,679.5336914,48
410_4,False,,679.5336914,48
411_1,True,,802.7727051,18
411_2,False,,802.7727051,18
411_3,False,,802.7727051,18
411_4,False,,802.7727051,18
411_5,False,,802.7727051,18
411_6,False,,802.7727051,18
412_1,True,,1034.289795,21
412_2,False,,1034.289795,21
412_3,False,,1034.289795,21
412_4,False,,1034.289795,21
412_5,False,,1034.289795,21
413_1,True,,1480.23999,26
413_2,False,,1480.23999,26
413_3,False,,1480.23999,26
414_1,True,,659.7180786,12
414_2,False,,659.7180786,12
414_3,False,,659.7180786,12
415_1,True,,1015.954529,46
415_2,False,,1015.954529,46
415_3,False,,1015.954529,46
416_1,True,,962.1404419,46
416_2,False,,962.1404419,46
416_3,False,,962.1404419,46
416_4,False,,962.1404419,46
417_1,True,,2537.585693,39
417_2,False,,2537.585693,39
418_1,True,,963.7158813,31
418_2,False,,963.7158813,31
418_3,False,,963.7158813,31
418_4,False,,963.7158813,31
419_1,True,,691.5112915,45
419_2,False,,691.5112915,45
419_3,False,,691.5112915,45
419_4,False,,691.5112915,45
420_1,True,,691.5112915,12
421_1,True,,1407.310669,6
421_2,False,,1407.310669,6
422_1,True,,802.7727051,18
422_2,False,,802.7727051,18
423_1,True,,663.3157959,47
424_1,True,,659.7180786,25
424_2,False,,659.7180786,25
424_3,False,,659.7180786,25
425_1,True,,258.2655334,9
425_2,False,,258.2655334,9
425_3,False,,258.2655334,9
426_1,True,,1429.022583,6
426_2,False,,1429.022583,6
426_3,False,,1429.022583,6
427_1,True,,675.8522949,48
427_2,False,,675.8522949,48
428_1,True,,258.2655334,9
428_2,False,,258.2655334,9
428_3,False,,258.2655334,9
428_4,False,,258.2655334,9
429_1,True,,337.8926697,19
429_2,False,,337.8926697,19
430_1,True,,777.2303467,18
430_2,False,,777.2303467,18
430_3,False,,777.2303467,18
430_4,False,,777.2303467,18
431_1,True,,258.2655334,9
431_2,False,,258.2655334,9
432_1,True,,1015.954529,46
432_2,False,,1015.954529,46
433_1,True,,2808.141113,39
433_2,False,,2808.141113,39
433_3,False,,2808.141113,39
434_1,True,,2537.585693,39
434_2,False,,2537.585693,39
434_3,False,,2537.585693,39
434_4,False,,2537.585693,39
435_1,True,,962.1404419,46
435_2,False,,962.1404419,46
435_3,False,,962.1404419,46
435_4,False,,962.1404419,46
435_5,False,,962.1404419,46
436_1,True,,659.7180786,45
436_2,False,,659.7180786,45
436_3,False,,659.7180786,45
436_4,False,,659.7180786,45
437_1,True,,802.7727051,18
437_2,False,,802.7727051,18
437_3,False,,802.7727051,18
437_4,False,,802.7727051,18
438_1,True,,2808.141113,39
438_2,False,,2808.141113,39
439_1,True,,777.2303467,18
439_2,False,,777.2303467,18
439_3,False,,777.2303467,18
440_1,True,,691.5112915,41
440_2,False,,691.5112915,41
440_3,False,,691.5112915,41
440_4,False,,691.5112915,41
441_1,True,,1483.921753,26
441_2,False,,1483.921753,26
441_3,False,,1483.921753,26
441_4,False,,1483.921753,26
442_1,True,,1013.601074,21
443_1,True,,659.7180786,12
443_2,False,,659.7180786,12
443_3,False,,659.7180786,12
444_1,True,,1034.289795,21
444_2,False,,1034.289795,21
444_3,False,,1034.289795,21
445_1,True,,1034.289795,21
445_2,False,,1034.289795,21
446_1,True,,963.3539429,31
446_2,False,,963.3539429,31
446_3,False,,963.3539429,31
446_4,False,,963.3539429,31
446_5,False,,963.3539429,31
446_6,False,,963.3539429,31
447_1,True,,963.3539429,31
447_2,False,,963.3539429,31
447_3,False,,963.3539429,31
448_1,True,,1015.954529,46
448_2,False,,1015.954529,46
448_3,False,,1015.954529,46
448_4,False,,1015.954529,46
449_1,True,,675.8522949,48
449_2,False,,675.8522949,48
450_1,True,,963.7158813,31
450_2,False,,963.7158813,31
450_3,False,,963.7158813,31
451_1,True,,1013.601074,21
451_2,False,,1013.601074,21
451_3,False,,1013.601074,21
451_4,False,,1013.601074,21
451_5,False,,1013.601074,21
452_1,True,,1013.601074,21
452_2,False,,1013.601074,21
452_3,False,,1013.601074,21
452_4,False,,1013.601074,21
453_1,True,,1407.310669,6
453_2,False,,1407.310669,6
453_3,False,,1407.310669,6
454_1,True,,1483.921753,26
454_2,False,,1483.921753,26
454_3,False,,1483.921753,26
454_4,False,,1483.921753,26
454_5,False,,1483.921753,26
455_1,True,,802.7727051,18
455_2,False,,802.7727051,18
456_1,True,,2808.141113,39
456_2,False,,2808.141113,39
456_3,False,,2808.141113,39
457_1,True,,963.7158813,31
457_2,False,,963.7158813,31
457_3,False,,963.7158813,31
458_1,True,,777.2303467,18
458_2,False,,777.2303467,18
458_3,False,,777.2303467,18
458_4,False,,777.2303467,18
459_1,True,,675.8522949,48
459_2,False,,675.8522949,48
459_3,False,,675.8522949,48
460_1,True,,675.8522949,48
460_2,False,,675.8522949,48
460_3,False,,675.8522949,48
460_4,False,,675.8522949,48
461_1,True,,258.2655334,9
461_2,False,,258.2655334,9
461_3,False,,258.2655334,9
461_4,False,,258.2655334,9
462_1,True,,777.2303467,18
462_2,False,,777.2303467,18
462_3,False,,777.2303467,18
462_4,False,,777.2303467,18
463_1,True,,1013.601074,21
463_2,False,,1013.601074,21
463_3,False,,1013.601074,21
463_4,False,,1013.601074,21
464_1,True,,962.1404419,46
464_2,False,,962.1404419,46
465_1,True,,777.2303467,18
465_2,False,,777.2303467,18
465_3,False,,777.2303467,18
466_1,True,,963.3539429,31
466_2,False,,963.3539429,31
466_3,False,,963.3539429,31
467_1,True,,659.7180786,12
468_1,True,,675.8522949,48
468_2,False,,675.8522949,48
468_3,False,,675.8522949,48
469_1,True,,962.1404419,46
469_2,False,,962.1404419,46
469_3,False,,962.1404419,46
469_4,False,,962.1404419,46
469_5,False,,962.1404419,46
470_1,True,,1015.954529,46
470_2,False,,1015.954529,46
470_3,False,,1015.954529,46
470_4,False,,1015.954529,46
470_5,False,,1015.954529,46
471_1,True,,1407.310669,6
471_2,False,,1407.310669,6
471_3,False,,1407.310669,6
471_4,False,,1407.310669,6
472_1,True,,691.5112915,41
472_2,False,,691.5112915,41
473_1,True,,1480.23999,26
473_2,False,,1480.23999,26
473_3,False,,1480.23999,26
473_4,False,,1480.23999,26
473_5,False,,1480.23999,26
474_1,True,,1013.601074,21
474_2,False,,1013.601074,21
474_3,False,,1013.601074,21
474_4,False,,1013.601074,21
475_1,True,,962.1404419,46
475_2,False,,962.1404419,46
475_3,False,,962.1404419,46
475_4,False,,962.1404419,46
475_5,False,,962.1404419,46
476_1,True,,962.1404419,46
476_2,False,,962.1404419,46
476_3,False,,962.1404419,46
476_4,False,,962.1404419,46
477_1,True,,2537.585693,39
477_2,False,,2537.585693,39
477_3,False,,2537.585693,39
477_4,False,,2537.585693,39
478_1,True,,679.5336914,48
478_2,False,,679.5336914,48
478_3,False,,679.5336914,48
479_1,True,,301.1954041,19
480_1,True,,2808.141113,39
480_2,False,,2808.141113,39
480_3,False,,2808.141113,39
480_4,False,,2808.141113,39
481_1,True,,337.8926697,19
481_2,False,,337.8926697,19
481_3,False,,337.8926697,19
482_1,True,,962.1404419,46
482_2,False,,962.1404419,46
482_3,False,,962.1404419,46
482_4,False,,962.1404419,46
482_5,False,,962.1404419,46
482_6,False,,962.1404419,46
483_1,True,,337.8926697,19
484_1,True,,301.1954041,19
484_2,False,,301.1954041,19
485_1,True,,301.1954041,19
485_2,False,,301.1954041,19
485_3,False,,301.1954041,19
486_1,True,,659.7180786,10
486_2,False,,659.7180786,10
486_3,False,,659.7180786,10
486_4,False,,659.7180786,10
487_1,True,,1483.921753,26
487_2,False,,1483.921753,26
488_1,True,,337.8926697,19
488_2,False,,337.8926697,19
488_3,False,,337.8926697,19
488_4,False,,337.8926697,19
488_5,False,,337.8926697,19
489_1,True,,691.5112915,41
489_2,False,,691.5112915,41
489_3,False,,691.5112915,41
489_4,False,,691.5112915,41
489_5,False,,691.5112915,41
489_6,False,,691.5112915,41
489_7,False,,691.5112915,41
489_8,False,,691.5112915,41
490_1,True,,301.1954041,19
490_2,False,,301.1954041,19
491_1,True,,337.8926697,19
491_2,False,,337.8926697,19
491_3,False,,337.8926697,19
492_1,True,,1015.954529,46
493_1,True,,1015.954529,46
493_2,False,,1015.954529,46
493_3,False,,1015.954529,46
494_1,True,,1015.954529,46
494_2,False,,1015.954529,46
495_1,True,,1013.601074,21
495_2,False,,1013.601074,21
495_3,False,,1013.601074,21
495_4,False,,1013.601074,21
496_1,True,,659.7180786,12
496_2,False,,659.7180786,12
496_3,False,,659.7180786,12
497_1,True,,802.7727051,18
497_2,False,,802.7727051,18
497_3,False,,802.7727051,18
498_1,True,,675.8522949,48
498_2,False,,675.8522949,48
499_1,True,,1429.022583,6
499_2,False,,1429.022583,6
499_3,False,,1429.022583,6
499_4,False,,1429.022583,6
499_5,False,,1429.022583,6
500_1,True,,1407.310669,6
500_2,False,,1407.310669,6
500_3,False,,1407.310669,6
500_4,False,,1407.310669,6
501_1,True,,962.1404419,46
501_2,False,,962.1404419,46
501_3,False,,962.1404419,46
501_4,False,,962.1404419,46
502_1,True,,962.1404419,46
502_2,False,,962.1404419,46
502_3,False,,962.1404419,46
503_1,True,,337.8926697,19
503_2,False,,337.8926697,19
503_3,False,,337.8926697,19
504_1,True,,301.1954041,19
504_2,False,,301.1954041,19
504_3,False,,301.1954041,19
504_4,False,,301.1954041,19
505_1,True,,1429.022583,6
505_2,False,,1429.022583,6
505_3,False,,1429.022583,6
506_1,True,,1015.954529,46
506_2,False,,1015.954529,46
506_3,False,,1015.954529,46
506_4,False,,1015.954529,46
506_5,False,,1015.954529,46
506_6,False,,1015.954529,46
506_7,False,,1015.954529,46
506_8,False,,1015.954529,46
507_1,True,,1013.601074,21
507_2,False,,1013.601074,21
507_3,False,,1013.601074,21
507_4,False,,1013.601074,21
508_1,True,,1015.954529,46
508_2,False,,1015.954529,46
508_3,False,,1015.954529,46
508_4,False,,1015.954529,46
509_1,True,,1480.23999,26
509_2,False,,1480.23999,26
509_3,False,,1480.23999,26
509_4,False,,1480.23999,26
510_1,True,,777.2303467,18
510_2,False,,777.2303467,18
510_3,False,,777.2303467,18
511_1,True,,962.1404419,46
511_2,False,,962.1404419,46
512_1,True,,963.3539429,31
512_2,False,,963.3539429,31
512_3,False,,963.3539429,31
512_4,False,,963.3539429,31
513_1,True,,273.0114441,9
513_2,False,,273.0114441,9
513_3,False,,273.0114441,9
513_4,False,,273.0114441,9
514_1,True,,2808.141113,39
514_2,False,,2808.141113,39
514_3,False,,2808.141113,39
515_1,True,,1483.921753,26
515_2,False,,1483.921753,26
515_3,False,,1483.921753,26
516_1,True,,1013.601074,21
516_2,False,,1013.601074,21
516_3,False,,1013.601074,21
517_1,True,,1013.601074,21
517_2,False,,1013.601074,21
517_3,False,,1013.601074,21
517_4,False,,1013.601074,21
518_1,True,,963.7158813,31
519_1,True,,1034.289795,21
519_2,False,,1034.289795,21
520_1,True,,273.0114441,9
520_2,False,,273.0114441,9
521_1,True,,963.3539429,31
521_2,False,,963.3539429,31
521_3,False,,963.3539429,31
521_4,False,,963.3539429,31
522_1,True,,1407.310669,6
522_2,False,,1407.310669,6
522_3,False,,1407.310669,6
523_1,True,,1483.921753,26
523_2,False,,1483.921753,26
523_3,False,,1483.921753,26
524_1,True,,691.5112915,25
524_2,False,,691.5112915,25
524_3,False,,691.5112915,25
524_4,False,,691.5112915,25
525_1,True,,2537.585693,39
525_2,False,,2537.585693,39
525_3,False,,2537.585693,39
526_1,True,,1429.022583,6
527_1,True,,2537.585693,39
527_2,False,,2537.585693,39
528_1,True,,691.5112915,12
528_2,False,,691.5112915,12
529_1,True,,659.7180786,10
529_2,False,,659.7180786,10
529_3,False,,659.7180786,10
529_4,False,,659.7180786,10
529_5,False,,659.7180786,10
530_1,True,,777.2303467,18
531_1,True,,691.5112915,25
531_2,False,,691.5112915,25
531_3,False,,691.5112915,25
531_4,False,,691.5112915,25
532_1,True,,1034.289795,21
532_2,False,,1034.289795,21
532_3,False,,1034.289795,21
532_4,False,,1034.289795,21
533_1,True,,675.8522949,48
533_2,False,,675.8522949,48
533_3,False,,675.8522949,48
534_1,True,,301.1954041,19
534_2,False,,301.1954041,19
534_3,False,,301.1954041,19
534_4,False,,301.1954041,19
535_1,True,,679.5336914,48
535_2,False,,679.5336914,48
535_3,False,,679.5336914,48
535_4,False,,679.5336914,48
536_1,True,,1429.022583,6
536_2,False,,1429.022583,6
537_1,True,,963.3539429,31
537_2,False,,963.3539429,31
538_1,True,,1013.601074,21
538_2,False,,1013.601074,21
538_3,False,,1013.601074,21
539_1,True,,691.5112915,12
539_2,False,,691.5112915,12
540_1,True,,659.7180786,45
540_2,False,,659.7180786,45
540_3,False,,659.7180786,45
540_4,False,,659.7180786,45
541_1,True,,691.5112915,45
542_1,True,,1429.022583,6
542_2,False,,1429.022583,6
543_1,True,,1429.022583,6
543_2,False,,1429.022583,6
544_1,True,,777.2303467,18
544_2,False,,777.2303467,18
545_1,True,,777.2303467,18
545_2,False,,777.2303467,18
545_3,False,,777.2303467,18
545_4,False,,777.2303467,18
546_1,True,,1034.289795,21
546_2,False,,1034.289795,21
546_3,False,,1034.289795,21
547_1,True,,1429.022583,6
547_2,False,,1429.022583,6
548_1,True,,1483.921753,26
548_2,False,,1483.921753,26
548_3,False,,1483.921753,26
549_1,True,,802.7727051,18
549_2,False,,802.7727051,18
549_3,False,,802.7727051,18
549_4,False,,802.7727051,18
550_1,True,,1429.022583,6
550_2,False,,1429.022583,6
551_1,True,,1429.022583,6
551_2,False,,1429.022583,6
551_3,False,,1429.022583,6
551_4,False,,1429.022583,6
551_5,False,,1429.022583,6
552_1,True,,1407.310669,6
553_1,True,,1034.289795,21
553_2,False,,1034.289795,21
554_1,True,,2537.585693,39
554_2,False,,2537.585693,39
554_3,False,,2537.585693,39
555_1,True,,963.3539429,31
555_2,False,,963.3539429,31
555_3,False,,963.3539429,31
555_4,False,,963.3539429,31
556_1,True,,962.1404419,46
556_2,False,,962.1404419,46
556_3,False,,962.1404419,46
556_4,False,,962.1404419,46
556_5,False,,962.1404419,46
557_1,True,,1034.289795,21
557_2,False,,1034.289795,21
557_3,False,,1034.289795,21
558_1,True,,679.5336914,48
559_1,True,,1483.921753,26
559_2,False,,1483.921753,26
559_3,False,,1483.921753,26
560_1,True,,1034.289795,21
560_2,False,,1034.289795,21
560_3,False,,1034.289795,21
561_1,True,,802.7727051,18
561_2,False,,802.7727051,18
561_3,False,,802.7727051,18
562_1,True,,1483.921753,26
562_2,False,,1483.921753,26
562_3,False,,1483.921753,26
562_4,False,,1483.921753,26
563_1,True,,963.7158813,31
563_2,False,,963.7158813,31
563_3,False,,963.7158813,31
563_4,False,,963.7158813,31
563_5,False,,963.7158813,31
564_1,True,,802.7727051,18
564_2,False,,802.7727051,18
565_1,True,,777.2303467,18
565_2,False,,777.2303467,18
566_1,True,,2808.141113,39
566_2,False,,2808.141113,39
566_3,False,,2808.141113,39
567_1,True,,777.2303467,18
567_2,False,,777.2303467,18
568_1,True,,1480.23999,26
568_2,False,,1480.23999,26
568_3,False,,1480.23999,26
569_1,True,,2537.585693,39
569_2,False,,2537.585693,39
570_1,True,,1013.601074,21
570_2,False,,1013.601074,21
570_3,False,,1013.601074,21
571_1,True,,1034.289795,21
571_2,False,,1034.289795,21
571_3,False,,1034.289795,21
571_4,False,,1034.289795,21
572_1,True,,691.5112915,45
572_2,False,,691.5112915,45
572_3,False,,691.5112915,45
572_4,False,,691.5112915,45
573_1,True,,1034.289795,21
573_2,False,,1034.289795,21
573_3,False,,1034.289795,21
573_4,False,,1034.289795,21
574_1,True,,679.5336914,48
574_2,False,,679.5336914,48
574_3,False,,679.5336914,48
574_4,False,,679.5336914,48
574_5,False,,679.5336914,48
575_1,True,,679.5336914,48
575_2,False,,679.5336914,48
575_3,False,,679.5336914,48
576_1,True,,273.0114441,9
576_2,False,,273.0114441,9
576_3,False,,273.0114441,9
577_1,True,,110.7352905,49
577_2,False,,110.7352905,49
577_3,False,,110.7352905,49
578_1,True,,963.7158813,31
578_2,False,,963.7158813,31
578_3,False,,963.7158813,31
579_1,True,,1407.310669,6
579_2,False,,1407.310669,6
579_3,False,,1407.310669,6
580_1,True,,1013.601074,21
580_2,False,,1013.601074,21
580_3,False,,1013.601074,21
581_1,True,,1429.022583,6
581_2,False,,1429.022583,6
582_1,True,,2537.585693,39
582_2,False,,2537.585693,39
583_1,True,,258.2655334,9
584_1,True,,1480.23999,26
584_2,False,,1480.23999,26
584_3,False,,1480.23999,26
584_4,False,,1480.23999,26
584_5,False,,1480.23999,26
585_1,True,,777.2303467,18
585_2,False,,777.2303467,18
586_1,True,,963.3539429,31
586_2,False,,963.3539429,31
587_1,True,,659.7180786,25
587_2,False,,659.7180786,25
587_3,False,,659.7180786,25
588_1,True,,691.5112915,45
588_2,False,,691.5112915,45
589_1,True,,691.5112915,45
589_2,False,,691.5112915,45
589_3,False,,691.5112915,45
590_1,True,,777.2303467,18
590_2,False,,777.2303467,18
590_3,False,,777.2303467,18
590_4,False,,777.2303467,18
591_1,True,,1483.921753,26
591_2,False,,1483.921753,26
591_3,False,,1483.921753,26
591_4,False,,1483.921753,26
592_1,True,,273.0114441,9
592_2,False,,273.0114441,9
592_3,False,,273.0114441,9
593_1,True,,1429.022583,6
593_2,False,,1429.022583,6
593_3,False,,1429.022583,6
593_4,False,,1429.022583,6
594_1,True,,691.5112915,12
594_2,False,,691.5112915,12
594_3,False,,691.5112915,12
594_4,False,,691.5112915,12
594_5,False,,691.5112915,12
595_1,True,,1429.022583,6
595_2,False,,1429.022583,6
596_1,True,,1013.601074,21
596_2,False,,1013.601074,21
596_3,False,,1013.601074,21
597_1,True,,963.3539429,31
597_2,False,,963.3539429,31
597_3,False,,963.3539429,31
597_4,False,,963.3539429,31
598_1,True,,963.3539429,31
598_2,False,,963.3539429,31
598_3,False,,963.3539429,31
598_4,False,,963.3539429,31
598_5,False,,963.3539429,31
599_1,True,,1015.954529,46
599_2,False,,1015.954529,46
599_3,False,,1015.954529,46
599_4,False,,1015.954529,46
600_1,True,,1483.921753,26
600_2,False,,1483.921753,26
600_3,False,,1483.921753,26
600_4,False,,1483.921753,26
601_1,True,,777.2303467,18
601_2,False,,777.2303467,18
602_1,True,,659.7180786,41
602_2,False,,659.7180786,41
602_3,False,,659.7180786,41
602_4,False,,659.7180786,41
603_1,True,,659.7180786,25
603_2,False,,659.7180786,25
603_3,False,,659.7180786,25
603_4,False,,659.7180786,25
604_1,True,,675.8522949,48
604_2,False,,675.8522949,48
604_3,False,,675.8522949,48
605_1,True,,1015.954529,46
605_2,False,,1015.954529,46
605_3,False,,1015.954529,46
606_1,True,,777.2303467,18
606_2,False,,777.2303467,18
607_1,True,,1013.601074,21
607_2,False,,1013.601074,21
607_3,False,,1013.601074,21
608_1,True,,2537.585693,39
608_2,False,,2537.585693,39
609_1,True,,679.5336914,48
609_2,False,,679.5336914,48
609_3,False,,679.5336914,48
610_1,True,,273.0114441,9
610_2,False,,273.0114441,9
610_3,False,,273.0114441,9
611_1,True,,659.7180786,12
612_1,True,,1480.23999,26
613_1,True,,963.3539429,31
613_2,False,,963.3539429,31
613_3,False,,963.3539429,31
613_4,False,,963.3539429,31
613_5,False,,963.3539429,31
614_1,True,,1015.954529,46
614_2,False,,1015.954529,46
614_3,False,,1015.954529,46
614_4,False,,1015.954529,46
615_1,True,,679.5336914,48
616_1,True,,963.7158813,31
616_2,False,,963.7158813,31
616_3,False,,963.7158813,31
617_1,True,,1480.23999,26
617_2,False,,1480.23999,26
617_3,False,,1480.23999,26
617_4,False,,1480.23999,26
618_1,True,,777.2303467,18
618_2,False,,777.2303467,18
618_3,False,,777.2303467,18
618_4,False,,777.2303467,18
619_1,True,,963.3539429,31
619_2,False,,963.3539429,31
619_3,False,,963.3539429,31
620_1,True,,1034.289795,21
620_2,False,,1034.289795,21
620_3,False,,1034.289795,21
621_1,True,,802.7727051,18
621_2,False,,802.7727051,18
621_3,False,,802.7727051,18
621_4,False,,802.7727051,18
622_1,True,,106.0568237,49
623_1,True,,1407.310669,6
623_2,False,,1407.310669,6
624_1,True,,1429.022583,6
624_2,False,,1429.022583,6
625_1,True,,962.1404419,46
625_2,False,,962.1404419,46
625_3,False,,962.1404419,46
625_4,False,,962.1404419,46
626_1,True,,1429.022583,6
626_2,False,,1429.022583,6
626_3,False,,1429.022583,6
627_1,True,,110.7352905,49
627_2,False,,110.7352905,49
627_3,False,,110.7352905,49
627_4,False,,110.7352905,49
628_1,True,,1480.23999,26
628_2,False,,1480.23999,26
629_1,True,,1480.23999,26
629_2,False,,1480.23999,26
630_1,True,,1013.601074,21
630_2,False,,1013.601074,21
630_3,False,,1013.601074,21
630_4,False,,1013.601074,21
630_5,False,,1013.601074,21
631_1,True,,2537.585693,39
631_2,False,,2537.585693,39
631_3,False,,2537.585693,39
632_1,True,,962.1404419,46
633_1,True,,962.1404419,46
634_1,True,,802.7727051,18
634_2,False,,802.7727051,18
634_3,False,,802.7727051,18
634_4,False,,802.7727051,18
635_1,True,,691.5112915,12
635_2,False,,691.5112915,12
635_3,False,,691.5112915,12
635_4,False,,691.5112915,12
636_1,True,,962.1404419,46
636_2,False,,962.1404419,46
636_3,False,,962.1404419,46
637_1,True,,659.7180786,12
638_1,True,,659.7180786,45
638_2,False,,659.7180786,45
638_3,False,,659.7180786,45
638_4,False,,659.7180786,45
639_1,True,,675.8522949,48
639_2,False,,675.8522949,48
639_3,False,,675.8522949,48
640_1,True,,1429.022583,6
640_2,False,,1429.022583,6
640_3,False,,1429.022583,6
640_4,False,,1429.022583,6
641_1,True,,691.5112915,41
641_2,False,,691.5112915,41
641_3,False,,691.5112915,41
641_4,False,,691.5112915,41
642_1,True,,963.3539429,31
643_1,True,,1034.289795,21
643_2,False,,1034.289795,21
643_3,False,,1034.289795,21
644_1,True,,802.7727051,18
644_2,False,,802.7727051,18
644_3,False,,802.7727051,18
645_1,True,,963.3539429,31
645_2,False,,963.3539429,31
645_3,False,,963.3539429,31
646_1,True,,691.5112915,45
646_2,False,,691.5112915,45
647_1,True,,691.5112915,10
647_2,False,,691.5112915,10
647_3,False,,691.5112915,10
647_4,False,,691.5112915,10
648_1,True,,659.7180786,25
648_2,False,,659.7180786,25
648_3,False,,659.7180786,25
649_1,True,,1407.310669,6
649_2,False,,1407.310669,6
649_3,False,,1407.310669,6
650_1,True,,691.5112915,12
650_2,False,,691.5112915,12
651_1,True,,777.2303467,18
651_2,False,,777.2303467,18
651_3,False,,777.2303467,18
652_1,True,,1429.022583,6
652_2,False,,1429.022583,6
652_3,False,,1429.022583,6
652_4,False,,1429.022583,6
653_1,True,,691.5112915,12
654_1,True,,802.7727051,18
655_1,True,,110.7352905,49
655_2,False,,110.7352905,49
656_1,True,,1013.601074,21
656_2,False,,1013.601074,21
657_1,True,,691.5112915,45
657_2,False,,691.5112915,45
657_3,False,,691.5112915,45
657_4,False,,691.5112915,45
658_1,True,,659.7180786,41
658_2,False,,659.7180786,41
658_3,False,,659.7180786,41
659_1,True,,1407.310669,6
659_2,False,,1407.310669,6
659_3,False,,1407.310669,6
659_4,False,,1407.310669,6
660_1,True,,675.8522949,48
660_2,False,,675.8522949,48
660_3,False,,675.8522949,48
661_1,True,,1483.921753,26
661_2,False,,1483.921753,26
661_3,False,,1483.921753,26
662_1,True,,691.5112915,10
662_2,False,,691.5112915,10
662_3,False,,691.5112915,10
663_1,True,,1407.310669,6
663_2,False,,1407.310669,6
663_3,False,,1407.310669,6
664_1,True,,1013.601074,21
664_2,False,,1013.601074,21
664_3,False,,1013.601074,21
664_4,False,,1013.601074,21
664_5,False,,1013.601074,21
665_1,True,,802.7727051,18
665_2,False,,802.7727051,18
665_3,False,,802.7727051,18
666_1,True,,1480.23999,26
666_2,False,,1480.23999,26
666_3,False,,1480.23999,26
667_1,True,,1483.921753,26
667_2,False,,1483.921753,26
667_3,False,,1483.921753,26
667_4,False,,1483.921753,26
668_1,True,,679.5336914,48
668_2,False,,679.5336914,48
668_3,False,,679.5336914,48
668_4,False,,679.5336914,48
669_1,True,,963.7158813,31
669_2,False,,963.7158813,31
669_3,False,,963.7158813,31
669_4,False,,963.7158813,31
670_1,True,,679.5336914,48
670_2,False,,679.5336914,48
670_3,False,,679.5336914,48
671_1,True,,273.0114441,9
671_2,False,,273.0114441,9
671_3,False,,273.0114441,9
672_1,True,,659.7180786,12
672_2,False,,659.7180786,12
673_1,True,,659.7180786,45
673_2,False,,659.7180786,45
673_3,False,,659.7180786,45
673_4,False,,659.7180786,45
674_1,True,,1407.310669,6
674_2,False,,1407.310669,6
674_3,False,,1407.310669,6
674_4,False,,1407.310669,6
675_1,True,,301.1954041,19
675_2,False,,301.1954041,19
675_3,False,,301.1954041,19
675_4,False,,301.1954041,19
676_1,True,,963.7158813,31
676_2,False,,963.7158813,31
676_3,False,,963.7158813,31
676_4,False,,963.7158813,31
677_1,True,,1407.310669,6
677_2,False,,1407.310669,6
677_3,False,,1407.310669,6
677_4,False,,1407.310669,6
678_1,True,,691.5112915,41
678_2,False,,691.5112915,41
678_3,False,,691.5112915,41
678_4,False,,691.5112915,41
679_1,True,,691.5112915,10
679_2,False,,691.5112915,10
680_1,True,,110.7352905,49
680_2,False,,110.7352905,49
681_1,True,,1034.289795,21
681_2,False,,1034.289795,21
681_3,False,,1034.289795,21
682_1,True,,691.5112915,10
682_2,False,,691.5112915,10
682_3,False,,691.5112915,10
682_4,False,,691.5112915,10
682_5,False,,691.5112915,10
683_1,True,,691.5112915,41
683_2,False,,691.5112915,41
683_3,False,,691.5112915,41
684_1,True,,1483.921753,26
684_2,False,,1483.921753,26
685_1,True,,1034.289795,21
685_2,False,,1034.289795,21
686_1,True,,691.5112915,41
686_2,False,,691.5112915,41
686_3,False,,691.5112915,41
686_4,False,,691.5112915,41
687_1,True,,777.2303467,18
687_2,False,,777.2303467,18
687_3,False,,777.2303467,18
688_1,True,,802.7727051,18
688_2,False,,802.7727051,18
688_3,False,,802.7727051,18
688_4,False,,802.7727051,18
689_1,True,,659.7180786,12
689_2,False,,659.7180786,12
689_3,False,,659.7180786,12
689_4,False,,659.7180786,12
690_1,True,,1407.310669,6
690_2,False,,1407.310669,6
690_3,False,,1407.310669,6
691_1,True,,659.7180786,25
691_2,False,,659.7180786,25
691_3,False,,659.7180786,25
692_1,True,,666.6879883,33
692_2,False,,666.6879883,33
692_3,False,,666.6879883,33
692_4,False,,666.6879883,33
693_1,True,,666.6879883,33
693_2,False,,666.6879883,33
694_1,True,,962.1404419,46
695_1,True,,691.5112915,45
695_2,False,,691.5112915,45
695_3,False,,691.5112915,45
696_1,True,,2808.141113,39
696_2,False,,2808.141113,39
696_3,False,,2808.141113,39
697_1,True,,659.7180786,45
697_2,False,,659.7180786,45
697_3,False,,659.7180786,45
698_1,True,,659.7180786,10
698_2,False,,659.7180786,10
699_1,True,,675.8522949,48
699_2,False,,675.8522949,48
699_3,False,,675.8522949,48
699_4,False,,675.8522949,48
699_5,False,,675.8522949,48
700_1,True,,1429.022583,6
700_2,False,,1429.022583,6
700_3,False,,1429.022583,6
700_4,False,,1429.022583,6
701_1,True,,659.7180786,41
701_2,False,,659.7180786,41
701_3,False,,659.7180786,41
702_1,True,,1013.601074,21
702_2,False,,1013.601074,21
703_1,True,,2808.141113,39
703_2,False,,2808.141113,39
703_3,False,,2808.141113,39
703_4,False,,2808.141113,39
704_1,True,,777.2303467,18
704_2,False,,777.2303467,18
704_3,False,,777.2303467,18
705_1,True,,2808.141113,39
705_2,False,,2808.141113,39
705_3,False,,2808.141113,39
705_4,False,,2808.141113,39
706_1,True,,691.5112915,41
706_2,False,,691.5112915,41
707_1,True,,963.3539429,31
707_2,False,,963.3539429,31
707_3,False,,963.3539429,31
708_1,True,,659.7180786,45
708_2,False,,659.7180786,45
709_1,True,,802.7727051,18
709_2,False,,802.7727051,18
709_3,False,,802.7727051,18
709_4,False,,802.7727051,18
709_5,False,,802.7727051,18
709_6,False,,802.7727051,18
710_1,True,,1483.921753,26
710_2,False,,1483.921753,26
710_3,False,,1483.921753,26
710_4,False,,1483.921753,26
711_1,True,,1034.289795,21
711_2,False,,1034.289795,21
711_3,False,,1034.289795,21
711_4,False,,1034.289795,21
711_5,False,,1034.289795,21
712_1,True,,2537.585693,39
712_2,False,,2537.585693,39
712_3,False,,2537.585693,39
712_4,False,,2537.585693,39
713_1,True,,663.3157959,47
713_2,False,,663.3157959,47
713_3,False,,663.3157959,47
714_1,True,,691.5112915,10
714_2,False,,691.5112915,10
714_3,False,,691.5112915,10
714_4,False,,691.5112915,10
714_5,False,,691.5112915,10
715_1,True,,1034.289795,21
715_2,False,,1034.289795,21
715_3,False,,1034.289795,21
715_4,False,,1034.289795,21
716_1,True,,659.7180786,10
716_2,False,,659.7180786,10
716_3,False,,659.7180786,10
716_4,False,,659.7180786,10
717_1,True,,659.7180786,25
717_2,False,,659.7180786,25
717_3,False,,659.7180786,25
717_4,False,,659.7180786,25
718_1,True,,963.3539429,31
718_2,False,,963.3539429,31
718_3,False,,963.3539429,31
719_1,True,,337.8926697,19
720_1,True,,675.8522949,48
720_2,False,,675.8522949,48
720_3,False,,675.8522949,48
720_4,False,,675.8522949,48
721_1,True,,1034.289795,21
721_2,False,,1034.289795,21
721_3,False,,1034.289795,21
721_4,False,,1034.289795,21
721_5,False,,1034.289795,21
722_1,True,,1034.289795,21
722_2,False,,1034.289795,21
723_1,True,,963.3539429,31
723_2,False,,963.3539429,31
724_1,True,,659.7180786,10
724_2,False,,659.7180786,10
724_3,False,,659.7180786,10
724_4,False,,659.7180786,10
725_1,True,,663.3157959,33
725_2,False,,663.3157959,33
726_1,True,,663.3157959,33
726_2,False,,663.3157959,33
726_3,False,,663.3157959,33
726_4,False,,663.3157959,33
727_1,True,,802.7727051,18
727_2,False,,802.7727051,18
727_3,False,,802.7727051,18
727_4,False,,802.7727051,18
728_1,True,,691.5112915,12
728_2,False,,691.5112915,12
729_1,True,,679.5336914,48
729_2,False,,679.5336914,48
729_3,False,,679.5336914,48
730_1,True,,1034.289795,21
731_1,True,,963.3539429,31
731_2,False,,963.3539429,31
731_3,False,,963.3539429,31
732_1,True,,963.3539429,31
732_2,False,,963.3539429,31
732_3,False,,963.3539429,31
733_1,True,,963.3539429,31
733_2,False,,963.3539429,31
733_3,False,,963.3539429,31
733_4,False,,963.3539429,31
733_5,False,,963.3539429,31
734_1,True,,963.3539429,31
734_2,False,,963.3539429,31
734_3,False,,963.3539429,31
734_4,False,,963.3539429,31
734_5,False,,963.3539429,31
735_1,True,,301.1954041,19
735_2,False,,301.1954041,19
735_3,False,,301.1954041,19
735_4,False,,301.1954041,19
736_1,True,,1013.601074,21
737_1,True,,777.2303467,18
737_2,False,,777.2303467,18
738_1,True,,1034.289795,21
738_2,False,,1034.289795,21
738_3,False,,1034.289795,21
739_1,True,,301.1954041,19
739_2,False,,301.1954041,19
739_3,False,,301.1954041,19
739_4,False,,301.1954041,19
740_1,True,,1429.022583,6
740_2,False,,1429.022583,6
740_3,False,,1429.022583,6
740_4,False,,1429.022583,6
740_5,False,,1429.022583,6
741_1,True,,1480.23999,26
741_2,False,,1480.23999,26
741_3,False,,1480.23999,26
741_4,False,,1480.23999,26
742_1,True,,963.7158813,31
742_2,False,,963.7158813,31
742_3,False,,963.7158813,31
742_4,False,,963.7158813,31
743_1,True,,1429.022583,6
743_2,False,,1429.022583,6
744_1,True,,691.5112915,41
744_2,False,,691.5112915,41
744_3,False,,691.5112915,41
745_1,True,,1034.289795,21
745_2,False,,1034.289795,21
745_3,False,,1034.289795,21
746_1,True,,2537.585693,39
746_2,False,,2537.585693,39
747_1,True,,1429.022583,6
747_2,False,,1429.022583,6
747_3,False,,1429.022583,6
748_1,True,,802.7727051,18
748_2,False,,802.7727051,18
748_3,False,,802.7727051,18
749_1,True,,1013.601074,21
749_2,False,,1013.601074,21
749_3,False,,1013.601074,21
749_4,False,,1013.601074,21
749_5,False,,1013.601074,21
750_1,True,,2808.141113,39
750_2,False,,2808.141113,39
751_1,True,,1013.601074,21
752_1,True,,679.5336914,48
752_2,False,,679.5336914,48
753_1,True,,1034.289795,21
753_2,False,,1034.289795,21
753_3,False,,1034.289795,21
753_4,False,,1034.289795,21
753_5,False,,1034.289795,21
754_1,True,,337.8926697,19
754_2,False,,337.8926697,19
754_3,False,,337.8926697,19
755_1,True,,1407.310669,6
755_2,False,,1407.310669,6
755_3,False,,1407.310669,6
755_4,False,,1407.310669,6
756_1,True,,802.7727051,18
757_1,True,,1034.289795,21
757_2,False,,1034.289795,21
758_1,True,,1407.310669,6
758_2,False,,1407.310669,6
758_3,False,,1407.310669,6
758_4,False,,1407.310669,6
759_1,True,,659.7180786,10
759_2,False,,659.7180786,10
759_3,False,,659.7180786,10
759_4,False,,659.7180786,10
760_1,True,,1407.310669,6
760_2,False,,1407.310669,6
760_3,False,,1407.310669,6
761_1,True,,1013.601074,21
761_2,False,,1013.601074,21
762_1,True,,1480.23999,26
762_2,False,,1480.23999,26
762_3,False,,1480.23999,26
763_1,True,,963.3539429,31
763_2,False,,963.3539429,31
763_3,False,,963.3539429,31
764_1,True,,2808.141113,39
764_2,False,,2808.141113,39
764_3,False,,2808.141113,39
764_4,False,,2808.141113,39
765_1,True,,2537.585693,39
765_2,False,,2537.585693,39
765_3,False,,2537.585693,39
765_4,False,,2537.585693,39
766_1,True,,802.7727051,18
766_2,False,,802.7727051,18
766_3,False,,802.7727051,18
767_1,True,,675.8522949,48
767_2,False,,675.8522949,48
767_3,False,,675.8522949,48
767_4,False,,675.8522949,48
768_1,True,,1480.23999,26
768_2,False,,1480.23999,26
768_3,False,,1480.23999,26
769_1,True,,1483.921753,26
769_2,False,,1483.921753,26
769_3,False,,1483.921753,26
769_4,False,,1483.921753,26
769_5,False,,1483.921753,26
770_1,True,,2808.141113,39
770_2,False,,2808.141113,39
770_3,False,,2808.141113,39
771_1,True,,691.5112915,12
772_1,True,,691.5112915,41
772_2,False,,691.5112915,41
772_3,False,,691.5112915,41
772_4,False,,691.5112915,41
773_1,True,,691.5112915,45
773_2,False,,691.5112915,45
773_3,False,,691.5112915,45
774_1,True,,1429.022583,6
774_2,False,,1429.022583,6
774_3,False,,1429.022583,6
774_4,False,,1429.022583,6
775_1,True,,2537.585693,39
775_2,False,,2537.585693,39
775_3,False,,2537.585693,39
776_1,True,,2808.141113,39
776_2,False,,2808.141113,39
776_3,False,,2808.141113,39
776_4,False,,2808.141113,39
776_5,False,,2808.141113,39
776_6,False,,2808.141113,39
776_7,False,,2808.141113,39
777_1,True,,1013.601074,21
777_2,False,,1013.601074,21
777_3,False,,1013.601074,21
777_4,False,,1013.601074,21
778_1,True,,659.7180786,25
778_2,False,,659.7180786,25
778_3,False,,659.7180786,25
778_4,False,,659.7180786,25
778_5,False,,659.7180786,25
779_1,True,,1015.954529,46
779_2,False,,1015.954529,46
779_3,False,,1015.954529,46
780_1,True,,1013.601074,21
780_2,False,,1013.601074,21
780_3,False,,1013.601074,21
780_4,False,,1013.601074,21
780_5,False,,1013.601074,21
781_1,True,,106.0568237,49
781_2,False,,106.0568237,49
781_3,False,,106.0568237,49
781_4,False,,106.0568237,49
782_1,True,,679.5336914,48
783_1,True,,1015.954529,46
783_2,False,,1015.954529,46
784_1,True,,675.8522949,48
784_2,False,,675.8522949,48
784_3,False,,675.8522949,48
784_4,False,,675.8522949,48
785_1,True,,2537.585693,39
785_2,False,,2537.585693,39
785_3,False,,2537.585693,39
786_1,True,,1429.022583,6
786_2,False,,1429.022583,6
787_1,True,,2808.141113,39
787_2,False,,2808.141113,39
787_3,False,,2808.141113,39
787_4,False,,2808.141113,39
788_1,True,,2537.585693,39
788_2,False,,2537.585693,39
788_3,False,,2537.585693,39
789_1,True,,2808.141113,39
789_2,False,,2808.141113,39
789_3,False,,2808.141113,39
790_1,True,,659.7180786,45
790_2,False,,659.7180786,45
790_3,False,,659.7180786,45
790_4,False,,659.7180786,45
791_1,True,,691.5112915,25
791_2,False,,691.5112915,25
792_1,True,,1429.022583,6
792_2,False,,1429.022583,6
792_3,False,,1429.022583,6
792_4,False,,1429.022583,6
793_1,True,,1015.954529,46
793_2,False,,1015.954529,46
793_3,False,,1015.954529,46
794_1,True,,1034.289795,21
794_2,False,,1034.289795,21
794_3,False,,1034.289795,21
794_4,False,,1034.289795,21
795_1,True,,273.0114441,9
796_1,True,,1034.289795,21
796_2,False,,1034.289795,21
797_1,True,,963.3539429,31
797_2,False,,963.3539429,31
797_3,False,,963.3539429,31
798_1,True,,1429.022583,6
798_2,False,,1429.022583,6
798_3,False,,1429.022583,6
798_4,False,,1429.022583,6
799_1,True,,2537.585693,39
799_2,False,,2537.585693,39
800_1,True,,691.5112915,41
800_2,False,,691.5112915,41
801_1,True,,675.8522949,48
801_2,False,,675.8522949,48
801_3,False,,675.8522949,48
802_1,True,,963.3539429,31
802_2,False,,963.3539429,31
802_3,False,,963.3539429,31
803_1,True,,1034.289795,21
803_2,False,,1034.289795,21
803_3,False,,1034.289795,21
803_4,False,,1034.289795,21
804_1,True,,691.5112915,10
804_2,False,,691.5112915,10
804_3,False,,691.5112915,10
804_4,False,,691.5112915,10
804_5,False,,691.5112915,10
805_1,True,,675.8522949,48
805_2,False,,675.8522949,48
805_3,False,,675.8522949,48
806_1,True,,1483.921753,26
806_2,False,,1483.921753,26
807_1,True,,663.3157959,16
808_1,True,,691.5112915,25
809_1,True,,777.2303467,18
809_2,False,,777.2303467,18
809_3,False,,777.2303467,18
809_4,False,,777.2303467,18
809_5,False,,777.2303467,18
810_1,True,,659.7180786,12
810_2,False,,659.7180786,12
810_3,False,,659.7180786,12
810_4,False,,659.7180786,12
811_1,True,,1483.921753,26
811_2,False,,1483.921753,26
812_1,True,,1013.601074,21
812_2,False,,1013.601074,21
812_3,False,,1013.601074,21
812_4,False,,1013.601074,21
812_5,False,,1013.601074,21
813_1,True,,258.2655334,9
813_2,False,,258.2655334,9
814_1,True,,1483.921753,26
814_2,False,,1483.921753,26
814_3,False,,1483.921753,26
815_1,True,,777.2303467,18
815_2,False,,777.2303467,18
815_3,False,,777.2303467,18
815_4,False,,777.2303467,18
815_5,False,,777.2303467,18
816_1,True,,777.2303467,18
816_2,False,,777.2303467,18
816_3,False,,777.2303467,18
817_1,True,,1407.310669,6
817_2,False,,1407.310669,6
817_3,False,,1407.310669,6
817_4,False,,1407.310669,6
818_1,True,,1034.289795,21
818_2,False,,1034.289795,21
818_3,False,,1034.289795,21
818_4,False,,1034.289795,21
819_1,True,,2537.585693,39
819_2,False,,2537.585693,39
819_3,False,,2537.585693,39
820_1,True,,1483.921753,26
820_2,False,,1483.921753,26
820_3,False,,1483.921753,26
821_1,True,,659.7180786,41
821_2,False,,659.7180786,41
821_3,False,,659.7180786,41
822_1,True,,963.7158813,31
822_2,False,,963.7158813,31
822_3,False,,963.7158813,31
822_4,False,,963.7158813,31
822_5,False,,963.7158813,31
822_6,False,,963.7158813,31
822_7,False,,963.7158813,31
823_1,True,,802.7727051,18
823_2,False,,802.7727051,18
824_1,True,,675.8522949,48
824_2,False,,675.8522949,48
824_3,False,,675.8522949,48
825_1,True,,1015.954529,46
826_1,True,,802.7727051,18
826_2,False,,802.7727051,18
826_3,False,,802.7727051,18
827_1,True,,273.0114441,9
827_2,False,,273.0114441,9
827_3,False,,273.0114441,9
828_1,True,,106.0568237,49
828_2,False,,106.0568237,49
829_1,True,,1034.289795,21
829_2,False,,1034.289795,21
830_1,True,,2808.141113,39
830_2,False,,2808.141113,39
830_3,False,,2808.141113,39
830_4,False,,2808.141113,39
831_1,True,,963.3539429,31
831_2,False,,963.3539429,31
831_3,False,,963.3539429,31
832_1,True,,659.7180786,12
832_2,False,,659.7180786,12
832_3,False,,659.7180786,12
832_4,False,,659.7180786,12
832_5,False,,659.7180786,12
833_1,True,,273.0114441,9
833_2,False,,273.0114441,9
834_1,True,,802.7727051,18
834_2,False,,802.7727051,18
834_3,False,,802.7727051,18
834_4,False,,802.7727051,18
834_5,False,,802.7727051,18
834_6,False,,802.7727051,18
835_1,True,,1013.601074,21
835_2,False,,1013.601074,21
835_3,False,,1013.601074,21
836_1,True,,675.8522949,48
836_2,False,,675.8522949,48
837_1,True,,679.5336914,48
837_2,False,,679.5336914,48
837_3,False,,679.5336914,48
837_4,False,,679.5336914,48
837_5,False,,679.5336914,48
838_1,True,,1483.921753,26
838_2,False,,1483.921753,26
839_1,True,,691.5112915,12
839_2,False,,691.5112915,12
839_3,False,,691.5112915,12
840_1,True,,2537.585693,39
841_1,True,,659.7180786,12
841_2,False,,659.7180786,12
842_1,True,,1015.954529,46
842_2,False,,1015.954529,46
842_3,False,,1015.954529,46
842_4,False,,1015.954529,46
843_1,True,,2808.141113,39
843_2,False,,2808.141113,39
843_3,False,,2808.141113,39
843_4,False,,2808.141113,39
844_1,True,,963.7158813,31
844_2,False,,963.7158813,31
845_1,True,,1034.289795,21
846_1,True,,777.2303467,18
846_2,False,,777.2303467,18
846_3,False,,777.2303467,18
846_4,False,,777.2303467,18
847_1,True,,1483.921753,26
847_2,False,,1483.921753,26
847_3,False,,1483.921753,26
848_1,True,,691.5112915,10
848_2,False,,691.5112915,10
848_3,False,,691.5112915,10
848_4,False,,691.5112915,10
849_1,True,,273.0114441,9
849_2,False,,273.0114441,9
849_3,False,,273.0114441,9
849_4,False,,273.0114441,9
849_5,False,,273.0114441,9
850_1,True,,1480.23999,26
850_2,False,,1480.23999,26
850_3,False,,1480.23999,26
850_4,False,,1480.23999,26
851_1,True,,1407.310669,6
851_2,False,,1407.310669,6
851_3,False,,1407.310669,6
851_4,False,,1407.310669,6
852_1,True,,963.7158813,31
852_2,False,,963.7158813,31
852_3,False,,963.7158813,31
852_4,False,,963.7158813,31
853_1,True,,963.7158813,31
853_2,False,,963.7158813,31
853_3,False,,963.7158813,31
853_4,False,,963.7158813,31
853_5,False,,963.7158813,31
854_1,True,,659.7180786,12
854_2,False,,659.7180786,12
855_1,True,,1034.289795,21
855_2,False,,1034.289795,21
855_3,False,,1034.289795,21
855_4,False,,1034.289795,21
856_1,True,,962.1404419,46
856_2,False,,962.1404419,46
856_3,False,,962.1404419,46
856_4,False,,962.1404419,46
856_5,False,,962.1404419,46
857_1,True,,1480.23999,26
857_2,False,,1480.23999,26
857_3,False,,1480.23999,26
857_4,False,,1480.23999,26
858_1,True,,1483.921753,26
858_2,False,,1483.921753,26
858_3,False,,1483.921753,26
858_4,False,,1483.921753,26
859_1,True,,2537.585693,39
859_2,False,,2537.585693,39
859_3,False,,2537.585693,39
859_4,False,,2537.585693,39
860_1,True,,777.2303467,18
860_2,False,,777.2303467,18
861_1,True,,1429.022583,6
861_2,False,,1429.022583,6
861_3,False,,1429.022583,6
861_4,False,,1429.022583,6
862_1,True,,777.2303467,18
862_2,False,,777.2303467,18
863_1,True,,691.5112915,45
863_2,False,,691.5112915,45
863_3,False,,691.5112915,45
864_1,True,,802.7727051,18
864_2,False,,802.7727051,18
865_1,True,,802.7727051,18
865_2,False,,802.7727051,18
866_1,True,,1429.022583,6
866_2,False,,1429.022583,6
866_3,False,,1429.022583,6
866_4,False,,1429.022583,6
867_1,True,,802.7727051,18
867_2,False,,802.7727051,18
867_3,False,,802.7727051,18
867_4,False,,802.7727051,18
868_1,True,,1429.022583,6
868_2,False,,1429.022583,6
868_3,False,,1429.022583,6
868_4,False,,1429.022583,6
869_1,True,,659.7180786,41
869_2,False,,659.7180786,41
869_3,False,,659.7180786,41
870_1,True,,777.2303467,18
870_2,False,,777.2303467,18
870_3,False,,777.2303467,18
871_1,True,,273.0114441,9
871_2,False,,273.0114441,9
871_3,False,,273.0114441,9
871_4,False,,273.0114441,9
872_1,True,,691.5112915,25
872_2,False,,691.5112915,25
872_3,False,,691.5112915,25
872_4,False,,691.5112915,25
873_1,True,,777.2303467,18
873_2,False,,777.2303467,18
874_1,True,,1034.289795,21
874_2,False,,1034.289795,21
874_3,False,,1034.289795,21
874_4,False,,1034.289795,21
874_5,False,,1034.289795,21
875_1,True,,691.5112915,41
875_2,False,,691.5112915,41
875_3,False,,691.5112915,41
876_1,True,,777.2303467,18
876_2,False,,777.2303467,18
876_3,False,,777.2303467,18
877_1,True,,1034.289795,21
877_2,False,,1034.289795,21
878_1,True,,1407.310669,6
878_2,False,,1407.310669,6
879_1,True,,963.3539429,31
879_2,False,,963.3539429,31
879_3,False,,963.3539429,31
880_1,True,,1034.289795,21
880_2,False,,1034.289795,21
880_3,False,,1034.289795,21
880_4,False,,1034.289795,21
881_1,True,,1429.022583,6
881_2,False,,1429.022583,6
882_1,True,,1034.289795,21
882_2,False,,1034.289795,21
883_1,True,,963.3539429,31
883_2,False,,963.3539429,31
883_3,False,,963.3539429,31
883_4,False,,963.3539429,31
884_1,True,,777.2303467,18
884_2,False,,777.2303467,18
884_3,False,,777.2303467,18
884_4,False,,777.2303467,18
885_1,True,,1015.954529,46
886_1,True,,1034.289795,21
886_2,False,,1034.289795,21
886_3,False,,1034.289795,21
887_1,True,,777.2303467,18
887_2,False,,777.2303467,18
887_3,False,,777.2303467,18
887_4,False,,777.2303467,18
888_1,True,,1034.289795,21
888_2,False,,1034.289795,21
888_3,False,,1034.289795,21
889_1,True,,666.6879883,28
889_2,False,,666.6879883,28
889_3,False,,666.6879883,28
890_1,True,,802.7727051,18
890_2,False,,802.7727051,18
891_1,True,,659.7180786,45
891_2,False,,659.7180786,45
891_3,False,,659.7180786,45
891_4,False,,659.7180786,45
892_1,True,,1480.23999,26
892_2,False,,1480.23999,26
892_3,False,,1480.23999,26
892_4,False,,1480.23999,26
893_1,True,,691.5112915,25
893_2,False,,691.5112915,25
893_3,False,,691.5112915,25
893_4,False,,691.5112915,25
894_1,True,,1407.310669,6
895_1,True,,2537.585693,39
895_2,False,,2537.585693,39
895_3,False,,2537.585693,39
895_4,False,,2537.585693,39
896_1,True,,691.5112915,10
896_2,False,,691.5112915,10
896_3,False,,691.5112915,10
897_1,True,,777.2303467,18
897_2,False,,777.2303467,18
898_1,True,,679.5336914,48
898_2,False,,679.5336914,48
898_3,False,,679.5336914,48
899_1,True,,691.5112915,41
899_2,False,,691.5112915,41
899_3,False,,691.5112915,41
900_1,True,,1034.289795,21
900_2,False,,1034.289795,21
900_3,False,,1034.289795,21
901_1,True,,1015.954529,46
901_2,False,,1015.954529,46
901_3,False,,1015.954529,46
901_4,False,,1015.954529,46
901_5,False,,1015.954529,46
902_1,True,,301.1954041,19
902_2,False,,301.1954041,19
902_3,False,,301.1954041,19
902_4,False,,301.1954041,19
902_5,False,,301.1954041,19
903_1,True,,777.2303467,18
903_2,False,,777.2303467,18
903_3,False,,777.2303467,18
904_1,True,,258.2655334,9
904_2,False,,258.2655334,9
904_3,False,,258.2655334,9
905_1,True,,777.2303467,18
905_2,False,,777.2303467,18
905_3,False,,777.2303467,18
905_4,False,,777.2303467,18
906_1,True,,1480.23999,26
906_2,False,,1480.23999,26
906_3,False,,1480.23999,26
907_1,True,,273.0114441,9
907_2,False,,273.0114441,9
907_3,False,,273.0114441,9
908_1,True,,963.3539429,31
908_2,False,,963.3539429,31
908_3,False,,963.3539429,31
908_4,False,,963.3539429,31
908_5,False,,963.3539429,31
909_1,True,,691.5112915,25
910_1,True,,1483.921753,26
910_2,False,,1483.921753,26
910_3,False,,1483.921753,26
911_1,True,,1015.954529,46
911_2,False,,1015.954529,46
912_1,True,,106.0568237,49
912_2,False,,106.0568237,49
913_1,True,,659.7180786,41
913_2,False,,659.7180786,41
914_1,True,,691.5112915,25
914_2,False,,691.5112915,25
914_3,False,,691.5112915,25
914_4,False,,691.5112915,25
915_1,True,,802.7727051,18
915_2,False,,802.7727051,18
915_3,False,,802.7727051,18
915_4,False,,802.7727051,18
916_1,True,,659.7180786,12
916_2,False,,659.7180786,12
916_3,False,,659.7180786,12
916_4,False,,659.7180786,12
916_5,False,,659.7180786,12
916_6,False,,659.7180786,12
917_1,True,,963.3539429,31
917_2,False,,963.3539429,31
918_1,True,,663.3157959,44
918_2,False,,663.3157959,44
919_1,True,,675.8522949,48
920_1,True,,963.7158813,31
920_2,False,,963.7158813,31
920_3,False,,963.7158813,31
920_4,False,,963.7158813,31
920_5,False,,963.7158813,31
920_6,False,,963.7158813,31
921_1,True,,691.5112915,12
921_2,False,,691.5112915,12
921_3,False,,691.5112915,12
921_4,False,,691.5112915,12
922_1,True,,301.1954041,19
922_2,False,,301.1954041,19
922_3,False,,301.1954041,19
922_4,False,,301.1954041,19
923_1,True,,663.3157959,33
923_2,False,,663.3157959,33
923_3,False,,663.3157959,33
923_4,False,,663.3157959,33
923_5,False,,663.3157959,33
924_1,True,,691.5112915,45
924_2,False,,691.5112915,45
924_3,False,,691.5112915,45
925_1,True,,802.7727051,18
925_2,False,,802.7727051,18
925_3,False,,802.7727051,18
926_1,True,,663.3157959,16
926_2,False,,663.3157959,16
926_3,False,,663.3157959,16
926_4,False,,663.3157959,16
927_1,True,,691.5112915,41
928_1,True,,659.7180786,12
928_2,False,,659.7180786,12
929_1,True,,802.7727051,18
929_2,False,,802.7727051,18
929_3,False,,802.7727051,18
930_1,True,,691.5112915,41
930_2,False,,691.5112915,41
930_3,False,,691.5112915,41
931_1,True,,258.2655334,9
931_2,False,,258.2655334,9
931_3,False,,258.2655334,9
932_1,True,,1034.289795,21
932_2,False,,1034.289795,21
932_3,False,,1034.289795,21
932_4,False,,1034.289795,21
933_1,True,,691.5112915,10
933_2,False,,691.5112915,10
933_3,False,,691.5112915,10
934_1,True,,666.6879883,1
934_2,False,,666.6879883,1
934_3,False,,666.6879883,1
934_4,False,,666.6879883,1
935_1,True,,659.7180786,41
935_2,False,,659.7180786,41
935_3,False,,659.7180786,41
935_4,False,,659.7180786,41
936_1,True,,1407.310669,6
936_2,False,,1407.310669,6
936_3,False,,1407.310669,6
937_1,True,,802.7727051,18
937_2,False,,802.7727051,18
937_3,False,,802.7727051,18
937_4,False,,802.7727051,18
938_1,True,,2808.141113,39
938_2,False,,2808.141113,39
938_3,False,,2808.141113,39
938_4,False,,2808.141113,39
939_1,True,,1034.289795,21
939_2,False,,1034.289795,21
940_1,True,,2808.141113,39
940_2,False,,2808.141113,39
940_3,False,,2808.141113,39
941_1,True,,1034.289795,21
941_2,False,,1034.289795,21
941_3,False,,1034.289795,21
942_1,True,,802.7727051,18
942_2,False,,802.7727051,18
942_3,False,,802.7727051,18
942_4,False,,802.7727051,18
943_1,True,,1407.310669,6
943_2,False,,1407.310669,6
943_3,False,,1407.310669,6
944_1,True,,1407.310669,6
944_2,False,,1407.310669,6
944_3,False,,1407.310669,6
945_1,True,,691.5112915,10
945_2,False,,691.5112915,10
945_3,False,,691.5112915,10
945_4,False,,691.5112915,10
946_1,True,,666.6879883,33
946_2,False,,666.6879883,33
946_3,False,,666.6879883,33
946_4,False,,666.6879883,33
947_1,True,,273.0114441,9
947_2,False,,273.0114441,9
947_3,False,,273.0114441,9
948_1,True,,777.2303467,18
948_2,False,,777.2303467,18
949_1,True,,2537.585693,39
949_2,False,,2537.585693,39
949_3,False,,2537.585693,39
950_1,True,,1034.289795,21
950_2,False,,1034.289795,21
951_1,True,,2537.585693,39
951_2,False,,2537.585693,39
951_3,False,,2537.585693,39
952_1,True,,659.7180786,12
952_2,False,,659.7180786,12
952_3,False,,659.7180786,12
953_1,True,,962.1404419,46
953_2,False,,962.1404419,46
954_1,True,,1480.23999,26
954_2,False,,1480.23999,26
954_3,False,,1480.23999,26
954_4,False,,1480.23999,26
955_1,True,,666.6879883,33
955_2,False,,666.6879883,33
955_3,False,,666.6879883,33
956_1,True,,1483.921753,26
956_2,False,,1483.921753,26
956_3,False,,1483.921753,26
956_4,False,,1483.921753,26
957_1,True,,802.7727051,18
957_2,False,,802.7727051,18
957_3,False,,802.7727051,18
957_4,False,,802.7727051,18
958_1,True,,802.7727051,18
958_2,False,,802.7727051,18
958_3,False,,802.7727051,18
959_1,True,,963.7158813,31
959_2,False,,963.7158813,31
959_3,False,,963.7158813,31
959_4,False,,963.7158813,31
960_1,True,,963.3539429,31
960_2,False,,963.3539429,31
960_3,False,,963.3539429,31
960_4,False,,963.3539429,31
960_5,False,,963.3539429,31
961_1,True,,963.7158813,31
961_2,False,,963.7158813,31
961_3,False,,963.7158813,31
961_4,False,,963.7158813,31
961_5,False,,963.7158813,31
962_1,True,,777.2303467,18
962_2,False,,777.2303467,18
962_3,False,,777.2303467,18
963_1,True,,963.7158813,31
963_2,False,,963.7158813,31
963_3,False,,963.7158813,31
963_4,False,,963.7158813,31
964_1,True,,659.7180786,25
964_2,False,,659.7180786,25
964_3,False,,659.7180786,25
965_1,True,,301.1954041,19
965_2,False,,301.1954041,19
965_3,False,,301.1954041,19
965_4,False,,301.1954041,19
966_1,True,,1407.310669,6
966_2,False,,1407.310669,6
966_3,False,,1407.310669,6
967_1,True,,675.8522949,48
967_2,False,,675.8522949,48
967_3,False,,675.8522949,48
967_4,False,,675.8522949,48
968_1,True,,777.2303467,18
968_2,False,,777.2303467,18
968_3,False,,777.2303467,18
968_4,False,,777.2303467,18
969_1,True,,1407.310669,6
969_2,False,,1407.310669,6
969_3,False,,1407.310669,6
970_1,True,,1429.022583,6
971_1,True,,2537.585693,39
971_2,False,,2537.585693,39
971_3,False,,2537.585693,39
972_1,True,,273.0114441,9
972_2,False,,273.0114441,9
973_1,True,,1015.954529,46
973_2,False,,1015.954529,46
973_3,False,,1015.954529,46
973_4,False,,1015.954529,46
973_5,False,,1015.954529,46
974_1,True,,659.7180786,25
974_2,False,,659.7180786,25
974_3,False,,659.7180786,25
975_1,True,,1407.310669,6
975_2,False,,1407.310669,6
975_3,False,,1407.310669,6
975_4,False,,1407.310669,6
976_1,True,,659.7180786,25
976_2,False,,659.7180786,25
976_3,False,,659.7180786,25
977_1,True,,1407.310669,6
977_2,False,,1407.310669,6
978_1,True,,691.5112915,45
978_2,False,,691.5112915,45
978_3,False,,691.5112915,45
979_1,True,,1407.310669,6
979_2,False,,1407.310669,6
979_3,False,,1407.310669,6
979_4,False,,1407.310669,6
980_1,True,,691.5112915,41
980_2,False,,691.5112915,41
980_3,False,,691.5112915,41
980_4,False,,691.5112915,41
981_1,True,,2808.141113,39
981_2,False,,2808.141113,39
981_3,False,,2808.141113,39
981_4,False,,2808.141113,39
982_1,True,,962.1404419,46
982_2,False,,962.1404419,46
982_3,False,,962.1404419,46
982_4,False,,962.1404419,46
983_1,True,,659.7180786,45
983_2,False,,659.7180786,45
984_1,True,,1480.23999,26
984_2,False,,1480.23999,26
984_3,False,,1480.23999,26
984_4,False,,1480.23999,26
985_1,True,,1429.022583,6
985_2,False,,1429.022583,6
985_3,False,,1429.022583,6
985_4,False,,1429.022583,6
985_5,False,,1429.022583,6
985_6,False,,1429.022583,6
986_1,True,,258.2655334,9
986_2,False,,258.2655334,9
986_3,False,,258.2655334,9
986_4,False,,258.2655334,9
987_1,True,,962.1404419,46
988_1,True,,691.5112915,41
988_2,False,,691.5112915,41
988_3,False,,691.5112915,41
988_4,False,,691.5112915,41
989_1,True,,301.1954041,19
989_2,False,,301.1954041,19
990_1,True,,963.3539429,31
990_2,False,,963.3539429,31
990_3,False,,963.3539429,31
990_4,False,,963.3539429,31
991_1,True,,675.8522949,48
991_2,False,,675.8522949,48
991_3,False,,675.8522949,48
992_1,True,,679.5336914,48
992_2,False,,679.5336914,48
992_3,False,,679.5336914,48
992_4,False,,679.5336914,48
993_1,True,,963.3539429,31
993_2,False,,963.3539429,31
993_3,False,,963.3539429,31
993_4,False,,963.3539429,31
994_1,True,,659.7180786,45
994_2,False,,659.7180786,45
994_3,False,,659.7180786,45
995_1,True,,963.7158813,31
995_2,False,,963.7158813,31
996_1,True,,2537.585693,39
996_2,False,,2537.585693,39
996_3,False,,2537.585693,39
997_1,True,,679.5336914,48
997_2,False,,679.5336914,48
998_1,True,,691.5112915,10
999_1,True,,675.8522949,48
999_2,False,,675.8522949,48
999_3,False,,675.8522949,48
999_4,False,,675.8522949,48
1000_1,True,,963.7158813,31
1000_2,False,,963.7158813,31
1000_3,False,,963.7158813,31
1000_4,False,,963.7158813,31
1001_1,True,,1034.289795,21
1001_2,False,,1034.289795,21
1001_3,False,,1034.289795,21
1002_1,True,,666.6879883,47
1002_2,False,,666.6879883,47
1002_3,False,,666.6879883,47
1002_4,False,,666.6879883,47
1003_1,True,,691.5112915,41
1003_2,False,,691.5112915,41
1003_3,False,,691.5112915,41
1003_4,False,,691.5112915,41
1004_1,True,,1480.23999,26
1004_2,False,,1480.23999,26
1004_3,False,,1480.23999,26
1005_1,True,,659.7180786,10
1005_2,False,,659.7180786,10
1005_3,False,,659.7180786,10
1005_4,False,,659.7180786,10
1005_5,False,,659.7180786,10
1006_1,True,,962.1404419,46
1006_2,False,,962.1404419,46
1006_3,False,,962.1404419,46
1006_4,False,,962.1404419,46
1007_1,True,,1429.022583,6
1007_2,False,,1429.022583,6
1007_3,False,,1429.022583,6
1007_4,False,,1429.022583,6
1007_5,False,,1429.022583,6
1008_1,True,,2808.141113,39
1008_2,False,,2808.141113,39
1008_3,False,,2808.141113,39
1008_4,False,,2808.141113,39
1009_1,True,,1429.022583,6
1009_2,False,,1429.022583,6
1009_3,False,,1429.022583,6
1009_4,False,,1429.022583,6
1009_5,False,,1429.022583,6
1010_1,True,,777.2303467,18
1010_2,False,,777.2303467,18
1010_3,False,,777.2303467,18
1011_1,True,,301.1954041,19
1011_2,False,,301.1954041,19
1012_1,True,,691.5112915,12
1012_2,False,,691.5112915,12
1012_3,False,,691.5112915,12
1013_1,True,,659.7180786,25
1013_2,False,,659.7180786,25
1013_3,False,,659.7180786,25
1014_1,True,,110.7352905,49
1014_2,False,,110.7352905,49
1014_3,False,,110.7352905,49
1014_4,False,,110.7352905,49
1014_5,False,,110.7352905,49
1015_1,True,,1015.954529,46
1015_2,False,,1015.954529,46
1015_3,False,,1015.954529,46
1016_1,True,,663.3157959,33
1016_2,False,,663.3157959,33
1016_3,False,,663.3157959,33
1017_1,True,,962.1404419,46
1017_2,False,,962.1404419,46
1017_3,False,,962.1404419,46
1017_4,False,,962.1404419,46
1018_1,True,,963.7158813,31
1018_2,False,,963.7158813,31
1018_3,False,,963.7158813,31
1018_4,False,,963.7158813,31
1019_1,True,,1429.022583,6
1019_2,False,,1429.022583,6
1019_3,False,,1429.022583,6
1019_4,False,,1429.022583,6
1020_1,True,,1480.23999,26
1020_2,False,,1480.23999,26
1020_3,False,,1480.23999,26
1020_4,False,,1480.23999,26
1021_1,True,,659.7180786,12
1021_2,False,,659.7180786,12
1021_3,False,,659.7180786,12
1021_4,False,,659.7180786,12
1022_1,True,,963.7158813,31
1022_2,False,,963.7158813,31
1022_3,False,,963.7158813,31
1023_1,True,,962.1404419,46
1023_2,False,,962.1404419,46
1023_3,False,,962.1404419,46
1023_4,False,,962.1404419,46
1023_5,False,,962.1404419,46
1024_1,True,,963.3539429,31
1024_2,False,,963.3539429,31
1025_1,True,,963.7158813,31
1025_2,False,,963.7158813,31
1025_3,False,,963.7158813,31
1026_1,True,,777.2303467,18
1026_2,False,,777.2303467,18
1026_3,False,,777.2303467,18
1026_4,False,,777.2303467,18
1027_1,True,,963.3539429,31
1027_2,False,,963.3539429,31
1027_3,False,,963.3539429,31
1028_1,True,,1013.601074,21
1028_2,False,,1013.601074,21
1028_3,False,,1013.601074,21
1028_4,False,,1013.601074,21
1028_5,False,,1013.601074,21
1028_6,False,,1013.601074,21
1029_1,True,,963.7158813,31
1029_2,False,,963.7158813,31
1029_3,False,,963.7158813,31
1029_4,False,,963.7158813,31
1029_5,False,,963.7158813,31
1029_6,False,,963.7158813,31
1030_1,True,,1034.289795,21
1030_2,False,,1034.289795,21
1030_3,False,,1034.289795,21
1030_4,False,,1034.289795,21
1030_5,False,,1034.289795,21
1030_6,False,,1034.289795,21
1031_1,True,,802.7727051,18
1031_2,False,,802.7727051,18
1031_3,False,,802.7727051,18
1031_4,False,,802.7727051,18
1032_1,True,,691.5112915,41
1032_2,False,,691.5112915,41
1032_3,False,,691.5112915,41
1032_4,False,,691.5112915,41
1032_5,False,,691.5112915,41
1033_1,True,,675.8522949,48
1033_2,False,,675.8522949,48
1034_1,True,,1483.921753,26
1035_1,True,,106.0568237,49
1035_2,False,,106.0568237,49
1036_1,True,,675.8522949,48
1036_2,False,,675.8522949,48
1036_3,False,,675.8522949,48
1037_1,True,,258.2655334,9
1037_2,False,,258.2655334,9
1037_3,False,,258.2655334,9
1038_1,True,,273.0114441,9
1038_2,False,,273.0114441,9
1039_1,True,,802.7727051,18
1040_1,True,,963.3539429,31
1041_1,True,,1407.310669,6
1041_2,False,,1407.310669,6
1041_3,False,,1407.310669,6
1041_4,False,,1407.310669,6
1042_1,True,,802.7727051,18
1042_2,False,,802.7727051,18
1042_3,False,,802.7727051,18
1042_4,False,,802.7727051,18
1043_1,True,,273.0114441,9
1044_1,True,,802.7727051,18
1044_2,False,,802.7727051,18
1044_3,False,,802.7727051,18
1044_4,False,,802.7727051,18
1044_5,False,,802.7727051,18
1044_6,False,,802.7727051,18
1045_1,True,,802.7727051,18
1045_2,False,,802.7727051,18
1046_1,True,,1429.022583,6
1046_2,False,,1429.022583,6
1047_1,True,,691.5112915,41
1047_2,False,,691.5112915,41
1048_1,True,,1407.310669,6
1049_1,True,,963.3539429,31
1049_2,False,,963.3539429,31
1049_3,False,,963.3539429,31
1049_4,False,,963.3539429,31
1050_1,True,,273.0114441,9
1050_2,False,,273.0114441,9
1051_1,True,,666.6879883,33
1051_2,False,,666.6879883,33
1052_1,True,,666.6879883,33
1052_2,False,,666.6879883,33
1052_3,False,,666.6879883,33
1052_4,False,,666.6879883,33
1053_1,True,,679.5336914,48
1053_2,False,,679.5336914,48
1054_1,True,,963.3539429,31
1054_2,False,,963.3539429,31
1054_3,False,,963.3539429,31
1054_4,False,,963.3539429,31
1055_1,True,,963.7158813,31
1055_2,False,,963.7158813,31
1055_3,False,,963.7158813,31
1055_4,False,,963.7158813,31
1055_5,False,,963.7158813,31
1056_1,True,,777.2303467,18
1056_2,False,,777.2303467,18
1056_3,False,,777.2303467,18
1057_1,True,,963.3539429,31
1057_2,False,,963.3539429,31
1057_3,False,,963.3539429,31
1057_4,False,,963.3539429,31
1058_1,True,,691.5112915,45
1058_2,False,,691.5112915,45
1058_3,False,,691.5112915,45
1058_4,False,,691.5112915,45
1058_5,False,,691.5112915,45
1059_1,True,,1015.954529,46
1059_2,False,,1015.954529,46
1059_3,False,,1015.954529,46
1059_4,False,,1015.954529,46
1059_5,False,,1015.954529,46
1060_1,True,,691.5112915,41
1060_2,False,,691.5112915,41
1060_3,False,,691.5112915,41
1061_1,True,,258.2655334,9
1061_2,False,,258.2655334,9
1062_1,True,,963.7158813,31
1062_2,False,,963.7158813,31
1062_3,False,,963.7158813,31
1062_4,False,,963.7158813,31
1063_1,True,,777.2303467,18
1063_2,False,,777.2303467,18
1063_3,False,,777.2303467,18
1063_4,False,,777.2303467,18
1064_1,True,,1407.310669,6
1064_2,False,,1407.310669,6
1064_3,False,,1407.310669,6
1064_4,False,,1407.310669,6
1065_1,True,,691.5112915,10
1065_2,False,,691.5112915,10
1065_3,False,,691.5112915,10
1065_4,False,,691.5112915,10
1065_5,False,,691.5112915,10
1066_1,True,,663.3157959,33
1066_2,False,,663.3157959,33
1066_3,False,,663.3157959,33
1066_4,False,,663.3157959,33
1067_1,True,,802.7727051,18
1068_1,True,,963.3539429,31
1069_1,True,,1013.601074,21
1069_2,False,,1013.601074,21
1069_3,False,,1013.601074,21
1070_1,True,,1013.601074,21
1070_2,False,,1013.601074,21
1070_3,False,,1013.601074,21
1071_1,True,,963.3539429,31
1072_1,True,,337.8926697,19
1072_2,False,,337.8926697,19
1072_3,False,,337.8926697,19
1072_4,False,,337.8926697,19
1073_1,True,,1034.289795,21
1073_2,False,,1034.289795,21
1074_1,True,,802.7727051,18
1075_1,True,,963.3539429,31
1075_2,False,,963.3539429,31
1075_3,False,,963.3539429,31
1076_1,True,,963.3539429,31
1076_2,False,,963.3539429,31
1077_1,True,,1013.601074,21
1077_2,False,,1013.601074,21
1077_3,False,,1013.601074,21
1077_4,False,,1013.601074,21
1078_1,True,,777.2303467,18
1079_1,True,,273.0114441,9
1079_2,False,,273.0114441,9
1079_3,False,,273.0114441,9
1080_1,True,,258.2655334,9
1080_2,False,,258.2655334,9
1081_1,True,,273.0114441,9
1081_2,False,,273.0114441,9
1082_1,True,,1015.954529,46
1082_2,False,,1015.954529,46
1082_3,False,,1015.954529,46
1082_4,False,,1015.954529,46
1083_1,True,,273.0114441,9
1083_2,False,,273.0114441,9
1083_3,False,,273.0114441,9
1083_4,False,,273.0114441,9
1084_1,True,,1429.022583,6
1084_2,False,,1429.022583,6
1084_3,False,,1429.022583,6
1084_4,False,,1429.022583,6
1084_5,False,,1429.022583,6
1085_1,True,,1480.23999,26
1086_1,True,,675.8522949,48
1086_2,False,,675.8522949,48
1087_1,True,,258.2655334,9
1087_2,False,,258.2655334,9
1087_3,False,,258.2655334,9
1087_4,False,,258.2655334,9
1087_5,False,,258.2655334,9
1088_1,True,,258.2655334,9
1088_2,False,,258.2655334,9
1089_1,True,,1015.954529,46
1089_2,False,,1015.954529,46
1089_3,False,,1015.954529,46
1090_1,True,,301.1954041,19
1090_2,False,,301.1954041,19
1090_3,False,,301.1954041,19
1090_4,False,,301.1954041,19
1091_1,True,,659.7180786,45
1091_2,False,,659.7180786,45
1091_3,False,,659.7180786,45
1091_4,False,,659.7180786,45
1091_5,False,,659.7180786,45
1091_6,False,,659.7180786,45
1091_7,False,,659.7180786,45
1091_8,False,,659.7180786,45
1091_9,False,,659.7180786,45
1092_1,True,,777.2303467,18
1092_2,False,,777.2303467,18
1092_3,False,,777.2303467,18
1093_1,True,,802.7727051,18
1093_2,False,,802.7727051,18
1093_3,False,,802.7727051,18
1094_1,True,,962.1404419,46
1094_2,False,,962.1404419,46
1094_3,False,,962.1404419,46
1095_1,True,,258.2655334,9
1095_2,False,,258.2655334,9
1096_1,True,,963.7158813,31
1096_2,False,,963.7158813,31
1096_3,False,,963.7158813,31
1097_1,True,,110.7352905,49
1097_2,False,,110.7352905,49
1097_3,False,,110.7352905,49
1098_1,True,,1034.289795,21
1098_2,False,,1034.289795,21
1098_3,False,,1034.289795,21
1099_1,True,,963.7158813,31
1099_2,False,,963.7158813,31
1100_1,True,,679.5336914,48
1100_2,False,,679.5336914,48
1100_3,False,,679.5336914,48
1100_4,False,,679.5336914,48
1101_1,True,,1480.23999,26
1101_2,False,,1480.23999,26
1102_1,True,,675.8522949,48
1102_2,False,,675.8522949,48
1103_1,True,,777.2303467,18
1103_2,False,,777.2303467,18
1103_3,False,,777.2303467,18
1104_1,True,,1407.310669,6
1104_2,False,,1407.310669,6
1104_3,False,,1407.310669,6
1105_1,True,,691.5112915,45
1105_2,False,,691.5112915,45
1105_3,False,,691.5112915,45
1105_4,False,,691.5112915,45
1106_1,True,,691.5112915,41
1106_2,False,,691.5112915,41
1106_3,False,,691.5112915,41
1106_4,False,,691.5112915,41
1107_1,True,,1034.289795,21
1107_2,False,,1034.289795,21
1108_1,True,,675.8522949,48
1108_2,False,,675.8522949,48
1108_3,False,,675.8522949,48
1109_1,True,,963.7158813,31
1109_2,False,,963.7158813,31
1110_1,True,,691.5112915,41
1110_2,False,,691.5112915,41
1110_3,False,,691.5112915,41
1110_4,False,,691.5112915,41
1111_1,True,,659.7180786,12
1111_2,False,,659.7180786,12
1111_3,False,,659.7180786,12
1111_4,False,,659.7180786,12
1112_1,True,,675.8522949,48
1112_2,False,,675.8522949,48
1112_3,False,,675.8522949,48
1112_4,False,,675.8522949,48
1113_1,True,,777.2303467,18
1113_2,False,,777.2303467,18
1114_1,True,,1483.921753,26
1114_2,False,,1483.921753,26
1114_3,False,,1483.921753,26
1114_4,False,,1483.921753,26
1115_1,True,,1013.601074,21
1115_2,False,,1013.601074,21
1115_3,False,,1013.601074,21
1115_4,False,,1013.601074,21
1116_1,True,,675.8522949,48
1116_2,False,,675.8522949,48
1116_3,False,,675.8522949,48
1116_4,False,,675.8522949,48
1117_1,True,,963.3539429,31
1117_2,False,,963.3539429,31
1117_3,False,,963.3539429,31
1118_1,True,,963.7158813,31
1118_2,False,,963.7158813,31
1118_3,False,,963.7158813,31
1119_1,True,,802.7727051,18
1119_2,False,,802.7727051,18
1119_3,False,,802.7727051,18
1120_1,True,,679.5336914,48
1120_2,False,,679.5336914,48
1120_3,False,,679.5336914,48
1120_4,False,,679.5336914,48
1121_1,True,,679.5336914,48
1121_2,False,,679.5336914,48
1121_3,False,,679.5336914,48
1122_1,True,,963.7158813,31
1122_2,False,,963.7158813,31
1122_3,False,,963.7158813,31
1122_4,False,,963.7158813,31
1123_1,True,,666.6879883,1
1123_2,False,,666.6879883,1
1123_3,False,,666.6879883,1
1124_1,True,,2808.141113,39
1124_2,False,,2808.141113,39
1124_3,False,,2808.141113,39
1125_1,True,,1480.23999,26
1125_2,False,,1480.23999,26
1125_3,False,,1480.23999,26
1125_4,False,,1480.23999,26
1126_1,True,,337.8926697,19
1126_2,False,,337.8926697,19
1126_3,False,,337.8926697,19
1127_1,True,,1429.022583,6
1127_2,False,,1429.022583,6
1127_3,False,,1429.022583,6
1127_4,False,,1429.022583,6
1127_5,False,,1429.022583,6
1127_6,False,,1429.022583,6
1127_7,False,,1429.022583,6
1128_1,True,,962.1404419,46
1128_2,False,,962.1404419,46
1128_3,False,,962.1404419,46
1129_1,True,,1013.601074,21
1129_2,False,,1013.601074,21
1129_3,False,,1013.601074,21
1129_4,False,,1013.601074,21
1129_5,False,,1013.601074,21
1130_1,True,,1034.289795,21
1130_2,False,,1034.289795,21
1130_3,False,,1034.289795,21
1130_4,False,,1034.289795,21
1130_5,False,,1034.289795,21
1131_1,True,,1429.022583,6
1131_2,False,,1429.022583,6
1132_1,True,,802.7727051,18
1132_2,False,,802.7727051,18
1133_1,True,,679.5336914,48
1133_2,False,,679.5336914,48
1133_3,False,,679.5336914,48
1133_4,False,,679.5336914,48
1133_5,False,,679.5336914,48
1133_6,False,,679.5336914,48
1133_7,False,,679.5336914,48
1134_1,True,,675.8522949,48
1134_2,False,,675.8522949,48
1134_3,False,,675.8522949,48
1135_1,True,,777.2303467,18
1135_2,False,,777.2303467,18
1136_1,True,,777.2303467,18
1136_2,False,,777.2303467,18
1136_3,False,,777.2303467,18
1136_4,False,,777.2303467,18
1136_5,False,,777.2303467,18
1137_1,True,,1480.23999,26
1137_2,False,,1480.23999,26
1137_3,False,,1480.23999,26
1137_4,False,,1480.23999,26
1138_1,True,,962.1404419,46
1138_2,False,,962.1404419,46
1138_3,False,,962.1404419,46
1139_1,True,,963.7158813,31
1139_2,False,,963.7158813,31
1139_3,False,,963.7158813,31
1140_1,True,,802.7727051,18
1140_2,False,,802.7727051,18
1140_3,False,,802.7727051,18
1141_1,True,,963.3539429,31
1141_2,False,,963.3539429,31
1142_1,True,,679.5336914,48
1142_2,False,,679.5336914,48
1142_3,False,,679.5336914,48
1142_4,False,,679.5336914,48
1143_1,True,,675.8522949,48
1143_2,False,,675.8522949,48
1143_3,False,,675.8522949,48
1143_4,False,,675.8522949,48
1144_1,True,,777.2303467,18
1144_2,False,,777.2303467,18
1144_3,False,,777.2303467,18
1144_4,False,,777.2303467,18
1145_1,True,,691.5112915,41
1145_2,False,,691.5112915,41
1145_3,False,,691.5112915,41
1146_1,True,,963.3539429,31
1146_2,False,,963.3539429,31
1147_1,True,,273.0114441,9
1147_2,False,,273.0114441,9
1147_3,False,,273.0114441,9
1148_1,True,,963.7158813,31
1148_2,False,,963.7158813,31
1148_3,False,,963.7158813,31
1149_1,True,,777.2303467,18
1149_2,False,,777.2303467,18
1149_3,False,,777.2303467,18
1149_4,False,,777.2303467,18
1149_5,False,,777.2303467,18
1150_1,True,,1429.022583,6
1150_2,False,,1429.022583,6
1150_3,False,,1429.022583,6
1150_4,False,,1429.022583,6
1151_1,True,,1483.921753,26
1151_2,False,,1483.921753,26
1151_3,False,,1483.921753,26
1152_1,True,,777.2303467,18
1152_2,False,,777.2303467,18
1152_3,False,,777.2303467,18
1152_4,False,,777.2303467,18
1152_5,False,,777.2303467,18
1153_1,True,,963.3539429,31
1153_2,False,,963.3539429,31
1154_1,True,,675.8522949,48
1154_2,False,,675.8522949,48
1154_3,False,,675.8522949,48
1155_1,True,,1480.23999,26
1155_2,False,,1480.23999,26
1155_3,False,,1480.23999,26
1155_4,False,,1480.23999,26
1155_5,False,,1480.23999,26
1155_6,False,,1480.23999,26
1156_1,True,,301.1954041,19
1156_2,False,,301.1954041,19
1156_3,False,,301.1954041,19
1156_4,False,,301.1954041,19
1157_1,True,,963.3539429,31
1157_2,False,,963.3539429,31
1158_1,True,,963.7158813,31
1158_2,False,,963.7158813,31
1158_3,False,,963.7158813,31
1159_1,True,,301.1954041,19
1159_2,False,,301.1954041,19
1159_3,False,,301.1954041,19
1159_4,False,,301.1954041,19
1160_1,True,,106.0568237,49
1160_2,False,,106.0568237,49
1160_3,False,,106.0568237,49
1161_1,True,,963.3539429,31
1161_2,False,,963.3539429,31
1161_3,False,,963.3539429,31
1161_4,False,,963.3539429,31
1162_1,True,,777.2303467,18
1162_2,False,,777.2303467,18
1162_3,False,,777.2303467,18
1163_1,True,,2808.141113,39
1163_2,False,,2808.141113,39
1163_3,False,,2808.141113,39
1163_4,False,,2808.141113,39
1164_1,True,,110.7352905,49
1164_2,False,,110.7352905,49
1164_3,False,,110.7352905,49
1165_1,True,,691.5112915,25
1166_1,True,,1013.601074,21
1166_2,False,,1013.601074,21
1166_3,False,,1013.601074,21
1166_4,False,,1013.601074,21
1166_5,False,,1013.601074,21
1167_1,True,,802.7727051,18
1167_2,False,,802.7727051,18
1167_3,False,,802.7727051,18
1167_4,False,,802.7727051,18
1167_5,False,,802.7727051,18
1168_1,True,,659.7180786,12
1168_2,False,,659.7180786,12
1168_3,False,,659.7180786,12
1168_4,False,,659.7180786,12
1169_1,True,,2537.585693,39
1169_2,False,,2537.585693,39
1170_1,True,,258.2655334,9
1170_2,False,,258.2655334,9
1171_1,True,,1034.289795,21
1172_1,True,,963.3539429,31
1172_2,False,,963.3539429,31
1172_3,False,,963.3539429,31
1173_1,True,,777.2303467,18
1173_2,False,,777.2303467,18
1173_3,False,,777.2303467,18
1173_4,False,,777.2303467,18
1174_1,True,,1480.23999,26
1174_2,False,,1480.23999,26
1175_1,True,,963.7158813,31
1175_2,False,,963.7158813,31
1175_3,False,,963.7158813,31
1175_4,False,,963.7158813,31
1175_5,False,,963.7158813,31
1175_6,False,,963.7158813,31
1176_1,True,,1034.289795,21
1176_2,False,,1034.289795,21
1176_3,False,,1034.289795,21
1176_4,False,,1034.289795,21
1177_1,True,,1483.921753,26
1177_2,False,,1483.921753,26
1178_1,True,,1483.921753,26
1178_2,False,,1483.921753,26
1178_3,False,,1483.921753,26
1179_1,True,,691.5112915,25
1179_2,False,,691.5112915,25
1179_3,False,,691.5112915,25
1180_1,True,,659.7180786,41
1180_2,False,,659.7180786,41
1180_3,False,,659.7180786,41
1181_1,True,,659.7180786,25
1181_2,False,,659.7180786,25
1181_3,False,,659.7180786,25
1181_4,False,,659.7180786,25
1182_1,True,,1013.601074,21
1182_2,False,,1013.601074,21
1182_3,False,,1013.601074,21
1182_4,False,,1013.601074,21
1182_5,False,,1013.601074,21
1183_1,True,,659.7180786,41
1183_2,False,,659.7180786,41
1184_1,True,,1483.921753,26
1184_2,False,,1483.921753,26
1184_3,False,,1483.921753,26
1185_1,True,,659.7180786,12
1185_2,False,,659.7180786,12
1185_3,False,,659.7180786,12
1186_1,True,,2808.141113,39
1186_2,False,,2808.141113,39
1187_1,True,,691.5112915,25
1187_2,False,,691.5112915,25
1187_3,False,,691.5112915,25
1187_4,False,,691.5112915,25
1188_1,True,,691.5112915,45
1189_1,True,,691.5112915,41
1189_2,False,,691.5112915,41
1189_3,False,,691.5112915,41
1190_1,True,,666.6879883,47
1190_2,False,,666.6879883,47
1190_3,False,,666.6879883,47
1190_4,False,,666.6879883,47
1191_1,True,,1483.921753,26
1191_2,False,,1483.921753,26
1191_3,False,,1483.921753,26
1192_1,True,,691.5112915,45
1192_2,False,,691.5112915,45
1193_1,True,,1429.022583,6
1193_2,False,,1429.022583,6
1193_3,False,,1429.022583,6
1194_1,True,,802.7727051,18
1194_2,False,,802.7727051,18
1195_1,True,,691.5112915,41
1195_2,False,,691.5112915,41
1196_1,True,,963.3539429,31
1196_2,False,,963.3539429,31
1196_3,False,,963.3539429,31
1196_4,False,,963.3539429,31
1196_5,False,,963.3539429,31
1197_1,True,,659.7180786,45
1197_2,False,,659.7180786,45
1197_3,False,,659.7180786,45
1197_4,False,,659.7180786,45
1197_5,False,,659.7180786,45
1198_1,True,,666.6879883,44
1199_1,True,,666.6879883,33
1199_2,False,,666.6879883,33
1200_1,True,,963.3539429,31
1200_2,False,,963.3539429,31
1201_1,True,,691.5112915,12
1201_2,False,,691.5112915,12
1201_3,False,,691.5112915,12
1202_1,True,,666.6879883,38
1202_2,False,,666.6879883,38
1202_3,False,,666.6879883,38
1203_1,True,,962.1404419,46
1204_1,True,,802.7727051,18
1205_1,True,,666.6879883,47
1205_2,False,,666.6879883,47
1205_3,False,,666.6879883,47
1205_4,False,,666.6879883,47
1206_1,True,,659.7180786,25
1206_2,False,,659.7180786,25
1207_1,True,,1015.954529,46
1207_2,False,,1015.954529,46
1207_3,False,,1015.954529,46
1207_4,False,,1015.954529,46
1208_1,True,,962.1404419,46
1208_2,False,,962.1404419,46
1208_3,False,,962.1404419,46
1208_4,False,,962.1404419,46
1209_1,True,,659.7180786,45
1209_2,False,,659.7180786,45
1209_3,False,,659.7180786,45
1210_1,True,,691.5112915,10
1210_2,False,,691.5112915,10
1210_3,False,,691.5112915,10
1211_1,True,,273.0114441,9
1211_2,False,,273.0114441,9
1211_3,False,,273.0114441,9
1212_1,True,,675.8522949,48
1212_2,False,,675.8522949,48
1212_3,False,,675.8522949,48
1213_1,True,,2808.141113,39
1213_2,False,,2808.141113,39
1213_3,False,,2808.141113,39
1213_4,False,,2808.141113,39
1214_1,True,,1034.289795,21
1214_2,False,,1034.289795,21
1214_3,False,,1034.289795,21
1214_4,False,,1034.289795,21
1214_5,False,,1034.289795,21
1214_6,False,,1034.289795,21
1215_1,True,,1013.601074,21
1215_2,False,,1013.601074,21
1215_3,False,,1013.601074,21
1215_4,False,,1013.601074,21
1216_1,True,,679.5336914,48
1216_2,False,,679.5336914,48
1217_1,True,,666.6879883,33
1217_2,False,,666.6879883,33
1217_3,False,,666.6879883,33
1218_1,True,,1407.310669,6
1218_2,False,,1407.310669,6
1218_3,False,,1407.310669,6
1218_4,False,,1407.310669,6
1219_1,True,,679.5336914,48
1219_2,False,,679.5336914,48
1219_3,False,,679.5336914,48
1219_4,False,,679.5336914,48
1219_5,False,,679.5336914,48
1220_1,True,,659.7180786,12
1220_2,False,,659.7180786,12
1221_1,True,,963.7158813,31
1221_2,False,,963.7158813,31
1221_3,False,,963.7158813,31
1221_4,False,,963.7158813,31
1222_1,True,,1034.289795,21
1222_2,False,,1034.289795,21
1222_3,False,,1034.289795,21
1222_4,False,,1034.289795,21
1222_5,False,,1034.289795,21
1222_6,False,,1034.289795,21
1222_7,False,,1034.289795,21
1223_1,True,,1429.022583,6
1224_1,True,,777.2303467,18
1224_2,False,,777.2303467,18
1224_3,False,,777.2303467,18
1225_1,True,,659.7180786,12
1225_2,False,,659.7180786,12
1225_3,False,,659.7180786,12
1226_1,True,,2808.141113,39
1226_2,False,,2808.141113,39
1227_1,True,,963.7158813,31
1227_2,False,,963.7158813,31
1227_3,False,,963.7158813,31
1227_4,False,,963.7158813,31
1228_1,True,,106.0568237,49
1228_2,False,,106.0568237,49
1228_3,False,,106.0568237,49
1228_4,False,,106.0568237,49
1228_5,False,,106.0568237,49
1229_1,True,,2808.141113,39
1229_2,False,,2808.141113,39
1230_1,True,,1015.954529,46
1230_2,False,,1015.954529,46
1231_1,True,,777.2303467,18
1231_2,False,,777.2303467,18
1231_3,False,,777.2303467,18
1231_4,False,,777.2303467,18
1231_5,False,,777.2303467,18
1232_1,True,,1407.310669,6
1232_2,False,,1407.310669,6
1232_3,False,,1407.310669,6
1232_4,False,,1407.310669,6
1232_5,False,,1407.310669,6
1232_6,False,,1407.310669,6
1232_7,False,,1407.310669,6
1233_1,True,,666.6879883,38
1233_2,False,,666.6879883,38
1234_1,True,,963.7158813,31
1234_2,False,,963.7158813,31
1234_3,False,,963.7158813,31
1234_4,False,,963.7158813,31
1234_5,False,,963.7158813,31
1234_6,False,,963.7158813,31
1234_7,False,,963.7158813,31
1235_1,True,,666.6879883,44
1236_1,True,,659.7180786,12
1236_2,False,,659.7180786,12
1236_3,False,,659.7180786,12
1237_1,True,,1015.954529,46
1237_2,False,,1015.954529,46
1237_3,False,,1015.954529,46
1238_1,True,,963.3539429,31
1238_2,False,,963.3539429,31
1238_3,False,,963.3539429,31
1238_4,False,,963.3539429,31
1238_5,False,,963.3539429,31
1239_1,True,,1407.310669,6
1239_2,False,,1407.310669,6
1239_3,False,,1407.310669,6
1239_4,False,,1407.310669,6
1240_1,True,,666.6879883,1
1240_2,False,,666.6879883,1
1240_3,False,,666.6879883,1
1241_1,True,,2808.141113,39
1241_2,False,,2808.141113,39
1241_3,False,,2808.141113,39
1241_4,False,,2808.141113,39
1241_5,False,,2808.141113,39
1242_1,True,,2537.585693,39
1243_1,True,,679.5336914,48
1243_2,False,,679.5336914,48
1243_3,False,,679.5336914,48
1243_4,False,,679.5336914,48
1244_1,True,,1429.022583,6
1244_2,False,,1429.022583,6
1245_1,True,,679.5336914,48
1245_2,False,,679.5336914,48
1245_3,False,,679.5336914,48
1246_1,True,,802.7727051,18
1246_2,False,,802.7727051,18
1247_1,True,,675.8522949,48
1248_1,True,,1407.310669,6
1248_2,False,,1407.310669,6
1248_3,False,,1407.310669,6
1249_1,True,,2537.585693,39
1249_2,False,,2537.585693,39
1249_3,False,,2537.585693,39
1250_1,True,,301.1954041,19
1250_2,False,,301.1954041,19
1250_3,False,,301.1954041,19
1251_1,True,,675.8522949,48
1251_2,False,,675.8522949,48
1252_1,True,,1483.921753,26
1252_2,False,,1483.921753,26
1252_3,False,,1483.921753,26
1252_4,False,,1483.921753,26
1253_1,True,,1407.310669,6
1253_2,False,,1407.310669,6
1253_3,False,,1407.310669,6
1253_4,False,,1407.310669,6
1254_1,True,,273.0114441,9
1254_2,False,,273.0114441,9
1255_1,True,,1407.310669,6
1255_2,False,,1407.310669,6
1255_3,False,,1407.310669,6
1256_1,True,,777.2303467,18
1257_1,True,,1483.921753,26
1257_2,False,,1483.921753,26
1258_1,True,,1013.601074,21
1258_2,False,,1013.601074,21
1258_3,False,,1013.601074,21
1259_1,True,,1013.601074,21
1259_2,False,,1013.601074,21
1260_1,True,,1013.601074,21
1260_2,False,,1013.601074,21
1260_3,False,,1013.601074,21
1260_4,False,,1013.601074,21
1261_1,True,,2537.585693,39
1262_1,True,,691.5112915,45
1262_2,False,,691.5112915,45
1262_3,False,,691.5112915,45
1263_1,True,,1407.310669,6
1263_2,False,,1407.310669,6
1263_3,False,,1407.310669,6
1264_1,True,,2537.585693,39
1264_2,False,,2537.585693,39
1264_3,False,,2537.585693,39
1265_1,True,,679.5336914,48
1265_2,False,,679.5336914,48
1265_3,False,,679.5336914,48
1265_4,False,,679.5336914,48
1265_5,False,,679.5336914,48
1265_6,False,,679.5336914,48
1265_7,False,,679.5336914,48
1265_8,False,,679.5336914,48
1265_9,False,,679.5336914,48
1265_10,False,,679.5336914,48
1266_1,True,,1483.921753,26
1266_2,False,,1483.921753,26
1266_3,False,,1483.921753,26
1266_4,False,,1483.921753,26
1267_1,True,,963.3539429,31
1267_2,False,,963.3539429,31
1267_3,False,,963.3539429,31
1267_4,False,,963.3539429,31
1268_1,True,,679.5336914,48
1268_2,False,,679.5336914,48
1268_3,False,,679.5336914,48
1269_1,True,,1480.23999,26
1269_2,False,,1480.23999,26
1269_3,False,,1480.23999,26
1269_4,False,,1480.23999,26
1269_5,False,,1480.23999,26
1269_6,False,,1480.23999,26
1269_7,False,,1480.23999,26
1270_1,True,,691.5112915,45
1270_2,False,,691.5112915,45
1270_3,False,,691.5112915,45
1270_4,False,,691.5112915,45
1270_5,False,,691.5112915,45
1270_6,False,,691.5112915,45
1271_1,True,,1034.289795,21
1271_2,False,,1034.289795,21
1271_3,False,,1034.289795,21
1272_1,True,,1407.310669,6
1272_2,False,,1407.310669,6
1272_3,False,,1407.310669,6
1272_4,False,,1407.310669,6
1273_1,True,,1015.954529,46
1273_2,False,,1015.954529,46
1273_3,False,,1015.954529,46
1273_4,False,,1015.954529,46
1274_1,True,,1034.289795,21
1274_2,False,,1034.289795,21
1274_3,False,,1034.289795,21
1274_4,False,,1034.289795,21
1275_1,True,,962.1404419,46
1276_1,True,,802.7727051,18
1276_2,False,,802.7727051,18
1276_3,False,,802.7727051,18
1277_1,True,,1013.601074,21
1277_2,False,,1013.601074,21
1277_3,False,,1013.601074,21
1277_4,False,,1013.601074,21
1278_1,True,,679.5336914,48
1278_2,False,,679.5336914,48
1278_3,False,,679.5336914,48
1279_1,True,,337.8926697,19
1279_2,False,,337.8926697,19
1279_3,False,,337.8926697,19
1279_4,False,,337.8926697,19
1280_1,True,,1429.022583,6
1280_2,False,,1429.022583,6
1280_3,False,,1429.022583,6
1281_1,True,,1480.23999,26
1281_2,False,,1480.23999,26
1281_3,False,,1480.23999,26
1282_1,True,,675.8522949,48
1282_2,False,,675.8522949,48
1282_3,False,,675.8522949,48
1283_1,True,,663.3157959,33
1283_2,False,,663.3157959,33
1284_1,True,,691.5112915,12
1284_2,False,,691.5112915,12
1284_3,False,,691.5112915,12
1285_1,True,,663.3157959,33
1285_2,False,,663.3157959,33
1285_3,False,,663.3157959,33
1285_4,False,,663.3157959,33
1285_5,False,,663.3157959,33
1285_6,False,,663.3157959,33
1286_1,True,,106.0568237,49
1286_2,False,,106.0568237,49
1286_3,False,,106.0568237,49
1287_1,True,,663.3157959,44
1287_2,False,,663.3157959,44
1287_3,False,,663.3157959,44
1287_4,False,,663.3157959,44
1288_1,True,,110.7352905,49
1288_2,False,,110.7352905,49
1288_3,False,,110.7352905,49
1288_4,False,,110.7352905,49
1289_1,True,,273.0114441,9
1289_2,False,,273.0114441,9
1289_3,False,,273.0114441,9
1289_4,False,,273.0114441,9
1290_1,True,,963.3539429,31
1290_2,False,,963.3539429,31
1291_1,True,,663.3157959,14
1291_2,False,,663.3157959,14
1291_3,False,,663.3157959,14
1292_1,True,,663.3157959,4
1292_2,False,,663.3157959,4
1292_3,False,,663.3157959,4
1293_1,True,,691.5112915,45
1293_2,False,,691.5112915,45
1294_1,True,,301.1954041,19
1295_1,True,,963.3539429,31
1295_2,False,,963.3539429,31
1295_3,False,,963.3539429,31
1295_4,False,,963.3539429,31
1296_1,True,,273.0114441,9
1296_2,False,,273.0114441,9
1296_3,False,,273.0114441,9
1296_4,False,,273.0114441,9
1297_1,True,,273.0114441,9
1297_2,False,,273.0114441,9
1297_3,False,,273.0114441,9
1297_4,False,,273.0114441,9
1298_1,True,,663.3157959,47
1298_2,False,,663.3157959,47
1298_3,False,,663.3157959,47
1299_1,True,,1480.23999,26
1299_2,False,,1480.23999,26
1300_1,True,,663.3157959,33
1300_2,False,,663.3157959,33
1300_3,False,,663.3157959,33
1300_4,False,,663.3157959,33
1301_1,True,,962.1404419,46
1301_2,False,,962.1404419,46
1301_3,False,,962.1404419,46
1302_1,True,,962.1404419,46
1303_1,True,,963.3539429,31
1303_2,False,,963.3539429,31
1303_3,False,,963.3539429,31
1303_4,False,,963.3539429,31
1304_1,True,,663.3157959,17
1304_2,False,,663.3157959,17
1304_3,False,,663.3157959,17
1304_4,False,,663.3157959,17
1305_1,True,,675.8522949,48
1305_2,False,,675.8522949,48
1305_3,False,,675.8522949,48
1306_1,True,,691.5112915,10
1306_2,False,,691.5112915,10
1306_3,False,,691.5112915,10
1306_4,False,,691.5112915,10
1307_1,True,,273.0114441,9
1307_2,False,,273.0114441,9
1308_1,True,,110.7352905,49
1308_2,False,,110.7352905,49
1309_1,True,,963.3539429,31
1309_2,False,,963.3539429,31
1309_3,False,,963.3539429,31
1310_1,True,,2537.585693,39
1310_2,False,,2537.585693,39
1310_3,False,,2537.585693,39
1310_4,False,,2537.585693,39
1311_1,True,,802.7727051,18
1311_2,False,,802.7727051,18
1311_3,False,,802.7727051,18
1312_1,True,,2537.585693,39
1312_2,False,,2537.585693,39
1312_3,False,,2537.585693,39
1313_1,True,,691.5112915,45
1313_2,False,,691.5112915,45
1313_3,False,,691.5112915,45
1314_1,True,,1480.23999,26
1314_2,False,,1480.23999,26
1314_3,False,,1480.23999,26
1315_1,True,,273.0114441,9
1315_2,False,,273.0114441,9
1316_1,True,,675.8522949,48
1316_2,False,,675.8522949,48
1316_3,False,,675.8522949,48
1316_4,False,,675.8522949,48
1317_1,True,,1034.289795,21
1317_2,False,,1034.289795,21
1318_1,True,,691.5112915,12
1318_2,False,,691.5112915,12
1318_3,False,,691.5112915,12
1318_4,False,,691.5112915,12
1319_1,True,,691.5112915,45
1319_2,False,,691.5112915,45
1319_3,False,,691.5112915,45
1319_4,False,,691.5112915,45
1319_5,False,,691.5112915,45
1319_6,False,,691.5112915,45
1320_1,True,,1429.022583,6
1320_2,False,,1429.022583,6
1320_3,False,,1429.022583,6
1320_4,False,,1429.022583,6
1321_1,True,,273.0114441,9
1321_2,False,,273.0114441,9
1322_1,True,,691.5112915,25
1322_2,False,,691.5112915,25
1322_3,False,,691.5112915,25
1322_4,False,,691.5112915,25
1322_5,False,,691.5112915,25
1323_1,True,,2537.585693,39
1323_2,False,,2537.585693,39
1323_3,False,,2537.585693,39
1324_1,True,,802.7727051,18
1324_2,False,,802.7727051,18
1324_3,False,,802.7727051,18
1324_4,False,,802.7727051,18
1325_1,True,,2537.585693,39
1325_2,False,,2537.585693,39
1325_3,False,,2537.585693,39
1326_1,True,,273.0114441,9
1326_2,False,,273.0114441,9
1327_1,True,,1034.289795,21
1327_2,False,,1034.289795,21
1327_3,False,,1034.289795,21
1327_4,False,,1034.289795,21
1328_1,True,,663.3157959,38
1329_1,True,,691.5112915,41
1329_2,False,,691.5112915,41
1330_1,True,,679.5336914,48
1330_2,False,,679.5336914,48
1330_3,False,,679.5336914,48
1331_1,True,,963.3539429,31
1332_1,True,,663.3157959,38
1332_2,False,,663.3157959,38
1332_3,False,,663.3157959,38
1333_1,True,,1429.022583,6
1333_2,False,,1429.022583,6
1334_1,True,,802.7727051,18
1334_2,False,,802.7727051,18
1334_3,False,,802.7727051,18
1334_4,False,,802.7727051,18
1335_1,True,,691.5112915,41
1335_2,False,,691.5112915,41
1335_3,False,,691.5112915,41
1336_1,True,,663.3157959,28
1336_2,False,,663.3157959,28
1336_3,False,,663.3157959,28
1336_4,False,,663.3157959,28
1337_1,True,,258.2655334,9
1337_2,False,,258.2655334,9
1337_3,False,,258.2655334,9
1338_1,True,,1034.289795,21
1338_2,False,,1034.289795,21
1338_3,False,,1034.289795,21
1339_1,True,,963.3539429,31
1340_1,True,,1034.289795,21
1340_2,False,,1034.289795,21
1340_3,False,,1034.289795,21
1340_4,False,,1034.289795,21
1341_1,True,,106.0568237,49
1341_2,False,,106.0568237,49
1342_1,True,,777.2303467,18
1342_2,False,,777.2303467,18
1342_3,False,,777.2303467,18
1343_1,True,,802.7727051,18
1343_2,False,,802.7727051,18
1343_3,False,,802.7727051,18
1343_4,False,,802.7727051,18
1344_1,True,,777.2303467,18
1344_2,False,,777.2303467,18
1344_3,False,,777.2303467,18
1344_4,False,,777.2303467,18
1345_1,True,,663.3157959,33
1345_2,False,,663.3157959,33
1346_1,True,,663.3157959,33
1346_2,False,,663.3157959,33
1346_3,False,,663.3157959,33
1347_1,True,,1407.310669,6
1347_2,False,,1407.310669,6
1347_3,False,,1407.310669,6
1347_4,False,,1407.310669,6
1347_5,False,,1407.310669,6
1348_1,True,,691.5112915,12
1348_2,False,,691.5112915,12
1349_1,True,,1034.289795,21
1349_2,False,,1034.289795,21
1349_3,False,,1034.289795,21
1349_4,False,,1034.289795,21
1350_1,True,,675.8522949,48
1350_2,False,,675.8522949,48
1350_3,False,,675.8522949,48
1351_1,True,,666.6879883,29
1351_2,False,,666.6879883,29
1351_3,False,,666.6879883,29
1352_1,True,,691.5112915,12
1352_2,False,,691.5112915,12
1352_3,False,,691.5112915,12
1353_1,True,,110.7352905,49
1353_2,False,,110.7352905,49
1353_3,False,,110.7352905,49
1353_4,False,,110.7352905,49
1353_5,False,,110.7352905,49
1354_1,True,,663.3157959,33
1354_2,False,,663.3157959,33
1354_3,False,,663.3157959,33
1355_1,True,,1429.022583,6
1355_2,False,,1429.022583,6
1355_3,False,,1429.022583,6
1356_1,True,,963.3539429,31
1356_2,False,,963.3539429,31
1356_3,False,,963.3539429,31
1356_4,False,,963.3539429,31
1357_1,True,,963.3539429,31
1357_2,False,,963.3539429,31
1357_3,False,,963.3539429,31
1358_1,True,,802.7727051,18
1358_2,False,,802.7727051,18
1358_3,False,,802.7727051,18
1358_4,False,,802.7727051,18
1359_1,True,,963.3539429,31
1359_2,False,,963.3539429,31
1359_3,False,,963.3539429,31
1359_4,False,,963.3539429,31
1360_1,True,,691.5112915,41
1360_2,False,,691.5112915,41
1361_1,True,,675.8522949,48
1362_1,True,,666.6879883,14
1362_2,False,,666.6879883,14
1362_3,False,,666.6879883,14
1363_1,True,,663.3157959,38
1363_2,False,,663.3157959,38
1363_3,False,,663.3157959,38
1364_1,True,,666.6879883,44
1364_2,False,,666.6879883,44
1364_3,False,,666.6879883,44
1364_4,False,,666.6879883,44
1365_1,True,,691.5112915,45
1365_2,False,,691.5112915,45
1366_1,True,,691.5112915,12
1366_2,False,,691.5112915,12
1366_3,False,,691.5112915,12
1366_4,False,,691.5112915,12
1367_1,True,,963.3539429,31
1367_2,False,,963.3539429,31
1368_1,True,,1034.289795,21
1368_2,False,,1034.289795,21
1368_3,False,,1034.289795,21
1368_4,False,,1034.289795,21
1369_1,True,,802.7727051,18
1369_2,False,,802.7727051,18
1369_3,False,,802.7727051,18
1369_4,False,,802.7727051,18
1370_1,True,,663.3157959,33
1370_2,False,,663.3157959,33
1371_1,True,,963.3539429,31
1371_2,False,,963.3539429,31
1371_3,False,,963.3539429,31
1371_4,False,,963.3539429,31
1372_1,True,,666.6879883,33
1372_2,False,,666.6879883,33
1372_3,False,,666.6879883,33
1372_4,False,,666.6879883,33
1373_1,True,,1429.022583,6
1374_1,True,,963.3539429,31
1374_2,False,,963.3539429,31
1374_3,False,,963.3539429,31
1374_4,False,,963.3539429,31
1375_1,True,,663.3157959,44
1375_2,False,,663.3157959,44
1376_1,True,,1480.23999,26
1376_2,False,,1480.23999,26
1377_1,True,,962.1404419,46
1377_2,False,,962.1404419,46
1377_3,False,,962.1404419,46
1378_1,True,,691.5112915,10
1378_2,False,,691.5112915,10
1378_3,False,,691.5112915,10
1379_1,True,,2537.585693,39
1379_2,False,,2537.585693,39
1379_3,False,,2537.585693,39
1379_4,False,,2537.585693,39
1379_5,False,,2537.585693,39
1379_6,False,,2537.585693,39
1379_7,False,,2537.585693,39
1380_1,True,,110.7352905,49
1380_2,False,,110.7352905,49
1381_1,True,,663.3157959,5
1381_2,False,,663.3157959,5
1382_1,True,,110.7352905,49
1383_1,True,,802.7727051,18
1383_2,False,,802.7727051,18
1383_3,False,,802.7727051,18
1384_1,True,,963.3539429,31
1385_1,True,,273.0114441,9
1385_2,False,,273.0114441,9
1385_3,False,,273.0114441,9
1385_4,False,,273.0114441,9
1386_1,True,,663.3157959,35
1387_1,True,,802.7727051,18
1387_2,False,,802.7727051,18
1388_1,True,,663.3157959,27
1389_1,True,,273.0114441,9
1389_2,False,,273.0114441,9
1389_3,False,,273.0114441,9
1389_4,False,,273.0114441,9
1389_5,False,,273.0114441,9
1390_1,True,,663.3157959,38
1391_1,True,,273.0114441,9
1391_2,False,,273.0114441,9
1391_3,False,,273.0114441,9
1391_4,False,,273.0114441,9
1392_1,True,,663.3157959,4
1393_1,True,,273.0114441,9
1393_2,False,,273.0114441,9
1393_3,False,,273.0114441,9
1394_1,True,,691.5112915,45
1394_2,False,,691.5112915,45
1394_3,False,,691.5112915,45
1395_1,True,,962.1404419,46
1395_2,False,,962.1404419,46
1396_1,True,,675.8522949,48
1396_2,False,,675.8522949,48
1396_3,False,,675.8522949,48
1396_4,False,,675.8522949,48
1397_1,True,,675.8522949,48
1397_2,False,,675.8522949,48
1397_3,False,,675.8522949,48
1397_4,False,,675.8522949,48
1398_1,True,,691.5112915,41
1399_1,True,,659.7180786,10
1399_2,False,,659.7180786,10
1399_3,False,,659.7180786,10
1400_1,True,,1480.23999,26
1400_2,False,,1480.23999,26
1400_3,False,,1480.23999,26
1401_1,True,,663.3157959,44
1401_2,False,,663.3157959,44
1401_3,False,,663.3157959,44
1402_1,True,,2537.585693,39
1403_1,True,,1429.022583,6
1403_2,False,,1429.022583,6
1403_3,False,,1429.022583,6
1403_4,False,,1429.022583,6
1404_1,True,,1480.23999,26
1404_2,False,,1480.23999,26
1404_3,False,,1480.23999,26
1405_1,True,,663.3157959,7
1405_2,False,,663.3157959,7
1405_3,False,,663.3157959,7
1405_4,False,,663.3157959,7
1406_1,True,,663.3157959,29
1406_2,False,,663.3157959,29
1406_3,False,,663.3157959,29
1407_1,True,,2808.141113,39
1407_2,False,,2808.141113,39
1408_1,True,,1034.289795,21
1408_2,False,,1034.289795,21
1408_3,False,,1034.289795,21
1409_1,True,,2808.141113,39
1409_2,False,,2808.141113,39
1409_3,False,,2808.141113,39
1409_4,False,,2808.141113,39
1410_1,True,,2537.585693,39
1410_2,False,,2537.585693,39
1410_3,False,,2537.585693,39
1411_1,True,,2537.585693,39
1411_2,False,,2537.585693,39
1411_3,False,,2537.585693,39
1412_1,True,,1015.954529,46
1412_2,False,,1015.954529,46
1412_3,False,,1015.954529,46
1413_1,True,,2537.585693,39
1413_2,False,,2537.585693,39
1414_1,True,,962.1404419,46
1414_2,False,,962.1404419,46
1414_3,False,,962.1404419,46
1415_1,True,,2808.141113,39
1415_2,False,,2808.141113,39
1415_3,False,,2808.141113,39
1416_1,True,,1480.23999,26
1416_2,False,,1480.23999,26
1416_3,False,,1480.23999,26
1417_1,True,,675.8522949,48
1417_2,False,,675.8522949,48
1417_3,False,,675.8522949,48
1418_1,True,,1015.954529,46
1418_2,False,,1015.954529,46
1419_1,True,,1480.23999,26
1419_2,False,,1480.23999,26
1419_3,False,,1480.23999,26
1420_1,True,,106.0568237,49
1420_2,False,,106.0568237,49
1421_1,True,,691.5112915,41
1421_2,False,,691.5112915,41
1421_3,False,,691.5112915,41
1421_4,False,,691.5112915,41
1422_1,True,,1483.921753,26
1422_2,False,,1483.921753,26
1422_3,False,,1483.921753,26
1422_4,False,,1483.921753,26
1422_5,False,,1483.921753,26
1423_1,True,,1480.23999,26
1423_2,False,,1480.23999,26
1424_1,True,,666.6879883,38
1424_2,False,,666.6879883,38
1424_3,False,,666.6879883,38
1424_4,False,,666.6879883,38
1425_1,True,,663.3157959,44
1425_2,False,,663.3157959,44
1426_1,True,,2537.585693,39
1426_2,False,,2537.585693,39
1426_3,False,,2537.585693,39
1426_4,False,,2537.585693,39
1427_1,True,,1483.921753,26
1427_2,False,,1483.921753,26
1428_1,True,,802.7727051,18
1428_2,False,,802.7727051,18
1429_1,True,,963.3539429,31
1429_2,False,,963.3539429,31
1429_3,False,,963.3539429,31
1430_1,True,,1480.23999,26
1430_2,False,,1480.23999,26
1431_1,True,,1034.289795,21
1431_2,False,,1034.289795,21
1432_1,True,,301.1954041,19
1432_2,False,,301.1954041,19
1432_3,False,,301.1954041,19
1433_1,True,,963.3539429,31
1433_2,False,,963.3539429,31
1434_1,True,,1480.23999,26
1434_2,False,,1480.23999,26
1435_1,True,,962.1404419,46
1435_2,False,,962.1404419,46
1435_3,False,,962.1404419,46
1436_1,True,,1480.23999,26
1436_2,False,,1480.23999,26
1436_3,False,,1480.23999,26
1436_4,False,,1480.23999,26
1437_1,True,,663.3157959,33
1437_2,False,,663.3157959,33
1437_3,False,,663.3157959,33
1438_1,True,,675.8522949,48
1438_2,False,,675.8522949,48
1438_3,False,,675.8522949,48
1438_4,False,,675.8522949,48
1439_1,True,,691.5112915,12
1439_2,False,,691.5112915,12
1439_3,False,,691.5112915,12
1439_4,False,,691.5112915,12
1440_1,True,,802.7727051,18
1440_2,False,,802.7727051,18
1440_3,False,,802.7727051,18
1441_1,True,,963.3539429,31
1441_2,False,,963.3539429,31
1441_3,False,,963.3539429,31
1441_4,False,,963.3539429,31
1442_1,True,,963.3539429,31
1442_2,False,,963.3539429,31
1442_3,False,,963.3539429,31
1442_4,False,,963.3539429,31
1443_1,True,,301.1954041,19
1443_2,False,,301.1954041,19
1444_1,True,,659.7180786,12
1444_2,False,,659.7180786,12
1444_3,False,,659.7180786,12
1445_1,True,,2537.585693,39
1445_2,False,,2537.585693,39
1445_3,False,,2537.585693,39
1446_1,True,,963.7158813,31
1446_2,False,,963.7158813,31
1446_3,False,,963.7158813,31
1446_4,False,,963.7158813,31
1446_5,False,,963.7158813,31
1447_1,True,,1015.954529,46
1447_2,False,,1015.954529,46
1448_1,True,,273.0114441,9
1448_2,False,,273.0114441,9
1448_3,False,,273.0114441,9
1448_4,False,,273.0114441,9
1449_1,True,,1483.921753,26
1449_2,False,,1483.921753,26
1449_3,False,,1483.921753,26
1449_4,False,,1483.921753,26
1450_1,True,,258.2655334,9
1450_2,False,,258.2655334,9
1451_1,True,,258.2655334,9
1451_2,False,,258.2655334,9
1451_3,False,,258.2655334,9
1451_4,False,,258.2655334,9
1452_1,True,,1480.23999,26
1453_1,True,,962.1404419,46
1453_2,False,,962.1404419,46
1453_3,False,,962.1404419,46
1454_1,True,,963.3539429,31
1455_1,True,,962.1404419,46
1455_2,False,,962.1404419,46
1456_1,True,,273.0114441,9
1456_2,False,,273.0114441,9
1457_1,True,,663.3157959,44
1457_2,False,,663.3157959,44
1457_3,False,,663.3157959,44
1457_4,False,,663.3157959,44
1458_1,True,,963.3539429,31
1458_2,False,,963.3539429,31
1458_3,False,,963.3539429,31
1458_4,False,,963.3539429,31
1459_1,True,,666.6879883,7
1459_2,False,,666.6879883,7
1460_1,True,,1407.310669,6
1461_1,True,,106.0568237,49
1461_2,False,,106.0568237,49
1461_3,False,,106.0568237,49
1461_4,False,,106.0568237,49
1461_5,False,,106.0568237,49
1461_6,False,,106.0568237,49
1462_1,True,,1015.954529,46
1462_2,False,,1015.954529,46
1463_1,True,,273.0114441,9
1463_2,False,,273.0114441,9
1463_3,False,,273.0114441,9
1463_4,False,,273.0114441,9
1463_5,False,,273.0114441,9
1463_6,False,,273.0114441,9
1464_1,True,,777.2303467,18
1464_2,False,,777.2303467,18
1464_3,False,,777.2303467,18
1464_4,False,,777.2303467,18
1464_5,False,,777.2303467,18
1465_1,True,,663.3157959,47
1465_2,False,,663.3157959,47
1465_3,False,,663.3157959,47
1466_1,True,,802.7727051,18
1467_1,True,,1015.954529,46
1467_2,False,,1015.954529,46
1468_1,True,,963.7158813,31
1468_2,False,,963.7158813,31
1469_1,True,,659.7180786,45
1469_2,False,,659.7180786,45
1469_3,False,,659.7180786,45
1469_4,False,,659.7180786,45
1470_1,True,,337.8926697,19
1470_2,False,,337.8926697,19
1471_1,True,,963.7158813,31
1471_2,False,,963.7158813,31
1472_1,True,,1034.289795,21
1472_2,False,,1034.289795,21
1473_1,True,,663.3157959,24
1473_2,False,,663.3157959,24
1473_3,False,,663.3157959,24
1474_1,True,,258.2655334,9
1474_2,False,,258.2655334,9
1474_3,False,,258.2655334,9
1474_4,False,,258.2655334,9
1475_1,True,,802.7727051,18
1475_2,False,,802.7727051,18
1475_3,False,,802.7727051,18
1476_1,True,,337.8926697,19
1477_1,True,,337.8926697,19
1477_2,False,,337.8926697,19
1477_3,False,,337.8926697,19
1478_1,True,,666.6879883,33
1478_2,False,,666.6879883,33
1479_1,True,,777.2303467,18
1479_2,False,,777.2303467,18
1479_3,False,,777.2303467,18
1479_4,False,,777.2303467,18
1480_1,True,,337.8926697,19
1480_2,False,,337.8926697,19
1480_3,False,,337.8926697,19
1481_1,True,,963.3539429,31
1481_2,False,,963.3539429,31
1481_3,False,,963.3539429,31
1482_1,True,,110.7352905,49
1482_2,False,,110.7352905,49
1483_1,True,,679.5336914,48
1483_2,False,,679.5336914,48
1483_3,False,,679.5336914,48
1483_4,False,,679.5336914,48
1484_1,True,,2808.141113,39
1484_2,False,,2808.141113,39
1485_1,True,,663.3157959,4
1485_2,False,,663.3157959,4
1486_1,True,,110.7352905,49
1486_2,False,,110.7352905,49
1486_3,False,,110.7352905,49
1486_4,False,,110.7352905,49
1486_5,False,,110.7352905,49
1487_1,True,,301.1954041,19
1487_2,False,,301.1954041,19
1487_3,False,,301.1954041,19
1487_4,False,,301.1954041,19
1487_5,False,,301.1954041,19
1488_1,True,,110.7352905,49
1489_1,True,,802.7727051,18
1489_2,False,,802.7727051,18
1489_3,False,,802.7727051,18
1490_1,True,,1015.954529,46
1490_2,False,,1015.954529,46
1491_1,True,,963.3539429,31
1491_2,False,,963.3539429,31
1491_3,False,,963.3539429,31
1492_1,True,,2537.585693,39
1492_2,False,,2537.585693,39
1493_1,True,,675.8522949,48
1493_2,False,,675.8522949,48
1493_3,False,,675.8522949,48
1493_4,False,,675.8522949,48
1494_1,True,,666.6879883,14
1494_2,False,,666.6879883,14
1494_3,False,,666.6879883,14
1494_4,False,,666.6879883,14
1495_1,True,,337.8926697,19
1495_2,False,,337.8926697,19
1496_1,True,,273.0114441,9
1496_2,False,,273.0114441,9
1496_3,False,,273.0114441,9
1497_1,True,,1015.954529,46
1497_2,False,,1015.954529,46
1498_1,True,,1483.921753,26
1498_2,False,,1483.921753,26
1498_3,False,,1483.921753,26
1499_1,True,,962.1404419,46
1499_2,False,,962.1404419,46
1499_3,False,,962.1404419,46
1499_4,False,,962.1404419,46
1500_1,True,,258.2655334,9
1500_2,False,,258.2655334,9
1501_1,True,,963.3539429,31
1501_2,False,,963.3539429,31
1502_1,True,,663.3157959,38
1502_2,False,,663.3157959,38
1503_1,True,,2537.585693,39
1503_2,False,,2537.585693,39
1503_3,False,,2537.585693,39
1503_4,False,,2537.585693,39
1504_1,True,,675.8522949,48
1504_2,False,,675.8522949,48
1505_1,True,,1034.289795,21
1506_1,True,,273.0114441,9
1506_2,False,,273.0114441,9
1506_3,False,,273.0114441,9
1507_1,True,,301.1954041,19
1507_2,False,,301.1954041,19
1507_3,False,,301.1954041,19
1507_4,False,,301.1954041,19
1508_1,True,,963.3539429,31
1508_2,False,,963.3539429,31
1509_1,True,,666.6879883,47
1509_2,False,,666.6879883,47
1510_1,True,,659.7180786,12
1510_2,False,,659.7180786,12
1510_3,False,,659.7180786,12
1511_1,True,,666.6879883,38
1511_2,False,,666.6879883,38
1511_3,False,,666.6879883,38
1512_1,True,,675.8522949,48
1512_2,False,,675.8522949,48
1512_3,False,,675.8522949,48
1513_1,True,,1034.289795,21
1513_2,False,,1034.289795,21
1513_3,False,,1034.289795,21
1513_4,False,,1034.289795,21
1514_1,True,,110.7352905,49
1514_2,False,,110.7352905,49
1514_3,False,,110.7352905,49
1514_4,False,,110.7352905,49
1514_5,False,,110.7352905,49
1514_6,False,,110.7352905,49
1515_1,True,,659.7180786,45
1515_2,False,,659.7180786,45
1515_3,False,,659.7180786,45
1515_4,False,,659.7180786,45
1515_5,False,,659.7180786,45
1516_1,True,,337.8926697,19
1516_2,False,,337.8926697,19
1516_3,False,,337.8926697,19
1516_4,False,,337.8926697,19
1517_1,True,,1013.601074,21
1517_2,False,,1013.601074,21
1517_3,False,,1013.601074,21
1517_4,False,,1013.601074,21
1518_1,True,,1429.022583,6
1518_2,False,,1429.022583,6
1518_3,False,,1429.022583,6
1519_1,True,,659.7180786,41
1519_2,False,,659.7180786,41
1520_1,True,,962.1404419,46
1520_2,False,,962.1404419,46
1520_3,False,,962.1404419,46
1520_4,False,,962.1404419,46
1521_1,True,,2808.141113,39
1521_2,False,,2808.141113,39
1521_3,False,,2808.141113,39
1522_1,True,,666.6879883,4
1522_2,False,,666.6879883,4
1522_3,False,,666.6879883,4
1522_4,False,,666.6879883,4
1523_1,True,,2808.141113,39
1523_2,False,,2808.141113,39
1523_3,False,,2808.141113,39
1524_1,True,,679.5336914,48
1525_1,True,,1034.289795,21
1525_2,False,,1034.289795,21
1525_3,False,,1034.289795,21
1525_4,False,,1034.289795,21
1526_1,True,,1480.23999,26
1526_2,False,,1480.23999,26
1526_3,False,,1480.23999,26
1527_1,True,,258.2655334,9
1527_2,False,,258.2655334,9
1527_3,False,,258.2655334,9
1528_1,True,,337.8926697,19
1528_2,False,,337.8926697,19
1528_3,False,,337.8926697,19
1529_1,True,,1013.601074,21
1529_2,False,,1013.601074,21
1529_3,False,,1013.601074,21
1529_4,False,,1013.601074,21
1530_1,True,,777.2303467,18
1530_2,False,,777.2303467,18
1530_3,False,,777.2303467,18
1531_1,True,,273.0114441,9
1531_2,False,,273.0114441,9
1531_3,False,,273.0114441,9
1531_4,False,,273.0114441,9
1531_5,False,,273.0114441,9
1532_1,True,,1034.289795,21
1532_2,False,,1034.289795,21
1532_3,False,,1034.289795,21
1532_4,False,,1034.289795,21
1533_1,True,,963.3539429,31
1533_2,False,,963.3539429,31
1533_3,False,,963.3539429,31
1533_4,False,,963.3539429,31
1534_1,True,,675.8522949,48
1534_2,False,,675.8522949,48
1534_3,False,,675.8522949,48
1535_1,True,,963.3539429,31
1535_2,False,,963.3539429,31
1536_1,True,,1407.310669,6
1536_2,False,,1407.310669,6
1536_3,False,,1407.310669,6
1537_1,True,,2537.585693,39
1537_2,False,,2537.585693,39
1538_1,True,,663.3157959,33
1538_2,False,,663.3157959,33
1539_1,True,,2808.141113,39
1539_2,False,,2808.141113,39
1539_3,False,,2808.141113,39
1539_4,False,,2808.141113,39
1539_5,False,,2808.141113,39
1539_6,False,,2808.141113,39
1540_1,True,,802.7727051,18
1540_2,False,,802.7727051,18
1540_3,False,,802.7727051,18
1540_4,False,,802.7727051,18
1541_1,True,,691.5112915,25
1541_2,False,,691.5112915,25
1541_3,False,,691.5112915,25
1541_4,False,,691.5112915,25
1541_5,False,,691.5112915,25
1542_1,True,,1429.022583,6
1542_2,False,,1429.022583,6
1542_3,False,,1429.022583,6
1543_1,True,,659.7180786,45
1543_2,False,,659.7180786,45
1543_3,False,,659.7180786,45
1543_4,False,,659.7180786,45
1544_1,True,,110.7352905,49
1544_2,False,,110.7352905,49
1545_1,True,,691.5112915,25
1545_2,False,,691.5112915,25
1545_3,False,,691.5112915,25
1545_4,False,,691.5112915,25
1545_5,False,,691.5112915,25
1545_6,False,,691.5112915,25
1545_7,False,,691.5112915,25
1546_1,True,,110.7352905,49
1546_2,False,,110.7352905,49
1546_3,False,,110.7352905,49
1547_1,True,,106.0568237,49
1547_2,False,,106.0568237,49
1547_3,False,,106.0568237,49
1547_4,False,,106.0568237,49
1548_1,True,,301.1954041,19
1549_1,True,,675.8522949,48
1549_2,False,,675.8522949,48
1549_3,False,,675.8522949,48
1549_4,False,,675.8522949,48
1550_1,True,,666.6879883,20
1550_2,False,,666.6879883,20
1550_3,False,,666.6879883,20
1550_4,False,,666.6879883,20
1551_1,True,,1429.022583,6
1551_2,False,,1429.022583,6
1552_1,True,,106.0568237,49
1552_2,False,,106.0568237,49
1553_1,True,,2537.585693,39
1553_2,False,,2537.585693,39
1553_3,False,,2537.585693,39
1554_1,True,,258.2655334,9
1554_2,False,,258.2655334,9
1554_3,False,,258.2655334,9
1554_4,False,,258.2655334,9
1555_1,True,,1034.289795,21
1555_2,False,,1034.289795,21
1555_3,False,,1034.289795,21
1555_4,False,,1034.289795,21
1555_5,False,,1034.289795,21
1556_1,True,,2537.585693,39
1556_2,False,,2537.585693,39
1557_1,True,,110.7352905,49
1557_2,False,,110.7352905,49
1557_3,False,,110.7352905,49
1557_4,False,,110.7352905,49
1558_1,True,,1015.954529,46
1558_2,False,,1015.954529,46
1558_3,False,,1015.954529,46
1559_1,True,,679.5336914,48
1559_2,False,,679.5336914,48
1559_3,False,,679.5336914,48
1559_4,False,,679.5336914,48
1559_5,False,,679.5336914,48
1560_1,True,,1429.022583,6
1560_2,False,,1429.022583,6
1561_1,True,,675.8522949,48
1561_2,False,,675.8522949,48
1561_3,False,,675.8522949,48
1561_4,False,,675.8522949,48
1562_1,True,,1429.022583,6
1562_2,False,,1429.022583,6
1562_3,False,,1429.022583,6
1562_4,False,,1429.022583,6
1563_1,True,,962.1404419,46
1564_1,True,,963.7158813,31
1564_2,False,,963.7158813,31
1564_3,False,,963.7158813,31
1565_1,True,,1013.601074,21
1565_2,False,,1013.601074,21
1565_3,False,,1013.601074,21
1566_1,True,,963.3539429,31
1566_2,False,,963.3539429,31
1567_1,True,,1013.601074,21
1567_2,False,,1013.601074,21
1568_1,True,,963.3539429,31
1568_2,False,,963.3539429,31
1568_3,False,,963.3539429,31
1569_1,True,,663.3157959,33
1569_2,False,,663.3157959,33
1569_3,False,,663.3157959,33
1569_4,False,,663.3157959,33
1570_1,True,,802.7727051,18
1570_2,False,,802.7727051,18
1570_3,False,,802.7727051,18
1570_4,False,,802.7727051,18
1570_5,False,,802.7727051,18
1570_6,False,,802.7727051,18
1571_1,True,,1429.022583,6
1571_2,False,,1429.022583,6
1572_1,True,,962.1404419,46
1572_2,False,,962.1404419,46
1572_3,False,,962.1404419,46
1572_4,False,,962.1404419,46
1573_1,True,,663.3157959,24
1573_2,False,,663.3157959,24
1573_3,False,,663.3157959,24
1574_1,True,,802.7727051,18
1574_2,False,,802.7727051,18
1575_1,True,,301.1954041,19
1575_2,False,,301.1954041,19
1576_1,True,,2808.141113,39
1577_1,True,,663.3157959,4
1578_1,True,,1483.921753,26
1578_2,False,,1483.921753,26
1578_3,False,,1483.921753,26
1579_1,True,,675.8522949,48
1580_1,True,,1483.921753,26
1580_2,False,,1483.921753,26
1580_3,False,,1483.921753,26
1581_1,True,,273.0114441,9
1581_2,False,,273.0114441,9
1581_3,False,,273.0114441,9
1582_1,True,,963.7158813,31
1582_2,False,,963.7158813,31
1583_1,True,,1429.022583,6
1584_1,True,,1015.954529,46
1584_2,False,,1015.954529,46
1584_3,False,,1015.954529,46
1585_1,True,,1034.289795,21
1585_2,False,,1034.289795,21
1585_3,False,,1034.289795,21
1585_4,False,,1034.289795,21
1586_1,True,,1429.022583,6
1586_2,False,,1429.022583,6
1586_3,False,,1429.022583,6
1586_4,False,,1429.022583,6
1587_1,True,,110.7352905,49
1587_2,False,,110.7352905,49
1587_3,False,,110.7352905,49
1587_4,False,,110.7352905,49
1588_1,True,,2808.141113,39
1588_2,False,,2808.141113,39
1588_3,False,,2808.141113,39
1588_4,False,,2808.141113,39
1588_5,False,,2808.141113,39
1589_1,True,,1013.601074,21
1589_2,False,,1013.601074,21
1590_1,True,,2537.585693,39
1590_2,False,,2537.585693,39
1590_3,False,,2537.585693,39
1590_4,False,,2537.585693,39
1591_1,True,,110.7352905,49
1592_1,True,,1429.022583,6
1592_2,False,,1429.022583,6
1592_3,False,,1429.022583,6
1592_4,False,,1429.022583,6
1593_1,True,,1483.921753,26
1593_2,False,,1483.921753,26
1593_3,False,,1483.921753,26
1594_1,True,,663.3157959,38
1594_2,False,,663.3157959,38
1595_1,True,,963.3539429,31
1595_2,False,,963.3539429,31
1595_3,False,,963.3539429,31
1596_1,True,,777.2303467,18
1596_2,False,,777.2303467,18
1596_3,False,,777.2303467,18
1596_4,False,,777.2303467,18
1596_5,False,,777.2303467,18
1597_1,True,,962.1404419,46
1597_2,False,,962.1404419,46
1597_3,False,,962.1404419,46
1597_4,False,,962.1404419,46
1597_5,False,,962.1404419,46
1598_1,True,,301.1954041,19
1598_2,False,,301.1954041,19
1598_3,False,,301.1954041,19
1598_4,False,,301.1954041,19
1598_5,False,,301.1954041,19
1599_1,True,,337.8926697,19
1599_2,False,,337.8926697,19
1600_1,True,,110.7352905,49
1600_2,False,,110.7352905,49
1601_1,True,,110.7352905,49
1601_2,False,,110.7352905,49
1602_1,True,,110.7352905,49
1603_1,True,,110.7352905,49
1603_2,False,,110.7352905,49
1604_1,True,,691.5112915,12
1604_2,False,,691.5112915,12
1604_3,False,,691.5112915,12
1605_1,True,,1483.921753,26
1605_2,False,,1483.921753,26
1606_1,True,,110.7352905,49
1606_2,False,,110.7352905,49
1606_3,False,,110.7352905,49
1606_4,False,,110.7352905,49
1606_5,False,,110.7352905,49
1607_1,True,,963.3539429,31
1608_1,True,,963.7158813,31
1608_2,False,,963.7158813,31
1608_3,False,,963.7158813,31
1609_1,True,,679.5336914,48
1609_2,False,,679.5336914,48
1609_3,False,,679.5336914,48
1609_4,False,,679.5336914,48
1609_5,False,,679.5336914,48
1610_1,True,,1407.310669,6
1610_2,False,,1407.310669,6
1610_3,False,,1407.310669,6
1610_4,False,,1407.310669,6
1611_1,True,,301.1954041,19
1611_2,False,,301.1954041,19
1612_1,True,,1429.022583,6
1612_2,False,,1429.022583,6
1612_3,False,,1429.022583,6
1612_4,False,,1429.022583,6
1612_5,False,,1429.022583,6
1613_1,True,,2808.141113,39
1613_2,False,,2808.141113,39
1613_3,False,,2808.141113,39
1613_4,False,,2808.141113,39
1613_5,False,,2808.141113,39
1613_6,False,,2808.141113,39
1614_1,True,,1429.022583,6
1614_2,False,,1429.022583,6
1615_1,True,,301.1954041,19
1615_2,False,,301.1954041,19
1616_1,True,,301.1954041,19
1616_2,False,,301.1954041,19
1616_3,False,,301.1954041,19
1616_4,False,,301.1954041,19
1616_5,False,,301.1954041,19
1616_6,False,,301.1954041,19
1617_1,True,,962.1404419,46
1617_2,False,,962.1404419,46
1617_3,False,,962.1404419,46
1617_4,False,,962.1404419,46
1618_1,True,,691.5112915,10
1618_2,False,,691.5112915,10
1618_3,False,,691.5112915,10
1618_4,False,,691.5112915,10
1618_5,False,,691.5112915,10
1619_1,True,,2537.585693,39
1619_2,False,,2537.585693,39
1619_3,False,,2537.585693,39
1620_1,True,,963.3539429,31
1620_2,False,,963.3539429,31
1621_1,True,,301.1954041,19
1621_2,False,,301.1954041,19
1622_1,True,,2808.141113,39
1622_2,False,,2808.141113,39
1623_1,True,,106.0568237,49
1623_2,False,,106.0568237,49
1624_1,True,,337.8926697,19
1624_2,False,,337.8926697,19
1624_3,False,,337.8926697,19
1624_4,False,,337.8926697,19
1625_1,True,,691.5112915,12
1625_2,False,,691.5112915,12
1625_3,False,,691.5112915,12
1626_1,True,,1015.954529,46
1626_2,False,,1015.954529,46
1626_3,False,,1015.954529,46
1626_4,False,,1015.954529,46
1627_1,True,,666.6879883,33
1627_2,False,,666.6879883,33
1628_1,True,,337.8926697,19
1629_1,True,,1407.310669,6
1629_2,False,,1407.310669,6
1630_1,True,,273.0114441,9
1630_2,False,,273.0114441,9
1630_3,False,,273.0114441,9
1630_4,False,,273.0114441,9
1631_1,True,,663.3157959,11
1632_1,True,,2537.585693,39
1632_2,False,,2537.585693,39
1632_3,False,,2537.585693,39
1633_1,True,,2808.141113,39
1633_2,False,,2808.141113,39
1634_1,True,,1015.954529,46
1634_2,False,,1015.954529,46
1634_3,False,,1015.954529,46
1634_4,False,,1015.954529,46
1635_1,True,,1480.23999,26
1635_2,False,,1480.23999,26
1635_3,False,,1480.23999,26
1635_4,False,,1480.23999,26
1636_1,True,,1480.23999,26
1636_2,False,,1480.23999,26
1637_1,True,,2537.585693,39
1637_2,False,,2537.585693,39
1638_1,True,,963.3539429,31
1638_2,False,,963.3539429,31
1638_3,False,,963.3539429,31
1639_1,True,,666.6879883,47
1639_2,False,,666.6879883,47
1639_3,False,,666.6879883,47
1639_4,False,,666.6879883,47
1640_1,True,,2537.585693,39
1640_2,False,,2537.585693,39
1640_3,False,,2537.585693,39
1641_1,True,,2808.141113,39
1641_2,False,,2808.141113,39
1642_1,True,,962.1404419,46
1642_2,False,,962.1404419,46
1642_3,False,,962.1404419,46
1643_1,True,,2808.141113,39
1643_2,False,,2808.141113,39
1644_1,True,,663.3157959,44
1645_1,True,,2808.141113,39
1645_2,False,,2808.141113,39
1646_1,True,,2537.585693,39
1646_2,False,,2537.585693,39
1647_1,True,,2537.585693,39
1647_2,False,,2537.585693,39
1647_3,False,,2537.585693,39
1647_4,False,,2537.585693,39
1648_1,True,,962.1404419,46
1648_2,False,,962.1404419,46
1649_1,True,,258.2655334,9
1649_2,False,,258.2655334,9
1649_3,False,,258.2655334,9
1649_4,False,,258.2655334,9
1650_1,True,,110.7352905,49
1650_2,False,,110.7352905,49
1650_3,False,,110.7352905,49
1651_1,True,,2537.585693,39
1651_2,False,,2537.585693,39
1651_3,False,,2537.585693,39
1652_1,True,,106.0568237,49
1652_2,False,,106.0568237,49
1652_3,False,,106.0568237,49
1652_4,False,,106.0568237,49
1653_1,True,,1429.022583,6
1654_1,True,,802.7727051,18
1654_2,False,,802.7727051,18
1655_1,True,,2537.585693,39
1655_2,False,,2537.585693,39
1656_1,True,,106.0568237,49
1656_2,False,,106.0568237,49
1656_3,False,,106.0568237,49
1657_1,True,,691.5112915,12
1657_2,False,,691.5112915,12
1657_3,False,,691.5112915,12
1658_1,True,,258.2655334,9
1658_2,False,,258.2655334,9
1658_3,False,,258.2655334,9
1658_4,False,,258.2655334,9
1659_1,True,,666.6879883,13
1659_2,False,,666.6879883,13
1659_3,False,,666.6879883,13
1659_4,False,,666.6879883,13
1659_5,False,,666.6879883,13
1660_1,True,,106.0568237,49
1660_2,False,,106.0568237,49
1660_3,False,,106.0568237,49
1661_1,True,,1407.310669,6
1661_2,False,,1407.310669,6
1661_3,False,,1407.310669,6
1662_1,True,,679.5336914,48
1662_2,False,,679.5336914,48
1662_3,False,,679.5336914,48
1663_1,True,,1429.022583,6
1663_2,False,,1429.022583,6
1663_3,False,,1429.022583,6
1664_1,True,,963.3539429,31
1665_1,True,,301.1954041,19
1665_2,False,,301.1954041,19
1665_3,False,,301.1954041,19
1666_1,True,,337.8926697,19
1666_2,False,,337.8926697,19
1666_3,False,,337.8926697,19
1667_1,True,,802.7727051,18
1667_2,False,,802.7727051,18
1667_3,False,,802.7727051,18
1667_4,False,,802.7727051,18
1667_5,False,,802.7727051,18
1668_1,True,,679.5336914,48
1668_2,False,,679.5336914,48
1668_3,False,,679.5336914,48
1669_1,True,,301.1954041,19
1669_2,False,,301.1954041,19
1669_3,False,,301.1954041,19
1669_4,False,,301.1954041,19
1670_1,True,,1015.954529,46
1670_2,False,,1015.954529,46
1670_3,False,,1015.954529,46
1670_4,False,,1015.954529,46
1671_1,True,,1429.022583,6
1671_2,False,,1429.022583,6
1672_1,True,,258.2655334,9
1672_2,False,,258.2655334,9
1673_1,True,,802.7727051,18
1673_2,False,,802.7727051,18
1673_3,False,,802.7727051,18
1674_1,True,,1429.022583,6
1674_2,False,,1429.022583,6
1674_3,False,,1429.022583,6
1675_1,True,,2537.585693,39
1676_1,True,,663.3157959,38
1676_2,False,,663.3157959,38
1677_1,True,,1013.601074,21
1677_2,False,,1013.601074,21
1677_3,False,,1013.601074,21
1677_4,False,,1013.601074,21
1678_1,True,,663.3157959,13
1678_2,False,,663.3157959,13
1679_1,True,,110.7352905,49
1679_2,False,,110.7352905,49
1679_3,False,,110.7352905,49
1679_4,False,,110.7352905,49
1680_1,True,,1407.310669,6
1680_2,False,,1407.310669,6
1680_3,False,,1407.310669,6
1680_4,False,,1407.310669,6
1680_5,False,,1407.310669,6
1681_1,True,,1429.022583,6
1681_2,False,,1429.022583,6
1681_3,False,,1429.022583,6
1681_4,False,,1429.022583,6
1682_1,True,,1483.921753,26
1682_2,False,,1483.921753,26
1682_3,False,,1483.921753,26
1682_4,False,,1483.921753,26
1683_1,True,,666.6879883,4
1683_2,False,,666.6879883,4
1683_3,False,,666.6879883,4
1684_1,True,,675.8522949,48
1684_2,False,,675.8522949,48
1684_3,False,,675.8522949,48
1684_4,False,,675.8522949,48
1684_5,False,,675.8522949,48
1685_1,True,,337.8926697,19
1685_2,False,,337.8926697,19
1686_1,True,,1407.310669,6
1686_2,False,,1407.310669,6
1686_3,False,,1407.310669,6
1687_1,True,,337.8926697,19
1687_2,False,,337.8926697,19
1687_3,False,,337.8926697,19
1688_1,True,,663.3157959,38
1688_2,False,,663.3157959,38
1688_3,False,,663.3157959,38
1688_4,False,,663.3157959,38
1689_1,True,,962.1404419,46
1689_2,False,,962.1404419,46
1689_3,False,,962.1404419,46
1689_4,False,,962.1404419,46
1690_1,True,,106.0568237,49
1690_2,False,,106.0568237,49
1690_3,False,,106.0568237,49
1691_1,True,,663.3157959,4
1691_2,False,,663.3157959,4
1692_1,True,,1013.601074,21
1692_2,False,,1013.601074,21
1693_1,True,,675.8522949,48
1693_2,False,,675.8522949,48
1693_3,False,,675.8522949,48
1694_1,True,,273.0114441,9
1694_2,False,,273.0114441,9
1694_3,False,,273.0114441,9
1694_4,False,,273.0114441,9
1695_1,True,,1407.310669,6
1695_2,False,,1407.310669,6
1695_3,False,,1407.310669,6
1695_4,False,,1407.310669,6
1696_1,True,,777.2303467,18
1696_2,False,,777.2303467,18
1696_3,False,,777.2303467,18
1696_4,False,,777.2303467,18
1697_1,True,,1429.022583,6
1697_2,False,,1429.022583,6
1697_3,False,,1429.022583,6
1697_4,False,,1429.022583,6
1697_5,False,,1429.022583,6
1698_1,True,,1013.601074,21
1698_2,False,,1013.601074,21
1698_3,False,,1013.601074,21
1698_4,False,,1013.601074,21
1699_1,True,,802.7727051,18
1699_2,False,,802.7727051,18
1699_3,False,,802.7727051,18
1699_4,False,,802.7727051,18
1700_1,True,,675.8522949,48
1700_2,False,,675.8522949,48
1700_3,False,,675.8522949,48
1700_4,False,,675.8522949,48
1700_5,False,,675.8522949,48
1700_6,False,,675.8522949,48
1700_7,False,,675.8522949,48
1701_1,True,,301.1954041,19
1702_1,True,,106.0568237,49
1702_2,False,,106.0568237,49
1702_3,False,,106.0568237,49
1702_4,False,,106.0568237,49
1703_1,True,,273.0114441,9
1703_2,False,,273.0114441,9
1704_1,True,,1429.022583,6
1704_2,False,,1429.022583,6
1704_3,False,,1429.022583,6
1704_4,False,,1429.022583,6
1705_1,True,,301.1954041,19
1705_2,False,,301.1954041,19
1705_3,False,,301.1954041,19
1705_4,False,,301.1954041,19
1706_1,True,,2808.141113,39
1706_2,False,,2808.141113,39
1706_3,False,,2808.141113,39
1707_1,True,,802.7727051,18
1707_2,False,,802.7727051,18
1707_3,False,,802.7727051,18
1707_4,False,,802.7727051,18
1708_1,True,,963.7158813,31
1708_2,False,,963.7158813,31
1708_3,False,,963.7158813,31
1708_4,False,,963.7158813,31
1709_1,True,,659.7180786,45
1709_2,False,,659.7180786,45
1710_1,True,,963.3539429,31
1710_2,False,,963.3539429,31
1710_3,False,,963.3539429,31
1710_4,False,,963.3539429,31
1711_1,True,,1015.954529,46
1711_2,False,,1015.954529,46
1711_3,False,,1015.954529,46
1712_1,True,,2808.141113,39
1712_2,False,,2808.141113,39
1712_3,False,,2808.141113,39
1712_4,False,,2808.141113,39
1713_1,True,,337.8926697,19
1713_2,False,,337.8926697,19
1714_1,True,,1013.601074,21
1714_2,False,,1013.601074,21
1714_3,False,,1013.601074,21
1714_4,False,,1013.601074,21
1714_5,False,,1013.601074,21
1715_1,True,,1429.022583,6
1715_2,False,,1429.022583,6
1715_3,False,,1429.022583,6
1716_1,True,,666.6879883,33
1716_2,False,,666.6879883,33
1717_1,True,,337.8926697,19
1717_2,False,,337.8926697,19
1718_1,True,,679.5336914,48
1719_1,True,,1015.954529,46
1719_2,False,,1015.954529,46
1720_1,True,,679.5336914,48
1720_2,False,,679.5336914,48
1721_1,True,,666.6879883,44
1721_2,False,,666.6879883,44
1721_3,False,,666.6879883,44
1722_1,True,,675.8522949,48
1722_2,False,,675.8522949,48
1722_3,False,,675.8522949,48
1722_4,False,,675.8522949,48
1722_5,False,,675.8522949,48
1723_1,True,,962.1404419,46
1723_2,False,,962.1404419,46
1724_1,True,,1034.289795,21
1724_2,False,,1034.289795,21
1724_3,False,,1034.289795,21
1724_4,False,,1034.289795,21
1724_5,False,,1034.289795,21
1725_1,True,,301.1954041,19
1725_2,False,,301.1954041,19
1725_3,False,,301.1954041,19
1725_4,False,,301.1954041,19
1726_1,True,,1034.289795,21
1726_2,False,,1034.289795,21
1727_1,True,,273.0114441,9
1728_1,True,,2808.141113,39
1728_2,False,,2808.141113,39
1728_3,False,,2808.141113,39
1729_1,True,,2808.141113,39
1729_2,False,,2808.141113,39
1730_1,True,,659.7180786,25
1730_2,False,,659.7180786,25
1730_3,False,,659.7180786,25
1730_4,False,,659.7180786,25
1730_5,False,,659.7180786,25
1731_1,True,,273.0114441,9
1732_1,True,,962.1404419,46
1733_1,True,,962.1404419,46
1733_2,False,,962.1404419,46
1733_3,False,,962.1404419,46
1733_4,False,,962.1404419,46
1733_5,False,,962.1404419,46
1734_1,True,,337.8926697,19
1734_2,False,,337.8926697,19
1735_1,True,,273.0114441,9
1735_2,False,,273.0114441,9
1735_3,False,,273.0114441,9
1735_4,False,,273.0114441,9
1736_1,True,,962.1404419,46
1736_2,False,,962.1404419,46
1737_1,True,,1034.289795,21
1737_2,False,,1034.289795,21
1738_1,True,,2808.141113,39
1738_2,False,,2808.141113,39
1738_3,False,,2808.141113,39
1739_1,True,,1034.289795,21
1739_2,False,,1034.289795,21
1740_1,True,,962.1404419,46
1740_2,False,,962.1404419,46
1740_3,False,,962.1404419,46
1741_1,True,,666.6879883,33
1741_2,False,,666.6879883,33
1741_3,False,,666.6879883,33
1741_4,False,,666.6879883,33
1742_1,True,,1015.954529,46
1742_2,False,,1015.954529,46
1743_1,True,,110.7352905,49
1743_2,False,,110.7352905,49
1744_1,True,,675.8522949,48
1745_1,True,,1015.954529,46
1745_2,False,,1015.954529,46
1746_1,True,,1407.310669,6
1746_2,False,,1407.310669,6
1747_1,True,,962.1404419,46
1747_2,False,,962.1404419,46
1748_1,True,,802.7727051,18
1748_2,False,,802.7727051,18
1748_3,False,,802.7727051,18
1748_4,False,,802.7727051,18
1749_1,True,,666.6879883,33
1750_1,True,,663.3157959,23
1750_2,False,,663.3157959,23
1750_3,False,,663.3157959,23
1751_1,True,,1015.954529,46
1751_2,False,,1015.954529,46
1751_3,False,,1015.954529,46
1751_4,False,,1015.954529,46
1752_1,True,,962.1404419,46
1752_2,False,,962.1404419,46
1752_3,False,,962.1404419,46
1752_4,False,,962.1404419,46
1752_5,False,,962.1404419,46
1753_1,True,,1480.23999,26
1753_2,False,,1480.23999,26
1753_3,False,,1480.23999,26
1753_4,False,,1480.23999,26
1754_1,True,,777.2303467,18
1754_2,False,,777.2303467,18
1755_1,True,,1480.23999,26
1755_2,False,,1480.23999,26
1755_3,False,,1480.23999,26
1756_1,True,,962.1404419,46
1756_2,False,,962.1404419,46
1756_3,False,,962.1404419,46
1757_1,True,,1429.022583,6
1757_2,False,,1429.022583,6
1757_3,False,,1429.022583,6
1757_4,False,,1429.022583,6
1758_1,True,,962.1404419,46
1758_2,False,,962.1404419,46
1758_3,False,,962.1404419,46
1759_1,True,,963.3539429,31
1759_2,False,,963.3539429,31
1759_3,False,,963.3539429,31
1760_1,True,,962.1404419,46
1760_2,False,,962.1404419,46
1760_3,False,,962.1404419,46
1761_1,True,,962.1404419,46
1761_2,False,,962.1404419,46
1761_3,False,,962.1404419,46
1762_1,True,,1013.601074,21
1762_2,False,,1013.601074,21
1762_3,False,,1013.601074,21
1763_1,True,,777.2303467,18
1763_2,False,,777.2303467,18
1763_3,False,,777.2303467,18
1763_4,False,,777.2303467,18
1764_1,True,,962.1404419,46
1764_2,False,,962.1404419,46
1764_3,False,,962.1404419,46
1764_4,False,,962.1404419,46
1765_1,True,,962.1404419,46
1766_1,True,,106.0568237,49
1766_2,False,,106.0568237,49
1766_3,False,,106.0568237,49
1766_4,False,,106.0568237,49
1766_5,False,,106.0568237,49
1766_6,False,,106.0568237,49
1767_1,True,,963.3539429,31
1767_2,False,,963.3539429,31
1767_3,False,,963.3539429,31
1767_4,False,,963.3539429,31
1768_1,True,,2537.585693,39
1768_2,False,,2537.585693,39
1769_1,True,,666.6879883,38
1769_2,False,,666.6879883,38
1769_3,False,,666.6879883,38
1770_1,True,,963.3539429,31
1770_2,False,,963.3539429,31
1770_3,False,,963.3539429,31
1770_4,False,,963.3539429,31
1771_1,True,,301.1954041,19
1772_1,True,,962.1404419,46
1772_2,False,,962.1404419,46
1772_3,False,,962.1404419,46
1773_1,True,,1015.954529,46
1773_2,False,,1015.954529,46
1773_3,False,,1015.954529,46
1773_4,False,,1015.954529,46
1774_1,True,,962.1404419,46
1774_2,False,,962.1404419,46
1775_1,True,,777.2303467,18
1775_2,False,,777.2303467,18
1775_3,False,,777.2303467,18
1775_4,False,,777.2303467,18
1776_1,True,,962.1404419,46
1776_2,False,,962.1404419,46
1777_1,True,,962.1404419,46
1777_2,False,,962.1404419,46
1778_1,True,,1480.23999,26
1778_2,False,,1480.23999,26
1778_3,False,,1480.23999,26
1778_4,False,,1480.23999,26
1779_1,True,,1015.954529,46
1779_2,False,,1015.954529,46
1779_3,False,,1015.954529,46
1780_1,True,,1407.310669,6
1780_2,False,,1407.310669,6
1780_3,False,,1407.310669,6
1781_1,True,,962.1404419,46
1781_2,False,,962.1404419,46
1781_3,False,,962.1404419,46
1782_1,True,,962.1404419,46
1782_2,False,,962.1404419,46
1782_3,False,,962.1404419,46
1782_4,False,,962.1404419,46
1783_1,True,,666.6879883,33
1783_2,False,,666.6879883,33
1783_3,False,,666.6879883,33
1784_1,True,,802.7727051,18
1785_1,True,,659.7180786,10
1785_2,False,,659.7180786,10
1785_3,False,,659.7180786,10
1785_4,False,,659.7180786,10
1785_5,False,,659.7180786,10
1786_1,True,,962.1404419,46
1786_2,False,,962.1404419,46
1786_3,False,,962.1404419,46
1786_4,False,,962.1404419,46
1787_1,True,,659.7180786,45
1787_2,False,,659.7180786,45
1787_3,False,,659.7180786,45
1788_1,True,,301.1954041,19
1789_1,True,,2537.585693,39
1789_2,False,,2537.585693,39
1789_3,False,,2537.585693,39
1789_4,False,,2537.585693,39
1790_1,True,,1429.022583,6
1790_2,False,,1429.022583,6
1790_3,False,,1429.022583,6
1791_1,True,,1480.23999,26
1791_2,False,,1480.23999,26
1791_3,False,,1480.23999,26
1791_4,False,,1480.23999,26
1791_5,False,,1480.23999,26
1792_1,True,,337.8926697,19
1792_2,False,,337.8926697,19
1793_1,True,,1034.289795,21
1793_2,False,,1034.289795,21
1793_3,False,,1034.289795,21
1794_1,True,,691.5112915,12
1794_2,False,,691.5112915,12
1794_3,False,,691.5112915,12
1794_4,False,,691.5112915,12
1795_1,True,,301.1954041,19
1795_2,False,,301.1954041,19
1796_1,True,,106.0568237,49
1796_2,False,,106.0568237,49
1796_3,False,,106.0568237,49
1797_1,True,,962.1404419,46
1797_2,False,,962.1404419,46
1797_3,False,,962.1404419,46
1798_1,True,,1480.23999,26
1798_2,False,,1480.23999,26
1798_3,False,,1480.23999,26
1799_1,True,,1034.289795,21
1799_2,False,,1034.289795,21
1799_3,False,,1034.289795,21
1799_4,False,,1034.289795,21
1800_1,True,,663.3157959,33
1800_2,False,,663.3157959,33
1801_1,True,,1407.310669,6
1801_2,False,,1407.310669,6
1801_3,False,,1407.310669,6
1802_1,True,,962.1404419,46
1802_2,False,,962.1404419,46
1802_3,False,,962.1404419,46
1803_1,True,,337.8926697,19
1803_2,False,,337.8926697,19
1803_3,False,,337.8926697,19
1804_1,True,,691.5112915,25
1804_2,False,,691.5112915,25
1804_3,False,,691.5112915,25
1804_4,False,,691.5112915,25
1805_1,True,,691.5112915,41
1805_2,False,,691.5112915,41
1806_1,True,,337.8926697,19
1806_2,False,,337.8926697,19
1806_3,False,,337.8926697,19
1807_1,True,,1015.954529,46
1807_2,False,,1015.954529,46
1808_1,True,,1013.601074,21
1808_2,False,,1013.601074,21
1808_3,False,,1013.601074,21
1808_4,False,,1013.601074,21
1809_1,True,,110.7352905,49
1809_2,False,,110.7352905,49
1809_3,False,,110.7352905,49
1809_4,False,,110.7352905,49
1810_1,True,,962.1404419,46
1810_2,False,,962.1404419,46
1810_3,False,,962.1404419,46
1810_4,False,,962.1404419,46
1811_1,True,,1407.310669,6
1811_2,False,,1407.310669,6
1812_1,True,,666.6879883,44
1812_2,False,,666.6879883,44
1812_3,False,,666.6879883,44
1812_4,False,,666.6879883,44
1813_1,True,,675.8522949,48
1813_2,False,,675.8522949,48
1813_3,False,,675.8522949,48
1813_4,False,,675.8522949,48
1814_1,True,,962.1404419,46
1815_1,True,,675.8522949,48
1815_2,False,,675.8522949,48
1815_3,False,,675.8522949,48
1816_1,True,,301.1954041,19
1816_2,False,,301.1954041,19
1817_1,True,,1015.954529,46
1817_2,False,,1015.954529,46
1817_3,False,,1015.954529,46
1818_1,True,,963.7158813,31
1818_2,False,,963.7158813,31
1819_1,True,,110.7352905,49
1819_2,False,,110.7352905,49
1819_3,False,,110.7352905,49
1819_4,False,,110.7352905,49
1820_1,True,,777.2303467,18
1820_2,False,,777.2303467,18
1820_3,False,,777.2303467,18
1821_1,True,,301.1954041,19
1822_1,True,,663.3157959,20
1822_2,False,,663.3157959,20
1823_1,True,,663.3157959,33
1823_2,False,,663.3157959,33
1823_3,False,,663.3157959,33
1824_1,True,,2537.585693,39
1824_2,False,,2537.585693,39
1824_3,False,,2537.585693,39
1824_4,False,,2537.585693,39
1825_1,True,,1429.022583,6
1825_2,False,,1429.022583,6
1825_3,False,,1429.022583,6
1825_4,False,,1429.022583,6
1826_1,True,,691.5112915,10
1826_2,False,,691.5112915,10
1826_3,False,,691.5112915,10
1827_1,True,,1034.289795,21
1827_2,False,,1034.289795,21
1827_3,False,,1034.289795,21
1827_4,False,,1034.289795,21
1828_1,True,,663.3157959,44
1828_2,False,,663.3157959,44
1828_3,False,,663.3157959,44
1828_4,False,,663.3157959,44
1829_1,True,,1483.921753,26
1829_2,False,,1483.921753,26
1829_3,False,,1483.921753,26
1829_4,False,,1483.921753,26
1829_5,False,,1483.921753,26
1830_1,True,,110.7352905,49
1830_2,False,,110.7352905,49
1830_3,False,,110.7352905,49
1831_1,True,,691.5112915,12
1831_2,False,,691.5112915,12
1831_3,False,,691.5112915,12
1831_4,False,,691.5112915,12
1832_1,True,,106.0568237,49
1832_2,False,,106.0568237,49
1832_3,False,,106.0568237,49
1832_4,False,,106.0568237,49
1833_1,True,,1013.601074,21
1833_2,False,,1013.601074,21
1833_3,False,,1013.601074,21
1833_4,False,,1013.601074,21
1833_5,False,,1013.601074,21
1834_1,True,,1483.921753,26
1834_2,False,,1483.921753,26
1834_3,False,,1483.921753,26
1834_4,False,,1483.921753,26
1835_1,True,,962.1404419,46
1835_2,False,,962.1404419,46
1835_3,False,,962.1404419,46
1835_4,False,,962.1404419,46
1836_1,True,,337.8926697,19
1836_2,False,,337.8926697,19
1836_3,False,,337.8926697,19
1836_4,False,,337.8926697,19
1836_5,False,,337.8926697,19
1837_1,True,,2808.141113,39
1837_2,False,,2808.141113,39
1837_3,False,,2808.141113,39
1837_4,False,,2808.141113,39
1838_1,True,,663.3157959,13
1838_2,False,,663.3157959,13
1839_1,True,,106.0568237,49
1839_2,False,,106.0568237,49
1839_3,False,,106.0568237,49
1839_4,False,,106.0568237,49
1840_1,True,,802.7727051,18
1840_2,False,,802.7727051,18
1840_3,False,,802.7727051,18
1841_1,True,,258.2655334,9
1841_2,False,,258.2655334,9
1841_3,False,,258.2655334,9
1841_4,False,,258.2655334,9
1842_1,True,,1013.601074,21
1842_2,False,,1013.601074,21
1843_1,True,,1013.601074,21
1843_2,False,,1013.601074,21
1843_3,False,,1013.601074,21
1844_1,True,,663.3157959,32
1845_1,True,,1480.23999,26
1846_1,True,,110.7352905,49
1846_2,False,,110.7352905,49
1846_3,False,,110.7352905,49
1847_1,True,,666.6879883,4
1847_2,False,,666.6879883,4
1847_3,False,,666.6879883,4
1847_4,False,,666.6879883,4
1848_1,True,,1429.022583,6
1848_2,False,,1429.022583,6
1848_3,False,,1429.022583,6
1849_1,True,,675.8522949,48
1849_2,False,,675.8522949,48
1849_3,False,,675.8522949,48
1850_1,True,,1034.289795,21
1850_2,False,,1034.289795,21
1851_1,True,,1015.954529,46
1851_2,False,,1015.954529,46
1851_3,False,,1015.954529,46
1852_1,True,,666.6879883,2
1852_2,False,,666.6879883,2
1853_1,True,,962.1404419,46
1853_2,False,,962.1404419,46
1853_3,False,,962.1404419,46
1853_4,False,,962.1404419,46
1854_1,True,,1483.921753,26
1854_2,False,,1483.921753,26
1854_3,False,,1483.921753,26
1854_4,False,,1483.921753,26
1854_5,False,,1483.921753,26
1855_1,True,,1429.022583,6
1855_2,False,,1429.022583,6
1855_3,False,,1429.022583,6
1855_4,False,,1429.022583,6
1855_5,False,,1429.022583,6
1855_6,False,,1429.022583,6
1856_1,True,,962.1404419,46
1856_2,False,,962.1404419,46
1857_1,True,,675.8522949,48
1857_2,False,,675.8522949,48
1857_3,False,,675.8522949,48
1858_1,True,,1013.601074,21
1858_2,False,,1013.601074,21
1858_3,False,,1013.601074,21
1858_4,False,,1013.601074,21
1858_5,False,,1013.601074,21
1859_1,True,,679.5336914,48
1859_2,False,,679.5336914,48
1859_3,False,,679.5336914,48
1859_4,False,,679.5336914,48
1860_1,True,,1015.954529,46
1860_2,False,,1015.954529,46
1860_3,False,,1015.954529,46
1860_4,False,,1015.954529,46
1861_1,True,,962.1404419,46
1861_2,False,,962.1404419,46
1861_3,False,,962.1404419,46
1861_4,False,,962.1404419,46
1862_1,True,,1013.601074,21
1862_2,False,,1013.601074,21
1862_3,False,,1013.601074,21
1862_4,False,,1013.601074,21
1862_5,False,,1013.601074,21
1863_1,True,,1013.601074,21
1863_2,False,,1013.601074,21
1863_3,False,,1013.601074,21
1863_4,False,,1013.601074,21
1864_1,True,,301.1954041,19
1864_2,False,,301.1954041,19
1864_3,False,,301.1954041,19
1864_4,False,,301.1954041,19
1865_1,True,,106.0568237,49
1865_2,False,,106.0568237,49
1865_3,False,,106.0568237,49
1865_4,False,,106.0568237,49
1866_1,True,,963.3539429,31
1866_2,False,,963.3539429,31
1866_3,False,,963.3539429,31
1866_4,False,,963.3539429,31
1866_5,False,,963.3539429,31
1867_1,True,,301.1954041,19
1867_2,False,,301.1954041,19
1868_1,True,,679.5336914,48
1868_2,False,,679.5336914,48
1868_3,False,,679.5336914,48
1868_4,False,,679.5336914,48
1868_5,False,,679.5336914,48
1868_6,False,,679.5336914,48
1869_1,True,,666.6879883,11
1869_2,False,,666.6879883,11
1869_3,False,,666.6879883,11
1869_4,False,,666.6879883,11
1870_1,True,,110.7352905,49
1870_2,False,,110.7352905,49
1871_1,True,,2808.141113,39
1871_2,False,,2808.141113,39
1871_3,False,,2808.141113,39
1872_1,True,,1015.954529,46
1872_2,False,,1015.954529,46
1872_3,False,,1015.954529,46
1872_4,False,,1015.954529,46
1873_1,True,,1483.921753,26
1873_2,False,,1483.921753,26
1873_3,False,,1483.921753,26
1873_4,False,,1483.921753,26
1874_1,True,,962.1404419,46
1874_2,False,,962.1404419,46
1874_3,False,,962.1404419,46
1874_4,False,,962.1404419,46
1875_1,True,,110.7352905,49
1875_2,False,,110.7352905,49
1875_3,False,,110.7352905,49
1875_4,False,,110.7352905,49
1876_1,True,,1480.23999,26
1876_2,False,,1480.23999,26
1876_3,False,,1480.23999,26
1877_1,True,,106.0568237,49
1877_2,False,,106.0568237,49
1877_3,False,,106.0568237,49
1878_1,True,,1034.289795,21
1878_2,False,,1034.289795,21
1878_3,False,,1034.289795,21
1879_1,True,,1015.954529,46
1879_2,False,,1015.954529,46
1879_3,False,,1015.954529,46
1880_1,True,,675.8522949,48
1880_2,False,,675.8522949,48
1881_1,True,,110.7352905,49
1881_2,False,,110.7352905,49
1881_3,False,,110.7352905,49
1881_4,False,,110.7352905,49
1881_5,False,,110.7352905,49
1882_1,True,,679.5336914,48
1882_2,False,,679.5336914,48
1882_3,False,,679.5336914,48
1882_4,False,,679.5336914,48
1883_1,True,,1034.289795,21
1883_2,False,,1034.289795,21
1883_3,False,,1034.289795,21
1884_1,True,,675.8522949,48
1884_2,False,,675.8522949,48
1884_3,False,,675.8522949,48
1885_1,True,,1407.310669,6
1885_2,False,,1407.310669,6
1885_3,False,,1407.310669,6
1885_4,False,,1407.310669,6
1886_1,True,,679.5336914,48
1886_2,False,,679.5336914,48
1887_1,True,,663.3157959,38
1887_2,False,,663.3157959,38
1888_1,True,,675.8522949,48
1888_2,False,,675.8522949,48
1888_3,False,,675.8522949,48
1889_1,True,,666.6879883,33
1889_2,False,,666.6879883,33
1890_1,True,,666.6879883,38
1890_2,False,,666.6879883,38
1890_3,False,,666.6879883,38
1891_1,True,,802.7727051,18
1892_1,True,,675.8522949,48
1892_2,False,,675.8522949,48
1893_1,True,,679.5336914,48
1893_2,False,,679.5336914,48
1893_3,False,,679.5336914,48
1894_1,True,,301.1954041,19
1894_2,False,,301.1954041,19
1895_1,True,,258.2655334,9
1895_2,False,,258.2655334,9
1895_3,False,,258.2655334,9
1896_1,True,,2537.585693,39
1896_2,False,,2537.585693,39
1897_1,True,,337.8926697,19
1897_2,False,,337.8926697,19
1898_1,True,,1429.022583,6
1898_2,False,,1429.022583,6
1898_3,False,,1429.022583,6
1899_1,True,,679.5336914,48
1899_2,False,,679.5336914,48
1899_3,False,,679.5336914,48
1899_4,False,,679.5336914,48
1900_1,True,,679.5336914,48
1901_1,True,,675.8522949,48
1901_2,False,,675.8522949,48
1901_3,False,,675.8522949,48
1901_4,False,,675.8522949,48
1902_1,True,,1407.310669,6
1902_2,False,,1407.310669,6
1902_3,False,,1407.310669,6
1902_4,False,,1407.310669,6
1903_1,True,,663.3157959,1
1903_2,False,,663.3157959,1
1903_3,False,,663.3157959,1
1903_4,False,,663.3157959,1
1904_1,True,,110.7352905,49
1905_1,True,,2537.585693,39
1905_2,False,,2537.585693,39
1905_3,False,,2537.585693,39
1906_1,True,,663.3157959,4
1906_2,False,,663.3157959,4
1907_1,True,,777.2303467,18
1907_2,False,,777.2303467,18
1908_1,True,,110.7352905,49
1908_2,False,,110.7352905,49
1908_3,False,,110.7352905,49
1909_1,True,,679.5336914,48
1909_2,False,,679.5336914,48
1909_3,False,,679.5336914,48
1909_4,False,,679.5336914,48
1910_1,True,,1407.310669,6
1910_2,False,,1407.310669,6
1910_3,False,,1407.310669,6
1910_4,False,,1407.310669,6
1911_1,True,,679.5336914,48
1911_2,False,,679.5336914,48
1912_1,True,,106.0568237,49
1912_2,False,,106.0568237,49
1913_1,True,,675.8522949,48
1913_2,False,,675.8522949,48
1913_3,False,,675.8522949,48
1914_1,True,,2537.585693,39
1914_2,False,,2537.585693,39
1914_3,False,,2537.585693,39
1914_4,False,,2537.585693,39
1915_1,True,,663.3157959,44
1915_2,False,,663.3157959,44
1916_1,True,,666.6879883,24
1916_2,False,,666.6879883,24
1916_3,False,,666.6879883,24
1917_1,True,,691.5112915,45
1917_2,False,,691.5112915,45
1917_3,False,,691.5112915,45
1917_4,False,,691.5112915,45
1918_1,True,,1480.23999,26
1918_2,False,,1480.23999,26
1918_3,False,,1480.23999,26
1919_1,True,,106.0568237,49
1919_2,False,,106.0568237,49
1920_1,True,,675.8522949,48
1920_2,False,,675.8522949,48
1920_3,False,,675.8522949,48
1920_4,False,,675.8522949,48
1921_1,True,,777.2303467,18
1921_2,False,,777.2303467,18
1921_3,False,,777.2303467,18
1922_1,True,,258.2655334,9
1922_2,False,,258.2655334,9
1922_3,False,,258.2655334,9
1922_4,False,,258.2655334,9
1923_1,True,,675.8522949,48
1923_2,False,,675.8522949,48
1923_3,False,,675.8522949,48
1924_1,True,,666.6879883,4
1924_2,False,,666.6879883,4
1924_3,False,,666.6879883,4
1925_1,True,,1429.022583,6
1926_1,True,,1429.022583,6
1926_2,False,,1429.022583,6
1926_3,False,,1429.022583,6
1926_4,False,,1429.022583,6
1927_1,True,,679.5336914,48
1927_2,False,,679.5336914,48
1927_3,False,,679.5336914,48
1927_4,False,,679.5336914,48
1928_1,True,,663.3157959,5
1928_2,False,,663.3157959,5
1928_3,False,,663.3157959,5
1929_1,True,,675.8522949,48
1930_1,True,,337.8926697,19
1930_2,False,,337.8926697,19
1930_3,False,,337.8926697,19
1931_1,True,,110.7352905,49
1932_1,True,,659.7180786,10
1932_2,False,,659.7180786,10
1932_3,False,,659.7180786,10
1932_4,False,,659.7180786,10
1932_5,False,,659.7180786,10
1933_1,True,,337.8926697,19
1933_2,False,,337.8926697,19
1934_1,True,,1034.289795,21
1934_2,False,,1034.289795,21
1934_3,False,,1034.289795,21
1934_4,False,,1034.289795,21
1935_1,True,,2808.141113,39
1935_2,False,,2808.141113,39
1935_3,False,,2808.141113,39
1935_4,False,,2808.141113,39
1936_1,True,,110.7352905,49
1936_2,False,,110.7352905,49
1937_1,True,,691.5112915,45
1937_2,False,,691.5112915,45
1937_3,False,,691.5112915,45
1938_1,True,,106.0568237,49
1938_2,False,,106.0568237,49
1938_3,False,,106.0568237,49
1938_4,False,,106.0568237,49
1938_5,False,,106.0568237,49
1938_6,False,,106.0568237,49
1939_1,True,,337.8926697,19
1939_2,False,,337.8926697,19
1940_1,True,,301.1954041,19
1940_2,False,,301.1954041,19
1940_3,False,,301.1954041,19
1941_1,True,,106.0568237,49
1941_2,False,,106.0568237,49
1942_1,True,,258.2655334,9
1942_2,False,,258.2655334,9
1943_1,True,,301.1954041,19
1943_2,False,,301.1954041,19
1943_3,False,,301.1954041,19
1944_1,True,,663.3157959,29
1944_2,False,,663.3157959,29
1945_1,True,,1407.310669,6
1945_2,False,,1407.310669,6
1945_3,False,,1407.310669,6
1946_1,True,,2808.141113,39
1946_2,False,,2808.141113,39
1947_1,True,,1429.022583,6
1947_2,False,,1429.022583,6
1947_3,False,,1429.022583,6
1947_4,False,,1429.022583,6
1948_1,True,,663.3157959,4
1948_2,False,,663.3157959,4
1948_3,False,,663.3157959,4
1948_4,False,,663.3157959,4
1948_5,False,,663.3157959,4
1949_1,True,,663.3157959,20
1949_2,False,,663.3157959,20
1949_3,False,,663.3157959,20
1949_4,False,,663.3157959,20
1950_1,True,,301.1954041,19
1950_2,False,,301.1954041,19
1951_1,True,,1483.921753,26
1951_2,False,,1483.921753,26
1951_3,False,,1483.921753,26
1951_4,False,,1483.921753,26
1951_5,False,,1483.921753,26
1952_1,True,,1429.022583,6
1952_2,False,,1429.022583,6
1952_3,False,,1429.022583,6
1952_4,False,,1429.022583,6
1952_5,False,,1429.022583,6
1953_1,True,,663.3157959,36
1953_2,False,,663.3157959,36
1953_3,False,,663.3157959,36
1953_4,False,,663.3157959,36
1953_5,False,,663.3157959,36
1954_1,True,,301.1954041,19
1955_1,True,,110.7352905,49
1955_2,False,,110.7352905,49
1955_3,False,,110.7352905,49
1956_1,True,,675.8522949,48
1957_1,True,,1483.921753,26
1957_2,False,,1483.921753,26
1957_3,False,,1483.921753,26
1958_1,True,,110.7352905,49
1958_2,False,,110.7352905,49
1959_1,True,,663.3157959,1
1959_2,False,,663.3157959,1
1960_1,True,,2808.141113,39
1960_2,False,,2808.141113,39
1961_1,True,,1483.921753,26
1961_2,False,,1483.921753,26
1961_3,False,,1483.921753,26
1962_1,True,,337.8926697,19
1963_1,True,,1480.23999,26
1963_2,False,,1480.23999,26
1964_1,True,,666.6879883,5
1964_2,False,,666.6879883,5
1965_1,True,,110.7352905,49
1965_2,False,,110.7352905,49
1965_3,False,,110.7352905,49
1965_4,False,,110.7352905,49
1966_1,True,,962.1404419,46
1966_2,False,,962.1404419,46
1966_3,False,,962.1404419,46
1966_4,False,,962.1404419,46
1966_5,False,,962.1404419,46
1966_6,False,,962.1404419,46
1967_1,True,,1407.310669,6
1967_2,False,,1407.310669,6
1967_3,False,,1407.310669,6
1967_4,False,,1407.310669,6
1968_1,True,,110.7352905,49
1968_2,False,,110.7352905,49
1968_3,False,,110.7352905,49
1968_4,False,,110.7352905,49
1968_5,False,,110.7352905,49
1969_1,True,,691.5112915,25
1969_2,False,,691.5112915,25
1970_1,True,,663.3157959,44
1970_2,False,,663.3157959,44
1970_3,False,,663.3157959,44
1971_1,True,,106.0568237,49
1971_2,False,,106.0568237,49
1971_3,False,,106.0568237,49
1971_4,False,,106.0568237,49
1971_5,False,,106.0568237,49
1972_1,True,,1480.23999,26
1972_2,False,,1480.23999,26
1972_3,False,,1480.23999,26
1972_4,False,,1480.23999,26
1973_1,True,,666.6879883,7
1973_2,False,,666.6879883,7
1973_3,False,,666.6879883,7
1973_4,False,,666.6879883,7
1974_1,True,,273.0114441,9
1974_2,False,,273.0114441,9
1975_1,True,,663.3157959,14
1975_2,False,,663.3157959,14
1975_3,False,,663.3157959,14
1976_1,True,,110.7352905,49
1976_2,False,,110.7352905,49
1977_1,True,,301.1954041,19
1977_2,False,,301.1954041,19
1977_3,False,,301.1954041,19
1978_1,True,,663.3157959,33
1978_2,False,,663.3157959,33
1978_3,False,,663.3157959,33
1979_1,True,,963.7158813,31
1979_2,False,,963.7158813,31
1980_1,True,,2808.141113,39
1980_2,False,,2808.141113,39
1980_3,False,,2808.141113,39
1980_4,False,,2808.141113,39
1981_1,True,,666.6879883,4
1981_2,False,,666.6879883,4
1981_3,False,,666.6879883,4
1982_1,True,,1429.022583,6
1982_2,False,,1429.022583,6
1983_1,True,,110.7352905,49
1983_2,False,,110.7352905,49
1983_3,False,,110.7352905,49
1983_4,False,,110.7352905,49
1984_1,True,,2537.585693,39
1984_2,False,,2537.585693,39
1984_3,False,,2537.585693,39
1984_4,False,,2537.585693,39
1985_1,True,,1015.954529,46
1985_2,False,,1015.954529,46
1986_1,True,,106.0568237,49
1986_2,False,,106.0568237,49
1986_3,False,,106.0568237,49
1986_4,False,,106.0568237,49
1986_5,False,,106.0568237,49
1986_6,False,,106.0568237,49
1986_7,False,,106.0568237,49
1987_1,True,,802.7727051,18
1987_2,False,,802.7727051,18
1988_1,True,,273.0114441,9
1988_2,False,,273.0114441,9
1988_3,False,,273.0114441,9
1988_4,False,,273.0114441,9
1989_1,True,,110.7352905,49
1989_2,False,,110.7352905,49
1989_3,False,,110.7352905,49
1989_4,False,,110.7352905,49
1990_1,True,,258.2655334,9
1990_2,False,,258.2655334,9
1991_1,True,,1480.23999,26
1992_1,True,,666.6879883,33
1992_2,False,,666.6879883,33
1992_3,False,,666.6879883,33
1993_1,True,,110.7352905,49
1993_2,False,,110.7352905,49
1994_1,True,,1013.601074,21
1994_2,False,,1013.601074,21
1994_3,False,,1013.601074,21
1994_4,False,,1013.601074,21
1994_5,False,,1013.601074,21
1995_1,True,,663.3157959,33
1995_2,False,,663.3157959,33
1996_1,True,,1429.022583,6
1996_2,False,,1429.022583,6
1996_3,False,,1429.022583,6
1997_1,True,,106.0568237,49
1998_1,True,,1034.289795,21
1998_2,False,,1034.289795,21
1998_3,False,,1034.289795,21
1998_4,False,,1034.289795,21
1999_1,True,,337.8926697,19
1999_2,False,,337.8926697,19
1999_3,False,,337.8926697,19
1999_4,False,,337.8926697,19
2000_1,True,,663.3157959,47
2001_1,True,,258.2655334,9
2001_2,False,,258.2655334,9
2002_1,True,,258.2655334,9
2002_2,False,,258.2655334,9
2003_1,True,,301.1954041,19
2003_2,False,,301.1954041,19
2004_1,True,,675.8522949,48
2004_2,False,,675.8522949,48
2004_3,False,,675.8522949,48
2004_4,False,,675.8522949,48
2005_1,True,,1429.022583,6
2005_2,False,,1429.022583,6
2005_3,False,,1429.022583,6
2005_4,False,,1429.022583,6
2006_1,True,,691.5112915,25
2006_2,False,,691.5112915,25
2007_1,True,,1034.289795,21
2007_2,False,,1034.289795,21
2007_3,False,,1034.289795,21
2007_4,False,,1034.289795,21
2008_1,True,,1480.23999,26
2008_2,False,,1480.23999,26
2009_1,True,,691.5112915,12
2009_2,False,,691.5112915,12
2009_3,False,,691.5112915,12
2010_1,True,,110.7352905,49
2011_1,True,,962.1404419,46
2011_2,False,,962.1404419,46
2011_3,False,,962.1404419,46
2011_4,False,,962.1404419,46
2012_1,True,,666.6879883,44
2012_2,False,,666.6879883,44
2012_3,False,,666.6879883,44
2013_1,True,,301.1954041,19
2013_2,False,,301.1954041,19
2013_3,False,,301.1954041,19
2013_4,False,,301.1954041,19
2014_1,True,,666.6879883,4
2014_2,False,,666.6879883,4
2014_3,False,,666.6879883,4
2014_4,False,,666.6879883,4
2014_5,False,,666.6879883,4
2015_1,True,,106.0568237,49
2015_2,False,,106.0568237,49
2015_3,False,,106.0568237,49
2015_4,False,,106.0568237,49
2016_1,True,,1480.23999,26
2016_2,False,,1480.23999,26
2016_3,False,,1480.23999,26
2016_4,False,,1480.23999,26
2017_1,True,,666.6879883,33
2017_2,False,,666.6879883,33
2017_3,False,,666.6879883,33
2018_1,True,,675.8522949,48
2018_2,False,,675.8522949,48
2018_3,False,,675.8522949,48
2019_1,True,,1429.022583,6
2019_2,False,,1429.022583,6
2019_3,False,,1429.022583,6
2020_1,True,,663.3157959,8
2021_1,True,,110.7352905,49
2021_2,False,,110.7352905,49
2021_3,False,,110.7352905,49
2021_4,False,,110.7352905,49
2021_5,False,,110.7352905,49
2021_6,False,,110.7352905,49
2022_1,True,,666.6879883,44
2022_2,False,,666.6879883,44
2023_1,True,,659.7180786,12
2023_2,False,,659.7180786,12
2024_1,True,,337.8926697,19
2024_2,False,,337.8926697,19
2024_3,False,,337.8926697,19
2024_4,False,,337.8926697,19
2025_1,True,,663.3157959,14
2025_2,False,,663.3157959,14
2026_1,True,,962.1404419,46
2026_2,False,,962.1404419,46
2026_3,False,,962.1404419,46
2026_4,False,,962.1404419,46
2026_5,False,,962.1404419,46
2027_1,True,,273.0114441,9
2027_2,False,,273.0114441,9
2027_3,False,,273.0114441,9
2027_4,False,,273.0114441,9
2028_1,True,,963.7158813,31
2028_2,False,,963.7158813,31
2028_3,False,,963.7158813,31
2029_1,True,,777.2303467,18
2029_2,False,,777.2303467,18
2029_3,False,,777.2303467,18
2030_1,True,,663.3157959,17
2030_2,False,,663.3157959,17
2031_1,True,,675.8522949,48
2031_2,False,,675.8522949,48
2032_1,True,,1015.954529,46
2032_2,False,,1015.954529,46
2033_1,True,,1013.601074,21
2033_2,False,,1013.601074,21
2034_1,True,,1015.954529,46
2034_2,False,,1015.954529,46
2034_3,False,,1015.954529,46
2034_4,False,,1015.954529,46
2035_1,True,,301.1954041,19
2036_1,True,,301.1954041,19
2036_2,False,,301.1954041,19
2036_3,False,,301.1954041,19
2036_4,False,,301.1954041,19
2037_1,True,,663.3157959,42
2037_2,False,,663.3157959,42
2037_3,False,,663.3157959,42
2037_4,False,,663.3157959,42
2038_1,True,,110.7352905,49
2038_2,False,,110.7352905,49
2039_1,True,,337.8926697,19
2039_2,False,,337.8926697,19
2039_3,False,,337.8926697,19
2039_4,False,,337.8926697,19
2039_5,False,,337.8926697,19
2040_1,True,,963.3539429,31
2040_2,False,,963.3539429,31
2041_1,True,,2808.141113,39
2041_2,False,,2808.141113,39
2041_3,False,,2808.141113,39
2041_4,False,,2808.141113,39
2042_1,True,,963.3539429,31
2042_2,False,,963.3539429,31
2042_3,False,,963.3539429,31
2042_4,False,,963.3539429,31
2043_1,True,,301.1954041,19
2044_1,True,,301.1954041,19
2044_2,False,,301.1954041,19
2045_1,True,,663.3157959,5
2045_2,False,,663.3157959,5
2045_3,False,,663.3157959,5
2045_4,False,,663.3157959,5
2046_1,True,,663.3157959,33
2046_2,False,,663.3157959,33
2046_3,False,,663.3157959,33
2047_1,True,,301.1954041,19
2047_2,False,,301.1954041,19
2048_1,True,,273.0114441,9
2048_2,False,,273.0114441,9
2048_3,False,,273.0114441,9
2048_4,False,,273.0114441,9
2049_1,True,,337.8926697,19
2050_1,True,,675.8522949,48
2050_2,False,,675.8522949,48
2050_3,False,,675.8522949,48
2050_4,False,,675.8522949,48
2051_1,True,,2537.585693,39
2051_2,False,,2537.585693,39
2051_3,False,,2537.585693,39
2051_4,False,,2537.585693,39
2052_1,True,,301.1954041,19
2052_2,False,,301.1954041,19
2053_1,True,,337.8926697,19
2053_2,False,,337.8926697,19
2054_1,True,,1034.289795,21
2054_2,False,,1034.289795,21
2054_3,False,,1034.289795,21
2055_1,True,,337.8926697,19
2055_2,False,,337.8926697,19
2055_3,False,,337.8926697,19
2055_4,False,,337.8926697,19
2056_1,True,,2537.585693,39
2057_1,True,,663.3157959,44
2057_2,False,,663.3157959,44
2058_1,True,,663.3157959,4
2058_2,False,,663.3157959,4
2059_1,True,,301.1954041,19
2059_2,False,,301.1954041,19
2059_3,False,,301.1954041,19
2059_4,False,,301.1954041,19
2060_1,True,,301.1954041,19
2060_2,False,,301.1954041,19
2061_1,True,,301.1954041,19
2061_2,False,,301.1954041,19
2061_3,False,,301.1954041,19
2062_1,True,,666.6879883,33
2062_2,False,,666.6879883,33
2063_1,True,,1429.022583,6
2063_2,False,,1429.022583,6
2063_3,False,,1429.022583,6
2064_1,True,,273.0114441,9
2064_2,False,,273.0114441,9
2064_3,False,,273.0114441,9
2065_1,True,,110.7352905,49
2065_2,False,,110.7352905,49
2065_3,False,,110.7352905,49
2065_4,False,,110.7352905,49
2066_1,True,,301.1954041,19
2066_2,False,,301.1954041,19
2067_1,True,,962.1404419,46
2067_2,False,,962.1404419,46
2068_1,True,,802.7727051,18
2068_2,False,,802.7727051,18
2069_1,True,,963.3539429,31
2069_2,False,,963.3539429,31
2069_3,False,,963.3539429,31
2070_1,True,,1429.022583,6
2070_2,False,,1429.022583,6
2070_3,False,,1429.022583,6
2070_4,False,,1429.022583,6
2071_1,True,,110.7352905,49
2071_2,False,,110.7352905,49
2071_3,False,,110.7352905,49
2072_1,True,,666.6879883,13
2072_2,False,,666.6879883,13
2072_3,False,,666.6879883,13
2072_4,False,,666.6879883,13
2072_5,False,,666.6879883,13
2073_1,True,,663.3157959,33
2073_2,False,,663.3157959,33
2074_1,True,,110.7352905,49
2074_2,False,,110.7352905,49
2075_1,True,,106.0568237,49
2075_2,False,,106.0568237,49
2075_3,False,,106.0568237,49
2076_1,True,,273.0114441,9
2076_2,False,,273.0114441,9
2076_3,False,,273.0114441,9
2077_1,True,,962.1404419,46
2077_2,False,,962.1404419,46
2077_3,False,,962.1404419,46
2078_1,True,,273.0114441,9
2078_2,False,,273.0114441,9
2078_3,False,,273.0114441,9
2079_1,True,,962.1404419,46
2079_2,False,,962.1404419,46
2080_1,True,,2808.141113,39
2080_2,False,,2808.141113,39
2080_3,False,,2808.141113,39
2081_1,True,,1480.23999,26
2081_2,False,,1480.23999,26
2081_3,False,,1480.23999,26
2082_1,True,,802.7727051,18
2082_2,False,,802.7727051,18
2082_3,False,,802.7727051,18
2082_4,False,,802.7727051,18
2083_1,True,,1034.289795,21
2083_2,False,,1034.289795,21
2083_3,False,,1034.289795,21
2083_4,False,,1034.289795,21
2084_1,True,,301.1954041,19
2084_2,False,,301.1954041,19
2085_1,True,,337.8926697,19
2085_2,False,,337.8926697,19
2086_1,True,,337.8926697,19
2086_2,False,,337.8926697,19
2086_3,False,,337.8926697,19
2086_4,False,,337.8926697,19
2087_1,True,,1013.601074,21
2087_2,False,,1013.601074,21
2087_3,False,,1013.601074,21
2087_4,False,,1013.601074,21
2087_5,False,,1013.601074,21
2088_1,True,,337.8926697,19
2088_2,False,,337.8926697,19
2089_1,True,,691.5112915,12
2089_2,False,,691.5112915,12
2090_1,True,,691.5112915,25
2090_2,False,,691.5112915,25
2090_3,False,,691.5112915,25
2091_1,True,,301.1954041,19
2091_2,False,,301.1954041,19
2092_1,True,,663.3157959,30
2092_2,False,,663.3157959,30
2092_3,False,,663.3157959,30
2093_1,True,,666.6879883,24
2093_2,False,,666.6879883,24
2094_1,True,,1015.954529,46
2094_2,False,,1015.954529,46
2095_1,True,,1013.601074,21
2095_2,False,,1013.601074,21
2095_3,False,,1013.601074,21
2095_4,False,,1013.601074,21
2096_1,True,,663.3157959,44
2096_2,False,,663.3157959,44
2096_3,False,,663.3157959,44
2097_1,True,,666.6879883,17
2097_2,False,,666.6879883,17
2097_3,False,,666.6879883,17
2097_4,False,,666.6879883,17
2098_1,True,,691.5112915,10
2098_2,False,,691.5112915,10
2099_1,True,,337.8926697,19
2099_2,False,,337.8926697,19
2099_3,False,,337.8926697,19
2100_1,True,,106.0568237,49
2100_2,False,,106.0568237,49
2100_3,False,,106.0568237,49
2101_1,True,,663.3157959,7
2101_2,False,,663.3157959,7
2101_3,False,,663.3157959,7
2101_4,False,,663.3157959,7
2102_1,True,,675.8522949,48
2102_2,False,,675.8522949,48
2103_1,True,,666.6879883,38
2103_2,False,,666.6879883,38
2103_3,False,,666.6879883,38
2104_1,True,,1480.23999,26
2104_2,False,,1480.23999,26
2104_3,False,,1480.23999,26
2105_1,True,,666.6879883,38
2105_2,False,,666.6879883,38
2105_3,False,,666.6879883,38
2106_1,True,,110.7352905,49
2107_1,True,,301.1954041,19
2107_2,False,,301.1954041,19
2108_1,True,,273.0114441,9
2108_2,False,,273.0114441,9
2109_1,True,,1429.022583,6
2109_2,False,,1429.022583,6
2109_3,False,,1429.022583,6
2109_4,False,,1429.022583,6
2110_1,True,,273.0114441,9
2111_1,True,,110.7352905,49
2111_2,False,,110.7352905,49
2111_3,False,,110.7352905,49
2111_4,False,,110.7352905,49
2112_1,True,,802.7727051,18
2112_2,False,,802.7727051,18
2112_3,False,,802.7727051,18
2112_4,False,,802.7727051,18
2112_5,False,,802.7727051,18
2113_1,True,,663.3157959,38
2113_2,False,,663.3157959,38
2113_3,False,,663.3157959,38
2114_1,True,,666.6879883,38
2114_2,False,,666.6879883,38
2115_1,True,,2537.585693,39
2115_2,False,,2537.585693,39
2116_1,True,,1013.601074,21
2116_2,False,,1013.601074,21
2116_3,False,,1013.601074,21
2116_4,False,,1013.601074,21
2116_5,False,,1013.601074,21
2117_1,True,,1015.954529,46
2117_2,False,,1015.954529,46
2117_3,False,,1015.954529,46
2118_1,True,,666.6879883,44
2118_2,False,,666.6879883,44
2119_1,True,,1429.022583,6
2119_2,False,,1429.022583,6
2120_1,True,,301.1954041,19
2121_1,True,,663.3157959,44
2121_2,False,,663.3157959,44
2122_1,True,,2537.585693,39
2123_1,True,,1429.022583,6
2123_2,False,,1429.022583,6
2123_3,False,,1429.022583,6
2123_4,False,,1429.022583,6
2123_5,False,,1429.022583,6
2124_1,True,,301.1954041,19
2124_2,False,,301.1954041,19
2124_3,False,,301.1954041,19
2124_4,False,,301.1954041,19
2124_5,False,,301.1954041,19
2125_1,True,,1483.921753,26
2125_2,False,,1483.921753,26
2126_1,True,,2537.585693,39
2126_2,False,,2537.585693,39
2126_3,False,,2537.585693,39
2127_1,True,,663.3157959,36
2127_2,False,,663.3157959,36
2127_3,False,,663.3157959,36
2128_1,True,,1013.601074,21
2128_2,False,,1013.601074,21
2128_3,False,,1013.601074,21
2128_4,False,,1013.601074,21
2128_5,False,,1013.601074,21
2129_1,True,,1013.601074,21
2129_2,False,,1013.601074,21
2129_3,False,,1013.601074,21
2129_4,False,,1013.601074,21
2130_1,True,,1429.022583,6
2130_2,False,,1429.022583,6
2130_3,False,,1429.022583,6
2130_4,False,,1429.022583,6
2131_1,True,,963.3539429,31
2131_2,False,,963.3539429,31
2131_3,False,,963.3539429,31
2131_4,False,,963.3539429,31
2132_1,True,,663.3157959,4
2132_2,False,,663.3157959,4
2133_1,True,,2808.141113,39
2133_2,False,,2808.141113,39
2134_1,True,,666.6879883,33
2134_2,False,,666.6879883,33
2135_1,True,,663.3157959,27
2135_2,False,,663.3157959,27
2136_1,True,,110.7352905,49
2136_2,False,,110.7352905,49
2137_1,True,,666.6879883,44
2137_2,False,,666.6879883,44
2137_3,False,,666.6879883,44
2138_1,True,,337.8926697,19
2138_2,False,,337.8926697,19
2139_1,True,,1483.921753,26
2139_2,False,,1483.921753,26
2139_3,False,,1483.921753,26
2140_1,True,,1034.289795,21
2140_2,False,,1034.289795,21
2140_3,False,,1034.289795,21
2140_4,False,,1034.289795,21
2140_5,False,,1034.289795,21
2141_1,True,,1407.310669,6
2141_2,False,,1407.310669,6
2141_3,False,,1407.310669,6
2141_4,False,,1407.310669,6
2142_1,True,,337.8926697,19
2142_2,False,,337.8926697,19
2143_1,True,,963.7158813,31
2143_2,False,,963.7158813,31
2143_3,False,,963.7158813,31
2143_4,False,,963.7158813,31
2144_1,True,,679.5336914,48
2144_2,False,,679.5336914,48
2145_1,True,,663.3157959,38
2145_2,False,,663.3157959,38
2145_3,False,,663.3157959,38
2145_4,False,,663.3157959,38
2146_1,True,,666.6879883,33
2146_2,False,,666.6879883,33
2147_1,True,,337.8926697,19
2147_2,False,,337.8926697,19
2147_3,False,,337.8926697,19
2148_1,True,,337.8926697,19
2148_2,False,,337.8926697,19
2148_3,False,,337.8926697,19
2149_1,True,,963.7158813,31
2149_2,False,,963.7158813,31
2149_3,False,,963.7158813,31
2149_4,False,,963.7158813,31
2150_1,True,,1015.954529,46
2150_2,False,,1015.954529,46
2150_3,False,,1015.954529,46
2150_4,False,,1015.954529,46
2151_1,True,,110.7352905,49
2151_2,False,,110.7352905,49
2152_1,True,,273.0114441,9
2153_1,True,,1429.022583,6
2153_2,False,,1429.022583,6
2154_1,True,,106.0568237,49
2154_2,False,,106.0568237,49
2154_3,False,,106.0568237,49
2154_4,False,,106.0568237,49
2155_1,True,,1480.23999,26
2155_2,False,,1480.23999,26
2156_1,True,,1429.022583,6
2157_1,True,,659.7180786,41
2157_2,False,,659.7180786,41
2157_3,False,,659.7180786,41
2157_4,False,,659.7180786,41
2157_5,False,,659.7180786,41
2158_1,True,,110.7352905,49
2159_1,True,,1480.23999,26
2159_2,False,,1480.23999,26
2159_3,False,,1480.23999,26
2159_4,False,,1480.23999,26
2160_1,True,,659.7180786,10
2160_2,False,,659.7180786,10
2160_3,False,,659.7180786,10
2160_4,False,,659.7180786,10
2160_5,False,,659.7180786,10
2161_1,True,,1480.23999,26
2161_2,False,,1480.23999,26
2162_1,True,,1429.022583,6
2162_2,False,,1429.022583,6
2162_3,False,,1429.022583,6
2163_1,True,,1034.289795,21
2163_2,False,,1034.289795,21
2163_3,False,,1034.289795,21
2164_1,True,,106.0568237,49
2164_2,False,,106.0568237,49
2164_3,False,,106.0568237,49
2164_4,False,,106.0568237,49
2165_1,True,,663.3157959,42
2165_2,False,,663.3157959,42
2165_3,False,,663.3157959,42
2166_1,True,,802.7727051,18
2166_2,False,,802.7727051,18
2166_3,False,,802.7727051,18
2166_4,False,,802.7727051,18
2167_1,True,,337.8926697,19
2168_1,True,,663.3157959,13
2169_1,True,,663.3157959,38
2169_2,False,,663.3157959,38
2170_1,True,,1015.954529,46
2170_2,False,,1015.954529,46
2170_3,False,,1015.954529,46
2170_4,False,,1015.954529,46
2171_1,True,,110.7352905,49
2171_2,False,,110.7352905,49
2171_3,False,,110.7352905,49
2172_1,True,,1013.601074,21
2172_2,False,,1013.601074,21
2172_3,False,,1013.601074,21
2173_1,True,,663.3157959,47
2173_2,False,,663.3157959,47
2173_3,False,,663.3157959,47
2173_4,False,,663.3157959,47
2173_5,False,,663.3157959,47
2174_1,True,,962.1404419,46
2174_2,False,,962.1404419,46
2175_1,True,,962.1404419,46
2175_2,False,,962.1404419,46
2175_3,False,,962.1404419,46
2175_4,False,,962.1404419,46
2175_5,False,,962.1404419,46
2176_1,True,,110.7352905,49
2176_2,False,,110.7352905,49
2176_3,False,,110.7352905,49
2176_4,False,,110.7352905,49
2176_5,False,,110.7352905,49
2177_1,True,,802.7727051,18
2177_2,False,,802.7727051,18
2177_3,False,,802.7727051,18
2178_1,True,,301.1954041,19
2179_1,True,,802.7727051,18
2179_2,False,,802.7727051,18
2179_3,False,,802.7727051,18
2179_4,False,,802.7727051,18
2180_1,True,,301.1954041,19
2180_2,False,,301.1954041,19
2181_1,True,,675.8522949,48
2181_2,False,,675.8522949,48
2181_3,False,,675.8522949,48
2181_4,False,,675.8522949,48
2181_5,False,,675.8522949,48
2182_1,True,,337.8926697,19
2182_2,False,,337.8926697,19
2182_3,False,,337.8926697,19
2183_1,True,,1429.022583,6
2183_2,False,,1429.022583,6
2184_1,True,,691.5112915,12
2184_2,False,,691.5112915,12
2184_3,False,,691.5112915,12
2185_1,True,,1429.022583,6
2185_2,False,,1429.022583,6
2185_3,False,,1429.022583,6
2185_4,False,,1429.022583,6
2185_5,False,,1429.022583,6
2185_6,False,,1429.022583,6
2186_1,True,,666.6879883,44
2186_2,False,,666.6879883,44
2186_3,False,,666.6879883,44
2187_1,True,,802.7727051,18
2187_2,False,,802.7727051,18
2187_3,False,,802.7727051,18
2187_4,False,,802.7727051,18
2187_5,False,,802.7727051,18
2188_1,True,,2537.585693,39
2188_2,False,,2537.585693,39
2188_3,False,,2537.585693,39
2189_1,True,,802.7727051,18
2189_2,False,,802.7727051,18
2190_1,True,,1429.022583,6
2190_2,False,,1429.022583,6
2191_1,True,,666.6879883,38
2191_2,False,,666.6879883,38
2191_3,False,,666.6879883,38
2192_1,True,,675.8522949,48
2192_2,False,,675.8522949,48
2192_3,False,,675.8522949,48
2193_1,True,,1480.23999,26
2193_2,False,,1480.23999,26
2194_1,True,,273.0114441,9
2194_2,False,,273.0114441,9
2194_3,False,,273.0114441,9
2194_4,False,,273.0114441,9
2195_1,True,,663.3157959,44
2196_1,True,,963.3539429,31
2197_1,True,,337.8926697,19
2197_2,False,,337.8926697,19
2197_3,False,,337.8926697,19
2198_1,True,,666.6879883,4
2198_2,False,,666.6879883,4
2198_3,False,,666.6879883,4
2198_4,False,,666.6879883,4
2199_1,True,,675.8522949,48
2199_2,False,,675.8522949,48
2199_3,False,,675.8522949,48
2199_4,False,,675.8522949,48
2200_1,True,,301.1954041,19
2201_1,True,,337.8926697,19
2201_2,False,,337.8926697,19
2201_3,False,,337.8926697,19
2202_1,True,,106.0568237,49
2202_2,False,,106.0568237,49
2202_3,False,,106.0568237,49
2202_4,False,,106.0568237,49
2203_1,True,,802.7727051,18
2203_2,False,,802.7727051,18
2204_1,True,,691.5112915,12
2204_2,False,,691.5112915,12
2205_1,True,,273.0114441,9
2206_1,True,,337.8926697,19
2207_1,True,,679.5336914,48
2207_2,False,,679.5336914,48
2207_3,False,,679.5336914,48
2208_1,True,,962.1404419,46
2208_2,False,,962.1404419,46
2208_3,False,,962.1404419,46
2208_4,False,,962.1404419,46
2209_1,True,,1480.23999,26
2209_2,False,,1480.23999,26
2209_3,False,,1480.23999,26
2209_4,False,,1480.23999,26
2210_1,True,,106.0568237,49
2211_1,True,,777.2303467,18
2211_2,False,,777.2303467,18
2211_3,False,,777.2303467,18
2212_1,True,,663.3157959,14
2212_2,False,,663.3157959,14
2212_3,False,,663.3157959,14
2213_1,True,,663.3157959,30
2213_2,False,,663.3157959,30
2213_3,False,,663.3157959,30
2214_1,True,,1015.954529,46
2214_2,False,,1015.954529,46
2214_3,False,,1015.954529,46
2215_1,True,,691.5112915,41
2215_2,False,,691.5112915,41
2215_3,False,,691.5112915,41
2215_4,False,,691.5112915,41
2216_1,True,,666.6879883,33
2216_2,False,,666.6879883,33
2216_3,False,,666.6879883,33
2217_1,True,,2537.585693,39
2217_2,False,,2537.585693,39
2218_1,True,,1429.022583,6
2218_2,False,,1429.022583,6
2218_3,False,,1429.022583,6
2219_1,True,,1015.954529,46
2219_2,False,,1015.954529,46
2220_1,True,,675.8522949,48
2220_2,False,,675.8522949,48
2220_3,False,,675.8522949,48
2221_1,True,,1015.954529,46
2221_2,False,,1015.954529,46
2222_1,True,,337.8926697,19
2222_2,False,,337.8926697,19
2223_1,True,,1407.310669,6
2223_2,False,,1407.310669,6
2223_3,False,,1407.310669,6
2223_4,False,,1407.310669,6
2223_5,False,,1407.310669,6
2224_1,True,,666.6879883,33
2224_2,False,,666.6879883,33
2224_3,False,,666.6879883,33
2224_4,False,,666.6879883,33
2225_1,True,,337.8926697,19
2225_2,False,,337.8926697,19
2226_1,True,,1480.23999,26
2226_2,False,,1480.23999,26
2226_3,False,,1480.23999,26
2226_4,False,,1480.23999,26
2227_1,True,,301.1954041,19
2227_2,False,,301.1954041,19
2227_3,False,,301.1954041,19
2228_1,True,,1429.022583,6
2228_2,False,,1429.022583,6
2228_3,False,,1429.022583,6
2228_4,False,,1429.022583,6
2229_1,True,,1480.23999,26
2229_2,False,,1480.23999,26
2229_3,False,,1480.23999,26
2229_4,False,,1480.23999,26
2229_5,False,,1480.23999,26
2230_1,True,,301.1954041,19
2231_1,True,,2537.585693,39
2231_2,False,,2537.585693,39
2232_1,True,,2808.141113,39
2232_2,False,,2808.141113,39
2232_3,False,,2808.141113,39
2232_4,False,,2808.141113,39
2233_1,True,,2537.585693,39
2233_2,False,,2537.585693,39
2233_3,False,,2537.585693,39
2234_1,True,,1480.23999,26
2234_2,False,,1480.23999,26
2234_3,False,,1480.23999,26
2235_1,True,,679.5336914,48
2235_2,False,,679.5336914,48
2235_3,False,,679.5336914,48
2235_4,False,,679.5336914,48
2236_1,True,,963.3539429,31
2236_2,False,,963.3539429,31
2236_3,False,,963.3539429,31
2236_4,False,,963.3539429,31
2236_5,False,,963.3539429,31
2237_1,True,,666.6879883,14
2237_2,False,,666.6879883,14
2237_3,False,,666.6879883,14
2237_4,False,,666.6879883,14
2237_5,False,,666.6879883,14
2238_1,True,,663.3157959,44
2238_2,False,,663.3157959,44
2238_3,False,,663.3157959,44
2239_1,True,,301.1954041,19
2239_2,False,,301.1954041,19
2239_3,False,,301.1954041,19
2240_1,True,,1480.23999,26
2240_2,False,,1480.23999,26
2240_3,False,,1480.23999,26
2240_4,False,,1480.23999,26
2241_1,True,,110.7352905,49
2241_2,False,,110.7352905,49
2242_1,True,,1407.310669,6
2242_2,False,,1407.310669,6
2243_1,True,,666.6879883,29
2243_2,False,,666.6879883,29
2243_3,False,,666.6879883,29
2243_4,False,,666.6879883,29
2243_5,False,,666.6879883,29
2243_6,False,,666.6879883,29
2244_1,True,,1429.022583,6
2244_2,False,,1429.022583,6
2244_3,False,,1429.022583,6
2245_1,True,,1480.23999,26
2245_2,False,,1480.23999,26
2246_1,True,,1034.289795,21
2246_2,False,,1034.289795,21
2246_3,False,,1034.289795,21
2246_4,False,,1034.289795,21
2247_1,True,,301.1954041,19
2247_2,False,,301.1954041,19
2248_1,True,,1429.022583,6
2248_2,False,,1429.022583,6
2248_3,False,,1429.022583,6
2248_4,False,,1429.022583,6
2248_5,False,,1429.022583,6
2248_6,False,,1429.022583,6
2249_1,True,,110.7352905,49
2249_2,False,,110.7352905,49
2249_3,False,,110.7352905,49
2250_1,True,,963.3539429,31
2250_2,False,,963.3539429,31
2250_3,False,,963.3539429,31
2250_4,False,,963.3539429,31
2250_5,False,,963.3539429,31
2251_1,True,,1015.954529,46
2252_1,True,,1483.921753,26
2252_2,False,,1483.921753,26
2252_3,False,,1483.921753,26
2253_1,True,,659.7180786,12
2254_1,True,,691.5112915,10
2254_2,False,,691.5112915,10
2254_3,False,,691.5112915,10
2254_4,False,,691.5112915,10
2255_1,True,,663.3157959,33
2255_2,False,,663.3157959,33
2256_1,True,,1034.289795,21
2256_2,False,,1034.289795,21
2256_3,False,,1034.289795,21
2257_1,True,,258.2655334,9
2257_2,False,,258.2655334,9
2258_1,True,,337.8926697,19
2258_2,False,,337.8926697,19
2259_1,True,,1480.23999,26
2259_2,False,,1480.23999,26
2260_1,True,,2537.585693,39
2260_2,False,,2537.585693,39
2261_1,True,,110.7352905,49
2261_2,False,,110.7352905,49
2261_3,False,,110.7352905,49
2262_1,True,,802.7727051,18
2262_2,False,,802.7727051,18
2263_1,True,,337.8926697,19
2263_2,False,,337.8926697,19
2264_1,True,,337.8926697,19
2264_2,False,,337.8926697,19
2264_3,False,,337.8926697,19
2264_4,False,,337.8926697,19
2265_1,True,,675.8522949,48
2265_2,False,,675.8522949,48
2265_3,False,,675.8522949,48
2266_1,True,,1015.954529,46
2266_2,False,,1015.954529,46
2266_3,False,,1015.954529,46
2267_1,True,,802.7727051,18
2268_1,True,,110.7352905,49
2268_2,False,,110.7352905,49
2268_3,False,,110.7352905,49
2269_1,True,,802.7727051,18
2269_2,False,,802.7727051,18
2270_1,True,,962.1404419,46
2270_2,False,,962.1404419,46
2270_3,False,,962.1404419,46
2270_4,False,,962.1404419,46
2271_1,True,,666.6879883,36
2271_2,False,,666.6879883,36
2271_3,False,,666.6879883,36
2271_4,False,,666.6879883,36
2271_5,False,,666.6879883,36
2272_1,True,,1429.022583,6
2272_2,False,,1429.022583,6
2272_3,False,,1429.022583,6
2272_4,False,,1429.022583,6
2273_1,True,,110.7352905,49
2273_2,False,,110.7352905,49
2274_1,True,,1483.921753,26
2274_2,False,,1483.921753,26
2274_3,False,,1483.921753,26
2275_1,True,,1407.310669,6
2275_2,False,,1407.310669,6
2275_3,False,,1407.310669,6
2275_4,False,,1407.310669,6
2276_1,True,,679.5336914,48
2276_2,False,,679.5336914,48
2276_3,False,,679.5336914,48
2276_4,False,,679.5336914,48
2277_1,True,,1034.289795,21
2277_2,False,,1034.289795,21
2278_1,True,,777.2303467,18
2278_2,False,,777.2303467,18
2278_3,False,,777.2303467,18
2279_1,True,,666.6879883,13
2279_2,False,,666.6879883,13
2280_1,True,,273.0114441,9
2280_2,False,,273.0114441,9
2281_1,True,,675.8522949,48
2281_2,False,,675.8522949,48
2281_3,False,,675.8522949,48
2281_4,False,,675.8522949,48
2282_1,True,,663.3157959,44
2282_2,False,,663.3157959,44
2283_1,True,,962.1404419,46
2283_2,False,,962.1404419,46
2284_1,True,,1483.921753,26
2284_2,False,,1483.921753,26
2285_1,True,,258.2655334,9
2285_2,False,,258.2655334,9
2285_3,False,,258.2655334,9
2285_4,False,,258.2655334,9
2286_1,True,,962.1404419,46
2287_1,True,,962.1404419,46
2287_2,False,,962.1404419,46
2287_3,False,,962.1404419,46
2287_4,False,,962.1404419,46
2288_1,True,,663.3157959,5
2288_2,False,,663.3157959,5
2289_1,True,,659.7180786,12
2289_2,False,,659.7180786,12
2289_3,False,,659.7180786,12
2289_4,False,,659.7180786,12
2290_1,True,,301.1954041,19
2291_1,True,,273.0114441,9
2291_2,False,,273.0114441,9
2291_3,False,,273.0114441,9
2292_1,True,,2808.141113,39
2293_1,True,,1015.954529,46
2293_2,False,,1015.954529,46
2293_3,False,,1015.954529,46
2294_1,True,,1429.022583,6
2294_2,False,,1429.022583,6
2294_3,False,,1429.022583,6
2294_4,False,,1429.022583,6
2295_1,True,,301.1954041,19
2295_2,False,,301.1954041,19
2295_3,False,,301.1954041,19
2296_1,True,,1013.601074,21
2296_2,False,,1013.601074,21
2297_1,True,,258.2655334,9
2297_2,False,,258.2655334,9
2297_3,False,,258.2655334,9
2298_1,True,,1013.601074,21
2298_2,False,,1013.601074,21
2299_1,True,,2537.585693,39
2299_2,False,,2537.585693,39
2299_3,False,,2537.585693,39
2299_4,False,,2537.585693,39
2299_5,False,,2537.585693,39
2300_1,True,,691.5112915,45
2300_2,False,,691.5112915,45
2300_3,False,,691.5112915,45
2300_4,False,,691.5112915,45
2301_1,True,,2537.585693,39
2301_2,False,,2537.585693,39
2301_3,False,,2537.585693,39
2301_4,False,,2537.585693,39
2302_1,True,,1429.022583,6
2302_2,False,,1429.022583,6
2302_3,False,,1429.022583,6
2303_1,True,,663.3157959,33
2303_2,False,,663.3157959,33
2303_3,False,,663.3157959,33
2303_4,False,,663.3157959,33
2304_1,True,,110.7352905,49
2304_2,False,,110.7352905,49
2304_3,False,,110.7352905,49
2304_4,False,,110.7352905,49
2305_1,True,,1483.921753,26
2305_2,False,,1483.921753,26
2305_3,False,,1483.921753,26
2305_4,False,,1483.921753,26
2305_5,False,,1483.921753,26
2306_1,True,,663.3157959,1
2307_1,True,,1407.310669,6
2307_2,False,,1407.310669,6
2307_3,False,,1407.310669,6
2307_4,False,,1407.310669,6
2307_5,False,,1407.310669,6
2307_6,False,,1407.310669,6
2307_7,False,,1407.310669,6
2308_1,True,,258.2655334,9
2308_2,False,,258.2655334,9
2309_1,True,,258.2655334,9
2309_2,False,,258.2655334,9
2310_1,True,,663.3157959,47
2310_2,False,,663.3157959,47
2311_1,True,,1013.601074,21
2311_2,False,,1013.601074,21
2311_3,False,,1013.601074,21
2312_1,True,,1015.954529,46
2312_2,False,,1015.954529,46
2312_3,False,,1015.954529,46
2312_4,False,,1015.954529,46
2313_1,True,,962.1404419,46
2313_2,False,,962.1404419,46
2313_3,False,,962.1404419,46
2313_4,False,,962.1404419,46
2314_1,True,,777.2303467,18
2314_2,False,,777.2303467,18
2315_1,True,,1034.289795,21
2315_2,False,,1034.289795,21
2315_3,False,,1034.289795,21
2315_4,False,,1034.289795,21
2316_1,True,,962.1404419,46
2316_2,False,,962.1404419,46
2316_3,False,,962.1404419,46
2317_1,True,,663.3157959,33
2317_2,False,,663.3157959,33
2317_3,False,,663.3157959,33
2318_1,True,,666.6879883,20
2318_2,False,,666.6879883,20
2318_3,False,,666.6879883,20
2319_1,True,,1429.022583,6
2319_2,False,,1429.022583,6
2319_3,False,,1429.022583,6
2319_4,False,,1429.022583,6
2320_1,True,,1407.310669,6
2320_2,False,,1407.310669,6
2320_3,False,,1407.310669,6
2320_4,False,,1407.310669,6
2321_1,True,,963.3539429,31
2321_2,False,,963.3539429,31
2321_3,False,,963.3539429,31
2322_1,True,,1429.022583,6
2322_2,False,,1429.022583,6
2322_3,False,,1429.022583,6
2322_4,False,,1429.022583,6
2323_1,True,,301.1954041,19
2323_2,False,,301.1954041,19
2324_1,True,,963.7158813,31
2324_2,False,,963.7158813,31
2324_3,False,,963.7158813,31
2325_1,True,,1034.289795,21
2325_2,False,,1034.289795,21
2325_3,False,,1034.289795,21
2325_4,False,,1034.289795,21
2325_5,False,,1034.289795,21
2325_6,False,,1034.289795,21
2326_1,True,,1407.310669,6
2326_2,False,,1407.310669,6
2326_3,False,,1407.310669,6
2327_1,True,,963.3539429,31
2327_2,False,,963.3539429,31
2327_3,False,,963.3539429,31
2328_1,True,,1034.289795,21
2328_2,False,,1034.289795,21
2328_3,False,,1034.289795,21
2329_1,True,,666.6879883,14
2329_2,False,,666.6879883,14
2330_1,True,,663.3157959,13
2330_2,False,,663.3157959,13
2331_1,True,,663.3157959,24
2331_2,False,,663.3157959,24
2332_1,True,,106.0568237,49
2332_2,False,,106.0568237,49
2332_3,False,,106.0568237,49
2333_1,True,,962.1404419,46
2333_2,False,,962.1404419,46
2333_3,False,,962.1404419,46
2334_1,True,,663.3157959,33
2334_2,False,,663.3157959,33
2334_3,False,,663.3157959,33
2335_1,True,,258.2655334,9
2335_2,False,,258.2655334,9
2335_3,False,,258.2655334,9
2335_4,False,,258.2655334,9
2336_1,True,,1013.601074,21
2337_1,True,,337.8926697,19
2337_2,False,,337.8926697,19
2337_3,False,,337.8926697,19
2337_4,False,,337.8926697,19
2337_5,False,,337.8926697,19
2338_1,True,,273.0114441,9
2338_2,False,,273.0114441,9
2338_3,False,,273.0114441,9
2339_1,True,,666.6879883,47
2339_2,False,,666.6879883,47
2340_1,True,,301.1954041,19
2340_2,False,,301.1954041,19
2341_1,True,,106.0568237,49
2341_2,False,,106.0568237,49
2341_3,False,,106.0568237,49
2341_4,False,,106.0568237,49
2342_1,True,,110.7352905,49
2342_2,False,,110.7352905,49
2342_3,False,,110.7352905,49
2343_1,True,,663.3157959,13
2343_2,False,,663.3157959,13
2344_1,True,,106.0568237,49
2344_2,False,,106.0568237,49
2344_3,False,,106.0568237,49
2345_1,True,,337.8926697,19
2345_2,False,,337.8926697,19
2345_3,False,,337.8926697,19
2346_1,True,,110.7352905,49
2346_2,False,,110.7352905,49
2346_3,False,,110.7352905,49
2347_1,True,,2537.585693,39
2347_2,False,,2537.585693,39
2347_3,False,,2537.585693,39
2348_1,True,,963.3539429,31
2348_2,False,,963.3539429,31
2348_3,False,,963.3539429,31
2348_4,False,,963.3539429,31
2349_1,True,,1015.954529,46
2349_2,False,,1015.954529,46
2349_3,False,,1015.954529,46
2350_1,True,,802.7727051,18
2350_2,False,,802.7727051,18
2350_3,False,,802.7727051,18
2351_1,True,,1034.289795,21
2351_2,False,,1034.289795,21
2351_3,False,,1034.289795,21
2351_4,False,,1034.289795,21
2352_1,True,,963.7158813,31
2352_2,False,,963.7158813,31
2352_3,False,,963.7158813,31
2352_4,False,,963.7158813,31
2353_1,True,,1013.601074,21
2353_2,False,,1013.601074,21
2353_3,False,,1013.601074,21
2353_4,False,,1013.601074,21
2354_1,True,,666.6879883,13
2354_2,False,,666.6879883,13
2354_3,False,,666.6879883,13
2355_1,True,,1013.601074,21
2355_2,False,,1013.601074,21
2355_3,False,,1013.601074,21
2355_4,False,,1013.601074,21
2356_1,True,,1429.022583,6
2356_2,False,,1429.022583,6
2356_3,False,,1429.022583,6
2357_1,True,,301.1954041,19
2357_2,False,,301.1954041,19
2358_1,True,,663.3157959,29
2358_2,False,,663.3157959,29
2358_3,False,,663.3157959,29
2359_1,True,,1480.23999,26
2360_1,True,,666.6879883,44
2360_2,False,,666.6879883,44
2360_3,False,,666.6879883,44
2361_1,True,,659.7180786,12
2361_2,False,,659.7180786,12
2361_3,False,,659.7180786,12
2361_4,False,,659.7180786,12
2362_1,True,,2537.585693,39
2362_2,False,,2537.585693,39
2363_1,True,,2808.141113,39
2363_2,False,,2808.141113,39
2364_1,True,,301.1954041,19
2364_2,False,,301.1954041,19
2364_3,False,,301.1954041,19
2365_1,True,,337.8926697,19
2365_2,False,,337.8926697,19
2366_1,True,,666.6879883,17
2366_2,False,,666.6879883,17
2366_3,False,,666.6879883,17
2367_1,True,,1034.289795,21
2367_2,False,,1034.289795,21
2367_3,False,,1034.289795,21
2367_4,False,,1034.289795,21
2368_1,True,,106.0568237,49
2368_2,False,,106.0568237,49
2368_3,False,,106.0568237,49
2368_4,False,,106.0568237,49
2369_1,True,,962.1404419,46
2369_2,False,,962.1404419,46
2369_3,False,,962.1404419,46
2370_1,True,,1034.289795,21
2370_2,False,,1034.289795,21
2370_3,False,,1034.289795,21
2370_4,False,,1034.289795,21
2371_1,True,,2537.585693,39
2371_2,False,,2537.585693,39
2372_1,True,,337.8926697,19
2372_2,False,,337.8926697,19
2372_3,False,,337.8926697,19
2372_4,False,,337.8926697,19
2372_5,False,,337.8926697,19
2372_6,False,,337.8926697,19
2372_7,False,,337.8926697,19
2373_1,True,,106.0568237,49
2373_2,False,,106.0568237,49
2373_3,False,,106.0568237,49
2374_1,True,,273.0114441,9
2374_2,False,,273.0114441,9
2374_3,False,,273.0114441,9
2375_1,True,,963.7158813,31
2375_2,False,,963.7158813,31
2375_3,False,,963.7158813,31
2375_4,False,,963.7158813,31
2376_1,True,,1034.289795,21
2376_2,False,,1034.289795,21
2376_3,False,,1034.289795,21
2377_1,True,,273.0114441,9
2377_2,False,,273.0114441,9
2377_3,False,,273.0114441,9
2377_4,False,,273.0114441,9
2378_1,True,,1015.954529,46
2379_1,True,,258.2655334,9
2379_2,False,,258.2655334,9
2379_3,False,,258.2655334,9
2379_4,False,,258.2655334,9
2380_1,True,,675.8522949,48
2380_2,False,,675.8522949,48
2380_3,False,,675.8522949,48
2380_4,False,,675.8522949,48
2380_5,False,,675.8522949,48
2381_1,True,,666.6879883,47
2382_1,True,,1480.23999,26
2382_2,False,,1480.23999,26
2382_3,False,,1480.23999,26
2383_1,True,,675.8522949,48
2383_2,False,,675.8522949,48
2383_3,False,,675.8522949,48
2384_1,True,,659.7180786,41
2384_2,False,,659.7180786,41
2384_3,False,,659.7180786,41
2384_4,False,,659.7180786,41
2385_1,True,,1480.23999,26
2385_2,False,,1480.23999,26
2385_3,False,,1480.23999,26
2386_1,True,,962.1404419,46
2386_2,False,,962.1404419,46
2387_1,True,,663.3157959,33
2387_2,False,,663.3157959,33
2387_3,False,,663.3157959,33
2388_1,True,,802.7727051,18
2388_2,False,,802.7727051,18
2388_3,False,,802.7727051,18
2388_4,False,,802.7727051,18
2389_1,True,,663.3157959,30
2389_2,False,,663.3157959,30
2389_3,False,,663.3157959,30
2390_1,True,,777.2303467,18
2390_2,False,,777.2303467,18
2390_3,False,,777.2303467,18
2391_1,True,,1034.289795,21
2391_2,False,,1034.289795,21
2391_3,False,,1034.289795,21
2391_4,False,,1034.289795,21
2392_1,True,,663.3157959,4
2392_2,False,,663.3157959,4
2392_3,False,,663.3157959,4
2393_1,True,,1480.23999,26
2393_2,False,,1480.23999,26
2393_3,False,,1480.23999,26
2393_4,False,,1480.23999,26
2393_5,False,,1480.23999,26
2394_1,True,,273.0114441,9
2394_2,False,,273.0114441,9
2394_3,False,,273.0114441,9
2395_1,True,,963.3539429,31
2395_2,False,,963.3539429,31
2395_3,False,,963.3539429,31
2396_1,True,,663.3157959,38
2396_2,False,,663.3157959,38
2396_3,False,,663.3157959,38
2397_1,True,,663.3157959,32
2398_1,True,,1034.289795,21
2398_2,False,,1034.289795,21
2399_1,True,,1429.022583,6
2399_2,False,,1429.022583,6
2400_1,True,,963.3539429,31
2400_2,False,,963.3539429,31
2401_1,True,,273.0114441,9
2401_2,False,,273.0114441,9
2401_3,False,,273.0114441,9
2401_4,False,,273.0114441,9
2402_1,True,,663.3157959,4
2402_2,False,,663.3157959,4
2403_1,True,,691.5112915,25
2403_2,False,,691.5112915,25
2404_1,True,,110.7352905,49
2404_2,False,,110.7352905,49
2404_3,False,,110.7352905,49
2405_1,True,,675.8522949,48
2405_2,False,,675.8522949,48
2406_1,True,,802.7727051,18
2406_2,False,,802.7727051,18
2406_3,False,,802.7727051,18
2406_4,False,,802.7727051,18
2407_1,True,,2808.141113,39
2407_2,False,,2808.141113,39
2408_1,True,,666.6879883,44
2408_2,False,,666.6879883,44
2408_3,False,,666.6879883,44
2409_1,True,,963.3539429,31
2409_2,False,,963.3539429,31
2410_1,True,,2808.141113,39
2410_2,False,,2808.141113,39
2411_1,True,,337.8926697,19
2412_1,True,,273.0114441,9
2412_2,False,,273.0114441,9
2412_3,False,,273.0114441,9
2412_4,False,,273.0114441,9
2413_1,True,,663.3157959,33
2413_2,False,,663.3157959,33
2414_1,True,,962.1404419,46
2415_1,True,,663.3157959,37
2415_2,False,,663.3157959,37
2416_1,True,,1015.954529,46
2416_2,False,,1015.954529,46
2416_3,False,,1015.954529,46
2417_1,True,,663.3157959,5
2417_2,False,,663.3157959,5
2417_3,False,,663.3157959,5
2417_4,False,,663.3157959,5
2418_1,True,,963.3539429,31
2418_2,False,,963.3539429,31
2418_3,False,,963.3539429,31
2418_4,False,,963.3539429,31
2419_1,True,,691.5112915,25
2419_2,False,,691.5112915,25
2419_3,False,,691.5112915,25
2419_4,False,,691.5112915,25
2420_1,True,,963.3539429,31
2420_2,False,,963.3539429,31
2420_3,False,,963.3539429,31
2420_4,False,,963.3539429,31
2421_1,True,,273.0114441,9
2421_2,False,,273.0114441,9
2422_1,True,,1034.289795,21
2422_2,False,,1034.289795,21
2422_3,False,,1034.289795,21
2423_1,True,,963.3539429,31
2424_1,True,,666.6879883,33
2424_2,False,,666.6879883,33
2424_3,False,,666.6879883,33
2425_1,True,,963.7158813,31
2425_2,False,,963.7158813,31
2426_1,True,,273.0114441,9
2426_2,False,,273.0114441,9
2427_1,True,,777.2303467,18
2427_2,False,,777.2303467,18
2427_3,False,,777.2303467,18
2428_1,True,,110.7352905,49
2428_2,False,,110.7352905,49
2429_1,True,,802.7727051,18
2429_2,False,,802.7727051,18
2429_3,False,,802.7727051,18
2430_1,True,,777.2303467,18
2430_2,False,,777.2303467,18
2430_3,False,,777.2303467,18
2430_4,False,,777.2303467,18
2431_1,True,,666.6879883,5
2431_2,False,,666.6879883,5
2431_3,False,,666.6879883,5
2432_1,True,,691.5112915,41
2432_2,False,,691.5112915,41
2432_3,False,,691.5112915,41
2432_4,False,,691.5112915,41
2433_1,True,,1407.310669,6
2433_2,False,,1407.310669,6
2433_3,False,,1407.310669,6
2433_4,False,,1407.310669,6
2433_5,False,,1407.310669,6
2434_1,True,,777.2303467,18
2434_2,False,,777.2303467,18
2435_1,True,,1480.23999,26
2435_2,False,,1480.23999,26
2436_1,True,,679.5336914,48
2436_2,False,,679.5336914,48
2436_3,False,,679.5336914,48
2437_1,True,,337.8926697,19
2437_2,False,,337.8926697,19
2437_3,False,,337.8926697,19
2438_1,True,,1480.23999,26
2438_2,False,,1480.23999,26
2438_3,False,,1480.23999,26
2438_4,False,,1480.23999,26
2439_1,True,,666.6879883,38
2439_2,False,,666.6879883,38
2439_3,False,,666.6879883,38
2439_4,False,,666.6879883,38
2440_1,True,,666.6879883,33
2440_2,False,,666.6879883,33
2441_1,True,,1483.921753,26
2442_1,True,,663.3157959,44
2442_2,False,,663.3157959,44
2442_3,False,,663.3157959,44
2442_4,False,,663.3157959,44
2443_1,True,,273.0114441,9
2443_2,False,,273.0114441,9
2443_3,False,,273.0114441,9
2443_4,False,,273.0114441,9
2444_1,True,,1483.921753,26
2444_2,False,,1483.921753,26
2444_3,False,,1483.921753,26
2445_1,True,,675.8522949,48
2445_2,False,,675.8522949,48
2445_3,False,,675.8522949,48
2446_1,True,,691.5112915,41
2446_2,False,,691.5112915,41
2446_3,False,,691.5112915,41
2446_4,False,,691.5112915,41
2446_5,False,,691.5112915,41
2447_1,True,,963.7158813,31
2447_2,False,,963.7158813,31
2447_3,False,,963.7158813,31
2447_4,False,,963.7158813,31
2447_5,False,,963.7158813,31
2448_1,True,,659.7180786,12
2448_2,False,,659.7180786,12
2448_3,False,,659.7180786,12
2449_1,True,,1480.23999,26
2449_2,False,,1480.23999,26
2450_1,True,,337.8926697,19
2450_2,False,,337.8926697,19
2450_3,False,,337.8926697,19
2450_4,False,,337.8926697,19
2451_1,True,,301.1954041,19
2451_2,False,,301.1954041,19
2451_3,False,,301.1954041,19
2452_1,True,,258.2655334,9
2452_2,False,,258.2655334,9
2453_1,True,,2537.585693,39
2453_2,False,,2537.585693,39
2453_3,False,,2537.585693,39
2453_4,False,,2537.585693,39
2454_1,True,,337.8926697,19
2454_2,False,,337.8926697,19
2455_1,True,,802.7727051,18
2455_2,False,,802.7727051,18
2455_3,False,,802.7727051,18
2456_1,True,,802.7727051,18
2456_2,False,,802.7727051,18
2456_3,False,,802.7727051,18
2457_1,True,,1407.310669,6
2458_1,True,,802.7727051,18
2458_2,False,,802.7727051,18
2458_3,False,,802.7727051,18
2458_4,False,,802.7727051,18
2459_1,True,,1480.23999,26
2459_2,False,,1480.23999,26
2459_3,False,,1480.23999,26
2459_4,False,,1480.23999,26
2460_1,True,,691.5112915,45
2460_2,False,,691.5112915,45
2461_1,True,,963.3539429,31
2461_2,False,,963.3539429,31
2461_3,False,,963.3539429,31
2462_1,True,,1483.921753,26
2462_2,False,,1483.921753,26
2463_1,True,,666.6879883,27
2463_2,False,,666.6879883,27
2463_3,False,,666.6879883,27
2463_4,False,,666.6879883,27
2464_1,True,,777.2303467,18
2464_2,False,,777.2303467,18
2464_3,False,,777.2303467,18
2465_1,True,,110.7352905,49
2465_2,False,,110.7352905,49
2465_3,False,,110.7352905,49
2465_4,False,,110.7352905,49
2465_5,False,,110.7352905,49
2465_6,False,,110.7352905,49
2466_1,True,,777.2303467,18
2466_2,False,,777.2303467,18
2466_3,False,,777.2303467,18
2467_1,True,,802.7727051,18
2467_2,False,,802.7727051,18
2467_3,False,,802.7727051,18
2468_1,True,,1483.921753,26
2468_2,False,,1483.921753,26
2468_3,False,,1483.921753,26
2468_4,False,,1483.921753,26
2468_5,False,,1483.921753,26
2469_1,True,,258.2655334,9
2469_2,False,,258.2655334,9
2470_1,True,,106.0568237,49
2470_2,False,,106.0568237,49
2471_1,True,,337.8926697,19
2471_2,False,,337.8926697,19
2472_1,True,,1480.23999,26
2472_2,False,,1480.23999,26
2473_1,True,,1483.921753,26
2474_1,True,,110.7352905,49
2474_2,False,,110.7352905,49
2474_3,False,,110.7352905,49
2474_4,False,,110.7352905,49
2475_1,True,,1480.23999,26
2475_2,False,,1480.23999,26
2476_1,True,,1483.921753,26
2476_2,False,,1483.921753,26
2476_3,False,,1483.921753,26
2477_1,True,,110.7352905,49
2477_2,False,,110.7352905,49
2477_3,False,,110.7352905,49
2477_4,False,,110.7352905,49
2478_1,True,,802.7727051,18
2478_2,False,,802.7727051,18
2479_1,True,,1013.601074,21
2479_2,False,,1013.601074,21
2479_3,False,,1013.601074,21
2480_1,True,,106.0568237,49
2480_2,False,,106.0568237,49
2480_3,False,,106.0568237,49
2481_1,True,,110.7352905,49
2481_2,False,,110.7352905,49
2482_1,True,,1034.289795,21
2482_2,False,,1034.289795,21
2482_3,False,,1034.289795,21
2483_1,True,,666.6879883,13
2483_2,False,,666.6879883,13
2484_1,True,,110.7352905,49
2484_2,False,,110.7352905,49
2484_3,False,,110.7352905,49
2485_1,True,,258.2655334,9
2485_2,False,,258.2655334,9
2485_3,False,,258.2655334,9
2486_1,True,,963.3539429,31
2486_2,False,,963.3539429,31
2486_3,False,,963.3539429,31
2486_4,False,,963.3539429,31
2487_1,True,,2808.141113,39
2487_2,False,,2808.141113,39
2487_3,False,,2808.141113,39
2488_1,True,,1015.954529,46
2488_2,False,,1015.954529,46
2488_3,False,,1015.954529,46
2489_1,True,,1013.601074,21
2489_2,False,,1013.601074,21
2489_3,False,,1013.601074,21
2490_1,True,,337.8926697,19
2490_2,False,,337.8926697,19
2491_1,True,,962.1404419,46
2491_2,False,,962.1404419,46
2491_3,False,,962.1404419,46
2492_1,True,,301.1954041,19
2493_1,True,,2537.585693,39
2494_1,True,,1480.23999,26
2494_2,False,,1480.23999,26
2495_1,True,,1015.954529,46
2495_2,False,,1015.954529,46
2495_3,False,,1015.954529,46
2496_1,True,,1483.921753,26
2496_2,False,,1483.921753,26
2496_3,False,,1483.921753,26
2496_4,False,,1483.921753,26
2497_1,True,,1483.921753,26
2498_1,True,,963.7158813,31
2498_2,False,,963.7158813,31
2498_3,False,,963.7158813,31
2499_1,True,,301.1954041,19
2499_2,False,,301.1954041,19
2500_1,True,,679.5336914,48
2500_2,False,,679.5336914,48
2500_3,False,,679.5336914,48
2501_1,True,,679.5336914,48
2501_2,False,,679.5336914,48
2501_3,False,,679.5336914,48
2502_1,True,,1015.954529,46
2502_2,False,,1015.954529,46
2502_3,False,,1015.954529,46
2502_4,False,,1015.954529,46
2502_5,False,,1015.954529,46
2503_1,True,,666.6879883,38
2503_2,False,,666.6879883,38
2503_3,False,,666.6879883,38
2504_1,True,,2808.141113,39
2505_1,True,,1429.022583,6
2506_1,True,,777.2303467,18
2506_2,False,,777.2303467,18
2506_3,False,,777.2303467,18
2506_4,False,,777.2303467,18
2506_5,False,,777.2303467,18
2507_1,True,,301.1954041,19
2507_2,False,,301.1954041,19
2507_3,False,,301.1954041,19
2507_4,False,,301.1954041,19
2508_1,True,,110.7352905,49
2508_2,False,,110.7352905,49
2509_1,True,,1407.310669,6
2509_2,False,,1407.310669,6
2509_3,False,,1407.310669,6
2509_4,False,,1407.310669,6
2510_1,True,,1480.23999,26
2510_2,False,,1480.23999,26
2510_3,False,,1480.23999,26
2510_4,False,,1480.23999,26
2510_5,False,,1480.23999,26
2510_6,False,,1480.23999,26
2511_1,True,,1015.954529,46
2511_2,False,,1015.954529,46
2511_3,False,,1015.954529,46
2512_1,True,,2537.585693,39
2512_2,False,,2537.585693,39
2512_3,False,,2537.585693,39
2512_4,False,,2537.585693,39
2513_1,True,,663.3157959,13
2513_2,False,,663.3157959,13
2513_3,False,,663.3157959,13
2514_1,True,,2537.585693,39
2514_2,False,,2537.585693,39
2514_3,False,,2537.585693,39
2514_4,False,,2537.585693,39
2515_1,True,,962.1404419,46
2515_2,False,,962.1404419,46
2516_1,True,,675.8522949,48
2516_2,False,,675.8522949,48
2516_3,False,,675.8522949,48
2517_1,True,,777.2303467,18
2517_2,False,,777.2303467,18
2517_3,False,,777.2303467,18
2518_1,True,,110.7352905,49
2518_2,False,,110.7352905,49
2518_3,False,,110.7352905,49
2519_1,True,,337.8926697,19
2519_2,False,,337.8926697,19
2519_3,False,,337.8926697,19
2519_4,False,,337.8926697,19
2519_5,False,,337.8926697,19
2519_6,False,,337.8926697,19
2520_1,True,,273.0114441,9
2520_2,False,,273.0114441,9
2520_3,False,,273.0114441,9
2521_1,True,,273.0114441,9
2521_2,False,,273.0114441,9
2521_3,False,,273.0114441,9
2521_4,False,,273.0114441,9
2522_1,True,,110.7352905,49
2522_2,False,,110.7352905,49
2522_3,False,,110.7352905,49
2522_4,False,,110.7352905,49
2523_1,True,,802.7727051,18
2523_2,False,,802.7727051,18
2523_3,False,,802.7727051,18
2524_1,True,,2537.585693,39
2524_2,False,,2537.585693,39
2524_3,False,,2537.585693,39
2524_4,False,,2537.585693,39
2524_5,False,,2537.585693,39
2525_1,True,,106.0568237,49
2526_1,True,,666.6879883,33
2526_2,False,,666.6879883,33
2526_3,False,,666.6879883,33
2526_4,False,,666.6879883,33
2527_1,True,,962.1404419,46
2527_2,False,,962.1404419,46
2527_3,False,,962.1404419,46
2527_4,False,,962.1404419,46
2527_5,False,,962.1404419,46
2527_6,False,,962.1404419,46
2528_1,True,,1034.289795,21
2528_2,False,,1034.289795,21
2528_3,False,,1034.289795,21
2528_4,False,,1034.289795,21
2528_5,False,,1034.289795,21
2529_1,True,,691.5112915,25
2529_2,False,,691.5112915,25
2529_3,False,,691.5112915,25
2530_1,True,,337.8926697,19
2530_2,False,,337.8926697,19
2530_3,False,,337.8926697,19
2530_4,False,,337.8926697,19
2531_1,True,,1480.23999,26
2531_2,False,,1480.23999,26
2532_1,True,,258.2655334,9
2532_2,False,,258.2655334,9
2532_3,False,,258.2655334,9
2532_4,False,,258.2655334,9
2533_1,True,,337.8926697,19
2533_2,False,,337.8926697,19
2533_3,False,,337.8926697,19
2533_4,False,,337.8926697,19
2533_5,False,,337.8926697,19
2533_6,False,,337.8926697,19
2533_7,False,,337.8926697,19
2534_1,True,,1480.23999,26
2534_2,False,,1480.23999,26
2534_3,False,,1480.23999,26
2534_4,False,,1480.23999,26
2535_1,True,,2808.141113,39
2535_2,False,,2808.141113,39
2536_1,True,,1480.23999,26
2536_2,False,,1480.23999,26
2536_3,False,,1480.23999,26
2537_1,True,,1034.289795,21
2537_2,False,,1034.289795,21
2537_3,False,,1034.289795,21
2537_4,False,,1034.289795,21
2538_1,True,,962.1404419,46
2538_2,False,,962.1404419,46
2539_1,True,,666.6879883,5
2540_1,True,,301.1954041,19
2540_2,False,,301.1954041,19
2541_1,True,,691.5112915,25
2541_2,False,,691.5112915,25
2541_3,False,,691.5112915,25
2542_1,True,,675.8522949,48
2542_2,False,,675.8522949,48
2542_3,False,,675.8522949,48
2542_4,False,,675.8522949,48
2543_1,True,,1013.601074,21
2543_2,False,,1013.601074,21
2543_3,False,,1013.601074,21
2544_1,True,,337.8926697,19
2545_1,True,,301.1954041,19
2545_2,False,,301.1954041,19
2545_3,False,,301.1954041,19
2546_1,True,,666.6879883,33
2546_2,False,,666.6879883,33
2547_1,True,,963.7158813,31
2547_2,False,,963.7158813,31
2547_3,False,,963.7158813,31
2547_4,False,,963.7158813,31
2547_5,False,,963.7158813,31
2547_6,False,,963.7158813,31
2548_1,True,,1015.954529,46
2548_2,False,,1015.954529,46
2548_3,False,,1015.954529,46
2549_1,True,,258.2655334,9
2549_2,False,,258.2655334,9
2549_3,False,,258.2655334,9
2550_1,True,,337.8926697,19
2550_2,False,,337.8926697,19
2551_1,True,,301.1954041,19
2551_2,False,,301.1954041,19
2552_1,True,,258.2655334,9
2552_2,False,,258.2655334,9
2553_1,True,,666.6879883,33
2553_2,False,,666.6879883,33
2553_3,False,,666.6879883,33
2553_4,False,,666.6879883,33
2553_5,False,,666.6879883,33
2554_1,True,,106.0568237,49
2554_2,False,,106.0568237,49
2554_3,False,,106.0568237,49
2554_4,False,,106.0568237,49
2554_5,False,,106.0568237,49
2555_1,True,,1013.601074,21
2555_2,False,,1013.601074,21
2556_1,True,,663.3157959,33
2556_2,False,,663.3157959,33
2556_3,False,,663.3157959,33
2556_4,False,,663.3157959,33
2557_1,True,,1429.022583,6
2557_2,False,,1429.022583,6
2558_1,True,,106.0568237,49
2558_2,False,,106.0568237,49
2558_3,False,,106.0568237,49
2559_1,True,,1013.601074,21
2559_2,False,,1013.601074,21
2559_3,False,,1013.601074,21
2559_4,False,,1013.601074,21
2560_1,True,,777.2303467,18
2560_2,False,,777.2303467,18
2560_3,False,,777.2303467,18
2561_1,True,,110.7352905,49
2561_2,False,,110.7352905,49
2561_3,False,,110.7352905,49
2561_4,False,,110.7352905,49
2562_1,True,,273.0114441,9
2562_2,False,,273.0114441,9
2563_1,True,,273.0114441,9
2563_2,False,,273.0114441,9
2563_3,False,,273.0114441,9
2563_4,False,,273.0114441,9
2564_1,True,,1429.022583,6
2565_1,True,,663.3157959,33
2565_2,False,,663.3157959,33
2565_3,False,,663.3157959,33
2566_1,True,,2808.141113,39
2566_2,False,,2808.141113,39
2566_3,False,,2808.141113,39
2566_4,False,,2808.141113,39
2567_1,True,,659.7180786,12
2567_2,False,,659.7180786,12
2568_1,True,,675.8522949,48
2568_2,False,,675.8522949,48
2568_3,False,,675.8522949,48
2568_4,False,,675.8522949,48
2569_1,True,,2537.585693,39
2569_2,False,,2537.585693,39
2570_1,True,,110.7352905,49
2570_2,False,,110.7352905,49
2570_3,False,,110.7352905,49
2570_4,False,,110.7352905,49
2571_1,True,,1015.954529,46
2571_2,False,,1015.954529,46
2571_3,False,,1015.954529,46
2571_4,False,,1015.954529,46
2572_1,True,,666.6879883,38
2572_2,False,,666.6879883,38
2573_1,True,,1034.289795,21
2573_2,False,,1034.289795,21
2573_3,False,,1034.289795,21
2574_1,True,,666.6879883,17
2574_2,False,,666.6879883,17
2574_3,False,,666.6879883,17
2575_1,True,,2537.585693,39
2575_2,False,,2537.585693,39
2576_1,True,,301.1954041,19
2576_2,False,,301.1954041,19
2576_3,False,,301.1954041,19
2576_4,False,,301.1954041,19
2577_1,True,,1480.23999,26
2577_2,False,,1480.23999,26
2577_3,False,,1480.23999,26
2578_1,True,,675.8522949,48
2578_2,False,,675.8522949,48
2579_1,True,,273.0114441,9
2579_2,False,,273.0114441,9
2579_3,False,,273.0114441,9
2580_1,True,,2808.141113,39
2580_2,False,,2808.141113,39
2580_3,False,,2808.141113,39
2580_4,False,,2808.141113,39
2581_1,True,,777.2303467,18
2581_2,False,,777.2303467,18
2581_3,False,,777.2303467,18
2581_4,False,,777.2303467,18
2581_5,False,,777.2303467,18
2582_1,True,,963.3539429,31
2582_2,False,,963.3539429,31
2582_3,False,,963.3539429,31
2583_1,True,,301.1954041,19
2583_2,False,,301.1954041,19
2584_1,True,,1034.289795,21
2584_2,False,,1034.289795,21
2584_3,False,,1034.289795,21
2584_4,False,,1034.289795,21
2585_1,True,,2537.585693,39
2585_2,False,,2537.585693,39
2585_3,False,,2537.585693,39
2585_4,False,,2537.585693,39
2585_5,False,,2537.585693,39
2586_1,True,,1429.022583,6
2586_2,False,,1429.022583,6
2586_3,False,,1429.022583,6
2586_4,False,,1429.022583,6
2587_1,True,,962.1404419,46
2587_2,False,,962.1404419,46
2587_3,False,,962.1404419,46
2588_1,True,,110.7352905,49
2588_2,False,,110.7352905,49
2589_1,True,,1013.601074,21
2589_2,False,,1013.601074,21
2589_3,False,,1013.601074,21
2589_4,False,,1013.601074,21
2590_1,True,,675.8522949,48
2590_2,False,,675.8522949,48
2591_1,True,,666.6879883,33
2591_2,False,,666.6879883,33
2591_3,False,,666.6879883,33
2591_4,False,,666.6879883,33
2591_5,False,,666.6879883,33
2591_6,False,,666.6879883,33
2592_1,True,,777.2303467,18
2592_2,False,,777.2303467,18
2592_3,False,,777.2303467,18
2593_1,True,,691.5112915,41
2593_2,False,,691.5112915,41
2593_3,False,,691.5112915,41
2593_4,False,,691.5112915,41
2593_5,False,,691.5112915,41
2594_1,True,,1407.310669,6
2594_2,False,,1407.310669,6
2595_1,True,,1429.022583,6
2595_2,False,,1429.022583,6
2596_1,True,,666.6879883,33
2596_2,False,,666.6879883,33
2596_3,False,,666.6879883,33
2596_4,False,,666.6879883,33
2597_1,True,,301.1954041,19
2597_2,False,,301.1954041,19
2597_3,False,,301.1954041,19
2597_4,False,,301.1954041,19
2598_1,True,,1034.289795,21
2598_2,False,,1034.289795,21
2598_3,False,,1034.289795,21
2598_4,False,,1034.289795,21
2598_5,False,,1034.289795,21
2599_1,True,,1407.310669,6
2599_2,False,,1407.310669,6
2600_1,True,,2808.141113,39
2600_2,False,,2808.141113,39
2600_3,False,,2808.141113,39
2601_1,True,,301.1954041,19
2601_2,False,,301.1954041,19
2601_3,False,,301.1954041,19
2602_1,True,,666.6879883,4
2602_2,False,,666.6879883,4
2602_3,False,,666.6879883,4
2603_1,True,,301.1954041,19
2604_1,True,,2808.141113,39
2604_2,False,,2808.141113,39
2605_1,True,,2537.585693,39
2605_2,False,,2537.585693,39
2606_1,True,,301.1954041,19
2606_2,False,,301.1954041,19
2607_1,True,,110.7352905,49
2607_2,False,,110.7352905,49
2607_3,False,,110.7352905,49
2608_1,True,,963.7158813,31
2608_2,False,,963.7158813,31
2608_3,False,,963.7158813,31
2609_1,True,,273.0114441,9
2610_1,True,,337.8926697,19
2610_2,False,,337.8926697,19
2611_1,True,,301.1954041,19
2612_1,True,,679.5336914,48
2612_2,False,,679.5336914,48
2613_1,True,,1407.310669,6
2613_2,False,,1407.310669,6
2613_3,False,,1407.310669,6
2614_1,True,,663.3157959,44
2614_2,False,,663.3157959,44
2615_1,True,,962.1404419,46
2615_2,False,,962.1404419,46
2615_3,False,,962.1404419,46
2616_1,True,,691.5112915,25
2616_2,False,,691.5112915,25
2616_3,False,,691.5112915,25
2617_1,True,,963.3539429,31
2617_2,False,,963.3539429,31
2617_3,False,,963.3539429,31
2617_4,False,,963.3539429,31
2618_1,True,,273.0114441,9
2618_2,False,,273.0114441,9
2619_1,True,,337.8926697,19
2619_2,False,,337.8926697,19
2620_1,True,,691.5112915,41
2620_2,False,,691.5112915,41
2620_3,False,,691.5112915,41
2621_1,True,,1483.921753,26
2621_2,False,,1483.921753,26
2621_3,False,,1483.921753,26
2622_1,True,,1034.289795,21
2622_2,False,,1034.289795,21
2622_3,False,,1034.289795,21
2622_4,False,,1034.289795,21
2623_1,True,,777.2303467,18
2623_2,False,,777.2303467,18
2623_3,False,,777.2303467,18
2623_4,False,,777.2303467,18
2624_1,True,,963.7158813,31
2624_2,False,,963.7158813,31
2624_3,False,,963.7158813,31
2624_4,False,,963.7158813,31
2624_5,False,,963.7158813,31
2624_6,False,,963.7158813,31
2625_1,True,,337.8926697,19
2625_2,False,,337.8926697,19
2625_3,False,,337.8926697,19
2626_1,True,,1483.921753,26
2626_2,False,,1483.921753,26
2626_3,False,,1483.921753,26
2626_4,False,,1483.921753,26
2626_5,False,,1483.921753,26
2627_1,True,,963.3539429,31
2627_2,False,,963.3539429,31
2627_3,False,,963.3539429,31
2628_1,True,,666.6879883,23
2629_1,True,,301.1954041,19
2630_1,True,,962.1404419,46
2630_2,False,,962.1404419,46
2631_1,True,,663.3157959,44
2631_2,False,,663.3157959,44
2631_3,False,,663.3157959,44
2632_1,True,,106.0568237,49
2632_2,False,,106.0568237,49
2633_1,True,,1015.954529,46
2633_2,False,,1015.954529,46
2633_3,False,,1015.954529,46
2633_4,False,,1015.954529,46
2634_1,True,,2537.585693,39
2635_1,True,,273.0114441,9
2635_2,False,,273.0114441,9
2636_1,True,,679.5336914,48
2636_2,False,,679.5336914,48
2636_3,False,,679.5336914,48
2636_4,False,,679.5336914,48
2636_5,False,,679.5336914,48
2637_1,True,,2808.141113,39
2637_2,False,,2808.141113,39
2637_3,False,,2808.141113,39
2637_4,False,,2808.141113,39
2638_1,True,,1013.601074,21
2638_2,False,,1013.601074,21
2639_1,True,,666.6879883,30
2639_2,False,,666.6879883,30
2639_3,False,,666.6879883,30
2640_1,True,,2537.585693,39
2640_2,False,,2537.585693,39
2640_3,False,,2537.585693,39
2641_1,True,,777.2303467,18
2641_2,False,,777.2303467,18
2642_1,True,,1483.921753,26
2642_2,False,,1483.921753,26
2643_1,True,,1015.954529,46
2643_2,False,,1015.954529,46
2643_3,False,,1015.954529,46
2644_1,True,,1407.310669,6
2644_2,False,,1407.310669,6
2645_1,True,,663.3157959,1
2645_2,False,,663.3157959,1
2645_3,False,,663.3157959,1
2645_4,False,,663.3157959,1
2646_1,True,,691.5112915,45
2646_2,False,,691.5112915,45
2646_3,False,,691.5112915,45
2646_4,False,,691.5112915,45
2646_5,False,,691.5112915,45
2646_6,False,,691.5112915,45
2647_1,True,,273.0114441,9
2647_2,False,,273.0114441,9
2647_3,False,,273.0114441,9
2648_1,True,,675.8522949,48
2648_2,False,,675.8522949,48
2648_3,False,,675.8522949,48
2648_4,False,,675.8522949,48
2649_1,True,,301.1954041,19
2649_2,False,,301.1954041,19
2649_3,False,,301.1954041,19
2650_1,True,,666.6879883,14
2650_2,False,,666.6879883,14
2650_3,False,,666.6879883,14
2650_4,False,,666.6879883,14
2650_5,False,,666.6879883,14
2650_6,False,,666.6879883,14
2650_7,False,,666.6879883,14
2651_1,True,,301.1954041,19
2651_2,False,,301.1954041,19
2651_3,False,,301.1954041,19
2652_1,True,,675.8522949,48
2653_1,True,,110.7352905,49
2653_2,False,,110.7352905,49
2653_3,False,,110.7352905,49
2653_4,False,,110.7352905,49
2654_1,True,,691.5112915,12
2654_2,False,,691.5112915,12
2654_3,False,,691.5112915,12
2654_4,False,,691.5112915,12
2654_5,False,,691.5112915,12
2655_1,True,,962.1404419,46
2655_2,False,,962.1404419,46
2655_3,False,,962.1404419,46
2656_1,True,,802.7727051,18
2656_2,False,,802.7727051,18
2656_3,False,,802.7727051,18
2657_1,True,,663.3157959,4
2657_2,False,,663.3157959,4
2658_1,True,,273.0114441,9
2658_2,False,,273.0114441,9
2659_1,True,,110.7352905,49
2659_2,False,,110.7352905,49
2659_3,False,,110.7352905,49
2659_4,False,,110.7352905,49
2659_5,False,,110.7352905,49
2660_1,True,,663.3157959,11
2660_2,False,,663.3157959,11
2660_3,False,,663.3157959,11
2661_1,True,,258.2655334,9
2661_2,False,,258.2655334,9
2661_3,False,,258.2655334,9
2662_1,True,,2537.585693,39
2662_2,False,,2537.585693,39
2662_3,False,,2537.585693,39
2663_1,True,,106.0568237,49
2663_2,False,,106.0568237,49
2664_1,True,,1483.921753,26
2664_2,False,,1483.921753,26
2665_1,True,,301.1954041,19
2665_2,False,,301.1954041,19
2666_1,True,,301.1954041,19
2667_1,True,,2808.141113,39
2667_2,False,,2808.141113,39
2667_3,False,,2808.141113,39
2668_1,True,,666.6879883,44
2668_2,False,,666.6879883,44
2668_3,False,,666.6879883,44
2669_1,True,,110.7352905,49
2669_2,False,,110.7352905,49
2669_3,False,,110.7352905,49
2670_1,True,,1034.289795,21
2670_2,False,,1034.289795,21
2670_3,False,,1034.289795,21
2670_4,False,,1034.289795,21
2670_5,False,,1034.289795,21
2671_1,True,,2808.141113,39
2671_2,False,,2808.141113,39
2671_3,False,,2808.141113,39
2672_1,True,,1407.310669,6
2672_2,False,,1407.310669,6
2673_1,True,,777.2303467,18
2673_2,False,,777.2303467,18
2673_3,False,,777.2303467,18
2673_4,False,,777.2303467,18
2674_1,True,,1407.310669,6
2674_2,False,,1407.310669,6
2675_1,True,,663.3157959,33
2675_2,False,,663.3157959,33
2676_1,True,,1407.310669,6
2676_2,False,,1407.310669,6
2676_3,False,,1407.310669,6
2677_1,True,,258.2655334,9
2677_2,False,,258.2655334,9
2677_3,False,,258.2655334,9
2677_4,False,,258.2655334,9
2678_1,True,,1429.022583,6
2679_1,True,,2537.585693,39
2679_2,False,,2537.585693,39
2679_3,False,,2537.585693,39
2680_1,True,,106.0568237,49
2680_2,False,,106.0568237,49
2680_3,False,,106.0568237,49
2680_4,False,,106.0568237,49
2681_1,True,,1480.23999,26
2681_2,False,,1480.23999,26
2682_1,True,,666.6879883,44
2682_2,False,,666.6879883,44
2682_3,False,,666.6879883,44
2682_4,False,,666.6879883,44
2683_1,True,,963.7158813,31
2683_2,False,,963.7158813,31
2683_3,False,,963.7158813,31
2683_4,False,,963.7158813,31
2684_1,True,,1480.23999,26
2685_1,True,,663.3157959,43
2685_2,False,,663.3157959,43
2685_3,False,,663.3157959,43
2686_1,True,,106.0568237,49
2687_1,True,,110.7352905,49
2687_2,False,,110.7352905,49
2687_3,False,,110.7352905,49
2688_1,True,,1034.289795,21
2688_2,False,,1034.289795,21
2688_3,False,,1034.289795,21
2688_4,False,,1034.289795,21
2689_1,True,,2537.585693,39
2689_2,False,,2537.585693,39
2689_3,False,,2537.585693,39
2690_1,True,,106.0568237,49
2690_2,False,,106.0568237,49
2690_3,False,,106.0568237,49
2690_4,False,,106.0568237,49
2690_5,False,,106.0568237,49
2690_6,False,,106.0568237,49
2691_1,True,,258.2655334,9
2691_2,False,,258.2655334,9
2691_3,False,,258.2655334,9
2692_1,True,,110.7352905,49
2692_2,False,,110.7352905,49
2692_3,False,,110.7352905,49
2693_1,True,,666.6879883,20
2693_2,False,,666.6879883,20
2693_3,False,,666.6879883,20
2694_1,True,,663.3157959,4
2695_1,True,,1015.954529,46
2695_2,False,,1015.954529,46
2696_1,True,,1034.289795,21
2696_2,False,,1034.289795,21
2696_3,False,,1034.289795,21
2696_4,False,,1034.289795,21
2697_1,True,,1429.022583,6
2697_2,False,,1429.022583,6
2697_3,False,,1429.022583,6
2697_4,False,,1429.022583,6
2698_1,True,,666.6879883,20
2698_2,False,,666.6879883,20
2698_3,False,,666.6879883,20
2699_1,True,,337.8926697,19
2700_1,True,,675.8522949,48
2700_2,False,,675.8522949,48
2700_3,False,,675.8522949,48
2700_4,False,,675.8522949,48
2701_1,True,,1034.289795,21
2701_2,False,,1034.289795,21
2701_3,False,,1034.289795,21
2701_4,False,,1034.289795,21
2702_1,True,,1034.289795,21
2702_2,False,,1034.289795,21
2702_3,False,,1034.289795,21
2702_4,False,,1034.289795,21
2702_5,False,,1034.289795,21
2703_1,True,,258.2655334,9
2703_2,False,,258.2655334,9
2703_3,False,,258.2655334,9
2703_4,False,,258.2655334,9
2704_1,True,,2537.585693,39
2704_2,False,,2537.585693,39
2704_3,False,,2537.585693,39
2704_4,False,,2537.585693,39
2704_5,False,,2537.585693,39
2705_1,True,,273.0114441,9
2705_2,False,,273.0114441,9
2705_3,False,,273.0114441,9
2705_4,False,,273.0114441,9
2706_1,True,,273.0114441,9
2706_2,False,,273.0114441,9
2706_3,False,,273.0114441,9
2707_1,True,,337.8926697,19
2707_2,False,,337.8926697,19
2707_3,False,,337.8926697,19
2708_1,True,,663.3157959,33
2708_2,False,,663.3157959,33
2709_1,True,,962.1404419,46
2709_2,False,,962.1404419,46
2709_3,False,,962.1404419,46
2709_4,False,,962.1404419,46
2710_1,True,,1480.23999,26
2710_2,False,,1480.23999,26
2710_3,False,,1480.23999,26
2711_1,True,,110.7352905,49
2711_2,False,,110.7352905,49
2712_1,True,,1034.289795,21
2712_2,False,,1034.289795,21
2713_1,True,,1013.601074,21
2713_2,False,,1013.601074,21
2713_3,False,,1013.601074,21
2713_4,False,,1013.601074,21
2713_5,False,,1013.601074,21
2713_6,False,,1013.601074,21
2713_7,False,,1013.601074,21
2714_1,True,,1015.954529,46
2714_2,False,,1015.954529,46
2715_1,True,,663.3157959,17
2715_2,False,,663.3157959,17
2715_3,False,,663.3157959,17
2716_1,True,,110.7352905,49
2716_2,False,,110.7352905,49
2716_3,False,,110.7352905,49
2717_1,True,,1480.23999,26
2717_2,False,,1480.23999,26
2717_3,False,,1480.23999,26
2718_1,True,,337.8926697,19
2719_1,True,,691.5112915,10
2719_2,False,,691.5112915,10
2719_3,False,,691.5112915,10
2719_4,False,,691.5112915,10
2719_5,False,,691.5112915,10
2720_1,True,,1013.601074,21
2720_2,False,,1013.601074,21
2721_1,True,,802.7727051,18
2721_2,False,,802.7727051,18
2721_3,False,,802.7727051,18
2721_4,False,,802.7727051,18
2722_1,True,,2537.585693,39
2722_2,False,,2537.585693,39
2722_3,False,,2537.585693,39
2722_4,False,,2537.585693,39
2723_1,True,,2537.585693,39
2723_2,False,,2537.585693,39
2723_3,False,,2537.585693,39
2724_1,True,,663.3157959,44
2724_2,False,,663.3157959,44
2724_3,False,,663.3157959,44
2725_1,True,,691.5112915,45
2725_2,False,,691.5112915,45
2726_1,True,,273.0114441,9
2726_2,False,,273.0114441,9
2726_3,False,,273.0114441,9
2726_4,False,,273.0114441,9
2727_1,True,,691.5112915,45
2727_2,False,,691.5112915,45
2727_3,False,,691.5112915,45
2727_4,False,,691.5112915,45
2727_5,False,,691.5112915,45
2727_6,False,,691.5112915,45
2728_1,True,,663.3157959,33
2729_1,True,,777.2303467,18
2729_2,False,,777.2303467,18
2729_3,False,,777.2303467,18
2730_1,True,,1034.289795,21
2730_2,False,,1034.289795,21
2730_3,False,,1034.289795,21
2731_1,True,,273.0114441,9
2731_2,False,,273.0114441,9
2731_3,False,,273.0114441,9
2731_4,False,,273.0114441,9
2732_1,True,,691.5112915,41
2732_2,False,,691.5112915,41
2732_3,False,,691.5112915,41
2732_4,False,,691.5112915,41
2733_1,True,,691.5112915,12
2733_2,False,,691.5112915,12
2734_1,True,,1480.23999,26
2734_2,False,,1480.23999,26
2735_1,True,,666.6879883,47
2735_2,False,,666.6879883,47
2735_3,False,,666.6879883,47
2736_1,True,,258.2655334,9
2736_2,False,,258.2655334,9
2736_3,False,,258.2655334,9
2737_1,True,,691.5112915,12
2737_2,False,,691.5112915,12
2738_1,True,,1407.310669,6
2738_2,False,,1407.310669,6
2738_3,False,,1407.310669,6
2738_4,False,,1407.310669,6
2738_5,False,,1407.310669,6
2739_1,True,,2537.585693,39
2739_2,False,,2537.585693,39
2739_3,False,,2537.585693,39
2739_4,False,,2537.585693,39
2739_5,False,,2537.585693,39
2739_6,False,,2537.585693,39
2739_7,False,,2537.585693,39
2740_1,True,,691.5112915,45
2740_2,False,,691.5112915,45
2741_1,True,,802.7727051,18
2741_2,False,,802.7727051,18
2741_3,False,,802.7727051,18
2741_4,False,,802.7727051,18
2741_5,False,,802.7727051,18
2742_1,True,,962.1404419,46
2742_2,False,,962.1404419,46
2742_3,False,,962.1404419,46
2743_1,True,,663.3157959,38
2743_2,False,,663.3157959,38
2743_3,False,,663.3157959,38
2744_1,True,,666.6879883,38
2744_2,False,,666.6879883,38
2745_1,True,,962.1404419,46
2745_2,False,,962.1404419,46
2745_3,False,,962.1404419,46
2746_1,True,,1429.022583,6
2746_2,False,,1429.022583,6
2746_3,False,,1429.022583,6
2746_4,False,,1429.022583,6
2747_1,True,,963.3539429,31
2747_2,False,,963.3539429,31
2748_1,True,,963.3539429,31
2748_2,False,,963.3539429,31
2749_1,True,,691.5112915,41
2749_2,False,,691.5112915,41
2749_3,False,,691.5112915,41
2749_4,False,,691.5112915,41
2750_1,True,,663.3157959,38
2750_2,False,,663.3157959,38
2750_3,False,,663.3157959,38
2750_4,False,,663.3157959,38
2751_1,True,,802.7727051,18
2751_2,False,,802.7727051,18
2751_3,False,,802.7727051,18
2751_4,False,,802.7727051,18
2751_5,False,,802.7727051,18
2752_1,True,,691.5112915,10
2752_2,False,,691.5112915,10
2752_3,False,,691.5112915,10
2753_1,True,,691.5112915,25
2753_2,False,,691.5112915,25
2753_3,False,,691.5112915,25
2753_4,False,,691.5112915,25
2754_1,True,,691.5112915,25
2754_2,False,,691.5112915,25
2754_3,False,,691.5112915,25
2754_4,False,,691.5112915,25
2755_1,True,,802.7727051,18
2755_2,False,,802.7727051,18
2755_3,False,,802.7727051,18
2755_4,False,,802.7727051,18
2755_5,False,,802.7727051,18
2756_1,True,,802.7727051,18
2756_2,False,,802.7727051,18
2756_3,False,,802.7727051,18
2756_4,False,,802.7727051,18
2757_1,True,,962.1404419,46
2757_2,False,,962.1404419,46
2758_1,True,,962.1404419,46
2758_2,False,,962.1404419,46
2758_3,False,,962.1404419,46
2759_1,True,,659.7180786,41
2759_2,False,,659.7180786,41
2759_3,False,,659.7180786,41
2760_1,True,,675.8522949,48
2760_2,False,,675.8522949,48
2760_3,False,,675.8522949,48
2760_4,False,,675.8522949,48
2761_1,True,,802.7727051,18
2761_2,False,,802.7727051,18
2761_3,False,,802.7727051,18
2761_4,False,,802.7727051,18
2762_1,True,,691.5112915,10
2762_2,False,,691.5112915,10
2762_3,False,,691.5112915,10
2763_1,True,,663.3157959,47
2763_2,False,,663.3157959,47
2764_1,True,,962.1404419,46
2764_2,False,,962.1404419,46
2764_3,False,,962.1404419,46
2764_4,False,,962.1404419,46
2765_1,True,,659.7180786,25
2765_2,False,,659.7180786,25
2765_3,False,,659.7180786,25
2765_4,False,,659.7180786,25
2766_1,True,,659.7180786,41
2766_2,False,,659.7180786,41
2766_3,False,,659.7180786,41
2766_4,False,,659.7180786,41
2767_1,True,,1407.310669,6
2767_2,False,,1407.310669,6
2767_3,False,,1407.310669,6
2767_4,False,,1407.310669,6
2767_5,False,,1407.310669,6
2767_6,False,,1407.310669,6
2768_1,True,,691.5112915,10
2768_2,False,,691.5112915,10
2768_3,False,,691.5112915,10
2769_1,True,,691.5112915,10
2769_2,False,,691.5112915,10
2769_3,False,,691.5112915,10
2769_4,False,,691.5112915,10
2770_1,True,,691.5112915,10
2771_1,True,,1429.022583,6
2771_2,False,,1429.022583,6
2771_3,False,,1429.022583,6
2772_1,True,,963.7158813,31
2772_2,False,,963.7158813,31
2772_3,False,,963.7158813,31
2772_4,False,,963.7158813,31
2772_5,False,,963.7158813,31
2773_1,True,,663.3157959,38
2773_2,False,,663.3157959,38
2774_1,True,,663.3157959,47
2774_2,False,,663.3157959,47
2774_3,False,,663.3157959,47
2774_4,False,,663.3157959,47
2775_1,True,,802.7727051,18
2775_2,False,,802.7727051,18
2775_3,False,,802.7727051,18
2776_1,True,,1034.289795,21
2776_2,False,,1034.289795,21
2776_3,False,,1034.289795,21
2776_4,False,,1034.289795,21
2776_5,False,,1034.289795,21
2777_1,True,,273.0114441,9
2777_2,False,,273.0114441,9
2777_3,False,,273.0114441,9
2778_1,True,,691.5112915,45
2778_2,False,,691.5112915,45
2778_3,False,,691.5112915,45
2779_1,True,,963.7158813,31
2779_2,False,,963.7158813,31
2779_3,False,,963.7158813,31
2780_1,True,,663.3157959,29
2780_2,False,,663.3157959,29
2780_3,False,,663.3157959,29
2780_4,False,,663.3157959,29
2781_1,True,,1034.289795,21
2781_2,False,,1034.289795,21
2781_3,False,,1034.289795,21
2781_4,False,,1034.289795,21
2781_5,False,,1034.289795,21
2782_1,True,,663.3157959,38
2782_2,False,,663.3157959,38
2782_3,False,,663.3157959,38
2783_1,True,,802.7727051,18
2784_1,True,,675.8522949,48
2784_2,False,,675.8522949,48
2784_3,False,,675.8522949,48
2784_4,False,,675.8522949,48
2785_1,True,,1034.289795,21
2785_2,False,,1034.289795,21
2785_3,False,,1034.289795,21
2785_4,False,,1034.289795,21
2785_5,False,,1034.289795,21
2786_1,True,,963.3539429,31
2786_2,False,,963.3539429,31
2786_3,False,,963.3539429,31
2786_4,False,,963.3539429,31
2787_1,True,,1407.310669,6
2787_2,False,,1407.310669,6
2787_3,False,,1407.310669,6
2787_4,False,,1407.310669,6
2787_5,False,,1407.310669,6
2788_1,True,,691.5112915,25
2788_2,False,,691.5112915,25
2788_3,False,,691.5112915,25
2788_4,False,,691.5112915,25
2789_1,True,,691.5112915,25
2789_2,False,,691.5112915,25
2790_1,True,,659.7180786,45
2790_2,False,,659.7180786,45
2790_3,False,,659.7180786,45
2790_4,False,,659.7180786,45
2790_5,False,,659.7180786,45
2790_6,False,,659.7180786,45
2791_1,True,,691.5112915,25
2791_2,False,,691.5112915,25
2791_3,False,,691.5112915,25
2791_4,False,,691.5112915,25
2791_5,False,,691.5112915,25
2792_1,True,,1034.289795,21
2792_2,False,,1034.289795,21
2792_3,False,,1034.289795,21
2792_4,False,,1034.289795,21
2792_5,False,,1034.289795,21
2793_1,True,,1013.601074,21
2794_1,True,,675.8522949,48
2794_2,False,,675.8522949,48
2794_3,False,,675.8522949,48
2794_4,False,,675.8522949,48
2795_1,True,,1034.289795,21
2795_2,False,,1034.289795,21
2795_3,False,,1034.289795,21
2795_4,False,,1034.289795,21
2796_1,True,,691.5112915,45
2796_2,False,,691.5112915,45
2796_3,False,,691.5112915,45
2797_1,True,,1483.921753,26
2797_2,False,,1483.921753,26
2798_1,True,,963.7158813,31
2798_2,False,,963.7158813,31
2798_3,False,,963.7158813,31
2798_4,False,,963.7158813,31
2799_1,True,,963.3539429,31
2799_2,False,,963.3539429,31
2799_3,False,,963.3539429,31
2799_4,False,,963.3539429,31
2800_1,True,,691.5112915,12
2800_2,False,,691.5112915,12
2801_1,True,,963.7158813,31
2802_1,True,,777.2303467,18
2802_2,False,,777.2303467,18
2802_3,False,,777.2303467,18
2803_1,True,,273.0114441,9
2803_2,False,,273.0114441,9
2804_1,True,,1480.23999,26
2804_2,False,,1480.23999,26
2805_1,True,,802.7727051,18
2805_2,False,,802.7727051,18
2805_3,False,,802.7727051,18
2805_4,False,,802.7727051,18
2806_1,True,,659.7180786,45
2806_2,False,,659.7180786,45
2806_3,False,,659.7180786,45
2806_4,False,,659.7180786,45
2806_5,False,,659.7180786,45
2806_6,False,,659.7180786,45
2807_1,True,,691.5112915,10
2807_2,False,,691.5112915,10
2807_3,False,,691.5112915,10
2807_4,False,,691.5112915,10
2807_5,False,,691.5112915,10
2808_1,True,,963.3539429,31
2808_2,False,,963.3539429,31
2808_3,False,,963.3539429,31
2808_4,False,,963.3539429,31
2809_1,True,,691.5112915,25
2809_2,False,,691.5112915,25
2809_3,False,,691.5112915,25
2809_4,False,,691.5112915,25
2810_1,True,,691.5112915,45
2810_2,False,,691.5112915,45
2811_1,True,,1429.022583,6
2811_2,False,,1429.022583,6
2811_3,False,,1429.022583,6
2811_4,False,,1429.022583,6
2811_5,False,,1429.022583,6
2812_1,True,,1034.289795,21
2812_2,False,,1034.289795,21
2812_3,False,,1034.289795,21
2812_4,False,,1034.289795,21
2812_5,False,,1034.289795,21
2813_1,True,,258.2655334,9
2813_2,False,,258.2655334,9
2813_3,False,,258.2655334,9
2813_4,False,,258.2655334,9
2814_1,True,,675.8522949,48
2814_2,False,,675.8522949,48
2814_3,False,,675.8522949,48
2815_1,True,,663.3157959,47
2815_2,False,,663.3157959,47
2815_3,False,,663.3157959,47
2816_1,True,,666.6879883,47
2816_2,False,,666.6879883,47
2816_3,False,,666.6879883,47
2817_1,True,,679.5336914,48
2817_2,False,,679.5336914,48
2817_3,False,,679.5336914,48
2817_4,False,,679.5336914,48
2818_1,True,,691.5112915,12
2818_2,False,,691.5112915,12
2818_3,False,,691.5112915,12
2818_4,False,,691.5112915,12
2819_1,True,,2537.585693,39
2819_2,False,,2537.585693,39
2819_3,False,,2537.585693,39
2820_1,True,,273.0114441,9
2820_2,False,,273.0114441,9
2821_1,True,,963.3539429,31
2821_2,False,,963.3539429,31
2821_3,False,,963.3539429,31
2821_4,False,,963.3539429,31
2822_1,True,,691.5112915,45
2822_2,False,,691.5112915,45
2822_3,False,,691.5112915,45
2823_1,True,,1013.601074,21
2823_2,False,,1013.601074,21
2823_3,False,,1013.601074,21
2823_4,False,,1013.601074,21
2823_5,False,,1013.601074,21
2824_1,True,,675.8522949,48
2824_2,False,,675.8522949,48
2825_1,True,,1483.921753,26
2825_2,False,,1483.921753,26
2826_1,True,,1480.23999,26
2826_2,False,,1480.23999,26
2826_3,False,,1480.23999,26
2827_1,True,,273.0114441,9
2827_2,False,,273.0114441,9
2827_3,False,,273.0114441,9
2827_4,False,,273.0114441,9
2827_5,False,,273.0114441,9
2828_1,True,,691.5112915,12
2828_2,False,,691.5112915,12
2828_3,False,,691.5112915,12
2829_1,True,,273.0114441,9
2829_2,False,,273.0114441,9
2829_3,False,,273.0114441,9
2830_1,True,,273.0114441,9
2830_2,False,,273.0114441,9
2830_3,False,,273.0114441,9
2830_4,False,,273.0114441,9
2831_1,True,,679.5336914,48
2831_2,False,,679.5336914,48
2831_3,False,,679.5336914,48
2832_1,True,,963.3539429,31
2832_2,False,,963.3539429,31
2832_3,False,,963.3539429,31
2832_4,False,,963.3539429,31
2833_1,True,,1429.022583,6
2833_2,False,,1429.022583,6
2833_3,False,,1429.022583,6
2833_4,False,,1429.022583,6
2834_1,True,,1480.23999,26
2834_2,False,,1480.23999,26
2834_3,False,,1480.23999,26
2834_4,False,,1480.23999,26
2834_5,False,,1480.23999,26
2834_6,False,,1480.23999,26
2834_7,False,,1480.23999,26
2834_8,False,,1480.23999,26
2835_1,True,,691.5112915,25
2835_2,False,,691.5112915,25
2835_3,False,,691.5112915,25
2835_4,False,,691.5112915,25
2835_5,False,,691.5112915,25
2835_6,False,,691.5112915,25
2836_1,True,,802.7727051,18
2836_2,False,,802.7727051,18
2836_3,False,,802.7727051,18
2837_1,True,,691.5112915,12
2837_2,False,,691.5112915,12
2837_3,False,,691.5112915,12
2837_4,False,,691.5112915,12
2838_1,True,,679.5336914,48
2838_2,False,,679.5336914,48
2839_1,True,,1429.022583,6
2839_2,False,,1429.022583,6
2840_1,True,,802.7727051,18
2840_2,False,,802.7727051,18
2840_3,False,,802.7727051,18
2841_1,True,,963.3539429,31
2841_2,False,,963.3539429,31
2841_3,False,,963.3539429,31
2842_1,True,,273.0114441,9
2842_2,False,,273.0114441,9
2842_3,False,,273.0114441,9
2843_1,True,,963.3539429,31
2843_2,False,,963.3539429,31
2843_3,False,,963.3539429,31
2843_4,False,,963.3539429,31
2843_5,False,,963.3539429,31
2844_1,True,,1034.289795,21
2844_2,False,,1034.289795,21
2844_3,False,,1034.289795,21
2845_1,True,,258.2655334,9
2845_2,False,,258.2655334,9
2845_3,False,,258.2655334,9
2845_4,False,,258.2655334,9
2846_1,True,,963.3539429,31
2846_2,False,,963.3539429,31
2846_3,False,,963.3539429,31
2846_4,False,,963.3539429,31
2846_5,False,,963.3539429,31
2847_1,True,,1429.022583,6
2847_2,False,,1429.022583,6
2847_3,False,,1429.022583,6
2848_1,True,,273.0114441,9
2848_2,False,,273.0114441,9
2848_3,False,,273.0114441,9
2848_4,False,,273.0114441,9
2849_1,True,,802.7727051,18
2849_2,False,,802.7727051,18
2849_3,False,,802.7727051,18
2850_1,True,,1429.022583,6
2850_2,False,,1429.022583,6
2851_1,True,,962.1404419,46
2851_2,False,,962.1404419,46
2851_3,False,,962.1404419,46
2851_4,False,,962.1404419,46
2852_1,True,,663.3157959,38
2852_2,False,,663.3157959,38
2853_1,True,,659.7180786,25
2853_2,False,,659.7180786,25
2853_3,False,,659.7180786,25
2853_4,False,,659.7180786,25
2853_5,False,,659.7180786,25
2853_6,False,,659.7180786,25
2854_1,True,,1013.601074,21
2854_2,False,,1013.601074,21
2854_3,False,,1013.601074,21
2854_4,False,,1013.601074,21
2855_1,True,,675.8522949,48
2855_2,False,,675.8522949,48
2855_3,False,,675.8522949,48
2856_1,True,,1407.310669,6
2856_2,False,,1407.310669,6
2856_3,False,,1407.310669,6
2857_1,True,,2537.585693,39
2858_1,True,,659.7180786,12
2858_2,False,,659.7180786,12
2858_3,False,,659.7180786,12
2859_1,True,,691.5112915,25
2859_2,False,,691.5112915,25
2860_1,True,,1034.289795,21
2861_1,True,,258.2655334,9
2861_2,False,,258.2655334,9
2862_1,True,,1034.289795,21
2862_2,False,,1034.289795,21
2862_3,False,,1034.289795,21
2862_4,False,,1034.289795,21
2862_5,False,,1034.289795,21
2863_1,True,,691.5112915,41
2863_2,False,,691.5112915,41
2863_3,False,,691.5112915,41
2864_1,True,,691.5112915,25
2864_2,False,,691.5112915,25
2865_1,True,,1034.289795,21
2865_2,False,,1034.289795,21
2866_1,True,,273.0114441,9
2866_2,False,,273.0114441,9
2866_3,False,,273.0114441,9
2866_4,False,,273.0114441,9
2867_1,True,,691.5112915,25
2867_2,False,,691.5112915,25
2868_1,True,,1034.289795,21
2868_2,False,,1034.289795,21
2868_3,False,,1034.289795,21
2868_4,False,,1034.289795,21
2868_5,False,,1034.289795,21
2869_1,True,,691.5112915,10
2869_2,False,,691.5112915,10
2869_3,False,,691.5112915,10
2869_4,False,,691.5112915,10
2869_5,False,,691.5112915,10
2869_6,False,,691.5112915,10
2870_1,True,,691.5112915,12
2870_2,False,,691.5112915,12
2870_3,False,,691.5112915,12
2871_1,True,,659.7180786,25
2871_2,False,,659.7180786,25
2871_3,False,,659.7180786,25
2872_1,True,,691.5112915,10
2872_2,False,,691.5112915,10
2872_3,False,,691.5112915,10
2872_4,False,,691.5112915,10
2873_1,True,,963.3539429,31
2874_1,True,,802.7727051,18
2874_2,False,,802.7727051,18
2874_3,False,,802.7727051,18
2874_4,False,,802.7727051,18
2875_1,True,,691.5112915,41
2875_2,False,,691.5112915,41
2875_3,False,,691.5112915,41
2876_1,True,,1429.022583,6
2876_2,False,,1429.022583,6
2876_3,False,,1429.022583,6
2876_4,False,,1429.022583,6
2877_1,True,,1407.310669,6
2877_2,False,,1407.310669,6
2878_1,True,,659.7180786,45
2878_2,False,,659.7180786,45
2878_3,False,,659.7180786,45
2879_1,True,,1013.601074,21
2879_2,False,,1013.601074,21
2879_3,False,,1013.601074,21
2879_4,False,,1013.601074,21
2879_5,False,,1013.601074,21
2880_1,True,,273.0114441,9
2880_2,False,,273.0114441,9
2880_3,False,,273.0114441,9
2880_4,False,,273.0114441,9
2880_5,False,,273.0114441,9
2880_6,False,,273.0114441,9
2881_1,True,,659.7180786,10
2881_2,False,,659.7180786,10
2881_3,False,,659.7180786,10
2882_1,True,,691.5112915,25
2882_2,False,,691.5112915,25
2882_3,False,,691.5112915,25
2882_4,False,,691.5112915,25
2882_5,False,,691.5112915,25
2882_6,False,,691.5112915,25
2882_7,False,,691.5112915,25
2882_8,False,,691.5112915,25
2883_1,True,,802.7727051,18
2883_2,False,,802.7727051,18
2883_3,False,,802.7727051,18
2883_4,False,,802.7727051,18
2883_5,False,,802.7727051,18
2884_1,True,,963.3539429,31
2884_2,False,,963.3539429,31
2884_3,False,,963.3539429,31
2885_1,True,,802.7727051,18
2886_1,True,,963.7158813,31
2886_2,False,,963.7158813,31
2886_3,False,,963.7158813,31
2886_4,False,,963.7158813,31
2886_5,False,,963.7158813,31
2886_6,False,,963.7158813,31
2887_1,True,,691.5112915,10
2887_2,False,,691.5112915,10
2888_1,True,,273.0114441,9
2888_2,False,,273.0114441,9
2888_3,False,,273.0114441,9
2888_4,False,,273.0114441,9
2889_1,True,,337.8926697,19
2889_2,False,,337.8926697,19
2889_3,False,,337.8926697,19
2890_1,True,,802.7727051,18
2890_2,False,,802.7727051,18
2890_3,False,,802.7727051,18
2890_4,False,,802.7727051,18
2891_1,True,,691.5112915,25
2891_2,False,,691.5112915,25
2891_3,False,,691.5112915,25
2891_4,False,,691.5112915,25
2892_1,True,,273.0114441,9
2892_2,False,,273.0114441,9
2892_3,False,,273.0114441,9
2893_1,True,,691.5112915,41
2893_2,False,,691.5112915,41
2893_3,False,,691.5112915,41
2894_1,True,,1015.954529,46
2894_2,False,,1015.954529,46
2894_3,False,,1015.954529,46
2895_1,True,,675.8522949,48
2895_2,False,,675.8522949,48
2895_3,False,,675.8522949,48
2895_4,False,,675.8522949,48
2896_1,True,,691.5112915,10
2896_2,False,,691.5112915,10
2897_1,True,,963.3539429,31
2897_2,False,,963.3539429,31
2897_3,False,,963.3539429,31
2897_4,False,,963.3539429,31
2898_1,True,,1429.022583,6
2898_2,False,,1429.022583,6
2898_3,False,,1429.022583,6
2899_1,True,,1429.022583,6
2899_2,False,,1429.022583,6
2899_3,False,,1429.022583,6
2900_1,True,,258.2655334,9
2900_2,False,,258.2655334,9
2900_3,False,,258.2655334,9
2900_4,False,,258.2655334,9
2901_1,True,,691.5112915,10
2901_2,False,,691.5112915,10
2902_1,True,,691.5112915,45
2902_2,False,,691.5112915,45
2902_3,False,,691.5112915,45
2903_1,True,,963.7158813,31
2903_2,False,,963.7158813,31
2903_3,False,,963.7158813,31
2903_4,False,,963.7158813,31
2904_1,True,,273.0114441,9
2904_2,False,,273.0114441,9
2904_3,False,,273.0114441,9
2904_4,False,,273.0114441,9
2905_1,True,,666.6879883,1
2905_2,False,,666.6879883,1
2905_3,False,,666.6879883,1
2906_1,True,,301.1954041,19
2906_2,False,,301.1954041,19
2906_3,False,,301.1954041,19
2906_4,False,,301.1954041,19
2906_5,False,,301.1954041,19
2907_1,True,,1429.022583,6
2907_2,False,,1429.022583,6
2907_3,False,,1429.022583,6
2907_4,False,,1429.022583,6
2908_1,True,,1407.310669,6
2908_2,False,,1407.310669,6
2908_3,False,,1407.310669,6
2908_4,False,,1407.310669,6
2908_5,False,,1407.310669,6
2909_1,True,,1429.022583,6
2909_2,False,,1429.022583,6
2909_3,False,,1429.022583,6
2910_1,True,,663.3157959,38
2910_2,False,,663.3157959,38
2910_3,False,,663.3157959,38
2911_1,True,,663.3157959,38
2911_2,False,,663.3157959,38
2911_3,False,,663.3157959,38
2912_1,True,,691.5112915,41
2912_2,False,,691.5112915,41
2912_3,False,,691.5112915,41
2912_4,False,,691.5112915,41
2912_5,False,,691.5112915,41
2913_1,True,,963.3539429,31
2913_2,False,,963.3539429,31
2913_3,False,,963.3539429,31
2913_4,False,,963.3539429,31
2914_1,True,,273.0114441,9
2914_2,False,,273.0114441,9
2914_3,False,,273.0114441,9
2914_4,False,,273.0114441,9
2915_1,True,,301.1954041,19
2915_2,False,,301.1954041,19
2915_3,False,,301.1954041,19
2915_4,False,,301.1954041,19
2916_1,True,,691.5112915,25
2916_2,False,,691.5112915,25
2916_3,False,,691.5112915,25
2916_4,False,,691.5112915,25
2917_1,True,,963.3539429,31
2917_2,False,,963.3539429,31
2917_3,False,,963.3539429,31
2918_1,True,,1480.23999,26
2918_2,False,,1480.23999,26
2918_3,False,,1480.23999,26
2919_1,True,,1034.289795,21
2919_2,False,,1034.289795,21
2919_3,False,,1034.289795,21
2920_1,True,,691.5112915,25
2920_2,False,,691.5112915,25
2920_3,False,,691.5112915,25
2920_4,False,,691.5112915,25
2920_5,False,,691.5112915,25
2921_1,True,,659.7180786,45
2921_2,False,,659.7180786,45
2921_3,False,,659.7180786,45
2922_1,True,,777.2303467,18
2922_2,False,,777.2303467,18
2922_3,False,,777.2303467,18
2922_4,False,,777.2303467,18
2923_1,True,,691.5112915,25
2923_2,False,,691.5112915,25
2923_3,False,,691.5112915,25
2924_1,True,,675.8522949,48
2924_2,False,,675.8522949,48
2924_3,False,,675.8522949,48
2924_4,False,,675.8522949,48
2925_1,True,,802.7727051,18
2925_2,False,,802.7727051,18
2925_3,False,,802.7727051,18
2925_4,False,,802.7727051,18
2925_5,False,,802.7727051,18
2926_1,True,,663.3157959,33
2927_1,True,,691.5112915,25
2927_2,False,,691.5112915,25
2927_3,False,,691.5112915,25
2927_4,False,,691.5112915,25
2928_1,True,,675.8522949,48
2928_2,False,,675.8522949,48
2928_3,False,,675.8522949,48
2928_4,False,,675.8522949,48
2928_5,False,,675.8522949,48
2929_1,True,,802.7727051,18
2929_2,False,,802.7727051,18
2929_3,False,,802.7727051,18
2930_1,True,,691.5112915,12
2930_2,False,,691.5112915,12
2931_1,True,,691.5112915,10
2931_2,False,,691.5112915,10
2932_1,True,,777.2303467,18
2932_2,False,,777.2303467,18
2932_3,False,,777.2303467,18
2932_4,False,,777.2303467,18
2932_5,False,,777.2303467,18
2932_6,False,,777.2303467,18
2933_1,True,,1429.022583,6
2933_2,False,,1429.022583,6
2933_3,False,,1429.022583,6
2933_4,False,,1429.022583,6
2933_5,False,,1429.022583,6
2934_1,True,,659.7180786,25
2934_2,False,,659.7180786,25
2934_3,False,,659.7180786,25
2935_1,True,,802.7727051,18
2935_2,False,,802.7727051,18
2935_3,False,,802.7727051,18
2936_1,True,,802.7727051,18
2936_2,False,,802.7727051,18
2936_3,False,,802.7727051,18
2937_1,True,,802.7727051,18
2937_2,False,,802.7727051,18
2938_1,True,,802.7727051,18
2938_2,False,,802.7727051,18
2938_3,False,,802.7727051,18
2939_1,True,,675.8522949,48
2939_2,False,,675.8522949,48
2939_3,False,,675.8522949,48
2939_4,False,,675.8522949,48
2940_1,True,,659.7180786,41
2940_2,False,,659.7180786,41
2940_3,False,,659.7180786,41
2941_1,True,,659.7180786,41
2941_2,False,,659.7180786,41
2941_3,False,,659.7180786,41
2942_1,True,,777.2303467,18
2942_2,False,,777.2303467,18
2942_3,False,,777.2303467,18
2942_4,False,,777.2303467,18
2943_1,True,,675.8522949,48
2943_2,False,,675.8522949,48
2944_1,True,,675.8522949,48
2944_2,False,,675.8522949,48
2944_3,False,,675.8522949,48
2945_1,True,,663.3157959,37
2945_2,False,,663.3157959,37
2945_3,False,,663.3157959,37
2946_1,True,,691.5112915,12
2947_1,True,,1407.310669,6
2947_2,False,,1407.310669,6
2947_3,False,,1407.310669,6
2947_4,False,,1407.310669,6
2947_5,False,,1407.310669,6
2948_1,True,,666.6879883,33
2948_2,False,,666.6879883,33
2948_3,False,,666.6879883,33
2949_1,True,,106.0568237,49
2949_2,False,,106.0568237,49
2950_1,True,,1429.022583,6
2950_2,False,,1429.022583,6
2950_3,False,,1429.022583,6
2950_4,False,,1429.022583,6
2951_1,True,,1480.23999,26
2951_2,False,,1480.23999,26
2951_3,False,,1480.23999,26
2952_1,True,,1483.921753,26
2952_2,False,,1483.921753,26
2952_3,False,,1483.921753,26
2952_4,False,,1483.921753,26
2952_5,False,,1483.921753,26
2953_1,True,,1480.23999,26
2953_2,False,,1480.23999,26
2953_3,False,,1480.23999,26
2954_1,True,,666.6879883,33
2954_2,False,,666.6879883,33
2954_3,False,,666.6879883,33
2955_1,True,,663.3157959,4
2955_2,False,,663.3157959,4
2955_3,False,,663.3157959,4
2955_4,False,,663.3157959,4
2956_1,True,,675.8522949,48
2956_2,False,,675.8522949,48
2956_3,False,,675.8522949,48
2956_4,False,,675.8522949,48
2957_1,True,,663.3157959,17
2957_2,False,,663.3157959,17
2957_3,False,,663.3157959,17
2958_1,True,,2537.585693,39
2958_2,False,,2537.585693,39
2958_3,False,,2537.585693,39
2959_1,True,,106.0568237,49
2959_2,False,,106.0568237,49
2959_3,False,,106.0568237,49
2960_1,True,,1480.23999,26
2960_2,False,,1480.23999,26
2960_3,False,,1480.23999,26
2961_1,True,,963.3539429,31
2961_2,False,,963.3539429,31
2962_1,True,,2537.585693,39
2962_2,False,,2537.585693,39
2963_1,True,,666.6879883,35
2963_2,False,,666.6879883,35
2964_1,True,,110.7352905,49
2964_2,False,,110.7352905,49
2964_3,False,,110.7352905,49
2965_1,True,,691.5112915,10
2965_2,False,,691.5112915,10
2966_1,True,,663.3157959,33
2966_2,False,,663.3157959,33
2966_3,False,,663.3157959,33
2966_4,False,,663.3157959,33
2967_1,True,,663.3157959,47
2967_2,False,,663.3157959,47
2968_1,True,,106.0568237,49
2968_2,False,,106.0568237,49
2968_3,False,,106.0568237,49
2969_1,True,,273.0114441,9
2969_2,False,,273.0114441,9
2969_3,False,,273.0114441,9
2970_1,True,,663.3157959,43
2970_2,False,,663.3157959,43
2970_3,False,,663.3157959,43
2970_4,False,,663.3157959,43
2970_5,False,,663.3157959,43
2971_1,True,,258.2655334,9
2971_2,False,,258.2655334,9
2971_3,False,,258.2655334,9
2971_4,False,,258.2655334,9
2972_1,True,,301.1954041,19
2972_2,False,,301.1954041,19
2972_3,False,,301.1954041,19
2973_1,True,,691.5112915,45
2973_2,False,,691.5112915,45
2974_1,True,,1034.289795,21
2974_2,False,,1034.289795,21
2975_1,True,,301.1954041,19
2975_2,False,,301.1954041,19
2975_3,False,,301.1954041,19
2975_4,False,,301.1954041,19
2976_1,True,,2808.141113,39
2976_2,False,,2808.141113,39
2976_3,False,,2808.141113,39
2976_4,False,,2808.141113,39
2977_1,True,,1480.23999,26
2977_2,False,,1480.23999,26
2978_1,True,,301.1954041,19
2978_2,False,,301.1954041,19
2979_1,True,,679.5336914,48
2979_2,False,,679.5336914,48
2980_1,True,,963.7158813,31
2980_2,False,,963.7158813,31
2980_3,False,,963.7158813,31
2980_4,False,,963.7158813,31
2981_1,True,,2808.141113,39
2981_2,False,,2808.141113,39
2981_3,False,,2808.141113,39
2981_4,False,,2808.141113,39
2982_1,True,,273.0114441,9
2982_2,False,,273.0114441,9
2983_1,True,,258.2655334,9
2983_2,False,,258.2655334,9
2983_3,False,,258.2655334,9
2983_4,False,,258.2655334,9
2983_5,False,,258.2655334,9
2984_1,True,,1429.022583,6
2984_2,False,,1429.022583,6
2984_3,False,,1429.022583,6
2985_1,True,,110.7352905,49
2985_2,False,,110.7352905,49
2986_1,True,,666.6879883,5
2986_2,False,,666.6879883,5
2986_3,False,,666.6879883,5
2987_1,True,,963.7158813,31
2987_2,False,,963.7158813,31
2987_3,False,,963.7158813,31
2988_1,True,,258.2655334,9
2988_2,False,,258.2655334,9
2988_3,False,,258.2655334,9
2988_4,False,,258.2655334,9
2989_1,True,,258.2655334,9
2989_2,False,,258.2655334,9
2990_1,True,,273.0114441,9
2990_2,False,,273.0114441,9
2990_3,False,,273.0114441,9
2990_4,False,,273.0114441,9
2990_5,False,,273.0114441,9
2991_1,True,,106.0568237,49
2991_2,False,,106.0568237,49
2991_3,False,,106.0568237,49
2992_1,True,,110.7352905,49
2992_2,False,,110.7352905,49
2992_3,False,,110.7352905,49
2993_1,True,,110.7352905,49
2993_2,False,,110.7352905,49
2993_3,False,,110.7352905,49
2993_4,False,,110.7352905,49
2994_1,True,,337.8926697,19
2994_2,False,,337.8926697,19
2994_3,False,,337.8926697,19
2995_1,True,,666.6879883,38
2995_2,False,,666.6879883,38
2995_3,False,,666.6879883,38
2996_1,True,,666.6879883,4
2996_2,False,,666.6879883,4
2996_3,False,,666.6879883,4
2996_4,False,,666.6879883,4
2997_1,True,,679.5336914,48
2997_2,False,,679.5336914,48
2998_1,True,,666.6879883,33
2998_2,False,,666.6879883,33
2999_1,True,,2808.141113,39
2999_2,False,,2808.141113,39
2999_3,False,,2808.141113,39
3000_1,True,,666.6879883,44
3000_2,False,,666.6879883,44
3000_3,False,,666.6879883,44
3000_4,False,,666.6879883,44
3000_5,False,,666.6879883,44
3000_6,False,,666.6879883,44
3001_1,True,,106.0568237,49
3001_2,False,,106.0568237,49
3001_3,False,,106.0568237,49
3001_4,False,,106.0568237,49
3001_5,False,,106.0568237,49
3002_1,True,,663.3157959,44
3003_1,True,,963.3539429,31
3003_2,False,,963.3539429,31
3004_1,True,,663.3157959,33
3004_2,False,,663.3157959,33
3004_3,False,,663.3157959,33
3004_4,False,,663.3157959,33
3004_5,False,,663.3157959,33
3004_6,False,,663.3157959,33
3005_1,True,,1483.921753,26
3005_2,False,,1483.921753,26
3006_1,True,,273.0114441,9
3006_2,False,,273.0114441,9
3006_3,False,,273.0114441,9
3007_1,True,,1480.23999,26
3007_2,False,,1480.23999,26
3007_3,False,,1480.23999,26
3008_1,True,,1429.022583,6
3008_2,False,,1429.022583,6
3009_1,True,,663.3157959,4
3009_2,False,,663.3157959,4
3010_1,True,,663.3157959,38
3010_2,False,,663.3157959,38
3011_1,True,,1013.601074,21
3011_2,False,,1013.601074,21
3011_3,False,,1013.601074,21
3012_1,True,,663.3157959,37
3012_2,False,,663.3157959,37
3013_1,True,,106.0568237,49
3013_2,False,,106.0568237,49
3013_3,False,,106.0568237,49
3013_4,False,,106.0568237,49
3014_1,True,,659.7180786,41
3014_2,False,,659.7180786,41
3014_3,False,,659.7180786,41
3015_1,True,,1407.310669,6
3015_2,False,,1407.310669,6
3015_3,False,,1407.310669,6
3015_4,False,,1407.310669,6
3015_5,False,,1407.310669,6
3015_6,False,,1407.310669,6
3016_1,True,,679.5336914,48
3016_2,False,,679.5336914,48
3016_3,False,,679.5336914,48
3017_1,True,,1013.601074,21
3017_2,False,,1013.601074,21
3017_3,False,,1013.601074,21
3017_4,False,,1013.601074,21
3017_5,False,,1013.601074,21
3018_1,True,,802.7727051,18
3018_2,False,,802.7727051,18
3018_3,False,,802.7727051,18
3019_1,True,,679.5336914,48
3019_2,False,,679.5336914,48
3019_3,False,,679.5336914,48
3019_4,False,,679.5336914,48
3019_5,False,,679.5336914,48
3020_1,True,,802.7727051,18
3020_2,False,,802.7727051,18
3020_3,False,,802.7727051,18
3020_4,False,,802.7727051,18
3021_1,True,,663.3157959,47
3021_2,False,,663.3157959,47
3022_1,True,,110.7352905,49
3022_2,False,,110.7352905,49
3023_1,True,,666.6879883,29
3023_2,False,,666.6879883,29
3023_3,False,,666.6879883,29
3023_4,False,,666.6879883,29
3023_5,False,,666.6879883,29
3023_6,False,,666.6879883,29
3024_1,True,,1407.310669,6
3024_2,False,,1407.310669,6
3025_1,True,,963.7158813,31
3025_2,False,,963.7158813,31
3025_3,False,,963.7158813,31
3025_4,False,,963.7158813,31
3026_1,True,,106.0568237,49
3026_2,False,,106.0568237,49
3027_1,True,,666.6879883,38
3027_2,False,,666.6879883,38
3027_3,False,,666.6879883,38
3028_1,True,,663.3157959,16
3029_1,True,,679.5336914,48
3029_2,False,,679.5336914,48
3029_3,False,,679.5336914,48
3029_4,False,,679.5336914,48
3029_5,False,,679.5336914,48
3030_1,True,,1483.921753,26
3030_2,False,,1483.921753,26
3030_3,False,,1483.921753,26
3031_1,True,,1015.954529,46
3031_2,False,,1015.954529,46
3031_3,False,,1015.954529,46
3031_4,False,,1015.954529,46
3031_5,False,,1015.954529,46
3032_1,True,,1480.23999,26
3032_2,False,,1480.23999,26
3032_3,False,,1480.23999,26
3032_4,False,,1480.23999,26
3033_1,True,,663.3157959,47
3034_1,True,,106.0568237,49
3034_2,False,,106.0568237,49
3034_3,False,,106.0568237,49
3034_4,False,,106.0568237,49
3034_5,False,,106.0568237,49
3034_6,False,,106.0568237,49
3035_1,True,,666.6879883,33
3035_2,False,,666.6879883,33
3035_3,False,,666.6879883,33
3035_4,False,,666.6879883,33
3035_5,False,,666.6879883,33
3035_6,False,,666.6879883,33
3035_7,False,,666.6879883,33
3035_8,False,,666.6879883,33
3035_9,False,,666.6879883,33
3036_1,True,,1015.954529,46
3036_2,False,,1015.954529,46
3037_1,True,,675.8522949,48
3037_2,False,,675.8522949,48
3037_3,False,,675.8522949,48
3038_1,True,,663.3157959,44
3038_2,False,,663.3157959,44
3038_3,False,,663.3157959,44
3039_1,True,,106.0568237,49
3039_2,False,,106.0568237,49
3040_1,True,,106.0568237,49
3040_2,False,,106.0568237,49
3041_1,True,,337.8926697,19
3041_2,False,,337.8926697,19
3042_1,True,,663.3157959,33
3042_2,False,,663.3157959,33
3043_1,True,,666.6879883,17
3043_2,False,,666.6879883,17
3044_1,True,,273.0114441,9
3044_2,False,,273.0114441,9
3044_3,False,,273.0114441,9
3045_1,True,,666.6879883,38
3045_2,False,,666.6879883,38
3046_1,True,,106.0568237,49
3046_2,False,,106.0568237,49
3046_3,False,,106.0568237,49
3046_4,False,,106.0568237,49
3046_5,False,,106.0568237,49
3047_1,True,,110.7352905,49
3047_2,False,,110.7352905,49
3047_3,False,,110.7352905,49
3048_1,True,,273.0114441,9
3048_2,False,,273.0114441,9
3048_3,False,,273.0114441,9
3049_1,True,,663.3157959,38
3049_2,False,,663.3157959,38
3050_1,True,,2808.141113,39
3050_2,False,,2808.141113,39
3051_1,True,,1034.289795,21
3051_2,False,,1034.289795,21
3052_1,True,,1480.23999,26
3052_2,False,,1480.23999,26
3052_3,False,,1480.23999,26
3052_4,False,,1480.23999,26
3053_1,True,,2537.585693,39
3053_2,False,,2537.585693,39
3053_3,False,,2537.585693,39
3054_1,True,,1013.601074,21
3054_2,False,,1013.601074,21
3054_3,False,,1013.601074,21
3054_4,False,,1013.601074,21
3054_5,False,,1013.601074,21
3055_1,True,,1429.022583,6
3055_2,False,,1429.022583,6
3055_3,False,,1429.022583,6
3055_4,False,,1429.022583,6
3056_1,True,,666.6879883,38
3056_2,False,,666.6879883,38
3056_3,False,,666.6879883,38
3056_4,False,,666.6879883,38
3057_1,True,,666.6879883,44
3057_2,False,,666.6879883,44
3057_3,False,,666.6879883,44
3057_4,False,,666.6879883,44
3058_1,True,,666.6879883,33
3058_2,False,,666.6879883,33
3058_3,False,,666.6879883,33
3058_4,False,,666.6879883,33
3058_5,False,,666.6879883,33
3058_6,False,,666.6879883,33
3059_1,True,,337.8926697,19
3060_1,True,,273.0114441,9
3060_2,False,,273.0114441,9
3060_3,False,,273.0114441,9
3060_4,False,,273.0114441,9
3060_5,False,,273.0114441,9
3060_6,False,,273.0114441,9
3061_1,True,,110.7352905,49
3061_2,False,,110.7352905,49
3062_1,True,,301.1954041,19
3062_2,False,,301.1954041,19
3063_1,True,,963.7158813,31
3063_2,False,,963.7158813,31
3063_3,False,,963.7158813,31
3064_1,True,,659.7180786,25
3064_2,False,,659.7180786,25
3065_1,True,,666.6879883,38
3065_2,False,,666.6879883,38
3065_3,False,,666.6879883,38
3066_1,True,,2808.141113,39
3066_2,False,,2808.141113,39
3067_1,True,,110.7352905,49
3068_1,True,,666.6879883,33
3069_1,True,,2808.141113,39
3069_2,False,,2808.141113,39
3069_3,False,,2808.141113,39
3069_4,False,,2808.141113,39
3070_1,True,,666.6879883,33
3070_2,False,,666.6879883,33
3070_3,False,,666.6879883,33
3070_4,False,,666.6879883,33
3071_1,True,,110.7352905,49
3071_2,False,,110.7352905,49
3071_3,False,,110.7352905,49
3072_1,True,,659.7180786,12
3072_2,False,,659.7180786,12
3072_3,False,,659.7180786,12
3073_1,True,,1429.022583,6
3073_2,False,,1429.022583,6
3073_3,False,,1429.022583,6
3073_4,False,,1429.022583,6
3073_5,False,,1429.022583,6
3073_6,False,,1429.022583,6
3074_1,True,,1407.310669,6
3074_2,False,,1407.310669,6
3074_3,False,,1407.310669,6
3075_1,True,,663.3157959,47
3076_1,True,,1483.921753,26
3076_2,False,,1483.921753,26
3076_3,False,,1483.921753,26
3076_4,False,,1483.921753,26
3076_5,False,,1483.921753,26
3077_1,True,,663.3157959,38
3078_1,True,,301.1954041,19
3079_1,True,,666.6879883,30
3079_2,False,,666.6879883,30
3080_1,True,,659.7180786,25
3080_2,False,,659.7180786,25
3080_3,False,,659.7180786,25
3080_4,False,,659.7180786,25
3080_5,False,,659.7180786,25
3081_1,True,,666.6879883,44
3082_1,True,,1429.022583,6
3082_2,False,,1429.022583,6
3082_3,False,,1429.022583,6
3082_4,False,,1429.022583,6
3082_5,False,,1429.022583,6
3082_6,False,,1429.022583,6
3083_1,True,,666.6879883,47
3083_2,False,,666.6879883,47
3083_3,False,,666.6879883,47
3083_4,False,,666.6879883,47
3084_1,True,,1483.921753,26
3084_2,False,,1483.921753,26
3084_3,False,,1483.921753,26
3085_1,True,,1483.921753,26
3085_2,False,,1483.921753,26
3085_3,False,,1483.921753,26
3085_4,False,,1483.921753,26
3086_1,True,,659.7180786,12
3086_2,False,,659.7180786,12
3087_1,True,,258.2655334,9
3087_2,False,,258.2655334,9
3088_1,True,,691.5112915,12
3088_2,False,,691.5112915,12
3088_3,False,,691.5112915,12
3088_4,False,,691.5112915,12
3089_1,True,,666.6879883,32
3089_2,False,,666.6879883,32
3089_3,False,,666.6879883,32
3090_1,True,,777.2303467,18
3090_2,False,,777.2303467,18
3090_3,False,,777.2303467,18
3090_4,False,,777.2303467,18
3090_5,False,,777.2303467,18
3090_6,False,,777.2303467,18
3091_1,True,,963.3539429,31
3091_2,False,,963.3539429,31
3092_1,True,,666.6879883,38
3092_2,False,,666.6879883,38
3092_3,False,,666.6879883,38
3092_4,False,,666.6879883,38
3092_5,False,,666.6879883,38
3093_1,True,,106.0568237,49
3093_2,False,,106.0568237,49
3094_1,True,,2537.585693,39
3095_1,True,,1034.289795,21
3095_2,False,,1034.289795,21
3095_3,False,,1034.289795,21
3096_1,True,,666.6879883,17
3097_1,True,,106.0568237,49
3097_2,False,,106.0568237,49
3098_1,True,,666.6879883,32
3098_2,False,,666.6879883,32
3099_1,True,,663.3157959,47
3099_2,False,,663.3157959,47
3099_3,False,,663.3157959,47
3099_4,False,,663.3157959,47
3100_1,True,,675.8522949,48
3100_2,False,,675.8522949,48
3101_1,True,,337.8926697,19
3101_2,False,,337.8926697,19
3102_1,True,,1480.23999,26
3102_2,False,,1480.23999,26
3102_3,False,,1480.23999,26
3102_4,False,,1480.23999,26
3102_5,False,,1480.23999,26
3103_1,True,,2808.141113,39
3103_2,False,,2808.141113,39
3103_3,False,,2808.141113,39
3104_1,True,,1480.23999,26
3104_2,False,,1480.23999,26
3104_3,False,,1480.23999,26
3104_4,False,,1480.23999,26
3104_5,False,,1480.23999,26
3105_1,True,,273.0114441,9
3105_2,False,,273.0114441,9
3106_1,True,,679.5336914,48
3106_2,False,,679.5336914,48
3106_3,False,,679.5336914,48
3107_1,True,,691.5112915,25
3107_2,False,,691.5112915,25
3107_3,False,,691.5112915,25
3107_4,False,,691.5112915,25
3107_5,False,,691.5112915,25
3108_1,True,,1483.921753,26
3108_2,False,,1483.921753,26
3109_1,True,,1034.289795,21
3109_2,False,,1034.289795,21
3109_3,False,,1034.289795,21
3109_4,False,,1034.289795,21
3109_5,False,,1034.289795,21
3109_6,False,,1034.289795,21
3109_7,False,,1034.289795,21
3109_8,False,,1034.289795,21
3109_9,False,,1034.289795,21
3110_1,True,,337.8926697,19
3110_2,False,,337.8926697,19
3111_1,True,,659.7180786,12
3111_2,False,,659.7180786,12
3111_3,False,,659.7180786,12
3111_4,False,,659.7180786,12
3112_1,True,,962.1404419,46
3112_2,False,,962.1404419,46
3113_1,True,,666.6879883,13
3114_1,True,,659.7180786,25
3114_2,False,,659.7180786,25
3114_3,False,,659.7180786,25
3115_1,True,,258.2655334,9
3115_2,False,,258.2655334,9
3116_1,True,,659.7180786,45
3116_2,False,,659.7180786,45
3117_1,True,,666.6879883,38
3117_2,False,,666.6879883,38
3118_1,True,,1407.310669,6
3118_2,False,,1407.310669,6
3118_3,False,,1407.310669,6
3119_1,True,,258.2655334,9
3119_2,False,,258.2655334,9
3120_1,True,,962.1404419,46
3121_1,True,,258.2655334,9
3121_2,False,,258.2655334,9
3122_1,True,,273.0114441,9
3122_2,False,,273.0114441,9
3123_1,True,,1013.601074,21
3123_2,False,,1013.601074,21
3124_1,True,,2808.141113,39
3124_2,False,,2808.141113,39
3124_3,False,,2808.141113,39
3124_4,False,,2808.141113,39
3124_5,False,,2808.141113,39
3125_1,True,,666.6879883,5
3125_2,False,,666.6879883,5
3125_3,False,,666.6879883,5
3126_1,True,,663.3157959,33
3126_2,False,,663.3157959,33
3126_3,False,,663.3157959,33
3127_1,True,,679.5336914,48
3127_2,False,,679.5336914,48
3127_3,False,,679.5336914,48
3127_4,False,,679.5336914,48
3128_1,True,,110.7352905,49
3128_2,False,,110.7352905,49
3129_1,True,,963.3539429,31
3129_2,False,,963.3539429,31
3129_3,False,,963.3539429,31
3129_4,False,,963.3539429,31
3130_1,True,,337.8926697,19
3130_2,False,,337.8926697,19
3131_1,True,,106.0568237,49
3131_2,False,,106.0568237,49
3131_3,False,,106.0568237,49
3132_1,True,,2537.585693,39
3132_2,False,,2537.585693,39
3133_1,True,,1407.310669,6
3133_2,False,,1407.310669,6
3133_3,False,,1407.310669,6
3134_1,True,,110.7352905,49
3134_2,False,,110.7352905,49
3134_3,False,,110.7352905,49
3135_1,True,,110.7352905,49
3135_2,False,,110.7352905,49
3136_1,True,,1034.289795,21
3137_1,True,,963.7158813,31
3137_2,False,,963.7158813,31
3137_3,False,,963.7158813,31
3138_1,True,,963.7158813,31
3138_2,False,,963.7158813,31
3139_1,True,,1407.310669,6
3139_2,False,,1407.310669,6
3139_3,False,,1407.310669,6
3139_4,False,,1407.310669,6
3139_5,False,,1407.310669,6
3139_6,False,,1407.310669,6
3139_7,False,,1407.310669,6
3140_1,True,,273.0114441,9
3140_2,False,,273.0114441,9
3141_1,True,,106.0568237,49
3141_2,False,,106.0568237,49
3141_3,False,,106.0568237,49
3142_1,True,,659.7180786,45
3142_2,False,,659.7180786,45
3142_3,False,,659.7180786,45
3143_1,True,,106.0568237,49
3143_2,False,,106.0568237,49
3143_3,False,,106.0568237,49
3143_4,False,,106.0568237,49
3144_1,True,,675.8522949,48
3144_2,False,,675.8522949,48
3145_1,True,,337.8926697,19
3145_2,False,,337.8926697,19
3145_3,False,,337.8926697,19
3145_4,False,,337.8926697,19
3146_1,True,,691.5112915,45
3146_2,False,,691.5112915,45
3146_3,False,,691.5112915,45
3147_1,True,,1015.954529,46
3147_2,False,,1015.954529,46
3147_3,False,,1015.954529,46
3147_4,False,,1015.954529,46
3148_1,True,,110.7352905,49
3148_2,False,,110.7352905,49
3149_1,True,,106.0568237,49
3149_2,False,,106.0568237,49
3149_3,False,,106.0568237,49
3149_4,False,,106.0568237,49
3149_5,False,,106.0568237,49
3150_1,True,,2537.585693,39
3150_2,False,,2537.585693,39
3151_1,True,,106.0568237,49
3152_1,True,,106.0568237,49
3152_2,False,,106.0568237,49
3152_3,False,,106.0568237,49
3152_4,False,,106.0568237,49
3152_5,False,,106.0568237,49
3153_1,True,,106.0568237,49
3153_2,False,,106.0568237,49
3154_1,True,,663.3157959,44
3154_2,False,,663.3157959,44
3154_3,False,,663.3157959,44
3154_4,False,,663.3157959,44
3155_1,True,,777.2303467,18
3155_2,False,,777.2303467,18
3155_3,False,,777.2303467,18
3155_4,False,,777.2303467,18
3156_1,True,,1480.23999,26
3156_2,False,,1480.23999,26
3156_3,False,,1480.23999,26
3157_1,True,,777.2303467,18
3157_2,False,,777.2303467,18
3157_3,False,,777.2303467,18
3158_1,True,,1429.022583,6
3158_2,False,,1429.022583,6
3158_3,False,,1429.022583,6
3159_1,True,,666.6879883,5
3159_2,False,,666.6879883,5
3159_3,False,,666.6879883,5
3159_4,False,,666.6879883,5
3159_5,False,,666.6879883,5
3159_6,False,,666.6879883,5
3159_7,False,,666.6879883,5
3160_1,True,,110.7352905,49
3160_2,False,,110.7352905,49
3160_3,False,,110.7352905,49
3160_4,False,,110.7352905,49
3161_1,True,,110.7352905,49
3161_2,False,,110.7352905,49
3162_1,True,,106.0568237,49
3162_2,False,,106.0568237,49
3162_3,False,,106.0568237,49
3162_4,False,,106.0568237,49
3162_5,False,,106.0568237,49
3163_1,True,,679.5336914,48
3163_2,False,,679.5336914,48
3163_3,False,,679.5336914,48
3164_1,True,,106.0568237,49
3164_2,False,,106.0568237,49
3164_3,False,,106.0568237,49
3165_1,True,,301.1954041,19
3165_2,False,,301.1954041,19
3166_1,True,,258.2655334,9
3166_2,False,,258.2655334,9
3166_3,False,,258.2655334,9
3166_4,False,,258.2655334,9
3167_1,True,,663.3157959,35
3168_1,True,,1015.954529,46
3168_2,False,,1015.954529,46
3168_3,False,,1015.954529,46
3168_4,False,,1015.954529,46
3168_5,False,,1015.954529,46
3168_6,False,,1015.954529,46
3169_1,True,,110.7352905,49
3169_2,False,,110.7352905,49
3170_1,True,,258.2655334,9
3170_2,False,,258.2655334,9
3171_1,True,,659.7180786,41
3171_2,False,,659.7180786,41
3171_3,False,,659.7180786,41
3171_4,False,,659.7180786,41
3171_5,False,,659.7180786,41
3172_1,True,,337.8926697,19
3173_1,True,,691.5112915,45
3173_2,False,,691.5112915,45
3173_3,False,,691.5112915,45
3174_1,True,,110.7352905,49
3174_2,False,,110.7352905,49
3175_1,True,,1407.310669,6
3175_2,False,,1407.310669,6
3176_1,True,,106.0568237,49
3177_1,True,,106.0568237,49
3177_2,False,,106.0568237,49
3178_1,True,,962.1404419,46
3179_1,True,,110.7352905,49
3179_2,False,,110.7352905,49
3180_1,True,,663.3157959,38
3180_2,False,,663.3157959,38
3180_3,False,,663.3157959,38
3181_1,True,,110.7352905,49
3181_2,False,,110.7352905,49
3182_1,True,,666.6879883,33
3182_2,False,,666.6879883,33
3182_3,False,,666.6879883,33
3182_4,False,,666.6879883,33
3182_5,False,,666.6879883,33
3183_1,True,,963.7158813,31
3183_2,False,,963.7158813,31
3183_3,False,,963.7158813,31
3184_1,True,,1015.954529,46
3184_2,False,,1015.954529,46
3185_1,True,,675.8522949,48
3185_2,False,,675.8522949,48
3186_1,True,,663.3157959,28
3186_2,False,,663.3157959,28
3187_1,True,,679.5336914,48
3187_2,False,,679.5336914,48
3187_3,False,,679.5336914,48
3187_4,False,,679.5336914,48
3188_1,True,,106.0568237,49
3188_2,False,,106.0568237,49
3189_1,True,,1429.022583,6
3189_2,False,,1429.022583,6
3189_3,False,,1429.022583,6
3190_1,True,,666.6879883,33
3190_2,False,,666.6879883,33
3190_3,False,,666.6879883,33
3190_4,False,,666.6879883,33
3190_5,False,,666.6879883,33
3191_1,True,,106.0568237,49
3191_2,False,,106.0568237,49
3192_1,True,,663.3157959,5
3192_2,False,,663.3157959,5
3193_1,True,,110.7352905,49
3193_2,False,,110.7352905,49
3194_1,True,,1407.310669,6
3194_2,False,,1407.310669,6
3194_3,False,,1407.310669,6
3195_1,True,,1015.954529,46
3195_2,False,,1015.954529,46
3195_3,False,,1015.954529,46
3195_4,False,,1015.954529,46
3195_5,False,,1015.954529,46
3196_1,True,,1015.954529,46
3196_2,False,,1015.954529,46
3197_1,True,,1480.23999,26
3197_2,False,,1480.23999,26
3197_3,False,,1480.23999,26
3197_4,False,,1480.23999,26
3198_1,True,,2808.141113,39
3198_2,False,,2808.141113,39
3199_1,True,,963.7158813,31
3199_2,False,,963.7158813,31
3199_3,False,,963.7158813,31
3199_4,False,,963.7158813,31
3200_1,True,,106.0568237,49
3200_2,False,,106.0568237,49
3201_1,True,,691.5112915,25
3201_2,False,,691.5112915,25
3201_3,False,,691.5112915,25
3201_4,False,,691.5112915,25
3201_5,False,,691.5112915,25
3201_6,False,,691.5112915,25
3202_1,True,,691.5112915,45
3202_2,False,,691.5112915,45
3202_3,False,,691.5112915,45
3202_4,False,,691.5112915,45
3202_5,False,,691.5112915,45
3203_1,True,,663.3157959,33
3203_2,False,,663.3157959,33
3204_1,True,,258.2655334,9
3204_2,False,,258.2655334,9
3204_3,False,,258.2655334,9
3205_1,True,,273.0114441,9
3205_2,False,,273.0114441,9
3205_3,False,,273.0114441,9
3206_1,True,,106.0568237,49
3206_2,False,,106.0568237,49
3206_3,False,,106.0568237,49
3207_1,True,,110.7352905,49
3208_1,True,,659.7180786,10
3208_2,False,,659.7180786,10
3208_3,False,,659.7180786,10
3208_4,False,,659.7180786,10
3208_5,False,,659.7180786,10
3209_1,True,,962.1404419,46
3209_2,False,,962.1404419,46
3209_3,False,,962.1404419,46
3209_4,False,,962.1404419,46
3210_1,True,,1429.022583,6
3210_2,False,,1429.022583,6
3211_1,True,,1034.289795,21
3211_2,False,,1034.289795,21
3211_3,False,,1034.289795,21
3212_1,True,,106.0568237,49
3212_2,False,,106.0568237,49
3212_3,False,,106.0568237,49
3212_4,False,,106.0568237,49
3212_5,False,,106.0568237,49
3213_1,True,,273.0114441,9
3214_1,True,,106.0568237,49
3215_1,True,,777.2303467,18
3215_2,False,,777.2303467,18
3215_3,False,,777.2303467,18
3216_1,True,,258.2655334,9
3216_2,False,,258.2655334,9
3217_1,True,,659.7180786,10
3217_2,False,,659.7180786,10
3217_3,False,,659.7180786,10
3217_4,False,,659.7180786,10
3217_5,False,,659.7180786,10
3218_1,True,,1429.022583,6
3218_2,False,,1429.022583,6
3218_3,False,,1429.022583,6
3219_1,True,,802.7727051,18
3219_2,False,,802.7727051,18
3219_3,False,,802.7727051,18
3219_4,False,,802.7727051,18
3219_5,False,,802.7727051,18
3220_1,True,,110.7352905,49
3221_1,True,,963.7158813,31
3221_2,False,,963.7158813,31
3222_1,True,,2808.141113,39
3223_1,True,,110.7352905,49
3223_2,False,,110.7352905,49
3223_3,False,,110.7352905,49
3223_4,False,,110.7352905,49
3224_1,True,,106.0568237,49
3224_2,False,,106.0568237,49
3224_3,False,,106.0568237,49
3225_1,True,,963.7158813,31
3225_2,False,,963.7158813,31
3225_3,False,,963.7158813,31
3225_4,False,,963.7158813,31
3226_1,True,,659.7180786,41
3226_2,False,,659.7180786,41
3226_3,False,,659.7180786,41
3226_4,False,,659.7180786,41
3227_1,True,,666.6879883,29
3227_2,False,,666.6879883,29
3227_3,False,,666.6879883,29
3227_4,False,,666.6879883,29
3227_5,False,,666.6879883,29
3228_1,True,,659.7180786,41
3228_2,False,,659.7180786,41
3228_3,False,,659.7180786,41
3228_4,False,,659.7180786,41
3228_5,False,,659.7180786,41
3229_1,True,,110.7352905,49
3229_2,False,,110.7352905,49
3230_1,True,,666.6879883,33
3230_2,False,,666.6879883,33
3230_3,False,,666.6879883,33
3231_1,True,,663.3157959,33
3231_2,False,,663.3157959,33
3231_3,False,,663.3157959,33
3231_4,False,,663.3157959,33
3231_5,False,,663.3157959,33
3232_1,True,,659.7180786,45
3232_2,False,,659.7180786,45
3233_1,True,,802.7727051,18
3234_1,True,,110.7352905,49
3234_2,False,,110.7352905,49
3234_3,False,,110.7352905,49
3234_4,False,,110.7352905,49
3235_1,True,,1429.022583,6
3235_2,False,,1429.022583,6
3235_3,False,,1429.022583,6
3235_4,False,,1429.022583,6
3236_1,True,,106.0568237,49
3236_2,False,,106.0568237,49
3237_1,True,,1483.921753,26
3237_2,False,,1483.921753,26
3237_3,False,,1483.921753,26
3238_1,True,,663.3157959,2
3238_2,False,,663.3157959,2
3238_3,False,,663.3157959,2
3238_4,False,,663.3157959,2
3238_5,False,,663.3157959,2
3238_6,False,,663.3157959,2
3239_1,True,,777.2303467,18
3239_2,False,,777.2303467,18
3239_3,False,,777.2303467,18
3240_1,True,,106.0568237,49
3240_2,False,,106.0568237,49
3241_1,True,,301.1954041,19
3241_2,False,,301.1954041,19
3241_3,False,,301.1954041,19
3241_4,False,,301.1954041,19
3242_1,True,,666.6879883,37
3243_1,True,,963.7158813,31
3243_2,False,,963.7158813,31
3243_3,False,,963.7158813,31
3244_1,True,,2808.141113,39
3244_2,False,,2808.141113,39
3245_1,True,,258.2655334,9
3245_2,False,,258.2655334,9
3246_1,True,,675.8522949,48
3246_2,False,,675.8522949,48
3246_3,False,,675.8522949,48
3246_4,False,,675.8522949,48
3247_1,True,,962.1404419,46
3247_2,False,,962.1404419,46
3247_3,False,,962.1404419,46
3248_1,True,,963.7158813,31
3248_2,False,,963.7158813,31
3248_3,False,,963.7158813,31
3248_4,False,,963.7158813,31
3249_1,True,,1407.310669,6
3249_2,False,,1407.310669,6
3250_1,True,,659.7180786,25
3250_2,False,,659.7180786,25
3250_3,False,,659.7180786,25
3250_4,False,,659.7180786,25
3251_1,True,,273.0114441,9
3251_2,False,,273.0114441,9
3251_3,False,,273.0114441,9
3251_4,False,,273.0114441,9
3252_1,True,,2537.585693,39
3252_2,False,,2537.585693,39
3252_3,False,,2537.585693,39
3252_4,False,,2537.585693,39
3252_5,False,,2537.585693,39
3253_1,True,,2808.141113,39
3253_2,False,,2808.141113,39
3253_3,False,,2808.141113,39
3254_1,True,,1013.601074,21
3254_2,False,,1013.601074,21
3254_3,False,,1013.601074,21
3255_1,True,,659.7180786,12
3255_2,False,,659.7180786,12
3255_3,False,,659.7180786,12
3255_4,False,,659.7180786,12
3256_1,True,,675.8522949,48
3256_2,False,,675.8522949,48
3257_1,True,,1013.601074,21
3257_2,False,,1013.601074,21
3257_3,False,,1013.601074,21
3257_4,False,,1013.601074,21
3257_5,False,,1013.601074,21
3258_1,True,,258.2655334,9
3258_2,False,,258.2655334,9
3258_3,False,,258.2655334,9
3259_1,True,,679.5336914,48
3259_2,False,,679.5336914,48
3259_3,False,,679.5336914,48
3260_1,True,,659.7180786,41
3260_2,False,,659.7180786,41
3260_3,False,,659.7180786,41
3260_4,False,,659.7180786,41
3261_1,True,,301.1954041,19
3261_2,False,,301.1954041,19
3261_3,False,,301.1954041,19
3262_1,True,,675.8522949,48
3262_2,False,,675.8522949,48
3262_3,False,,675.8522949,48
3262_4,False,,675.8522949,48
3263_1,True,,2808.141113,39
3263_2,False,,2808.141113,39
3264_1,True,,691.5112915,25
3264_2,False,,691.5112915,25
3264_3,False,,691.5112915,25
3264_4,False,,691.5112915,25
3265_1,True,,659.7180786,45
3265_2,False,,659.7180786,45
3265_3,False,,659.7180786,45
3265_4,False,,659.7180786,45
3265_5,False,,659.7180786,45
3266_1,True,,2808.141113,39
3266_2,False,,2808.141113,39
3266_3,False,,2808.141113,39
3267_1,True,,691.5112915,41
3267_2,False,,691.5112915,41
3268_1,True,,337.8926697,19
3268_2,False,,337.8926697,19
3268_3,False,,337.8926697,19
3268_4,False,,337.8926697,19
3269_1,True,,2537.585693,39
3270_1,True,,1015.954529,46
3270_2,False,,1015.954529,46
3270_3,False,,1015.954529,46
3270_4,False,,1015.954529,46
3271_1,True,,337.8926697,19
3271_2,False,,337.8926697,19
3272_1,True,,777.2303467,18
3272_2,False,,777.2303467,18
3272_3,False,,777.2303467,18
3272_4,False,,777.2303467,18
3272_5,False,,777.2303467,18
3273_1,True,,691.5112915,45
3273_2,False,,691.5112915,45
3273_3,False,,691.5112915,45
3274_1,True,,777.2303467,18
3274_2,False,,777.2303467,18
3275_1,True,,106.0568237,49
3275_2,False,,106.0568237,49
3275_3,False,,106.0568237,49
3276_1,True,,663.3157959,47
3276_2,False,,663.3157959,47
3277_1,True,,1480.23999,26
3277_2,False,,1480.23999,26
3277_3,False,,1480.23999,26
3277_4,False,,1480.23999,26
3278_1,True,,679.5336914,48
3279_1,True,,1034.289795,21
3279_2,False,,1034.289795,21
3280_1,True,,110.7352905,49
3280_2,False,,110.7352905,49
3281_1,True,,1015.954529,46
3281_2,False,,1015.954529,46
3281_3,False,,1015.954529,46
3282_1,True,,1480.23999,26
3282_2,False,,1480.23999,26
3282_3,False,,1480.23999,26
3283_1,True,,1013.601074,21
3283_2,False,,1013.601074,21
3283_3,False,,1013.601074,21
3283_4,False,,1013.601074,21
3284_1,True,,2537.585693,39
3284_2,False,,2537.585693,39
3284_3,False,,2537.585693,39
3285_1,True,,1015.954529,46
3285_2,False,,1015.954529,46
3285_3,False,,1015.954529,46
3286_1,True,,659.7180786,41
3286_2,False,,659.7180786,41
3286_3,False,,659.7180786,41
3286_4,False,,659.7180786,41
3286_5,False,,659.7180786,41
3287_1,True,,273.0114441,9
3288_1,True,,337.8926697,19
3288_2,False,,337.8926697,19
3288_3,False,,337.8926697,19
3289_1,True,,337.8926697,19
3290_1,True,,802.7727051,18
3290_2,False,,802.7727051,18
3290_3,False,,802.7727051,18
3290_4,False,,802.7727051,18
3290_5,False,,802.7727051,18
3290_6,False,,802.7727051,18
3291_1,True,,1483.921753,26
3291_2,False,,1483.921753,26
3292_1,True,,679.5336914,48
3292_2,False,,679.5336914,48
3293_1,True,,1034.289795,21
3293_2,False,,1034.289795,21
3293_3,False,,1034.289795,21
3293_4,False,,1034.289795,21
3294_1,True,,962.1404419,46
3294_2,False,,962.1404419,46
3294_3,False,,962.1404419,46
3294_4,False,,962.1404419,46
3294_5,False,,962.1404419,46
3295_1,True,,1480.23999,26
3295_2,False,,1480.23999,26
3295_3,False,,1480.23999,26
3295_4,False,,1480.23999,26
3295_5,False,,1480.23999,26
3295_6,False,,1480.23999,26
3295_7,False,,1480.23999,26
3296_1,True,,962.1404419,46
3296_2,False,,962.1404419,46
3296_3,False,,962.1404419,46
3296_4,False,,962.1404419,46
3296_5,False,,962.1404419,46
3297_1,True,,273.0114441,9
3297_2,False,,273.0114441,9
3298_1,True,,301.1954041,19
3298_2,False,,301.1954041,19
3298_3,False,,301.1954041,19
3298_4,False,,301.1954041,19
3299_1,True,,273.0114441,9
3299_2,False,,273.0114441,9
3299_3,False,,273.0114441,9
3300_1,True,,1429.022583,6
3300_2,False,,1429.022583,6
3300_3,False,,1429.022583,6
3300_4,False,,1429.022583,6
3300_5,False,,1429.022583,6
3301_1,True,,2808.141113,39
3301_2,False,,2808.141113,39
3301_3,False,,2808.141113,39
3302_1,True,,675.8522949,48
3302_2,False,,675.8522949,48
3303_1,True,,963.7158813,31
3303_2,False,,963.7158813,31
3303_3,False,,963.7158813,31
3304_1,True,,273.0114441,9
3304_2,False,,273.0114441,9
3304_3,False,,273.0114441,9
3304_4,False,,273.0114441,9
3304_5,False,,273.0114441,9
3305_1,True,,337.8926697,19
3305_2,False,,337.8926697,19
3306_1,True,,1483.921753,26
3306_2,False,,1483.921753,26
3307_1,True,,666.6879883,33
3307_2,False,,666.6879883,33
3307_3,False,,666.6879883,33
3307_4,False,,666.6879883,33
3308_1,True,,1480.23999,26
3308_2,False,,1480.23999,26
3309_1,True,,1480.23999,26
3309_2,False,,1480.23999,26
3309_3,False,,1480.23999,26
3310_1,True,,659.7180786,25
3310_2,False,,659.7180786,25
3310_3,False,,659.7180786,25
3310_4,False,,659.7180786,25
3310_5,False,,659.7180786,25
3311_1,True,,659.7180786,25
3311_2,False,,659.7180786,25
3311_3,False,,659.7180786,25
3312_1,True,,1407.310669,6
3312_2,False,,1407.310669,6
3312_3,False,,1407.310669,6
3312_4,False,,1407.310669,6
3312_5,False,,1407.310669,6
3313_1,True,,963.3539429,31
3313_2,False,,963.3539429,31
3313_3,False,,963.3539429,31
3313_4,False,,963.3539429,31
3313_5,False,,963.3539429,31
3314_1,True,,962.1404419,46
3314_2,False,,962.1404419,46
3314_3,False,,962.1404419,46
3314_4,False,,962.1404419,46
3315_1,True,,675.8522949,48
3315_2,False,,675.8522949,48
3316_1,True,,2808.141113,39
3316_2,False,,2808.141113,39
3316_3,False,,2808.141113,39
3316_4,False,,2808.141113,39
3316_5,False,,2808.141113,39
3317_1,True,,2537.585693,39
3317_2,False,,2537.585693,39
3318_1,True,,258.2655334,9
3318_2,False,,258.2655334,9
3319_1,True,,1015.954529,46
3319_2,False,,1015.954529,46
3319_3,False,,1015.954529,46
3320_1,True,,2808.141113,39
3320_2,False,,2808.141113,39
3321_1,True,,802.7727051,18
3321_2,False,,802.7727051,18
3321_3,False,,802.7727051,18
3321_4,False,,802.7727051,18
3322_1,True,,1483.921753,26
3322_2,False,,1483.921753,26
3322_3,False,,1483.921753,26
3323_1,True,,659.7180786,25
3323_2,False,,659.7180786,25
3324_1,True,,273.0114441,9
3324_2,False,,273.0114441,9
3325_1,True,,110.7352905,49
3326_1,True,,777.2303467,18
3326_2,False,,777.2303467,18
3327_1,True,,2808.141113,39
3327_2,False,,2808.141113,39
3328_1,True,,1483.921753,26
3328_2,False,,1483.921753,26
3329_1,True,,802.7727051,18
3329_2,False,,802.7727051,18
3329_3,False,,802.7727051,18
3329_4,False,,802.7727051,18
3329_5,False,,802.7727051,18
3330_1,True,,963.7158813,31
3330_2,False,,963.7158813,31
3330_3,False,,963.7158813,31
3330_4,False,,963.7158813,31
3330_5,False,,963.7158813,31
3330_6,False,,963.7158813,31
3331_1,True,,1034.289795,21
3331_2,False,,1034.289795,21
3331_3,False,,1034.289795,21
3331_4,False,,1034.289795,21
3331_5,False,,1034.289795,21
3332_1,True,,1013.601074,21
3332_2,False,,1013.601074,21
3332_3,False,,1013.601074,21
3332_4,False,,1013.601074,21
3332_5,False,,1013.601074,21
3332_6,False,,1013.601074,21
3333_1,True,,963.3539429,31
3333_2,False,,963.3539429,31
3334_1,True,,666.6879883,38
3334_2,False,,666.6879883,38
3334_3,False,,666.6879883,38
3334_4,False,,666.6879883,38
3335_1,True,,2808.141113,39
3335_2,False,,2808.141113,39
3336_1,True,,2808.141113,39
3336_2,False,,2808.141113,39
3336_3,False,,2808.141113,39
3337_1,True,,2808.141113,39
3338_1,True,,777.2303467,18
3338_2,False,,777.2303467,18
3338_3,False,,777.2303467,18
3339_1,True,,802.7727051,18
3339_2,False,,802.7727051,18
3339_3,False,,802.7727051,18
3339_4,False,,802.7727051,18
3340_1,True,,663.3157959,47
3340_2,False,,663.3157959,47
3340_3,False,,663.3157959,47
3341_1,True,,679.5336914,48
3342_1,True,,663.3157959,20
3342_2,False,,663.3157959,20
3343_1,True,,679.5336914,48
3343_2,False,,679.5336914,48
3343_3,False,,679.5336914,48
3343_4,False,,679.5336914,48
3344_1,True,,1407.310669,6
3344_2,False,,1407.310669,6
3345_1,True,,663.3157959,44
3345_2,False,,663.3157959,44
3345_3,False,,663.3157959,44
3346_1,True,,258.2655334,9
3346_2,False,,258.2655334,9
3346_3,False,,258.2655334,9
3346_4,False,,258.2655334,9
3346_5,False,,258.2655334,9
3347_1,True,,106.0568237,49
3347_2,False,,106.0568237,49
3347_3,False,,106.0568237,49
3348_1,True,,659.7180786,25
3348_2,False,,659.7180786,25
3348_3,False,,659.7180786,25
3348_4,False,,659.7180786,25
3348_5,False,,659.7180786,25
3348_6,False,,659.7180786,25
3349_1,True,,962.1404419,46
3349_2,False,,962.1404419,46
3350_1,True,,1015.954529,46
3351_1,True,,337.8926697,19
3351_2,False,,337.8926697,19
3352_1,True,,659.7180786,25
3352_2,False,,659.7180786,25
3352_3,False,,659.7180786,25
3352_4,False,,659.7180786,25
3353_1,True,,1480.23999,26
3353_2,False,,1480.23999,26
3354_1,True,,1013.601074,21
3354_2,False,,1013.601074,21
3355_1,True,,106.0568237,49
3355_2,False,,106.0568237,49
3356_1,True,,691.5112915,12
3356_2,False,,691.5112915,12
3356_3,False,,691.5112915,12
3357_1,True,,110.7352905,49
3357_2,False,,110.7352905,49
3357_3,False,,110.7352905,49
3358_1,True,,337.8926697,19
3358_2,False,,337.8926697,19
3359_1,True,,1483.921753,26
3359_2,False,,1483.921753,26
3360_1,True,,963.3539429,31
3360_2,False,,963.3539429,31
3361_1,True,,777.2303467,18
3361_2,False,,777.2303467,18
3362_1,True,,1015.954529,46
3362_2,False,,1015.954529,46
3363_1,True,,963.7158813,31
3363_2,False,,963.7158813,31
3363_3,False,,963.7158813,31
3363_4,False,,963.7158813,31
3364_1,True,,1480.23999,26
3364_2,False,,1480.23999,26
3364_3,False,,1480.23999,26
3365_1,True,,666.6879883,47
3365_2,False,,666.6879883,47
3366_1,True,,691.5112915,25
3366_2,False,,691.5112915,25
3366_3,False,,691.5112915,25
3366_4,False,,691.5112915,25
3367_1,True,,1013.601074,21
3367_2,False,,1013.601074,21
3367_3,False,,1013.601074,21
3367_4,False,,1013.601074,21
3368_1,True,,1407.310669,6
3368_2,False,,1407.310669,6
3368_3,False,,1407.310669,6
3368_4,False,,1407.310669,6
3369_1,True,,337.8926697,19
3369_2,False,,337.8926697,19
3369_3,False,,337.8926697,19
3370_1,True,,1407.310669,6
3370_2,False,,1407.310669,6
3370_3,False,,1407.310669,6
3371_1,True,,301.1954041,19
3371_2,False,,301.1954041,19
3371_3,False,,301.1954041,19
3372_1,True,,1483.921753,26
3372_2,False,,1483.921753,26
3372_3,False,,1483.921753,26
3372_4,False,,1483.921753,26
3372_5,False,,1483.921753,26
3372_6,False,,1483.921753,26
3372_7,False,,1483.921753,26
3373_1,True,,1483.921753,26
3373_2,False,,1483.921753,26
3373_3,False,,1483.921753,26
3373_4,False,,1483.921753,26
3373_5,False,,1483.921753,26
3374_1,True,,663.3157959,33
3375_1,True,,1480.23999,26
3375_2,False,,1480.23999,26
3376_1,True,,666.6879883,30
3376_2,False,,666.6879883,30
3376_3,False,,666.6879883,30
3376_4,False,,666.6879883,30
3377_1,True,,802.7727051,18
3378_1,True,,777.2303467,18
3378_2,False,,777.2303467,18
3378_3,False,,777.2303467,18
3379_1,True,,273.0114441,9
3379_2,False,,273.0114441,9
3380_1,True,,1013.601074,21
3380_2,False,,1013.601074,21
3380_3,False,,1013.601074,21
3381_1,True,,337.8926697,19
3381_2,False,,337.8926697,19
3382_1,True,,691.5112915,45
3382_2,False,,691.5112915,45
3382_3,False,,691.5112915,45
3383_1,True,,963.3539429,31
3384_1,True,,675.8522949,48
3384_2,False,,675.8522949,48
3384_3,False,,675.8522949,48
3384_4,False,,675.8522949,48
3385_1,True,,777.2303467,18
3385_2,False,,777.2303467,18
3385_3,False,,777.2303467,18
3386_1,True,,963.3539429,31
3386_2,False,,963.3539429,31
3387_1,True,,666.6879883,37
3387_2,False,,666.6879883,37
3387_3,False,,666.6879883,37
3387_4,False,,666.6879883,37
3387_5,False,,666.6879883,37
3388_1,True,,1483.921753,26
3388_2,False,,1483.921753,26
3388_3,False,,1483.921753,26
3389_1,True,,2537.585693,39
3389_2,False,,2537.585693,39
3389_3,False,,2537.585693,39
3389_4,False,,2537.585693,39
3390_1,True,,301.1954041,19
3391_1,True,,963.7158813,31
3391_2,False,,963.7158813,31
3392_1,True,,1407.310669,6
3392_2,False,,1407.310669,6
3392_3,False,,1407.310669,6
3392_4,False,,1407.310669,6
3393_1,True,,1483.921753,26
3393_2,False,,1483.921753,26
3393_3,False,,1483.921753,26
3393_4,False,,1483.921753,26
3394_1,True,,963.7158813,31
3394_2,False,,963.7158813,31
3394_3,False,,963.7158813,31
3395_1,True,,258.2655334,9
3395_2,False,,258.2655334,9
3395_3,False,,258.2655334,9
3395_4,False,,258.2655334,9
3396_1,True,,679.5336914,48
3396_2,False,,679.5336914,48
3397_1,True,,691.5112915,10
3397_2,False,,691.5112915,10
3397_3,False,,691.5112915,10
3397_4,False,,691.5112915,10
3397_5,False,,691.5112915,10
3398_1,True,,963.7158813,31
3398_2,False,,963.7158813,31
3399_1,True,,659.7180786,25
3399_2,False,,659.7180786,25
3399_3,False,,659.7180786,25
3399_4,False,,659.7180786,25
3400_1,True,,691.5112915,25
3400_2,False,,691.5112915,25
3400_3,False,,691.5112915,25
3400_4,False,,691.5112915,25
3401_1,True,,273.0114441,9
3401_2,False,,273.0114441,9
3401_3,False,,273.0114441,9
3401_4,False,,273.0114441,9
3402_1,True,,258.2655334,9
3402_2,False,,258.2655334,9
3403_1,True,,2537.585693,39
3403_2,False,,2537.585693,39
3404_1,True,,679.5336914,48
3404_2,False,,679.5336914,48
3404_3,False,,679.5336914,48
3404_4,False,,679.5336914,48
3405_1,True,,106.0568237,49
3405_2,False,,106.0568237,49
3405_3,False,,106.0568237,49
3405_4,False,,106.0568237,49
3405_5,False,,106.0568237,49
3406_1,True,,659.7180786,41
3406_2,False,,659.7180786,41
3406_3,False,,659.7180786,41
3406_4,False,,659.7180786,41
3406_5,False,,659.7180786,41
3407_1,True,,963.7158813,31
3407_2,False,,963.7158813,31
3408_1,True,,679.5336914,48
3408_2,False,,679.5336914,48
3408_3,False,,679.5336914,48
3409_1,True,,1480.23999,26
3409_2,False,,1480.23999,26
3409_3,False,,1480.23999,26
3410_1,True,,802.7727051,18
3410_2,False,,802.7727051,18
3411_1,True,,106.0568237,49
3411_2,False,,106.0568237,49
3411_3,False,,106.0568237,49
3411_4,False,,106.0568237,49
3411_5,False,,106.0568237,49
3412_1,True,,659.7180786,12
3412_2,False,,659.7180786,12
3413_1,True,,1015.954529,46
3413_2,False,,1015.954529,46
3414_1,True,,301.1954041,19
3414_2,False,,301.1954041,19
3414_3,False,,301.1954041,19
3414_4,False,,301.1954041,19
3415_1,True,,659.7180786,41
3415_2,False,,659.7180786,41
3415_3,False,,659.7180786,41
3416_1,True,,1407.310669,6
3416_2,False,,1407.310669,6
3416_3,False,,1407.310669,6
3417_1,True,,258.2655334,9
3417_2,False,,258.2655334,9
3417_3,False,,258.2655334,9
3418_1,True,,777.2303467,18
3418_2,False,,777.2303467,18
3418_3,False,,777.2303467,18
3418_4,False,,777.2303467,18
3418_5,False,,777.2303467,18
3419_1,True,,659.7180786,45
3419_2,False,,659.7180786,45
3420_1,True,,659.7180786,25
3420_2,False,,659.7180786,25
3420_3,False,,659.7180786,25
3421_1,True,,337.8926697,19
3421_2,False,,337.8926697,19
3422_1,True,,301.1954041,19
3422_2,False,,301.1954041,19
3422_3,False,,301.1954041,19
3423_1,True,,1429.022583,6
3423_2,False,,1429.022583,6
3423_3,False,,1429.022583,6
3423_4,False,,1429.022583,6
3424_1,True,,675.8522949,48
3424_2,False,,675.8522949,48
3424_3,False,,675.8522949,48
3424_4,False,,675.8522949,48
3425_1,True,,1483.921753,26
3425_2,False,,1483.921753,26
3425_3,False,,1483.921753,26
3425_4,False,,1483.921753,26
3425_5,False,,1483.921753,26
3425_6,False,,1483.921753,26
3426_1,True,,663.3157959,17
3426_2,False,,663.3157959,17
3426_3,False,,663.3157959,17
3426_4,False,,663.3157959,17
3426_5,False,,663.3157959,17
3426_6,False,,663.3157959,17
3427_1,True,,258.2655334,9
3427_2,False,,258.2655334,9
3427_3,False,,258.2655334,9
3427_4,False,,258.2655334,9
3427_5,False,,258.2655334,9
3428_1,True,,1034.289795,21
3428_2,False,,1034.289795,21
3429_1,True,,258.2655334,9
3429_2,False,,258.2655334,9
3430_1,True,,1013.601074,21
3430_2,False,,1013.601074,21
3430_3,False,,1013.601074,21
3431_1,True,,1483.921753,26
3431_2,False,,1483.921753,26
3432_1,True,,106.0568237,49
3432_2,False,,106.0568237,49
3432_3,False,,106.0568237,49
3432_4,False,,106.0568237,49
3433_1,True,,659.7180786,41
3433_2,False,,659.7180786,41
3433_3,False,,659.7180786,41
3433_4,False,,659.7180786,41
3434_1,True,,963.7158813,31
3434_2,False,,963.7158813,31
3434_3,False,,963.7158813,31
3435_1,True,,659.7180786,10
3435_2,False,,659.7180786,10
3435_3,False,,659.7180786,10
3435_4,False,,659.7180786,10
3435_5,False,,659.7180786,10
3436_1,True,,110.7352905,49
3436_2,False,,110.7352905,49
3437_1,True,,777.2303467,18
3437_2,False,,777.2303467,18
3437_3,False,,777.2303467,18
3437_4,False,,777.2303467,18
3437_5,False,,777.2303467,18
3438_1,True,,1480.23999,26
3439_1,True,,659.7180786,10
3439_2,False,,659.7180786,10
3440_1,True,,110.7352905,49
3440_2,False,,110.7352905,49
3440_3,False,,110.7352905,49
3441_1,True,,258.2655334,9
3441_2,False,,258.2655334,9
3441_3,False,,258.2655334,9
3442_1,True,,802.7727051,18
3442_2,False,,802.7727051,18
3443_1,True,,663.3157959,33
3444_1,True,,337.8926697,19
3444_2,False,,337.8926697,19
3444_3,False,,337.8926697,19
3444_4,False,,337.8926697,19
3445_1,True,,659.7180786,25
3445_2,False,,659.7180786,25
3445_3,False,,659.7180786,25
3446_1,True,,1015.954529,46
3446_2,False,,1015.954529,46
3446_3,False,,1015.954529,46
3447_1,True,,666.6879883,38
3447_2,False,,666.6879883,38
3447_3,False,,666.6879883,38
3448_1,True,,337.8926697,19
3448_2,False,,337.8926697,19
3449_1,True,,659.7180786,12
3449_2,False,,659.7180786,12
3449_3,False,,659.7180786,12
3450_1,True,,1480.23999,26
3450_2,False,,1480.23999,26
3451_1,True,,675.8522949,48
3452_1,True,,1013.601074,21
3453_1,True,,659.7180786,41
3453_2,False,,659.7180786,41
3453_3,False,,659.7180786,41
3454_1,True,,106.0568237,49
3454_2,False,,106.0568237,49
3455_1,True,,659.7180786,10
3455_2,False,,659.7180786,10
3455_3,False,,659.7180786,10
3455_4,False,,659.7180786,10
3456_1,True,,659.7180786,10
3456_2,False,,659.7180786,10
3456_3,False,,659.7180786,10
3456_4,False,,659.7180786,10
3456_5,False,,659.7180786,10
3456_6,False,,659.7180786,10
3457_1,True,,273.0114441,9
3457_2,False,,273.0114441,9
3458_1,True,,675.8522949,48
3458_2,False,,675.8522949,48
3458_3,False,,675.8522949,48
3459_1,True,,258.2655334,9
3459_2,False,,258.2655334,9
3460_1,True,,106.0568237,49
3460_2,False,,106.0568237,49
3461_1,True,,691.5112915,41
3461_2,False,,691.5112915,41
3461_3,False,,691.5112915,41
3462_1,True,,1407.310669,6
3462_2,False,,1407.310669,6
3462_3,False,,1407.310669,6
3462_4,False,,1407.310669,6
3463_1,True,,962.1404419,46
3463_2,False,,962.1404419,46
3463_3,False,,962.1404419,46
3464_1,True,,1015.954529,46
3464_2,False,,1015.954529,46
3464_3,False,,1015.954529,46
3464_4,False,,1015.954529,46
3465_1,True,,659.7180786,41
3465_2,False,,659.7180786,41
3465_3,False,,659.7180786,41
3465_4,False,,659.7180786,41
3466_1,True,,679.5336914,48
3466_2,False,,679.5336914,48
3466_3,False,,679.5336914,48
3466_4,False,,679.5336914,48
3466_5,False,,679.5336914,48
3467_1,True,,106.0568237,49
3467_2,False,,106.0568237,49
3467_3,False,,106.0568237,49
3467_4,False,,106.0568237,49
3468_1,True,,962.1404419,46
3468_2,False,,962.1404419,46
3468_3,False,,962.1404419,46
3468_4,False,,962.1404419,46
3469_1,True,,666.6879883,33
3469_2,False,,666.6879883,33
3470_1,True,,691.5112915,41
3470_2,False,,691.5112915,41
3471_1,True,,659.7180786,25
3471_2,False,,659.7180786,25
3472_1,True,,1483.921753,26
3472_2,False,,1483.921753,26
3472_3,False,,1483.921753,26
3473_1,True,,659.7180786,41
3473_2,False,,659.7180786,41
3473_3,False,,659.7180786,41
3474_1,True,,659.7180786,41
3474_2,False,,659.7180786,41
3474_3,False,,659.7180786,41
3474_4,False,,659.7180786,41
3475_1,True,,258.2655334,9
3475_2,False,,258.2655334,9
3476_1,True,,679.5336914,48
3476_2,False,,679.5336914,48
3477_1,True,,1480.23999,26
3477_2,False,,1480.23999,26
3477_3,False,,1480.23999,26
3478_1,True,,691.5112915,45
3478_2,False,,691.5112915,45
3479_1,True,,1429.022583,6
3480_1,True,,1483.921753,26
3480_2,False,,1483.921753,26
3481_1,True,,663.3157959,38
3482_1,True,,110.7352905,49
3482_2,False,,110.7352905,49
3482_3,False,,110.7352905,49
3483_1,True,,659.7180786,12
3483_2,False,,659.7180786,12
3484_1,True,,691.5112915,41
3484_2,False,,691.5112915,41
3485_1,True,,691.5112915,12
3485_2,False,,691.5112915,12
3486_1,True,,659.7180786,45
3486_2,False,,659.7180786,45
3486_3,False,,659.7180786,45
3487_1,True,,258.2655334,9
3487_2,False,,258.2655334,9
3487_3,False,,258.2655334,9
3487_4,False,,258.2655334,9
3488_1,True,,777.2303467,18
3488_2,False,,777.2303467,18
3488_3,False,,777.2303467,18
3489_1,True,,2808.141113,39
3489_2,False,,2808.141113,39
3490_1,True,,659.7180786,10
3490_2,False,,659.7180786,10
3491_1,True,,273.0114441,9
3491_2,False,,273.0114441,9
3491_3,False,,273.0114441,9
3491_4,False,,273.0114441,9
3492_1,True,,1429.022583,6
3493_1,True,,659.7180786,25
3493_2,False,,659.7180786,25
3493_3,False,,659.7180786,25
3493_4,False,,659.7180786,25
3494_1,True,,1013.601074,21
3494_2,False,,1013.601074,21
3494_3,False,,1013.601074,21
3495_1,True,,659.7180786,41
3495_2,False,,659.7180786,41
3495_3,False,,659.7180786,41
3495_4,False,,659.7180786,41
3495_5,False,,659.7180786,41
3496_1,True,,258.2655334,9
3496_2,False,,258.2655334,9
3496_3,False,,258.2655334,9
3496_4,False,,258.2655334,9
3496_5,False,,258.2655334,9
3496_6,False,,258.2655334,9
3497_1,True,,1015.954529,46
3497_2,False,,1015.954529,46
3497_3,False,,1015.954529,46
3497_4,False,,1015.954529,46
3497_5,False,,1015.954529,46
3498_1,True,,1013.601074,21
3499_1,True,,802.7727051,18
3499_2,False,,802.7727051,18
3499_3,False,,802.7727051,18
3499_4,False,,802.7727051,18
3500_1,True,,679.5336914,48
3500_2,False,,679.5336914,48
3500_3,False,,679.5336914,48
3500_4,False,,679.5336914,48
3501_1,True,,679.5336914,48
3501_2,False,,679.5336914,48
3501_3,False,,679.5336914,48
3502_1,True,,659.7180786,45
3502_2,False,,659.7180786,45
3502_3,False,,659.7180786,45
3502_4,False,,659.7180786,45
3502_5,False,,659.7180786,45
3502_6,False,,659.7180786,45
3503_1,True,,301.1954041,19
3503_2,False,,301.1954041,19
3503_3,False,,301.1954041,19
3504_1,True,,1015.954529,46
3504_2,False,,1015.954529,46
3505_1,True,,2808.141113,39
3505_2,False,,2808.141113,39
3505_3,False,,2808.141113,39
3506_1,True,,106.0568237,49
3506_2,False,,106.0568237,49
3506_3,False,,106.0568237,49
3507_1,True,,962.1404419,46
3507_2,False,,962.1404419,46
3507_3,False,,962.1404419,46
3507_4,False,,962.1404419,46
3508_1,True,,659.7180786,25
3508_2,False,,659.7180786,25
3508_3,False,,659.7180786,25
3508_4,False,,659.7180786,25
3508_5,False,,659.7180786,25
3509_1,True,,963.7158813,31
3509_2,False,,963.7158813,31
3509_3,False,,963.7158813,31
3510_1,True,,301.1954041,19
3510_2,False,,301.1954041,19
3510_3,False,,301.1954041,19
3510_4,False,,301.1954041,19
3511_1,True,,962.1404419,46
3511_2,False,,962.1404419,46
3512_1,True,,691.5112915,25
3512_2,False,,691.5112915,25
3513_1,True,,659.7180786,12
3513_2,False,,659.7180786,12
3514_1,True,,1480.23999,26
3514_2,False,,1480.23999,26
3515_1,True,,1483.921753,26
3515_2,False,,1483.921753,26
3515_3,False,,1483.921753,26
3516_1,True,,691.5112915,12
3516_2,False,,691.5112915,12
3516_3,False,,691.5112915,12
3516_4,False,,691.5112915,12
3517_1,True,,106.0568237,49
3517_2,False,,106.0568237,49
3518_1,True,,659.7180786,41
3518_2,False,,659.7180786,41
3518_3,False,,659.7180786,41
3518_4,False,,659.7180786,41
3518_5,False,,659.7180786,41
3519_1,True,,1429.022583,6
3519_2,False,,1429.022583,6
3519_3,False,,1429.022583,6
3519_4,False,,1429.022583,6
3519_5,False,,1429.022583,6
3520_1,True,,1483.921753,26
3520_2,False,,1483.921753,26
3520_3,False,,1483.921753,26
3520_4,False,,1483.921753,26
3521_1,True,,962.1404419,46
3521_2,False,,962.1404419,46
3521_3,False,,962.1404419,46
3521_4,False,,962.1404419,46
3521_5,False,,962.1404419,46
3522_1,True,,659.7180786,45
3522_2,False,,659.7180786,45
3522_3,False,,659.7180786,45
3523_1,True,,1480.23999,26
3523_2,False,,1480.23999,26
3524_1,True,,666.6879883,33
3524_2,False,,666.6879883,33
3524_3,False,,666.6879883,33
3524_4,False,,666.6879883,33
3525_1,True,,659.7180786,12
3525_2,False,,659.7180786,12
3525_3,False,,659.7180786,12
3525_4,False,,659.7180786,12
3526_1,True,,675.8522949,48
3526_2,False,,675.8522949,48
3526_3,False,,675.8522949,48
3526_4,False,,675.8522949,48
3527_1,True,,963.7158813,31
3527_2,False,,963.7158813,31
3527_3,False,,963.7158813,31
3527_4,False,,963.7158813,31
3527_5,False,,963.7158813,31
3528_1,True,,666.6879883,33
3528_2,False,,666.6879883,33
3528_3,False,,666.6879883,33
3529_1,True,,691.5112915,41
3530_1,True,,659.7180786,41
3530_2,False,,659.7180786,41
3530_3,False,,659.7180786,41
3530_4,False,,659.7180786,41
3531_1,True,,1483.921753,26
3531_2,False,,1483.921753,26
3531_3,False,,1483.921753,26
3531_4,False,,1483.921753,26
3532_1,True,,679.5336914,48
3532_2,False,,679.5336914,48
3532_3,False,,679.5336914,48
3532_4,False,,679.5336914,48
3532_5,False,,679.5336914,48
3533_1,True,,2537.585693,39
3533_2,False,,2537.585693,39
3533_3,False,,2537.585693,39
3534_1,True,,337.8926697,19
3535_1,True,,675.8522949,48
3535_2,False,,675.8522949,48
3535_3,False,,675.8522949,48
3535_4,False,,675.8522949,48
3536_1,True,,110.7352905,49
3536_2,False,,110.7352905,49
3536_3,False,,110.7352905,49
3536_4,False,,110.7352905,49
3537_1,True,,659.7180786,10
3537_2,False,,659.7180786,10
3538_1,True,,659.7180786,41
3538_2,False,,659.7180786,41
3538_3,False,,659.7180786,41
3538_4,False,,659.7180786,41
3538_5,False,,659.7180786,41
3539_1,True,,1483.921753,26
3539_2,False,,1483.921753,26
3540_1,True,,258.2655334,9
3540_2,False,,258.2655334,9
3540_3,False,,258.2655334,9
3541_1,True,,666.6879883,32
3541_2,False,,666.6879883,32
3541_3,False,,666.6879883,32
3541_4,False,,666.6879883,32
3542_1,True,,666.6879883,4
3542_2,False,,666.6879883,4
3543_1,True,,659.7180786,45
3543_2,False,,659.7180786,45
3543_3,False,,659.7180786,45
3543_4,False,,659.7180786,45
3543_5,False,,659.7180786,45
3544_1,True,,963.7158813,31
3544_2,False,,963.7158813,31
3545_1,True,,691.5112915,10
3545_2,False,,691.5112915,10
3545_3,False,,691.5112915,10
3545_4,False,,691.5112915,10
3545_5,False,,691.5112915,10
3546_1,True,,1483.921753,26
3546_2,False,,1483.921753,26
3547_1,True,,802.7727051,18
3548_1,True,,659.7180786,10
3548_2,False,,659.7180786,10
3548_3,False,,659.7180786,10
3549_1,True,,2808.141113,39
3549_2,False,,2808.141113,39
3549_3,False,,2808.141113,39
3549_4,False,,2808.141113,39
3549_5,False,,2808.141113,39
3549_6,False,,2808.141113,39
3550_1,True,,110.7352905,49
3550_2,False,,110.7352905,49
3550_3,False,,110.7352905,49
3550_4,False,,110.7352905,49
3550_5,False,,110.7352905,49
3551_1,True,,258.2655334,9
3551_2,False,,258.2655334,9
3551_3,False,,258.2655334,9
3551_4,False,,258.2655334,9
3552_1,True,,963.7158813,31
3552_2,False,,963.7158813,31
3552_3,False,,963.7158813,31
3552_4,False,,963.7158813,31
3553_1,True,,691.5112915,45
3553_2,False,,691.5112915,45
3553_3,False,,691.5112915,45
3554_1,True,,1015.954529,46
3554_2,False,,1015.954529,46
3554_3,False,,1015.954529,46
3554_4,False,,1015.954529,46
3554_5,False,,1015.954529,46
3555_1,True,,679.5336914,48
3555_2,False,,679.5336914,48
3556_1,True,,301.1954041,19
3556_2,False,,301.1954041,19
3556_3,False,,301.1954041,19
3556_4,False,,301.1954041,19
3557_1,True,,1407.310669,6
3557_2,False,,1407.310669,6
3558_1,True,,663.3157959,44
3558_2,False,,663.3157959,44
3558_3,False,,663.3157959,44
3558_4,False,,663.3157959,44
3558_5,False,,663.3157959,44
3559_1,True,,106.0568237,49
3559_2,False,,106.0568237,49
3559_3,False,,106.0568237,49
3560_1,True,,659.7180786,45
3560_2,False,,659.7180786,45
3560_3,False,,659.7180786,45
3560_4,False,,659.7180786,45
3560_5,False,,659.7180786,45
3561_1,True,,963.7158813,31
3561_2,False,,963.7158813,31
3561_3,False,,963.7158813,31
3562_1,True,,258.2655334,9
3562_2,False,,258.2655334,9
3562_3,False,,258.2655334,9
3562_4,False,,258.2655334,9
3563_1,True,,1015.954529,46
3563_2,False,,1015.954529,46
3564_1,True,,663.3157959,47
3564_2,False,,663.3157959,47
3564_3,False,,663.3157959,47
3565_1,True,,963.3539429,31
3565_2,False,,963.3539429,31
3565_3,False,,963.3539429,31
3565_4,False,,963.3539429,31
3566_1,True,,301.1954041,19
3566_2,False,,301.1954041,19
3566_3,False,,301.1954041,19
3566_4,False,,301.1954041,19
3567_1,True,,1429.022583,6
3567_2,False,,1429.022583,6
3567_3,False,,1429.022583,6
3568_1,True,,963.7158813,31
3568_2,False,,963.7158813,31
3568_3,False,,963.7158813,31
3569_1,True,,1483.921753,26
3569_2,False,,1483.921753,26
3569_3,False,,1483.921753,26
3569_4,False,,1483.921753,26
3570_1,True,,659.7180786,10
3570_2,False,,659.7180786,10
3570_3,False,,659.7180786,10
3571_1,True,,2537.585693,39
3572_1,True,,1013.601074,21
3572_2,False,,1013.601074,21
3572_3,False,,1013.601074,21
3572_4,False,,1013.601074,21
3572_5,False,,1013.601074,21
3573_1,True,,777.2303467,18
3573_2,False,,777.2303467,18
3574_1,True,,1015.954529,46
3574_2,False,,1015.954529,46
3574_3,False,,1015.954529,46
3574_4,False,,1015.954529,46
3575_1,True,,691.5112915,25
3575_2,False,,691.5112915,25
3576_1,True,,337.8926697,19
3576_2,False,,337.8926697,19
3577_1,True,,679.5336914,48
3577_2,False,,679.5336914,48
3578_1,True,,679.5336914,48
3578_2,False,,679.5336914,48
3578_3,False,,679.5336914,48
3579_1,True,,273.0114441,9
3579_2,False,,273.0114441,9
3580_1,True,,1480.23999,26
3580_2,False,,1480.23999,26
3581_1,True,,659.7180786,25
3581_2,False,,659.7180786,25
3582_1,True,,1013.601074,21
3582_2,False,,1013.601074,21
3583_1,True,,777.2303467,18
3583_2,False,,777.2303467,18
3583_3,False,,777.2303467,18
3583_4,False,,777.2303467,18
3583_5,False,,777.2303467,18
3584_1,True,,675.8522949,48
3585_1,True,,675.8522949,48
3586_1,True,,963.7158813,31
3586_2,False,,963.7158813,31
3587_1,True,,777.2303467,18
3587_2,False,,777.2303467,18
3587_3,False,,777.2303467,18
3588_1,True,,666.6879883,47
3588_2,False,,666.6879883,47
3588_3,False,,666.6879883,47
3588_4,False,,666.6879883,47
3589_1,True,,679.5336914,48
3589_2,False,,679.5336914,48
3590_1,True,,2808.141113,39
3590_2,False,,2808.141113,39
3591_1,True,,679.5336914,48
3591_2,False,,679.5336914,48
3591_3,False,,679.5336914,48
3592_1,True,,301.1954041,19
3592_2,False,,301.1954041,19
3593_1,True,,675.8522949,48
3593_2,False,,675.8522949,48
3593_3,False,,675.8522949,48
3594_1,True,,679.5336914,48
3594_2,False,,679.5336914,48
3594_3,False,,679.5336914,48
3594_4,False,,679.5336914,48
3595_1,True,,691.5112915,10
3596_1,True,,675.8522949,48
3596_2,False,,675.8522949,48
3596_3,False,,675.8522949,48
3596_4,False,,675.8522949,48
3596_5,False,,675.8522949,48
3596_6,False,,675.8522949,48
3596_7,False,,675.8522949,48
3596_8,False,,675.8522949,48
3597_1,True,,2537.585693,39
3598_1,True,,679.5336914,48
3598_2,False,,679.5336914,48
3598_3,False,,679.5336914,48
3599_1,True,,273.0114441,9
3600_1,True,,273.0114441,9
3600_2,False,,273.0114441,9
3600_3,False,,273.0114441,9
3600_4,False,,273.0114441,9
3601_1,True,,2808.141113,39
3601_2,False,,2808.141113,39
3602_1,True,,679.5336914,48
3602_2,False,,679.5336914,48
3603_1,True,,659.7180786,10
3603_2,False,,659.7180786,10
3603_3,False,,659.7180786,10
3604_1,True,,106.0568237,49
3604_2,False,,106.0568237,49
3604_3,False,,106.0568237,49
3604_4,False,,106.0568237,49
3604_5,False,,106.0568237,49
3605_1,True,,679.5336914,48
3606_1,True,,659.7180786,45
3606_2,False,,659.7180786,45
3606_3,False,,659.7180786,45
3607_1,True,,679.5336914,48
3607_2,False,,679.5336914,48
3608_1,True,,301.1954041,19
3608_2,False,,301.1954041,19
3608_3,False,,301.1954041,19
3608_4,False,,301.1954041,19
3609_1,True,,258.2655334,9
3610_1,True,,106.0568237,49
3610_2,False,,106.0568237,49
3610_3,False,,106.0568237,49
3610_4,False,,106.0568237,49
3611_1,True,,679.5336914,48
3612_1,True,,679.5336914,48
3612_2,False,,679.5336914,48
3612_3,False,,679.5336914,48
3612_4,False,,679.5336914,48
3613_1,True,,2808.141113,39
3613_2,False,,2808.141113,39
3613_3,False,,2808.141113,39
3613_4,False,,2808.141113,39
3614_1,True,,675.8522949,48
3614_2,False,,675.8522949,48
3614_3,False,,675.8522949,48
3614_4,False,,675.8522949,48
3614_5,False,,675.8522949,48
3615_1,True,,675.8522949,48
3615_2,False,,675.8522949,48
3615_3,False,,675.8522949,48
3615_4,False,,675.8522949,48
3616_1,True,,777.2303467,18
3616_2,False,,777.2303467,18
3617_1,True,,675.8522949,48
3617_2,False,,675.8522949,48
3617_3,False,,675.8522949,48
3617_4,False,,675.8522949,48
3618_1,True,,679.5336914,48
3618_2,False,,679.5336914,48
3618_3,False,,679.5336914,48
3619_1,True,,675.8522949,48
3619_2,False,,675.8522949,48
3620_1,True,,1480.23999,26
3620_2,False,,1480.23999,26
3620_3,False,,1480.23999,26
3621_1,True,,106.0568237,49
3622_1,True,,1483.921753,26
3622_2,False,,1483.921753,26
3622_3,False,,1483.921753,26
3622_4,False,,1483.921753,26
3623_1,True,,2808.141113,39
3623_2,False,,2808.141113,39
3623_3,False,,2808.141113,39
3623_4,False,,2808.141113,39
3624_1,True,,659.7180786,25
3624_2,False,,659.7180786,25
3624_3,False,,659.7180786,25
3624_4,False,,659.7180786,25
3625_1,True,,2537.585693,39
3625_2,False,,2537.585693,39
3626_1,True,,106.0568237,49
3626_2,False,,106.0568237,49
3626_3,False,,106.0568237,49
3626_4,False,,106.0568237,49
3626_5,False,,106.0568237,49
3626_6,False,,106.0568237,49
3627_1,True,,1407.310669,6
3627_2,False,,1407.310669,6
3627_3,False,,1407.310669,6
3628_1,True,,1483.921753,26
3628_2,False,,1483.921753,26
3629_1,True,,1483.921753,26
3629_2,False,,1483.921753,26
3630_1,True,,2537.585693,39
3630_2,False,,2537.585693,39
3631_1,True,,1483.921753,26
3631_2,False,,1483.921753,26
3632_1,True,,659.7180786,12
3632_2,False,,659.7180786,12
3632_3,False,,659.7180786,12
3633_1,True,,679.5336914,48
3633_2,False,,679.5336914,48
3633_3,False,,679.5336914,48
3634_1,True,,106.0568237,49
3634_2,False,,106.0568237,49
3634_3,False,,106.0568237,49
3635_1,True,,1483.921753,26
3635_2,False,,1483.921753,26
3635_3,False,,1483.921753,26
3635_4,False,,1483.921753,26
3635_5,False,,1483.921753,26
3635_6,False,,1483.921753,26
3636_1,True,,679.5336914,48
3636_2,False,,679.5336914,48
3636_3,False,,679.5336914,48
3637_1,True,,258.2655334,9
3637_2,False,,258.2655334,9
3638_1,True,,675.8522949,48
3638_2,False,,675.8522949,48
3639_1,True,,679.5336914,48
3639_2,False,,679.5336914,48
3639_3,False,,679.5336914,48
3639_4,False,,679.5336914,48
3640_1,True,,675.8522949,48
3640_2,False,,675.8522949,48
3640_3,False,,675.8522949,48
3640_4,False,,675.8522949,48
3641_1,True,,1407.310669,6
3641_2,False,,1407.310669,6
3642_1,True,,679.5336914,48
3642_2,False,,679.5336914,48
3642_3,False,,679.5336914,48
3643_1,True,,777.2303467,18
3643_2,False,,777.2303467,18
3643_3,False,,777.2303467,18
3644_1,True,,1013.601074,21
3644_2,False,,1013.601074,21
3644_3,False,,1013.601074,21
3644_4,False,,1013.601074,21
3645_1,True,,777.2303467,18
3645_2,False,,777.2303467,18
3646_1,True,,963.3539429,31
3646_2,False,,963.3539429,31
3646_3,False,,963.3539429,31
3646_4,False,,963.3539429,31
3646_5,False,,963.3539429,31
3647_1,True,,663.3157959,47
3647_2,False,,663.3157959,47
3647_3,False,,663.3157959,47
3648_1,True,,679.5336914,48
3648_2,False,,679.5336914,48
3648_3,False,,679.5336914,48
3649_1,True,,691.5112915,41
3649_2,False,,691.5112915,41
3649_3,False,,691.5112915,41
3649_4,False,,691.5112915,41
3650_1,True,,106.0568237,49
3650_2,False,,106.0568237,49
3650_3,False,,106.0568237,49
3651_1,True,,963.7158813,31
3651_2,False,,963.7158813,31
3651_3,False,,963.7158813,31
3651_4,False,,963.7158813,31
3652_1,True,,1483.921753,26
3652_2,False,,1483.921753,26
3653_1,True,,963.7158813,31
3653_2,False,,963.7158813,31
3653_3,False,,963.7158813,31
3653_4,False,,963.7158813,31
3654_1,True,,679.5336914,48
3654_2,False,,679.5336914,48
3655_1,True,,659.7180786,25
3655_2,False,,659.7180786,25
3655_3,False,,659.7180786,25
3655_4,False,,659.7180786,25
3656_1,True,,963.7158813,31
3656_2,False,,963.7158813,31
3656_3,False,,963.7158813,31
3657_1,True,,337.8926697,19
3657_2,False,,337.8926697,19
3657_3,False,,337.8926697,19
3658_1,True,,679.5336914,48
3658_2,False,,679.5336914,48
3658_3,False,,679.5336914,48
3658_4,False,,679.5336914,48
3658_5,False,,679.5336914,48
3658_6,False,,679.5336914,48
3659_1,True,,663.3157959,13
3659_2,False,,663.3157959,13
3659_3,False,,663.3157959,13
3660_1,True,,963.3539429,31
3660_2,False,,963.3539429,31
3660_3,False,,963.3539429,31
3660_4,False,,963.3539429,31
3660_5,False,,963.3539429,31
3661_1,True,,1013.601074,21
3661_2,False,,1013.601074,21
3662_1,True,,301.1954041,19
3662_2,False,,301.1954041,19
3662_3,False,,301.1954041,19
3663_1,True,,691.5112915,41
3664_1,True,,659.7180786,25
3664_2,False,,659.7180786,25
3665_1,True,,106.0568237,49
3665_2,False,,106.0568237,49
3666_1,True,,2808.141113,39
3666_2,False,,2808.141113,39
3666_3,False,,2808.141113,39
3666_4,False,,2808.141113,39
3666_5,False,,2808.141113,39
3667_1,True,,258.2655334,9
3668_1,True,,1015.954529,46
3668_2,False,,1015.954529,46
3668_3,False,,1015.954529,46
3668_4,False,,1015.954529,46
3668_5,False,,1015.954529,46
3669_1,True,,963.7158813,31
3669_2,False,,963.7158813,31
3669_3,False,,963.7158813,31
3669_4,False,,963.7158813,31
3669_5,False,,963.7158813,31
3670_1,True,,679.5336914,48
3670_2,False,,679.5336914,48
3671_1,True,,962.1404419,46
3672_1,True,,1015.954529,46
3673_1,True,,659.7180786,45
3673_2,False,,659.7180786,45
3673_3,False,,659.7180786,45
3674_1,True,,1483.921753,26
3674_2,False,,1483.921753,26
3675_1,True,,301.1954041,19
3675_2,False,,301.1954041,19
3676_1,True,,258.2655334,9
3676_2,False,,258.2655334,9
3677_1,True,,106.0568237,49
3677_2,False,,106.0568237,49
3678_1,True,,2537.585693,39
3679_1,True,,777.2303467,18
3679_2,False,,777.2303467,18
3679_3,False,,777.2303467,18
3680_1,True,,963.7158813,31
3680_2,False,,963.7158813,31
3680_3,False,,963.7158813,31
3680_4,False,,963.7158813,31
3680_5,False,,963.7158813,31
3681_1,True,,2537.585693,39
3681_2,False,,2537.585693,39
3682_1,True,,273.0114441,9
3682_2,False,,273.0114441,9
3682_3,False,,273.0114441,9
3683_1,True,,963.7158813,31
3683_2,False,,963.7158813,31
3684_1,True,,963.3539429,31
3684_2,False,,963.3539429,31
3684_3,False,,963.3539429,31
3684_4,False,,963.3539429,31
3685_1,True,,1407.310669,6
3685_2,False,,1407.310669,6
3685_3,False,,1407.310669,6
3685_4,False,,1407.310669,6
3686_1,True,,962.1404419,46
3686_2,False,,962.1404419,46
3686_3,False,,962.1404419,46
3687_1,True,,106.0568237,49
3687_2,False,,106.0568237,49
3688_1,True,,691.5112915,45
3688_2,False,,691.5112915,45
3688_3,False,,691.5112915,45
3688_4,False,,691.5112915,45
3688_5,False,,691.5112915,45
3689_1,True,,1480.23999,26
3689_2,False,,1480.23999,26
3689_3,False,,1480.23999,26
3690_1,True,,802.7727051,18
3690_2,False,,802.7727051,18
3691_1,True,,1013.601074,21
3691_2,False,,1013.601074,21
3691_3,False,,1013.601074,21
3692_1,True,,1015.954529,46
3692_2,False,,1015.954529,46
3692_3,False,,1015.954529,46
3692_4,False,,1015.954529,46
3692_5,False,,1015.954529,46
3693_1,True,,1013.601074,21
3693_2,False,,1013.601074,21
3693_3,False,,1013.601074,21
3694_1,True,,258.2655334,9
3694_2,False,,258.2655334,9
3694_3,False,,258.2655334,9
3695_1,True,,777.2303467,18
3695_2,False,,777.2303467,18
3695_3,False,,777.2303467,18
3695_4,False,,777.2303467,18
3695_5,False,,777.2303467,18
3696_1,True,,1034.289795,21
3697_1,True,,106.0568237,49
3697_2,False,,106.0568237,49
3697_3,False,,106.0568237,49
3698_1,True,,962.1404419,46
3698_2,False,,962.1404419,46
3699_1,True,,1429.022583,6
3699_2,False,,1429.022583,6
3700_1,True,,2808.141113,39
3700_2,False,,2808.141113,39
3700_3,False,,2808.141113,39
3700_4,False,,2808.141113,39
3700_5,False,,2808.141113,39
3701_1,True,,679.5336914,48
3701_2,False,,679.5336914,48
3701_3,False,,679.5336914,48
3701_4,False,,679.5336914,48
3701_5,False,,679.5336914,48
3702_1,True,,659.7180786,25
3702_2,False,,659.7180786,25
3702_3,False,,659.7180786,25
3702_4,False,,659.7180786,25
3702_5,False,,659.7180786,25
3703_1,True,,273.0114441,9
3703_2,False,,273.0114441,9
3703_3,False,,273.0114441,9
3704_1,True,,679.5336914,48
3704_2,False,,679.5336914,48
3704_3,False,,679.5336914,48
3704_4,False,,679.5336914,48
3705_1,True,,2808.141113,39
3705_2,False,,2808.141113,39
3706_1,True,,2808.141113,39
3706_2,False,,2808.141113,39
3706_3,False,,2808.141113,39
3707_1,True,,1013.601074,21
3707_2,False,,1013.601074,21
3707_3,False,,1013.601074,21
3707_4,False,,1013.601074,21
3708_1,True,,106.0568237,49
3708_2,False,,106.0568237,49
3708_3,False,,106.0568237,49
3708_4,False,,106.0568237,49
3709_1,True,,2808.141113,39
3709_2,False,,2808.141113,39
3709_3,False,,2808.141113,39
3710_1,True,,666.6879883,33
3710_2,False,,666.6879883,33
3710_3,False,,666.6879883,33
3710_4,False,,666.6879883,33
3711_1,True,,2537.585693,39
3711_2,False,,2537.585693,39
3711_3,False,,2537.585693,39
3712_1,True,,1429.022583,6
3712_2,False,,1429.022583,6
3713_1,True,,1034.289795,21
3713_2,False,,1034.289795,21
3714_1,True,,1429.022583,6
3714_2,False,,1429.022583,6
3714_3,False,,1429.022583,6
3715_1,True,,110.7352905,49
3715_2,False,,110.7352905,49
3716_1,True,,962.1404419,46
3716_2,False,,962.1404419,46
3717_1,True,,666.6879883,4
3717_2,False,,666.6879883,4
3717_3,False,,666.6879883,4
3717_4,False,,666.6879883,4
3718_1,True,,679.5336914,48
3718_2,False,,679.5336914,48
3718_3,False,,679.5336914,48
3718_4,False,,679.5336914,48
3718_5,False,,679.5336914,48
3718_6,False,,679.5336914,48
3718_7,False,,679.5336914,48
3718_8,False,,679.5336914,48
3718_9,False,,679.5336914,48
3719_1,True,,1015.954529,46
3719_2,False,,1015.954529,46
3719_3,False,,1015.954529,46
3719_4,False,,1015.954529,46
3720_1,True,,301.1954041,19
3721_1,True,,2808.141113,39
3721_2,False,,2808.141113,39
3721_3,False,,2808.141113,39
3722_1,True,,679.5336914,48
3722_2,False,,679.5336914,48
3722_3,False,,679.5336914,48
3723_1,True,,962.1404419,46
3723_2,False,,962.1404419,46
3723_3,False,,962.1404419,46
3723_4,False,,962.1404419,46
3724_1,True,,659.7180786,41
3724_2,False,,659.7180786,41
3724_3,False,,659.7180786,41
3725_1,True,,301.1954041,19
3725_2,False,,301.1954041,19
3726_1,True,,106.0568237,49
3726_2,False,,106.0568237,49
3726_3,False,,106.0568237,49
3727_1,True,,659.7180786,41
3727_2,False,,659.7180786,41
3727_3,False,,659.7180786,41
3727_4,False,,659.7180786,41
3728_1,True,,1015.954529,46
3728_2,False,,1015.954529,46
3728_3,False,,1015.954529,46
3728_4,False,,1015.954529,46
3728_5,False,,1015.954529,46
3729_1,True,,1015.954529,46
3729_2,False,,1015.954529,46
3729_3,False,,1015.954529,46
3729_4,False,,1015.954529,46
3730_1,True,,962.1404419,46
3730_2,False,,962.1404419,46
3731_1,True,,337.8926697,19
3731_2,False,,337.8926697,19
3731_3,False,,337.8926697,19
3731_4,False,,337.8926697,19
3732_1,True,,666.6879883,38
3732_2,False,,666.6879883,38
3732_3,False,,666.6879883,38
3732_4,False,,666.6879883,38
3733_1,True,,2808.141113,39
3733_2,False,,2808.141113,39
3733_3,False,,2808.141113,39
3734_1,True,,110.7352905,49
3734_2,False,,110.7352905,49
3735_1,True,,663.3157959,33
3735_2,False,,663.3157959,33
3736_1,True,,666.6879883,7
3736_2,False,,666.6879883,7
3736_3,False,,666.6879883,7
3736_4,False,,666.6879883,7
3737_1,True,,1015.954529,46
3737_2,False,,1015.954529,46
3738_1,True,,962.1404419,46
3739_1,True,,273.0114441,9
3739_2,False,,273.0114441,9
3740_1,True,,1015.954529,46
3740_2,False,,1015.954529,46
3741_1,True,,666.6879883,4
3741_2,False,,666.6879883,4
3741_3,False,,666.6879883,4
3741_4,False,,666.6879883,4
3741_5,False,,666.6879883,4
3742_1,True,,691.5112915,10
3742_2,False,,691.5112915,10
3742_3,False,,691.5112915,10
3743_1,True,,659.7180786,25
3743_2,False,,659.7180786,25
3743_3,False,,659.7180786,25
3743_4,False,,659.7180786,25
3743_5,False,,659.7180786,25
3744_1,True,,962.1404419,46
3744_2,False,,962.1404419,46
3745_1,True,,1407.310669,6
3746_1,True,,1015.954529,46
3746_2,False,,1015.954529,46
3746_3,False,,1015.954529,46
3746_4,False,,1015.954529,46
3747_1,True,,1015.954529,46
3748_1,True,,691.5112915,10
3748_2,False,,691.5112915,10
3748_3,False,,691.5112915,10
3748_4,False,,691.5112915,10
3748_5,False,,691.5112915,10
3748_6,False,,691.5112915,10
3749_1,True,,1015.954529,46
3749_2,False,,1015.954529,46
3749_3,False,,1015.954529,46
3749_4,False,,1015.954529,46
3750_1,True,,962.1404419,46
3750_2,False,,962.1404419,46
3750_3,False,,962.1404419,46
3750_4,False,,962.1404419,46
3751_1,True,,962.1404419,46
3751_2,False,,962.1404419,46
3751_3,False,,962.1404419,46
3751_4,False,,962.1404419,46
3752_1,True,,1015.954529,46
3752_2,False,,1015.954529,46
3752_3,False,,1015.954529,46
3753_1,True,,273.0114441,9
3753_2,False,,273.0114441,9
3754_1,True,,258.2655334,9
3754_2,False,,258.2655334,9
3755_1,True,,337.8926697,19
3755_2,False,,337.8926697,19
3755_3,False,,337.8926697,19
3755_4,False,,337.8926697,19
3755_5,False,,337.8926697,19
3756_1,True,,666.6879883,4
3756_2,False,,666.6879883,4
3756_3,False,,666.6879883,4
3756_4,False,,666.6879883,4
3757_1,True,,802.7727051,18
3757_2,False,,802.7727051,18
3757_3,False,,802.7727051,18
3758_1,True,,963.3539429,31
3759_1,True,,2808.141113,39
3759_2,False,,2808.141113,39
3759_3,False,,2808.141113,39
3759_4,False,,2808.141113,39
3760_1,True,,1480.23999,26
3760_2,False,,1480.23999,26
3761_1,True,,963.7158813,31
3761_2,False,,963.7158813,31
3761_3,False,,963.7158813,31
3761_4,False,,963.7158813,31
3761_5,False,,963.7158813,31
3761_6,False,,963.7158813,31
3762_1,True,,962.1404419,46
3762_2,False,,962.1404419,46
3762_3,False,,962.1404419,46
3763_1,True,,1015.954529,46
3763_2,False,,1015.954529,46
3763_3,False,,1015.954529,46
3763_4,False,,1015.954529,46
3763_5,False,,1015.954529,46
3763_6,False,,1015.954529,46
3764_1,True,,110.7352905,49
3764_2,False,,110.7352905,49
3765_1,True,,1015.954529,46
3765_2,False,,1015.954529,46
3765_3,False,,1015.954529,46
3765_4,False,,1015.954529,46
3765_5,False,,1015.954529,46
3766_1,True,,106.0568237,49
3766_2,False,,106.0568237,49
3767_1,True,,659.7180786,25
3767_2,False,,659.7180786,25
3767_3,False,,659.7180786,25
3767_4,False,,659.7180786,25
3768_1,True,,1015.954529,46
3768_2,False,,1015.954529,46
3769_1,True,,962.1404419,46
3769_2,False,,962.1404419,46
3770_1,True,,679.5336914,48
3770_2,False,,679.5336914,48
3770_3,False,,679.5336914,48
3770_4,False,,679.5336914,48
3771_1,True,,691.5112915,12
3771_2,False,,691.5112915,12
3771_3,False,,691.5112915,12
3771_4,False,,691.5112915,12
3772_1,True,,962.1404419,46
3772_2,False,,962.1404419,46
3773_1,True,,663.3157959,33
3773_2,False,,663.3157959,33
3773_3,False,,663.3157959,33
3773_4,False,,663.3157959,33
3774_1,True,,2537.585693,39
3774_2,False,,2537.585693,39
3774_3,False,,2537.585693,39
3775_1,True,,1407.310669,6
3775_2,False,,1407.310669,6
3775_3,False,,1407.310669,6
3775_4,False,,1407.310669,6
3775_5,False,,1407.310669,6
3776_1,True,,2537.585693,39
3776_2,False,,2537.585693,39
3777_1,True,,1015.954529,46
3778_1,True,,258.2655334,9
3778_2,False,,258.2655334,9
3778_3,False,,258.2655334,9
3778_4,False,,258.2655334,9
3779_1,True,,802.7727051,18
3779_2,False,,802.7727051,18
3779_3,False,,802.7727051,18
3779_4,False,,802.7727051,18
3779_5,False,,802.7727051,18
3780_1,True,,110.7352905,49
3780_2,False,,110.7352905,49
3780_3,False,,110.7352905,49
3780_4,False,,110.7352905,49
3781_1,True,,962.1404419,46
3781_2,False,,962.1404419,46
3782_1,True,,106.0568237,49
3783_1,True,,273.0114441,9
3783_2,False,,273.0114441,9
3783_3,False,,273.0114441,9
3784_1,True,,962.1404419,46
3784_2,False,,962.1404419,46
3785_1,True,,1013.601074,21
3785_2,False,,1013.601074,21
3785_3,False,,1013.601074,21
3786_1,True,,777.2303467,18
3786_2,False,,777.2303467,18
3786_3,False,,777.2303467,18
3786_4,False,,777.2303467,18
3787_1,True,,679.5336914,48
3787_2,False,,679.5336914,48
3787_3,False,,679.5336914,48
3787_4,False,,679.5336914,48
3788_1,True,,106.0568237,49
3788_2,False,,106.0568237,49
3789_1,True,,1013.601074,21
3789_2,False,,1013.601074,21
3789_3,False,,1013.601074,21
3789_4,False,,1013.601074,21
3790_1,True,,679.5336914,48
3790_2,False,,679.5336914,48
3790_3,False,,679.5336914,48
3790_4,False,,679.5336914,48
3791_1,True,,110.7352905,49
3791_2,False,,110.7352905,49
3792_1,True,,675.8522949,48
3792_2,False,,675.8522949,48
3792_3,False,,675.8522949,48
3793_1,True,,110.7352905,49
3793_2,False,,110.7352905,49
3793_3,False,,110.7352905,49
3794_1,True,,1483.921753,26
3794_2,False,,1483.921753,26
3794_3,False,,1483.921753,26
3794_4,False,,1483.921753,26
3794_5,False,,1483.921753,26
3795_1,True,,2808.141113,39
3795_2,False,,2808.141113,39
3795_3,False,,2808.141113,39
3796_1,True,,1407.310669,6
3796_2,False,,1407.310669,6
3796_3,False,,1407.310669,6
3797_1,True,,679.5336914,48
3797_2,False,,679.5336914,48
3797_3,False,,679.5336914,48
3798_1,True,,962.1404419,46
3798_2,False,,962.1404419,46
3798_3,False,,962.1404419,46
3798_4,False,,962.1404419,46
3798_5,False,,962.1404419,46
3798_6,False,,962.1404419,46
3799_1,True,,679.5336914,48
3799_2,False,,679.5336914,48
3799_3,False,,679.5336914,48
3799_4,False,,679.5336914,48
3799_5,False,,679.5336914,48
3799_6,False,,679.5336914,48
3799_7,False,,679.5336914,48
3799_8,False,,679.5336914,48
3800_1,True,,1034.289795,21
3800_2,False,,1034.289795,21
3801_1,True,,691.5112915,41
3801_2,False,,691.5112915,41
3801_3,False,,691.5112915,41
3801_4,False,,691.5112915,41
3802_1,True,,2537.585693,39
3802_2,False,,2537.585693,39
3802_3,False,,2537.585693,39
3803_1,True,,666.6879883,47
3803_2,False,,666.6879883,47
3803_3,False,,666.6879883,47
3803_4,False,,666.6879883,47
3804_1,True,,106.0568237,49
3804_2,False,,106.0568237,49
3804_3,False,,106.0568237,49
3805_1,True,,337.8926697,19
3805_2,False,,337.8926697,19
3805_3,False,,337.8926697,19
3805_4,False,,337.8926697,19
3806_1,True,,963.7158813,31
3806_2,False,,963.7158813,31
3806_3,False,,963.7158813,31
3806_4,False,,963.7158813,31
3806_5,False,,963.7158813,31
3807_1,True,,258.2655334,9
3807_2,False,,258.2655334,9
3807_3,False,,258.2655334,9
3807_4,False,,258.2655334,9
3808_1,True,,258.2655334,9
3808_2,False,,258.2655334,9
3808_3,False,,258.2655334,9
3809_1,True,,1013.601074,21
3809_2,False,,1013.601074,21
3809_3,False,,1013.601074,21
3809_4,False,,1013.601074,21
3809_5,False,,1013.601074,21
3809_6,False,,1013.601074,21
3809_7,False,,1013.601074,21
3810_1,True,,1015.954529,46
3810_2,False,,1015.954529,46
3811_1,True,,663.3157959,33
3811_2,False,,663.3157959,33
3811_3,False,,663.3157959,33
3811_4,False,,663.3157959,33
3811_5,False,,663.3157959,33
3811_6,False,,663.3157959,33
3812_1,True,,1480.23999,26
3812_2,False,,1480.23999,26
3813_1,True,,273.0114441,9
3813_2,False,,273.0114441,9
3813_3,False,,273.0114441,9
3814_1,True,,2537.585693,39
3814_2,False,,2537.585693,39
3815_1,True,,258.2655334,9
3815_2,False,,258.2655334,9
3815_3,False,,258.2655334,9
3816_1,True,,1407.310669,6
3816_2,False,,1407.310669,6
3816_3,False,,1407.310669,6
3816_4,False,,1407.310669,6
3816_5,False,,1407.310669,6
3817_1,True,,2808.141113,39
3817_2,False,,2808.141113,39
3817_3,False,,2808.141113,39
3818_1,True,,106.0568237,49
3818_2,False,,106.0568237,49
3819_1,True,,675.8522949,48
3819_2,False,,675.8522949,48
3820_1,True,,1480.23999,26
3820_2,False,,1480.23999,26
3820_3,False,,1480.23999,26
3821_1,True,,337.8926697,19
3821_2,False,,337.8926697,19
3822_1,True,,2537.585693,39
3822_2,False,,2537.585693,39
3823_1,True,,663.3157959,38
3823_2,False,,663.3157959,38
3824_1,True,,802.7727051,18
3824_2,False,,802.7727051,18
3824_3,False,,802.7727051,18
3824_4,False,,802.7727051,18
3824_5,False,,802.7727051,18
3825_1,True,,1429.022583,6
3825_2,False,,1429.022583,6
3825_3,False,,1429.022583,6
3826_1,True,,301.1954041,19
3826_2,False,,301.1954041,19
3827_1,True,,675.8522949,48
3827_2,False,,675.8522949,48
3827_3,False,,675.8522949,48
3827_4,False,,675.8522949,48
3828_1,True,,659.7180786,41
3828_2,False,,659.7180786,41
3828_3,False,,659.7180786,41
3829_1,True,,337.8926697,19
3829_2,False,,337.8926697,19
3829_3,False,,337.8926697,19
3830_1,True,,963.7158813,31
3830_2,False,,963.7158813,31
3830_3,False,,963.7158813,31
3830_4,False,,963.7158813,31
3830_5,False,,963.7158813,31
3830_6,False,,963.7158813,31
3831_1,True,,2808.141113,39
3831_2,False,,2808.141113,39
3832_1,True,,691.5112915,10
3832_2,False,,691.5112915,10
3832_3,False,,691.5112915,10
3832_4,False,,691.5112915,10
3833_1,True,,963.7158813,31
3833_2,False,,963.7158813,31
3834_1,True,,1480.23999,26
3834_2,False,,1480.23999,26
3834_3,False,,1480.23999,26
3834_4,False,,1480.23999,26
3834_5,False,,1480.23999,26
3834_6,False,,1480.23999,26
3835_1,True,,1034.289795,21
3835_2,False,,1034.289795,21
3836_1,True,,301.1954041,19
3837_1,True,,2537.585693,39
3837_2,False,,2537.585693,39
3838_1,True,,679.5336914,48
3838_2,False,,679.5336914,48
3838_3,False,,679.5336914,48
3838_4,False,,679.5336914,48
3838_5,False,,679.5336914,48
3839_1,True,,1407.310669,6
3839_2,False,,1407.310669,6
3840_1,True,,679.5336914,48
3840_2,False,,679.5336914,48
3840_3,False,,679.5336914,48
3841_1,True,,691.5112915,45
3841_2,False,,691.5112915,45
3842_1,True,,1407.310669,6
3842_2,False,,1407.310669,6
3842_3,False,,1407.310669,6
3842_4,False,,1407.310669,6
3843_1,True,,802.7727051,18
3844_1,True,,679.5336914,48
3844_2,False,,679.5336914,48
3844_3,False,,679.5336914,48
3844_4,False,,679.5336914,48
3845_1,True,,963.7158813,31
3845_2,False,,963.7158813,31
3845_3,False,,963.7158813,31
3846_1,True,,1015.954529,46
3846_2,False,,1015.954529,46
3846_3,False,,1015.954529,46
3846_4,False,,1015.954529,46
3847_1,True,,1407.310669,6
3847_2,False,,1407.310669,6
3847_3,False,,1407.310669,6
3847_4,False,,1407.310669,6
3848_1,True,,962.1404419,46
3848_2,False,,962.1404419,46
3849_1,True,,777.2303467,18
3849_2,False,,777.2303467,18
3849_3,False,,777.2303467,18
3849_4,False,,777.2303467,18
3849_5,False,,777.2303467,18
3850_1,True,,963.3539429,31
3850_2,False,,963.3539429,31
3850_3,False,,963.3539429,31
3851_1,True,,777.2303467,18
3851_2,False,,777.2303467,18
3851_3,False,,777.2303467,18
3851_4,False,,777.2303467,18
3852_1,True,,273.0114441,9
3852_2,False,,273.0114441,9
3853_1,True,,691.5112915,12
3853_2,False,,691.5112915,12
3853_3,False,,691.5112915,12
3853_4,False,,691.5112915,12
3854_1,True,,301.1954041,19
3854_2,False,,301.1954041,19
3855_1,True,,1013.601074,21
3855_2,False,,1013.601074,21
3855_3,False,,1013.601074,21
3855_4,False,,1013.601074,21
3856_1,True,,258.2655334,9
3856_2,False,,258.2655334,9
3857_1,True,,273.0114441,9
3857_2,False,,273.0114441,9
3858_1,True,,258.2655334,9
3858_2,False,,258.2655334,9
3859_1,True,,1013.601074,21
3859_2,False,,1013.601074,21
3859_3,False,,1013.601074,21
3859_4,False,,1013.601074,21
3859_5,False,,1013.601074,21
3859_6,False,,1013.601074,21
3859_7,False,,1013.601074,21
3859_8,False,,1013.601074,21
3859_9,False,,1013.601074,21
3859_10,False,,1013.601074,21
3860_1,True,,106.0568237,49
3860_2,False,,106.0568237,49
3861_1,True,,675.8522949,48
3861_2,False,,675.8522949,48
3861_3,False,,675.8522949,48
3862_1,True,,963.3539429,31
3862_2,False,,963.3539429,31
3862_3,False,,963.3539429,31
3863_1,True,,962.1404419,46
3863_2,False,,962.1404419,46
3863_3,False,,962.1404419,46
3863_4,False,,962.1404419,46
3864_1,True,,777.2303467,18
3864_2,False,,777.2303467,18
3865_1,True,,1407.310669,6
3865_2,False,,1407.310669,6
3865_3,False,,1407.310669,6
3865_4,False,,1407.310669,6
3865_5,False,,1407.310669,6
3865_6,False,,1407.310669,6
3865_7,False,,1407.310669,6
3866_1,True,,2808.141113,39
3866_2,False,,2808.141113,39
3867_1,True,,2808.141113,39
3867_2,False,,2808.141113,39
3867_3,False,,2808.141113,39
3868_1,True,,258.2655334,9
3868_2,False,,258.2655334,9
3868_3,False,,258.2655334,9
3868_4,False,,258.2655334,9
3869_1,True,,2808.141113,39
3869_2,False,,2808.141113,39
3870_1,True,,258.2655334,9
3870_2,False,,258.2655334,9
3871_1,True,,2808.141113,39
3871_2,False,,2808.141113,39
3871_3,False,,2808.141113,39
3872_1,True,,2808.141113,39
3872_2,False,,2808.141113,39
3872_3,False,,2808.141113,39
3873_1,True,,1407.310669,6
3873_2,False,,1407.310669,6
3873_3,False,,1407.310669,6
3873_4,False,,1407.310669,6
3873_5,False,,1407.310669,6
3874_1,True,,2808.141113,39
3874_2,False,,2808.141113,39
3874_3,False,,2808.141113,39
3875_1,True,,1483.921753,26
3875_2,False,,1483.921753,26
3875_3,False,,1483.921753,26
3875_4,False,,1483.921753,26
3876_1,True,,106.0568237,49
3876_2,False,,106.0568237,49
3876_3,False,,106.0568237,49
3877_1,True,,1034.289795,21
3877_2,False,,1034.289795,21
3878_1,True,,1429.022583,6
3878_2,False,,1429.022583,6
3878_3,False,,1429.022583,6
3879_1,True,,666.6879883,4
3879_2,False,,666.6879883,4
3879_3,False,,666.6879883,4
3879_4,False,,666.6879883,4
3880_1,True,,675.8522949,48
3880_2,False,,675.8522949,48
3880_3,False,,675.8522949,48
3881_1,True,,337.8926697,19
3881_2,False,,337.8926697,19
3881_3,False,,337.8926697,19
3881_4,False,,337.8926697,19
3882_1,True,,106.0568237,49
3882_2,False,,106.0568237,49
3883_1,True,,659.7180786,12
3883_2,False,,659.7180786,12
3884_1,True,,659.7180786,41
3884_2,False,,659.7180786,41
3884_3,False,,659.7180786,41
3884_4,False,,659.7180786,41
3885_1,True,,1483.921753,26
3885_2,False,,1483.921753,26
3886_1,True,,1480.23999,26
3887_1,True,,963.3539429,31
3887_2,False,,963.3539429,31
3887_3,False,,963.3539429,31
3887_4,False,,963.3539429,31
3887_5,False,,963.3539429,31
3888_1,True,,2808.141113,39
3888_2,False,,2808.141113,39
3888_3,False,,2808.141113,39
3888_4,False,,2808.141113,39
3888_5,False,,2808.141113,39
3888_6,False,,2808.141113,39
3889_1,True,,301.1954041,19
3889_2,False,,301.1954041,19
3889_3,False,,301.1954041,19
3889_4,False,,301.1954041,19
3890_1,True,,301.1954041,19
3891_1,True,,2808.141113,39
3891_2,False,,2808.141113,39
3891_3,False,,2808.141113,39
3892_1,True,,2537.585693,39
3892_2,False,,2537.585693,39
3893_1,True,,258.2655334,9
3893_2,False,,258.2655334,9
3894_1,True,,691.5112915,10
3894_2,False,,691.5112915,10
3895_1,True,,273.0114441,9
3895_2,False,,273.0114441,9
3895_3,False,,273.0114441,9
3896_1,True,,2808.141113,39
3896_2,False,,2808.141113,39
3897_1,True,,663.3157959,33
3897_2,False,,663.3157959,33
3898_1,True,,2808.141113,39
3898_2,False,,2808.141113,39
3898_3,False,,2808.141113,39
3898_4,False,,2808.141113,39
3899_1,True,,2537.585693,39
3899_2,False,,2537.585693,39
3899_3,False,,2537.585693,39
3900_1,True,,2808.141113,39
3900_2,False,,2808.141113,39
3901_1,True,,2537.585693,39
3901_2,False,,2537.585693,39
3901_3,False,,2537.585693,39
3902_1,True,,2537.585693,39
3903_1,True,,659.7180786,41
3903_2,False,,659.7180786,41
3903_3,False,,659.7180786,41
3904_1,True,,2808.141113,39
3904_2,False,,2808.141113,39
3904_3,False,,2808.141113,39
3905_1,True,,1483.921753,26
3905_2,False,,1483.921753,26
3906_1,True,,1407.310669,6
3906_2,False,,1407.310669,6
3906_3,False,,1407.310669,6
3907_1,True,,962.1404419,46
3907_2,False,,962.1404419,46
3907_3,False,,962.1404419,46
3908_1,True,,2808.141113,39
3908_2,False,,2808.141113,39
3908_3,False,,2808.141113,39
3908_4,False,,2808.141113,39
3908_5,False,,2808.141113,39
3909_1,True,,2537.585693,39
3909_2,False,,2537.585693,39
3909_3,False,,2537.585693,39
3909_4,False,,2537.585693,39
3910_1,True,,2808.141113,39
3910_2,False,,2808.141113,39
3910_3,False,,2808.141113,39
3910_4,False,,2808.141113,39
3911_1,True,,2808.141113,39
3911_2,False,,2808.141113,39
3911_3,False,,2808.141113,39
3911_4,False,,2808.141113,39
3912_1,True,,110.7352905,49
3913_1,True,,2808.141113,39
3913_2,False,,2808.141113,39
3913_3,False,,2808.141113,39
3913_4,False,,2808.141113,39
3914_1,True,,337.8926697,19
3914_2,False,,337.8926697,19
3915_1,True,,666.6879883,44
3915_2,False,,666.6879883,44
3915_3,False,,666.6879883,44
3915_4,False,,666.6879883,44
3916_1,True,,962.1404419,46
3916_2,False,,962.1404419,46
3917_1,True,,659.7180786,10
3917_2,False,,659.7180786,10
3917_3,False,,659.7180786,10
3917_4,False,,659.7180786,10
3917_5,False,,659.7180786,10
3918_1,True,,2537.585693,39
3918_2,False,,2537.585693,39
3918_3,False,,2537.585693,39
3918_4,False,,2537.585693,39
3919_1,True,,777.2303467,18
3919_2,False,,777.2303467,18
3919_3,False,,777.2303467,18
3919_4,False,,777.2303467,18
3919_5,False,,777.2303467,18
3920_1,True,,1483.921753,26
3920_2,False,,1483.921753,26
3920_3,False,,1483.921753,26
3920_4,False,,1483.921753,26
3920_5,False,,1483.921753,26
3920_6,False,,1483.921753,26
3920_7,False,,1483.921753,26
3920_8,False,,1483.921753,26
3920_9,False,,1483.921753,26
3921_1,True,,106.0568237,49
3921_2,False,,106.0568237,49
3922_1,True,,663.3157959,33
3922_2,False,,663.3157959,33
3923_1,True,,106.0568237,49
3923_2,False,,106.0568237,49
3924_1,True,,1407.310669,6
3924_2,False,,1407.310669,6
3925_1,True,,337.8926697,19
3925_2,False,,337.8926697,19
3926_1,True,,663.3157959,38
3926_2,False,,663.3157959,38
3926_3,False,,663.3157959,38
3926_4,False,,663.3157959,38
3927_1,True,,2808.141113,39
3927_2,False,,2808.141113,39
3928_1,True,,337.8926697,19
3928_2,False,,337.8926697,19
3928_3,False,,337.8926697,19
3928_4,False,,337.8926697,19
3928_5,False,,337.8926697,19
3929_1,True,,2808.141113,39
3929_2,False,,2808.141113,39
3929_3,False,,2808.141113,39
3929_4,False,,2808.141113,39
3930_1,True,,679.5336914,48
3930_2,False,,679.5336914,48
3930_3,False,,679.5336914,48
3931_1,True,,1483.921753,26
3931_2,False,,1483.921753,26
3932_1,True,,2537.585693,39
3933_1,True,,337.8926697,19
3934_1,True,,2537.585693,39
3934_2,False,,2537.585693,39
3935_1,True,,675.8522949,48
3936_1,True,,675.8522949,48
3936_2,False,,675.8522949,48
3936_3,False,,675.8522949,48
3937_1,True,,691.5112915,12
3937_2,False,,691.5112915,12
3937_3,False,,691.5112915,12
3938_1,True,,962.1404419,46
3938_2,False,,962.1404419,46
3938_3,False,,962.1404419,46
3938_4,False,,962.1404419,46
3938_5,False,,962.1404419,46
3939_1,True,,1013.601074,21
3940_1,True,,1483.921753,26
3940_2,False,,1483.921753,26
3940_3,False,,1483.921753,26
3940_4,False,,1483.921753,26
3941_1,True,,679.5336914,48
3942_1,True,,802.7727051,18
3942_2,False,,802.7727051,18
3942_3,False,,802.7727051,18
3942_4,False,,802.7727051,18
3943_1,True,,679.5336914,48
3943_2,False,,679.5336914,48
3943_3,False,,679.5336914,48
3944_1,True,,106.0568237,49
3944_2,False,,106.0568237,49
3945_1,True,,777.2303467,18
3945_2,False,,777.2303467,18
3945_3,False,,777.2303467,18
3945_4,False,,777.2303467,18
3945_5,False,,777.2303467,18
3946_1,True,,1480.23999,26
3946_2,False,,1480.23999,26
3947_1,True,,106.0568237,49
3947_2,False,,106.0568237,49
3947_3,False,,106.0568237,49
3948_1,True,,1429.022583,6
3948_2,False,,1429.022583,6
3948_3,False,,1429.022583,6
3948_4,False,,1429.022583,6
3948_5,False,,1429.022583,6
3948_6,False,,1429.022583,6
3948_7,False,,1429.022583,6
3949_1,True,,1483.921753,26
3949_2,False,,1483.921753,26
3950_1,True,,663.3157959,33
3950_2,False,,663.3157959,33
3950_3,False,,663.3157959,33
3950_4,False,,663.3157959,33
3950_5,False,,663.3157959,33
3950_6,False,,663.3157959,33
3950_7,False,,663.3157959,33
3951_1,True,,1429.022583,6
3951_2,False,,1429.022583,6
3951_3,False,,1429.022583,6
3952_1,True,,301.1954041,19
3952_2,False,,301.1954041,19
3952_3,False,,301.1954041,19
3952_4,False,,301.1954041,19
3953_1,True,,963.3539429,31
3953_2,False,,963.3539429,31
3953_3,False,,963.3539429,31
3953_4,False,,963.3539429,31
3953_5,False,,963.3539429,31
3953_6,False,,963.3539429,31
3953_7,False,,963.3539429,31
3954_1,True,,679.5336914,48
3954_2,False,,679.5336914,48
3954_3,False,,679.5336914,48
3955_1,True,,1483.921753,26
3955_2,False,,1483.921753,26
3956_1,True,,110.7352905,49
3956_2,False,,110.7352905,49
3957_1,True,,1429.022583,6
3957_2,False,,1429.022583,6
3957_3,False,,1429.022583,6
3957_4,False,,1429.022583,6
3957_5,False,,1429.022583,6
3958_1,True,,337.8926697,19
3958_2,False,,337.8926697,19
3959_1,True,,679.5336914,48
3959_2,False,,679.5336914,48
3960_1,True,,962.1404419,46
3960_2,False,,962.1404419,46
3960_3,False,,962.1404419,46
3960_4,False,,962.1404419,46
3960_5,False,,962.1404419,46
3961_1,True,,963.7158813,31
3961_2,False,,963.7158813,31
3961_3,False,,963.7158813,31
3961_4,False,,963.7158813,31
3962_1,True,,1480.23999,26
3962_2,False,,1480.23999,26
3963_1,True,,273.0114441,9
3963_2,False,,273.0114441,9
3964_1,True,,1483.921753,26
3964_2,False,,1483.921753,26
3964_3,False,,1483.921753,26
3964_4,False,,1483.921753,26
3965_1,True,,337.8926697,19
3965_2,False,,337.8926697,19
3966_1,True,,337.8926697,19
3967_1,True,,691.5112915,25
3967_2,False,,691.5112915,25
3967_3,False,,691.5112915,25
3968_1,True,,106.0568237,49
3968_2,False,,106.0568237,49
3969_1,True,,2537.585693,39
3969_2,False,,2537.585693,39
3970_1,True,,258.2655334,9
3970_2,False,,258.2655334,9
3970_3,False,,258.2655334,9
3971_1,True,,110.7352905,49
3971_2,False,,110.7352905,49
3972_1,True,,1034.289795,21
3972_2,False,,1034.289795,21
3972_3,False,,1034.289795,21
3973_1,True,,1034.289795,21
3973_2,False,,1034.289795,21
3973_3,False,,1034.289795,21
3973_4,False,,1034.289795,21
3973_5,False,,1034.289795,21
3974_1,True,,258.2655334,9
3974_2,False,,258.2655334,9
3974_3,False,,258.2655334,9
3975_1,True,,106.0568237,49
3975_2,False,,106.0568237,49
3975_3,False,,106.0568237,49
3975_4,False,,106.0568237,49
3976_1,True,,106.0568237,49
3976_2,False,,106.0568237,49
3977_1,True,,1013.601074,21
3977_2,False,,1013.601074,21
3977_3,False,,1013.601074,21
3977_4,False,,1013.601074,21
3977_5,False,,1013.601074,21
3978_1,True,,962.1404419,46
3978_2,False,,962.1404419,46
3979_1,True,,1480.23999,26
3979_2,False,,1480.23999,26
3979_3,False,,1480.23999,26
3980_1,True,,663.3157959,38
3980_2,False,,663.3157959,38
3980_3,False,,663.3157959,38
3981_1,True,,679.5336914,48
3981_2,False,,679.5336914,48
3981_3,False,,679.5336914,48
3981_4,False,,679.5336914,48
3981_5,False,,679.5336914,48
3982_1,True,,1483.921753,26
3982_2,False,,1483.921753,26
3982_3,False,,1483.921753,26
3982_4,False,,1483.921753,26
3982_5,False,,1483.921753,26
3983_1,True,,1013.601074,21
3983_2,False,,1013.601074,21
3983_3,False,,1013.601074,21
3983_4,False,,1013.601074,21
3983_5,False,,1013.601074,21
3983_6,False,,1013.601074,21
3983_7,False,,1013.601074,21
3984_1,True,,1480.23999,26
3984_2,False,,1480.23999,26
3984_3,False,,1480.23999,26
3985_1,True,,1015.954529,46
3986_1,True,,1013.601074,21
3986_2,False,,1013.601074,21
3986_3,False,,1013.601074,21
3986_4,False,,1013.601074,21
3987_1,True,,1483.921753,26
3987_2,False,,1483.921753,26
3987_3,False,,1483.921753,26
3988_1,True,,659.7180786,41
3989_1,True,,258.2655334,9
3989_2,False,,258.2655334,9
3989_3,False,,258.2655334,9
3989_4,False,,258.2655334,9
3989_5,False,,258.2655334,9
3990_1,True,,963.7158813,31
3990_2,False,,963.7158813,31
3990_3,False,,963.7158813,31
3991_1,True,,2808.141113,39
3991_2,False,,2808.141113,39
3992_1,True,,963.7158813,31
3992_2,False,,963.7158813,31
3992_3,False,,963.7158813,31
3992_4,False,,963.7158813,31
3993_1,True,,106.0568237,49
3993_2,False,,106.0568237,49
3994_1,True,,691.5112915,41
3994_2,False,,691.5112915,41
3994_3,False,,691.5112915,41
3995_1,True,,1480.23999,26
3996_1,True,,1483.921753,26
3996_2,False,,1483.921753,26
3997_1,True,,106.0568237,49
3997_2,False,,106.0568237,49
3997_3,False,,106.0568237,49
3997_4,False,,106.0568237,49
3998_1,True,,663.3157959,38
3998_2,False,,663.3157959,38
3999_1,True,,963.7158813,31
3999_2,False,,963.7158813,31
3999_3,False,,963.7158813,31
3999_4,False,,963.7158813,31
4000_1,True,,679.5336914,48
4000_2,False,,679.5336914,48
4000_3,False,,679.5336914,48
4000_4,False,,679.5336914,48
4000_5,False,,679.5336914,48
4001_1,True,,110.7352905,49
4001_2,False,,110.7352905,49
4002_1,True,,110.7352905,49
4002_2,False,,110.7352905,49
4002_3,False,,110.7352905,49
4003_1,True,,1034.289795,21
4004_1,True,,659.7180786,45
4004_2,False,,659.7180786,45
4004_3,False,,659.7180786,45
4004_4,False,,659.7180786,45
4004_5,False,,659.7180786,45
4005_1,True,,963.7158813,31
4005_2,False,,963.7158813,31
4006_1,True,,1429.022583,6
4006_2,False,,1429.022583,6
4006_3,False,,1429.022583,6
4006_4,False,,1429.022583,6
4007_1,True,,663.3157959,7
4007_2,False,,663.3157959,7
4008_1,True,,301.1954041,19
4008_2,False,,301.1954041,19
4008_3,False,,301.1954041,19
4009_1,True,,777.2303467,18
4009_2,False,,777.2303467,18
4009_3,False,,777.2303467,18
4010_1,True,,1483.921753,26
4010_2,False,,1483.921753,26
4010_3,False,,1483.921753,26
4010_4,False,,1483.921753,26
4011_1,True,,663.3157959,5
4012_1,True,,1480.23999,26
4012_2,False,,1480.23999,26
4012_3,False,,1480.23999,26
4013_1,True,,301.1954041,19
4013_2,False,,301.1954041,19
4014_1,True,,1013.601074,21
4014_2,False,,1013.601074,21
4015_1,True,,679.5336914,48
4015_2,False,,679.5336914,48
4015_3,False,,679.5336914,48
4016_1,True,,679.5336914,48
4016_2,False,,679.5336914,48
4016_3,False,,679.5336914,48
4016_4,False,,679.5336914,48
4017_1,True,,962.1404419,46
4017_2,False,,962.1404419,46
4017_3,False,,962.1404419,46
4018_1,True,,666.6879883,33
4018_2,False,,666.6879883,33
4019_1,True,,963.7158813,31
4019_2,False,,963.7158813,31
4019_3,False,,963.7158813,31
4019_4,False,,963.7158813,31
4019_5,False,,963.7158813,31
4020_1,True,,666.6879883,47
4020_2,False,,666.6879883,47
4021_1,True,,2808.141113,39
4021_2,False,,2808.141113,39
4022_1,True,,963.7158813,31
4022_2,False,,963.7158813,31
4022_3,False,,963.7158813,31
4022_4,False,,963.7158813,31
4022_5,False,,963.7158813,31
4023_1,True,,666.6879883,4
4023_2,False,,666.6879883,4
4023_3,False,,666.6879883,4
4023_4,False,,666.6879883,4
4024_1,True,,1013.601074,21
4024_2,False,,1013.601074,21
4024_3,False,,1013.601074,21
4025_1,True,,963.7158813,31
4025_2,False,,963.7158813,31
4026_1,True,,666.6879883,47
4026_2,False,,666.6879883,47
4027_1,True,,2537.585693,39
4027_2,False,,2537.585693,39
4028_1,True,,2537.585693,39
4028_2,False,,2537.585693,39
4029_1,True,,963.7158813,31
4029_2,False,,963.7158813,31
4030_1,True,,679.5336914,48
4030_2,False,,679.5336914,48
4030_3,False,,679.5336914,48
4031_1,True,,1480.23999,26
4031_2,False,,1480.23999,26
4031_3,False,,1480.23999,26
4031_4,False,,1480.23999,26
4031_5,False,,1480.23999,26
4032_1,True,,1429.022583,6
4032_2,False,,1429.022583,6
4033_1,True,,963.7158813,31
4033_2,False,,963.7158813,31
4033_3,False,,963.7158813,31
4033_4,False,,963.7158813,31
4034_1,True,,1407.310669,6
4034_2,False,,1407.310669,6
4034_3,False,,1407.310669,6
4034_4,False,,1407.310669,6
4035_1,True,,963.7158813,31
4035_2,False,,963.7158813,31
4036_1,True,,2808.141113,39
4036_2,False,,2808.141113,39
4036_3,False,,2808.141113,39
4036_4,False,,2808.141113,39
4036_5,False,,2808.141113,39
4036_6,False,,2808.141113,39
4037_1,True,,963.7158813,31
4037_2,False,,963.7158813,31
4037_3,False,,963.7158813,31
4037_4,False,,963.7158813,31
4038_1,True,,1015.954529,46
4038_2,False,,1015.954529,46
4038_3,False,,1015.954529,46
4038_4,False,,1015.954529,46
4038_5,False,,1015.954529,46
4039_1,True,,1013.601074,21
4039_2,False,,1013.601074,21
4039_3,False,,1013.601074,21
4040_1,True,,777.2303467,18
4040_2,False,,777.2303467,18
4040_3,False,,777.2303467,18
4040_4,False,,777.2303467,18
4041_1,True,,1013.601074,21
4041_2,False,,1013.601074,21
4041_3,False,,1013.601074,21
4042_1,True,,106.0568237,49
4042_2,False,,106.0568237,49
4043_1,True,,777.2303467,18
4044_1,True,,110.7352905,49
4044_2,False,,110.7352905,49
4045_1,True,,679.5336914,48
4045_2,False,,679.5336914,48
4045_3,False,,679.5336914,48
4045_4,False,,679.5336914,48
4046_1,True,,963.3539429,31
4046_2,False,,963.3539429,31
4046_3,False,,963.3539429,31
4046_4,False,,963.3539429,31
4047_1,True,,963.7158813,31
4047_2,False,,963.7158813,31
4047_3,False,,963.7158813,31
4047_4,False,,963.7158813,31
4048_1,True,,1015.954529,46
4048_2,False,,1015.954529,46
4048_3,False,,1015.954529,46
4049_1,True,,659.7180786,25
4049_2,False,,659.7180786,25
4050_1,True,,337.8926697,19
4050_2,False,,337.8926697,19
4050_3,False,,337.8926697,19
4051_1,True,,110.7352905,49
4052_1,True,,1034.289795,21
4052_2,False,,1034.289795,21
4052_3,False,,1034.289795,21
4052_4,False,,1034.289795,21
4052_5,False,,1034.289795,21
4052_6,False,,1034.289795,21
4052_7,False,,1034.289795,21
4053_1,True,,777.2303467,18
4053_2,False,,777.2303467,18
4053_3,False,,777.2303467,18
4053_4,False,,777.2303467,18
4054_1,True,,1015.954529,46
4054_2,False,,1015.954529,46
4054_3,False,,1015.954529,46
4055_1,True,,1015.954529,46
4055_2,False,,1015.954529,46
4055_3,False,,1015.954529,46
4055_4,False,,1015.954529,46
4056_1,True,,675.8522949,48
4056_2,False,,675.8522949,48
4056_3,False,,675.8522949,48
4056_4,False,,675.8522949,48
4057_1,True,,963.7158813,31
4057_2,False,,963.7158813,31
4057_3,False,,963.7158813,31
4057_4,False,,963.7158813,31
4058_1,True,,273.0114441,9
4058_2,False,,273.0114441,9
4058_3,False,,273.0114441,9
4058_4,False,,273.0114441,9
4058_5,False,,273.0114441,9
4059_1,True,,963.7158813,31
4059_2,False,,963.7158813,31
4060_1,True,,1034.289795,21
4060_2,False,,1034.289795,21
4060_3,False,,1034.289795,21
4061_1,True,,691.5112915,10
4061_2,False,,691.5112915,10
4061_3,False,,691.5112915,10
4061_4,False,,691.5112915,10
4062_1,True,,659.7180786,10
4062_2,False,,659.7180786,10
4062_3,False,,659.7180786,10
4063_1,True,,2537.585693,39
4063_2,False,,2537.585693,39
4064_1,True,,337.8926697,19
4065_1,True,,963.7158813,31
4065_2,False,,963.7158813,31
4065_3,False,,963.7158813,31
4065_4,False,,963.7158813,31
4065_5,False,,963.7158813,31
4066_1,True,,963.3539429,31
4066_2,False,,963.3539429,31
4067_1,True,,963.7158813,31
4067_2,False,,963.7158813,31
4067_3,False,,963.7158813,31
4067_4,False,,963.7158813,31
4068_1,True,,963.7158813,31
4068_2,False,,963.7158813,31
4068_3,False,,963.7158813,31
4069_1,True,,106.0568237,49
4069_2,False,,106.0568237,49
4070_1,True,,301.1954041,19
4070_2,False,,301.1954041,19
4070_3,False,,301.1954041,19
4071_1,True,,963.7158813,31
4071_2,False,,963.7158813,31
4072_1,True,,1015.954529,46
4072_2,False,,1015.954529,46
4072_3,False,,1015.954529,46
4072_4,False,,1015.954529,46
4073_1,True,,679.5336914,48
4073_2,False,,679.5336914,48
4073_3,False,,679.5336914,48
4074_1,True,,963.7158813,31
4074_2,False,,963.7158813,31
4074_3,False,,963.7158813,31
4074_4,False,,963.7158813,31
4075_1,True,,963.3539429,31
4076_1,True,,963.7158813,31
4076_2,False,,963.7158813,31
4076_3,False,,963.7158813,31
4077_1,True,,1015.954529,46
4077_2,False,,1015.954529,46
4077_3,False,,1015.954529,46
4077_4,False,,1015.954529,46
4078_1,True,,1015.954529,46
4078_2,False,,1015.954529,46
4079_1,True,,1429.022583,6
4079_2,False,,1429.022583,6
4079_3,False,,1429.022583,6
4079_4,False,,1429.022583,6
4079_5,False,,1429.022583,6
4079_6,False,,1429.022583,6
4080_1,True,,963.7158813,31
4080_2,False,,963.7158813,31
4080_3,False,,963.7158813,31
4080_4,False,,963.7158813,31
4081_1,True,,1013.601074,21
4081_2,False,,1013.601074,21
4081_3,False,,1013.601074,21
4081_4,False,,1013.601074,21
4082_1,True,,258.2655334,9
4082_2,False,,258.2655334,9
4082_3,False,,258.2655334,9
4083_1,True,,663.3157959,44
4083_2,False,,663.3157959,44
4084_1,True,,963.3539429,31
4084_2,False,,963.3539429,31
4085_1,True,,963.7158813,31
4085_2,False,,963.7158813,31
4085_3,False,,963.7158813,31
4085_4,False,,963.7158813,31
4086_1,True,,963.3539429,31
4086_2,False,,963.3539429,31
4086_3,False,,963.3539429,31
4086_4,False,,963.3539429,31
4086_5,False,,963.3539429,31
4086_6,False,,963.3539429,31
4087_1,True,,258.2655334,9
4087_2,False,,258.2655334,9
4087_3,False,,258.2655334,9
4088_1,True,,659.7180786,12
4088_2,False,,659.7180786,12
4089_1,True,,1013.601074,21
4089_2,False,,1013.601074,21
4090_1,True,,1407.310669,6
4090_2,False,,1407.310669,6
4090_3,False,,1407.310669,6
4091_1,True,,666.6879883,17
4091_2,False,,666.6879883,17
4091_3,False,,666.6879883,17
4091_4,False,,666.6879883,17
4091_5,False,,666.6879883,17
4091_6,False,,666.6879883,17
4091_7,False,,666.6879883,17
4091_8,False,,666.6879883,17
4092_1,True,,962.1404419,46
4092_2,False,,962.1404419,46
4093_1,True,,110.7352905,49
4093_2,False,,110.7352905,49
4093_3,False,,110.7352905,49
4093_4,False,,110.7352905,49
4094_1,True,,258.2655334,9
4094_2,False,,258.2655334,9
4095_1,True,,691.5112915,25
4096_1,True,,1013.601074,21
4096_2,False,,1013.601074,21
4096_3,False,,1013.601074,21
4096_4,False,,1013.601074,21
4096_5,False,,1013.601074,21
4096_6,False,,1013.601074,21
4097_1,True,,666.6879883,47
4097_2,False,,666.6879883,47
4097_3,False,,666.6879883,47
4098_1,True,,666.6879883,38
4098_2,False,,666.6879883,38
4098_3,False,,666.6879883,38
4099_1,True,,963.3539429,31
4099_2,False,,963.3539429,31
4100_1,True,,1480.23999,26
4101_1,True,,675.8522949,48
4101_2,False,,675.8522949,48
4101_3,False,,675.8522949,48
4102_1,True,,962.1404419,46
4102_2,False,,962.1404419,46
4102_3,False,,962.1404419,46
4102_4,False,,962.1404419,46
4102_5,False,,962.1404419,46
4103_1,True,,1013.601074,21
4103_2,False,,1013.601074,21
4103_3,False,,1013.601074,21
4104_1,True,,337.8926697,19
4104_2,False,,337.8926697,19
4105_1,True,,691.5112915,25
4105_2,False,,691.5112915,25
4105_3,False,,691.5112915,25
4105_4,False,,691.5112915,25
4106_1,True,,106.0568237,49
4106_2,False,,106.0568237,49
4107_1,True,,110.7352905,49
4107_2,False,,110.7352905,49
4107_3,False,,110.7352905,49
4108_1,True,,666.6879883,16
4108_2,False,,666.6879883,16
4109_1,True,,777.2303467,18
4109_2,False,,777.2303467,18
4109_3,False,,777.2303467,18
4109_4,False,,777.2303467,18
4109_5,False,,777.2303467,18
4110_1,True,,2537.585693,39
4110_2,False,,2537.585693,39
4110_3,False,,2537.585693,39
4111_1,True,,962.1404419,46
4111_2,False,,962.1404419,46
4111_3,False,,962.1404419,46
4111_4,False,,962.1404419,46
4112_1,True,,301.1954041,19
4113_1,True,,1034.289795,21
4113_2,False,,1034.289795,21
4113_3,False,,1034.289795,21
4113_4,False,,1034.289795,21
4113_5,False,,1034.289795,21
4113_6,False,,1034.289795,21
4113_7,False,,1034.289795,21
4114_1,True,,666.6879883,16
4114_2,False,,666.6879883,16
4114_3,False,,666.6879883,16
4114_4,False,,666.6879883,16
4115_1,True,,273.0114441,9
4115_2,False,,273.0114441,9
4116_1,True,,659.7180786,25
4116_2,False,,659.7180786,25
4116_3,False,,659.7180786,25
4116_4,False,,659.7180786,25
4117_1,True,,962.1404419,46
4117_2,False,,962.1404419,46
4117_3,False,,962.1404419,46
4117_4,False,,962.1404419,46
4117_5,False,,962.1404419,46
4118_1,True,,1407.310669,6
4118_2,False,,1407.310669,6
4118_3,False,,1407.310669,6
4118_4,False,,1407.310669,6
4118_5,False,,1407.310669,6
4119_1,True,,1480.23999,26
4119_2,False,,1480.23999,26
4119_3,False,,1480.23999,26
4120_1,True,,258.2655334,9
4120_2,False,,258.2655334,9
4120_3,False,,258.2655334,9
4121_1,True,,1407.310669,6
4121_2,False,,1407.310669,6
4121_3,False,,1407.310669,6
4121_4,False,,1407.310669,6
4122_1,True,,675.8522949,48
4123_1,True,,666.6879883,47
4123_2,False,,666.6879883,47
4124_1,True,,258.2655334,9
4124_2,False,,258.2655334,9
4125_1,True,,1407.310669,6
4125_2,False,,1407.310669,6
4125_3,False,,1407.310669,6
4126_1,True,,777.2303467,18
4126_2,False,,777.2303467,18
4126_3,False,,777.2303467,18
4127_1,True,,777.2303467,18
4127_2,False,,777.2303467,18
4127_3,False,,777.2303467,18
4128_1,True,,106.0568237,49
4128_2,False,,106.0568237,49
4129_1,True,,659.7180786,45
4129_2,False,,659.7180786,45
4130_1,True,,963.3539429,31
4130_2,False,,963.3539429,31
4130_3,False,,963.3539429,31
4130_4,False,,963.3539429,31
4131_1,True,,1407.310669,6
4131_2,False,,1407.310669,6
4131_3,False,,1407.310669,6
4131_4,False,,1407.310669,6
4131_5,False,,1407.310669,6
4132_1,True,,802.7727051,18
4132_2,False,,802.7727051,18
4132_3,False,,802.7727051,18
4132_4,False,,802.7727051,18
4132_5,False,,802.7727051,18
4133_1,True,,675.8522949,48
4133_2,False,,675.8522949,48
4134_1,True,,963.7158813,31
4134_2,False,,963.7158813,31
4134_3,False,,963.7158813,31
4135_1,True,,802.7727051,18
4135_2,False,,802.7727051,18
4135_3,False,,802.7727051,18
4135_4,False,,802.7727051,18
4136_1,True,,659.7180786,41
4136_2,False,,659.7180786,41
4136_3,False,,659.7180786,41
4136_4,False,,659.7180786,41
4137_1,True,,963.7158813,31
4137_2,False,,963.7158813,31
4137_3,False,,963.7158813,31
4138_1,True,,1407.310669,6
4138_2,False,,1407.310669,6
4138_3,False,,1407.310669,6
4138_4,False,,1407.310669,6
4139_1,True,,301.1954041,19
4139_2,False,,301.1954041,19
4139_3,False,,301.1954041,19
4140_1,True,,2537.585693,39
4141_1,True,,1429.022583,6
4141_2,False,,1429.022583,6
4141_3,False,,1429.022583,6
4141_4,False,,1429.022583,6
4142_1,True,,802.7727051,18
4142_2,False,,802.7727051,18
4142_3,False,,802.7727051,18
4142_4,False,,802.7727051,18
4143_1,True,,2537.585693,39
4144_1,True,,666.6879883,47
4144_2,False,,666.6879883,47
4144_3,False,,666.6879883,47
4145_1,True,,963.7158813,31
4145_2,False,,963.7158813,31
4145_3,False,,963.7158813,31
4146_1,True,,258.2655334,9
4146_2,False,,258.2655334,9
4146_3,False,,258.2655334,9
4147_1,True,,963.7158813,31
4147_2,False,,963.7158813,31
4147_3,False,,963.7158813,31
4148_1,True,,258.2655334,9
4148_2,False,,258.2655334,9
4148_3,False,,258.2655334,9
4148_4,False,,258.2655334,9
4149_1,True,,659.7180786,12
4149_2,False,,659.7180786,12
4149_3,False,,659.7180786,12
4150_1,True,,666.6879883,24
4150_2,False,,666.6879883,24
4150_3,False,,666.6879883,24
4150_4,False,,666.6879883,24
4151_1,True,,2537.585693,39
4151_2,False,,2537.585693,39
4152_1,True,,1483.921753,26
4152_2,False,,1483.921753,26
4153_1,True,,106.0568237,49
4153_2,False,,106.0568237,49
4153_3,False,,106.0568237,49
4153_4,False,,106.0568237,49
4153_5,False,,106.0568237,49
4154_1,True,,1483.921753,26
4154_2,False,,1483.921753,26
4154_3,False,,1483.921753,26
4155_1,True,,679.5336914,48
4155_2,False,,679.5336914,48
4155_3,False,,679.5336914,48
4155_4,False,,679.5336914,48
4156_1,True,,258.2655334,9
4156_2,False,,258.2655334,9
4156_3,False,,258.2655334,9
4157_1,True,,1013.601074,21
4157_2,False,,1013.601074,21
4157_3,False,,1013.601074,21
4157_4,False,,1013.601074,21
4158_1,True,,777.2303467,18
4158_2,False,,777.2303467,18
4158_3,False,,777.2303467,18
4159_1,True,,1015.954529,46
4159_2,False,,1015.954529,46
4159_3,False,,1015.954529,46
4159_4,False,,1015.954529,46
4159_5,False,,1015.954529,46
4160_1,True,,301.1954041,19
4160_2,False,,301.1954041,19
4160_3,False,,301.1954041,19
4161_1,True,,663.3157959,11
4161_2,False,,663.3157959,11
4162_1,True,,691.5112915,45
4162_2,False,,691.5112915,45
4162_3,False,,691.5112915,45
4163_1,True,,1480.23999,26
4163_2,False,,1480.23999,26
4163_3,False,,1480.23999,26
4164_1,True,,1483.921753,26
4164_2,False,,1483.921753,26
4164_3,False,,1483.921753,26
4164_4,False,,1483.921753,26
4165_1,True,,273.0114441,9
4165_2,False,,273.0114441,9
4166_1,True,,666.6879883,4
4166_2,False,,666.6879883,4
4166_3,False,,666.6879883,4
4167_1,True,,337.8926697,19
4167_2,False,,337.8926697,19
4168_1,True,,659.7180786,45
4168_2,False,,659.7180786,45
4168_3,False,,659.7180786,45
4168_4,False,,659.7180786,45
4169_1,True,,663.3157959,38
4169_2,False,,663.3157959,38
4170_1,True,,2537.585693,39
4170_2,False,,2537.585693,39
4171_1,True,,337.8926697,19
4171_2,False,,337.8926697,19
4172_1,True,,679.5336914,48
4172_2,False,,679.5336914,48
4172_3,False,,679.5336914,48
4172_4,False,,679.5336914,48
4173_1,True,,2808.141113,39
4173_2,False,,2808.141113,39
4173_3,False,,2808.141113,39
4173_4,False,,2808.141113,39
4173_5,False,,2808.141113,39
4173_6,False,,2808.141113,39
4174_1,True,,659.7180786,45
4174_2,False,,659.7180786,45
4174_3,False,,659.7180786,45
4174_4,False,,659.7180786,45
4174_5,False,,659.7180786,45
4174_6,False,,659.7180786,45
4174_7,False,,659.7180786,45
4175_1,True,,301.1954041,19
4176_1,True,,1429.022583,6
4176_2,False,,1429.022583,6
4176_3,False,,1429.022583,6
4177_1,True,,659.7180786,10
4177_2,False,,659.7180786,10
4177_3,False,,659.7180786,10
4177_4,False,,659.7180786,10
4177_5,False,,659.7180786,10
4178_1,True,,1483.921753,26
4178_2,False,,1483.921753,26
4179_1,True,,663.3157959,4
4179_2,False,,663.3157959,4
4179_3,False,,663.3157959,4
4180_1,True,,777.2303467,18
4180_2,False,,777.2303467,18
4180_3,False,,777.2303467,18
4181_1,True,,1013.601074,21
4181_2,False,,1013.601074,21
4182_1,True,,1013.601074,21
4182_2,False,,1013.601074,21
4182_3,False,,1013.601074,21
4182_4,False,,1013.601074,21
4183_1,True,,1407.310669,6
4183_2,False,,1407.310669,6
4183_3,False,,1407.310669,6
4184_1,True,,659.7180786,45
4184_2,False,,659.7180786,45
4184_3,False,,659.7180786,45
4184_4,False,,659.7180786,45
4184_5,False,,659.7180786,45
4185_1,True,,1407.310669,6
4185_2,False,,1407.310669,6
4185_3,False,,1407.310669,6
4186_1,True,,1034.289795,21
4186_2,False,,1034.289795,21
4186_3,False,,1034.289795,21
4186_4,False,,1034.289795,21
4186_5,False,,1034.289795,21
4187_1,True,,106.0568237,49
4187_2,False,,106.0568237,49
4187_3,False,,106.0568237,49
4187_4,False,,106.0568237,49
4188_1,True,,1483.921753,26
4188_2,False,,1483.921753,26
4188_3,False,,1483.921753,26
4188_4,False,,1483.921753,26
4189_1,True,,802.7727051,18
4189_2,False,,802.7727051,18
4190_1,True,,106.0568237,49
4190_2,False,,106.0568237,49
4191_1,True,,1483.921753,26
4191_2,False,,1483.921753,26
4192_1,True,,2537.585693,39
4192_2,False,,2537.585693,39
4192_3,False,,2537.585693,39
4193_1,True,,679.5336914,48
4193_2,False,,679.5336914,48
4194_1,True,,1407.310669,6
4194_2,False,,1407.310669,6
4195_1,True,,1483.921753,26
4195_2,False,,1483.921753,26
4195_3,False,,1483.921753,26
4196_1,True,,1015.954529,46
4196_2,False,,1015.954529,46
4197_1,True,,963.3539429,31
4197_2,False,,963.3539429,31
4197_3,False,,963.3539429,31
4197_4,False,,963.3539429,31
4198_1,True,,273.0114441,9
4198_2,False,,273.0114441,9
4198_3,False,,273.0114441,9
4199_1,True,,1483.921753,26
4199_2,False,,1483.921753,26
4199_3,False,,1483.921753,26
4199_4,False,,1483.921753,26
4200_1,True,,1013.601074,21
4200_2,False,,1013.601074,21
4200_3,False,,1013.601074,21
4200_4,False,,1013.601074,21
4200_5,False,,1013.601074,21
4201_1,True,,1483.921753,26
4201_2,False,,1483.921753,26
4202_1,True,,301.1954041,19
4202_2,False,,301.1954041,19
4203_1,True,,675.8522949,48
4203_2,False,,675.8522949,48
4203_3,False,,675.8522949,48
4204_1,True,,1480.23999,26
4205_1,True,,675.8522949,48
4205_2,False,,675.8522949,48
4206_1,True,,659.7180786,45
4206_2,False,,659.7180786,45
4206_3,False,,659.7180786,45
4206_4,False,,659.7180786,45
4206_5,False,,659.7180786,45
4207_1,True,,258.2655334,9
4207_2,False,,258.2655334,9
4207_3,False,,258.2655334,9
4207_4,False,,258.2655334,9
4208_1,True,,1483.921753,26
4209_1,True,,1483.921753,26
4210_1,True,,666.6879883,36
4210_2,False,,666.6879883,36
4211_1,True,,2537.585693,39
4211_2,False,,2537.585693,39
4212_1,True,,1429.022583,6
4212_2,False,,1429.022583,6
4212_3,False,,1429.022583,6
4213_1,True,,1015.954529,46
4213_2,False,,1015.954529,46
4214_1,True,,666.6879883,38
4214_2,False,,666.6879883,38
4214_3,False,,666.6879883,38
4214_4,False,,666.6879883,38
4215_1,True,,679.5336914,48
4215_2,False,,679.5336914,48
4215_3,False,,679.5336914,48
4215_4,False,,679.5336914,48
4215_5,False,,679.5336914,48
4216_1,True,,1483.921753,26
4216_2,False,,1483.921753,26
4216_3,False,,1483.921753,26
4216_4,False,,1483.921753,26
4217_1,True,,962.1404419,46
4217_2,False,,962.1404419,46
4217_3,False,,962.1404419,46
4217_4,False,,962.1404419,46
4217_5,False,,962.1404419,46
4218_1,True,,2808.141113,39
4218_2,False,,2808.141113,39
4219_1,True,,1480.23999,26
4219_2,False,,1480.23999,26
4219_3,False,,1480.23999,26
4220_1,True,,1013.601074,21
4220_2,False,,1013.601074,21
4220_3,False,,1013.601074,21
4221_1,True,,1483.921753,26
4221_2,False,,1483.921753,26
4221_3,False,,1483.921753,26
4221_4,False,,1483.921753,26
4222_1,True,,1015.954529,46
4222_2,False,,1015.954529,46
4223_1,True,,258.2655334,9
4223_2,False,,258.2655334,9
4223_3,False,,258.2655334,9
4223_4,False,,258.2655334,9
4223_5,False,,258.2655334,9
4224_1,True,,1483.921753,26
4225_1,True,,1483.921753,26
4225_2,False,,1483.921753,26
4226_1,True,,1483.921753,26
4226_2,False,,1483.921753,26
4226_3,False,,1483.921753,26
4227_1,True,,1483.921753,26
4227_2,False,,1483.921753,26
4228_1,True,,1483.921753,26
4228_2,False,,1483.921753,26
4229_1,True,,1480.23999,26
4229_2,False,,1480.23999,26
4230_1,True,,337.8926697,19
4230_2,False,,337.8926697,19
4230_3,False,,337.8926697,19
4231_1,True,,2537.585693,39
4231_2,False,,2537.585693,39
4232_1,True,,679.5336914,48
4232_2,False,,679.5336914,48
4232_3,False,,679.5336914,48
4232_4,False,,679.5336914,48
4232_5,False,,679.5336914,48
4232_6,False,,679.5336914,48
4233_1,True,,1480.23999,26
4233_2,False,,1480.23999,26
4233_3,False,,1480.23999,26
4234_1,True,,2808.141113,39
4234_2,False,,2808.141113,39
4234_3,False,,2808.141113,39
4234_4,False,,2808.141113,39
4234_5,False,,2808.141113,39
4235_1,True,,1483.921753,26
4235_2,False,,1483.921753,26
4236_1,True,,337.8926697,19
4236_2,False,,337.8926697,19
4237_1,True,,777.2303467,18
4237_2,False,,777.2303467,18
4238_1,True,,777.2303467,18
4238_2,False,,777.2303467,18
4238_3,False,,777.2303467,18
4239_1,True,,258.2655334,9
4239_2,False,,258.2655334,9
4239_3,False,,258.2655334,9
4239_4,False,,258.2655334,9
4240_1,True,,1480.23999,26
4240_2,False,,1480.23999,26
4241_1,True,,301.1954041,19
4241_2,False,,301.1954041,19
4241_3,False,,301.1954041,19
4241_4,False,,301.1954041,19
4242_1,True,,1483.921753,26
4242_2,False,,1483.921753,26
4242_3,False,,1483.921753,26
4243_1,True,,777.2303467,18
4243_2,False,,777.2303467,18
4243_3,False,,777.2303467,18
4244_1,True,,666.6879883,43
4244_2,False,,666.6879883,43
4245_1,True,,1483.921753,26
4246_1,True,,1015.954529,46
4246_2,False,,1015.954529,46
4246_3,False,,1015.954529,46
4247_1,True,,2537.585693,39
4247_2,False,,2537.585693,39
4247_3,False,,2537.585693,39
4247_4,False,,2537.585693,39
4247_5,False,,2537.585693,39
4248_1,True,,663.3157959,4
4248_2,False,,663.3157959,4
4248_3,False,,663.3157959,4
4248_4,False,,663.3157959,4
4249_1,True,,802.7727051,18
4249_2,False,,802.7727051,18
4250_1,True,,106.0568237,49
4250_2,False,,106.0568237,49
4250_3,False,,106.0568237,49
4251_1,True,,1483.921753,26
4251_2,False,,1483.921753,26
4251_3,False,,1483.921753,26
4251_4,False,,1483.921753,26
4251_5,False,,1483.921753,26
4252_1,True,,1013.601074,21
4252_2,False,,1013.601074,21
4252_3,False,,1013.601074,21
4252_4,False,,1013.601074,21
4253_1,True,,963.3539429,31
4254_1,True,,337.8926697,19
4254_2,False,,337.8926697,19
4254_3,False,,337.8926697,19
4254_4,False,,337.8926697,19
4255_1,True,,666.6879883,47
4255_2,False,,666.6879883,47
4255_3,False,,666.6879883,47
4255_4,False,,666.6879883,47
4256_1,True,,1013.601074,21
4256_2,False,,1013.601074,21
4256_3,False,,1013.601074,21
4257_1,True,,963.3539429,31
4257_2,False,,963.3539429,31
4257_3,False,,963.3539429,31
4257_4,False,,963.3539429,31
4257_5,False,,963.3539429,31
4258_1,True,,1480.23999,26
4258_2,False,,1480.23999,26
4258_3,False,,1480.23999,26
4259_1,True,,666.6879883,8
4259_2,False,,666.6879883,8
4259_3,False,,666.6879883,8
4259_4,False,,666.6879883,8
4260_1,True,,963.7158813,31
4260_2,False,,963.7158813,31
4260_3,False,,963.7158813,31
4261_1,True,,1407.310669,6
4261_2,False,,1407.310669,6
4261_3,False,,1407.310669,6
4261_4,False,,1407.310669,6
4262_1,True,,963.7158813,31
4262_2,False,,963.7158813,31
4263_1,True,,962.1404419,46
4263_2,False,,962.1404419,46
4263_3,False,,962.1404419,46
4264_1,True,,659.7180786,12
4264_2,False,,659.7180786,12
4264_3,False,,659.7180786,12
4264_4,False,,659.7180786,12
4265_1,True,,106.0568237,49
4265_2,False,,106.0568237,49
4266_1,True,,963.3539429,31
4266_2,False,,963.3539429,31
4267_1,True,,1407.310669,6
4267_2,False,,1407.310669,6
4267_3,False,,1407.310669,6
4268_1,True,,675.8522949,48
4268_2,False,,675.8522949,48
4269_1,True,,1034.289795,21
4269_2,False,,1034.289795,21
4269_3,False,,1034.289795,21
4270_1,True,,679.5336914,48
4270_2,False,,679.5336914,48
4270_3,False,,679.5336914,48
4270_4,False,,679.5336914,48
4270_5,False,,679.5336914,48
4271_1,True,,1483.921753,26
4271_2,False,,1483.921753,26
4271_3,False,,1483.921753,26
4271_4,False,,1483.921753,26
4271_5,False,,1483.921753,26
4271_6,False,,1483.921753,26
4272_1,True,,663.3157959,16
4272_2,False,,663.3157959,16
4272_3,False,,663.3157959,16
4272_4,False,,663.3157959,16
4273_1,True,,337.8926697,19
4273_2,False,,337.8926697,19
4274_1,True,,963.7158813,31
4274_2,False,,963.7158813,31
4274_3,False,,963.7158813,31
4274_4,False,,963.7158813,31
4274_5,False,,963.7158813,31
4275_1,True,,258.2655334,9
4275_2,False,,258.2655334,9
4275_3,False,,258.2655334,9
4276_1,True,,963.7158813,31
4276_2,False,,963.7158813,31
4276_3,False,,963.7158813,31
4276_4,False,,963.7158813,31
4276_5,False,,963.7158813,31
4276_6,False,,963.7158813,31
4277_1,True,,691.5112915,45
4277_2,False,,691.5112915,45
4278_1,True,,301.1954041,19
4278_2,False,,301.1954041,19
4278_3,False,,301.1954041,19
4278_4,False,,301.1954041,19
4279_1,True,,337.8926697,19
4279_2,False,,337.8926697,19
4279_3,False,,337.8926697,19
4279_4,False,,337.8926697,19
4279_5,False,,337.8926697,19
4280_1,True,,258.2655334,9
4280_2,False,,258.2655334,9
4280_3,False,,258.2655334,9
4280_4,False,,258.2655334,9
4281_1,True,,1429.022583,6
4281_2,False,,1429.022583,6
4281_3,False,,1429.022583,6
4282_1,True,,963.7158813,31
4282_2,False,,963.7158813,31
4282_3,False,,963.7158813,31
4282_4,False,,963.7158813,31
4283_1,True,,777.2303467,18
4283_2,False,,777.2303467,18
4284_1,True,,777.2303467,18
4284_2,False,,777.2303467,18
4284_3,False,,777.2303467,18
4285_1,True,,258.2655334,9
4285_2,False,,258.2655334,9
4286_1,True,,106.0568237,49
4286_2,False,,106.0568237,49
4286_3,False,,106.0568237,49
4287_1,True,,1013.601074,21
4287_2,False,,1013.601074,21
4288_1,True,,301.1954041,19
4288_2,False,,301.1954041,19
4289_1,True,,106.0568237,49
4289_2,False,,106.0568237,49
4289_3,False,,106.0568237,49
4289_4,False,,106.0568237,49
4290_1,True,,1013.601074,21
4290_2,False,,1013.601074,21
4291_1,True,,1015.954529,46
4291_2,False,,1015.954529,46
4291_3,False,,1015.954529,46
4292_1,True,,258.2655334,9
4292_2,False,,258.2655334,9
4292_3,False,,258.2655334,9
4292_4,False,,258.2655334,9
4293_1,True,,337.8926697,19
4293_2,False,,337.8926697,19
4293_3,False,,337.8926697,19
4293_4,False,,337.8926697,19
4293_5,False,,337.8926697,19
4294_1,True,,777.2303467,18
4294_2,False,,777.2303467,18
4294_3,False,,777.2303467,18
4294_4,False,,777.2303467,18
4294_5,False,,777.2303467,18
4295_1,True,,663.3157959,44
4296_1,True,,666.6879883,13
4296_2,False,,666.6879883,13
4297_1,True,,1429.022583,6
4297_2,False,,1429.022583,6
4297_3,False,,1429.022583,6
4297_4,False,,1429.022583,6
4297_5,False,,1429.022583,6
4297_6,False,,1429.022583,6
4298_1,True,,1013.601074,21
4298_2,False,,1013.601074,21
4298_3,False,,1013.601074,21
4298_4,False,,1013.601074,21
4298_5,False,,1013.601074,21
4298_6,False,,1013.601074,21
4299_1,True,,2808.141113,39
4299_2,False,,2808.141113,39
4299_3,False,,2808.141113,39
4299_4,False,,2808.141113,39
4300_1,True,,963.7158813,31
4300_2,False,,963.7158813,31
4300_3,False,,963.7158813,31
4300_4,False,,963.7158813,31
4300_5,False,,963.7158813,31
4301_1,True,,962.1404419,46
4301_2,False,,962.1404419,46
4302_1,True,,663.3157959,38
4302_2,False,,663.3157959,38
4303_1,True,,802.7727051,18
4303_2,False,,802.7727051,18
4303_3,False,,802.7727051,18
4303_4,False,,802.7727051,18
4304_1,True,,1407.310669,6
4304_2,False,,1407.310669,6
4304_3,False,,1407.310669,6
4304_4,False,,1407.310669,6
4305_1,True,,666.6879883,5
4305_2,False,,666.6879883,5
4306_1,True,,1013.601074,21
4306_2,False,,1013.601074,21
4306_3,False,,1013.601074,21
4306_4,False,,1013.601074,21
4306_5,False,,1013.601074,21
4306_6,False,,1013.601074,21
4307_1,True,,106.0568237,49
4307_2,False,,106.0568237,49
4307_3,False,,106.0568237,49
4308_1,True,,273.0114441,9
4308_2,False,,273.0114441,9
4308_3,False,,273.0114441,9
4308_4,False,,273.0114441,9
4309_1,True,,1407.310669,6
4309_2,False,,1407.310669,6
4309_3,False,,1407.310669,6
4310_1,True,,675.8522949,48
4310_2,False,,675.8522949,48
4310_3,False,,675.8522949,48
4311_1,True,,273.0114441,9
4311_2,False,,273.0114441,9
4311_3,False,,273.0114441,9
4312_1,True,,659.7180786,45
4312_2,False,,659.7180786,45
4313_1,True,,273.0114441,9
4313_2,False,,273.0114441,9
4313_3,False,,273.0114441,9
4313_4,False,,273.0114441,9
4314_1,True,,110.7352905,49
4314_2,False,,110.7352905,49
4314_3,False,,110.7352905,49
4315_1,True,,1483.921753,26
4315_2,False,,1483.921753,26
4315_3,False,,1483.921753,26
4315_4,False,,1483.921753,26
4316_1,True,,337.8926697,19
4316_2,False,,337.8926697,19
4316_3,False,,337.8926697,19
4316_4,False,,337.8926697,19
4317_1,True,,337.8926697,19
4317_2,False,,337.8926697,19
4318_1,True,,301.1954041,19
4318_2,False,,301.1954041,19
4318_3,False,,301.1954041,19
4318_4,False,,301.1954041,19
4318_5,False,,301.1954041,19
4318_6,False,,301.1954041,19
4319_1,True,,2808.141113,39
4319_2,False,,2808.141113,39
4319_3,False,,2808.141113,39
4320_1,True,,2808.141113,39
4320_2,False,,2808.141113,39
4320_3,False,,2808.141113,39
4320_4,False,,2808.141113,39
4320_5,False,,2808.141113,39
4320_6,False,,2808.141113,39
4320_7,False,,2808.141113,39
4320_8,False,,2808.141113,39
4321_1,True,,2537.585693,39
4322_1,True,,962.1404419,46
4322_2,False,,962.1404419,46
4323_1,True,,1480.23999,26
4323_2,False,,1480.23999,26
4324_1,True,,666.6879883,33
4324_2,False,,666.6879883,33
4324_3,False,,666.6879883,33
4325_1,True,,663.3157959,47
4325_2,False,,663.3157959,47
4326_1,True,,1034.289795,21
4326_2,False,,1034.289795,21
4326_3,False,,1034.289795,21
4327_1,True,,675.8522949,48
4327_2,False,,675.8522949,48
4328_1,True,,258.2655334,9
4328_2,False,,258.2655334,9
4329_1,True,,679.5336914,48
4329_2,False,,679.5336914,48
4329_3,False,,679.5336914,48
4329_4,False,,679.5336914,48
4330_1,True,,1013.601074,21
4330_2,False,,1013.601074,21
4330_3,False,,1013.601074,21
4331_1,True,,2808.141113,39
4331_2,False,,2808.141113,39
4331_3,False,,2808.141113,39
4331_4,False,,2808.141113,39
4332_1,True,,659.7180786,45
4332_2,False,,659.7180786,45
4332_3,False,,659.7180786,45
4333_1,True,,301.1954041,19
4333_2,False,,301.1954041,19
4334_1,True,,679.5336914,48
4334_2,False,,679.5336914,48
4335_1,True,,962.1404419,46
4335_2,False,,962.1404419,46
4336_1,True,,1015.954529,46
4336_2,False,,1015.954529,46
4336_3,False,,1015.954529,46
4337_1,True,,273.0114441,9
4337_2,False,,273.0114441,9
4338_1,True,,1015.954529,46
4338_2,False,,1015.954529,46
4338_3,False,,1015.954529,46
4339_1,True,,2537.585693,39
4339_2,False,,2537.585693,39
4339_3,False,,2537.585693,39
4339_4,False,,2537.585693,39
4340_1,True,,691.5112915,45
4340_2,False,,691.5112915,45
4341_1,True,,802.7727051,18
4341_2,False,,802.7727051,18
4341_3,False,,802.7727051,18
4341_4,False,,802.7727051,18
4342_1,True,,1013.601074,21
4342_2,False,,1013.601074,21
4342_3,False,,1013.601074,21
4342_4,False,,1013.601074,21
4342_5,False,,1013.601074,21
4343_1,True,,1034.289795,21
4343_2,False,,1034.289795,21
4343_3,False,,1034.289795,21
4343_4,False,,1034.289795,21
4344_1,True,,963.7158813,31
4344_2,False,,963.7158813,31
4345_1,True,,273.0114441,9
4345_2,False,,273.0114441,9
4345_3,False,,273.0114441,9
4346_1,True,,1407.310669,6
4346_2,False,,1407.310669,6
4346_3,False,,1407.310669,6
4346_4,False,,1407.310669,6
4347_1,True,,1013.601074,21
4348_1,True,,1013.601074,21
4348_2,False,,1013.601074,21
4349_1,True,,663.3157959,33
4349_2,False,,663.3157959,33
4349_3,False,,663.3157959,33
4349_4,False,,663.3157959,33
4350_1,True,,273.0114441,9
4350_2,False,,273.0114441,9
4351_1,True,,679.5336914,48
4351_2,False,,679.5336914,48
4351_3,False,,679.5336914,48
4351_4,False,,679.5336914,48
4352_1,True,,1013.601074,21
4352_2,False,,1013.601074,21
4352_3,False,,1013.601074,21
4352_4,False,,1013.601074,21
4352_5,False,,1013.601074,21
4352_6,False,,1013.601074,21
4353_1,True,,1034.289795,21
4353_2,False,,1034.289795,21
4353_3,False,,1034.289795,21
4353_4,False,,1034.289795,21
4353_5,False,,1034.289795,21
4353_6,False,,1034.289795,21
4353_7,False,,1034.289795,21
4353_8,False,,1034.289795,21
4354_1,True,,1015.954529,46
4354_2,False,,1015.954529,46
4354_3,False,,1015.954529,46
4354_4,False,,1015.954529,46
4355_1,True,,777.2303467,18
4355_2,False,,777.2303467,18
4355_3,False,,777.2303467,18
4355_4,False,,777.2303467,18
4355_5,False,,777.2303467,18
4355_6,False,,777.2303467,18
4356_1,True,,1480.23999,26
4356_2,False,,1480.23999,26
4357_1,True,,1407.310669,6
4357_2,False,,1407.310669,6
4358_1,True,,963.7158813,31
4358_2,False,,963.7158813,31
4358_3,False,,963.7158813,31
4358_4,False,,963.7158813,31
4358_5,False,,963.7158813,31
4359_1,True,,301.1954041,19
4359_2,False,,301.1954041,19
4360_1,True,,1407.310669,6
4360_2,False,,1407.310669,6
4361_1,True,,679.5336914,48
4361_2,False,,679.5336914,48
4361_3,False,,679.5336914,48
4361_4,False,,679.5336914,48
4361_5,False,,679.5336914,48
4361_6,False,,679.5336914,48
4361_7,False,,679.5336914,48
4362_1,True,,2537.585693,39
4362_2,False,,2537.585693,39
4362_3,False,,2537.585693,39
4363_1,True,,663.3157959,33
4363_2,False,,663.3157959,33
4364_1,True,,1013.601074,21
4364_2,False,,1013.601074,21
4365_1,True,,1034.289795,21
4366_1,True,,659.7180786,25
4366_2,False,,659.7180786,25
4367_1,True,,337.8926697,19
4367_2,False,,337.8926697,19
4367_3,False,,337.8926697,19
4367_4,False,,337.8926697,19
4368_1,True,,1013.601074,21
4368_2,False,,1013.601074,21
4368_3,False,,1013.601074,21
4368_4,False,,1013.601074,21
4369_1,True,,663.3157959,33
4369_2,False,,663.3157959,33
4370_1,True,,1013.601074,21
4371_1,True,,666.6879883,32
4372_1,True,,1034.289795,21
4372_2,False,,1034.289795,21
4373_1,True,,1407.310669,6
4373_2,False,,1407.310669,6
4373_3,False,,1407.310669,6
4373_4,False,,1407.310669,6
4373_5,False,,1407.310669,6
4374_1,True,,2808.141113,39
4374_2,False,,2808.141113,39
4374_3,False,,2808.141113,39
4375_1,True,,666.6879883,4
4375_2,False,,666.6879883,4
4375_3,False,,666.6879883,4
4376_1,True,,110.7352905,49
4377_1,True,,1013.601074,21
4377_2,False,,1013.601074,21
4377_3,False,,1013.601074,21
4377_4,False,,1013.601074,21
4377_5,False,,1013.601074,21
4377_6,False,,1013.601074,21
4378_1,True,,301.1954041,19
4378_2,False,,301.1954041,19
4378_3,False,,301.1954041,19
4379_1,True,,1013.601074,21
4379_2,False,,1013.601074,21
4379_3,False,,1013.601074,21
4380_1,True,,1407.310669,6
4380_2,False,,1407.310669,6
4381_1,True,,273.0114441,9
4381_2,False,,273.0114441,9
4382_1,True,,963.7158813,31
4382_2,False,,963.7158813,31
4382_3,False,,963.7158813,31
4382_4,False,,963.7158813,31
4382_5,False,,963.7158813,31
4382_6,False,,963.7158813,31
4383_1,True,,337.8926697,19
4383_2,False,,337.8926697,19
4383_3,False,,337.8926697,19
4384_1,True,,1013.601074,21
4384_2,False,,1013.601074,21
4384_3,False,,1013.601074,21
4384_4,False,,1013.601074,21
4385_1,True,,1013.601074,21
4385_2,False,,1013.601074,21
4385_3,False,,1013.601074,21
4385_4,False,,1013.601074,21
4386_1,True,,1034.289795,21
4386_2,False,,1034.289795,21
4386_3,False,,1034.289795,21
4387_1,True,,1034.289795,21
4387_2,False,,1034.289795,21
4388_1,True,,777.2303467,18
4388_2,False,,777.2303467,18
4388_3,False,,777.2303467,18
4388_4,False,,777.2303467,18
4388_5,False,,777.2303467,18
4389_1,True,,258.2655334,9
4389_2,False,,258.2655334,9
4390_1,True,,258.2655334,9
4390_2,False,,258.2655334,9
4391_1,True,,663.3157959,8
4391_2,False,,663.3157959,8
4392_1,True,,1013.601074,21
4392_2,False,,1013.601074,21
4393_1,True,,1034.289795,21
4393_2,False,,1034.289795,21
4393_3,False,,1034.289795,21
4394_1,True,,663.3157959,33
4394_2,False,,663.3157959,33
4394_3,False,,663.3157959,33
4394_4,False,,663.3157959,33
4394_5,False,,663.3157959,33
4395_1,True,,1407.310669,6
4396_1,True,,337.8926697,19
4396_2,False,,337.8926697,19
4397_1,True,,1013.601074,21
4397_2,False,,1013.601074,21
4397_3,False,,1013.601074,21
4398_1,True,,2537.585693,39
4398_2,False,,2537.585693,39
4398_3,False,,2537.585693,39
4398_4,False,,2537.585693,39
4398_5,False,,2537.585693,39
4398_6,False,,2537.585693,39
4399_1,True,,666.6879883,38
4399_2,False,,666.6879883,38
4399_3,False,,666.6879883,38
4400_1,True,,1013.601074,21
4400_2,False,,1013.601074,21
4400_3,False,,1013.601074,21
4400_4,False,,1013.601074,21
4400_5,False,,1013.601074,21
4401_1,True,,110.7352905,49
4401_2,False,,110.7352905,49
4401_3,False,,110.7352905,49
4402_1,True,,691.5112915,10
4403_1,True,,2808.141113,39
4403_2,False,,2808.141113,39
4404_1,True,,666.6879883,11
4404_2,False,,666.6879883,11
4405_1,True,,2808.141113,39
4405_2,False,,2808.141113,39
4405_3,False,,2808.141113,39
4406_1,True,,666.6879883,44
4406_2,False,,666.6879883,44
4406_3,False,,666.6879883,44
4406_4,False,,666.6879883,44
4406_5,False,,666.6879883,44
4407_1,True,,802.7727051,18
4407_2,False,,802.7727051,18
4408_1,True,,962.1404419,46
4409_1,True,,301.1954041,19
4409_2,False,,301.1954041,19
4409_3,False,,301.1954041,19
4409_4,False,,301.1954041,19
4410_1,True,,659.7180786,10
4410_2,False,,659.7180786,10
4410_3,False,,659.7180786,10
4410_4,False,,659.7180786,10
4410_5,False,,659.7180786,10
4411_1,True,,273.0114441,9
4411_2,False,,273.0114441,9
4411_3,False,,273.0114441,9
4412_1,True,,1480.23999,26
4412_2,False,,1480.23999,26
4413_1,True,,1034.289795,21
4413_2,False,,1034.289795,21
4413_3,False,,1034.289795,21
4413_4,False,,1034.289795,21
4413_5,False,,1034.289795,21
4413_6,False,,1034.289795,21
4414_1,True,,1429.022583,6
4414_2,False,,1429.022583,6
4414_3,False,,1429.022583,6
4415_1,True,,301.1954041,19
4416_1,True,,106.0568237,49
4416_2,False,,106.0568237,49
4416_3,False,,106.0568237,49
4416_4,False,,106.0568237,49
4417_1,True,,1013.601074,21
4417_2,False,,1013.601074,21
4417_3,False,,1013.601074,21
4418_1,True,,777.2303467,18
4418_2,False,,777.2303467,18
4418_3,False,,777.2303467,18
4418_4,False,,777.2303467,18
4418_5,False,,777.2303467,18
4419_1,True,,963.3539429,31
4419_2,False,,963.3539429,31
4419_3,False,,963.3539429,31
4419_4,False,,963.3539429,31
4420_1,True,,691.5112915,25
4420_2,False,,691.5112915,25
4420_3,False,,691.5112915,25
4420_4,False,,691.5112915,25
4421_1,True,,258.2655334,9
4421_2,False,,258.2655334,9
4422_1,True,,963.3539429,31
4422_2,False,,963.3539429,31
4422_3,False,,963.3539429,31
4423_1,True,,1480.23999,26
4423_2,False,,1480.23999,26
4423_3,False,,1480.23999,26
4423_4,False,,1480.23999,26
4424_1,True,,659.7180786,25
4424_2,False,,659.7180786,25
4424_3,False,,659.7180786,25
4425_1,True,,659.7180786,25
4426_1,True,,1483.921753,26
4426_2,False,,1483.921753,26
4426_3,False,,1483.921753,26
4426_4,False,,1483.921753,26
4426_5,False,,1483.921753,26
4427_1,True,,2537.585693,39
4427_2,False,,2537.585693,39
4427_3,False,,2537.585693,39
4428_1,True,,679.5336914,48
4428_2,False,,679.5336914,48
4428_3,False,,679.5336914,48
4429_1,True,,2537.585693,39
4429_2,False,,2537.585693,39
4429_3,False,,2537.585693,39
4429_4,False,,2537.585693,39
4430_1,True,,337.8926697,19
4430_2,False,,337.8926697,19
4430_3,False,,337.8926697,19
4431_1,True,,963.7158813,31
4431_2,False,,963.7158813,31
4431_3,False,,963.7158813,31
4432_1,True,,963.3539429,31
4433_1,True,,1015.954529,46
4433_2,False,,1015.954529,46
4433_3,False,,1015.954529,46
4433_4,False,,1015.954529,46
4433_5,False,,1015.954529,46
4434_1,True,,110.7352905,49
4434_2,False,,110.7352905,49
4435_1,True,,337.8926697,19
4435_2,False,,337.8926697,19
4436_1,True,,258.2655334,9
4437_1,True,,1480.23999,26
4437_2,False,,1480.23999,26
4438_1,True,,675.8522949,48
4438_2,False,,675.8522949,48
4439_1,True,,1407.310669,6
4439_2,False,,1407.310669,6
4439_3,False,,1407.310669,6
4440_1,True,,1407.310669,6
4440_2,False,,1407.310669,6
4441_1,True,,659.7180786,45
4441_2,False,,659.7180786,45
4441_3,False,,659.7180786,45
4441_4,False,,659.7180786,45
4442_1,True,,301.1954041,19
4443_1,True,,666.6879883,38
4443_2,False,,666.6879883,38
4443_3,False,,666.6879883,38
4443_4,False,,666.6879883,38
4444_1,True,,106.0568237,49
4444_2,False,,106.0568237,49
4445_1,True,,2808.141113,39
4446_1,True,,679.5336914,48
4446_2,False,,679.5336914,48
4447_1,True,,273.0114441,9
4447_2,False,,273.0114441,9
4447_3,False,,273.0114441,9
4447_4,False,,273.0114441,9
4448_1,True,,1015.954529,46
4448_2,False,,1015.954529,46
4448_3,False,,1015.954529,46
4448_4,False,,1015.954529,46
4448_5,False,,1015.954529,46
4449_1,True,,106.0568237,49
4450_1,True,,2537.585693,39
4450_2,False,,2537.585693,39
4451_1,True,,666.6879883,8
4451_2,False,,666.6879883,8
4451_3,False,,666.6879883,8
4452_1,True,,666.6879883,47
4452_2,False,,666.6879883,47
4452_3,False,,666.6879883,47
4453_1,True,,777.2303467,18
4453_2,False,,777.2303467,18
4453_3,False,,777.2303467,18
4453_4,False,,777.2303467,18
4454_1,True,,675.8522949,48
4454_2,False,,675.8522949,48
4455_1,True,,258.2655334,9
4455_2,False,,258.2655334,9
4456_1,True,,666.6879883,13
4457_1,True,,2537.585693,39
4458_1,True,,110.7352905,49
4459_1,True,,663.3157959,2
4459_2,False,,663.3157959,2
4460_1,True,,301.1954041,19
4460_2,False,,301.1954041,19
4460_3,False,,301.1954041,19
4461_1,True,,2808.141113,39
4461_2,False,,2808.141113,39
4462_1,True,,2537.585693,39
4462_2,False,,2537.585693,39
4463_1,True,,666.6879883,13
4463_2,False,,666.6879883,13
4463_3,False,,666.6879883,13
4463_4,False,,666.6879883,13
4463_5,False,,666.6879883,13
4464_1,True,,962.1404419,46
4464_2,False,,962.1404419,46
4464_3,False,,962.1404419,46
4464_4,False,,962.1404419,46
4465_1,True,,663.3157959,33
4465_2,False,,663.3157959,33
4465_3,False,,663.3157959,33
4465_4,False,,663.3157959,33
4466_1,True,,106.0568237,49
4466_2,False,,106.0568237,49
4467_1,True,,659.7180786,45
4467_2,False,,659.7180786,45
4467_3,False,,659.7180786,45
4467_4,False,,659.7180786,45
4468_1,True,,1483.921753,26
4468_2,False,,1483.921753,26
4468_3,False,,1483.921753,26
4469_1,True,,1483.921753,26
4469_2,False,,1483.921753,26
4469_3,False,,1483.921753,26
4469_4,False,,1483.921753,26
4469_5,False,,1483.921753,26
4470_1,True,,258.2655334,9
4470_2,False,,258.2655334,9
4470_3,False,,258.2655334,9
4470_4,False,,258.2655334,9
4471_1,True,,659.7180786,10
4471_2,False,,659.7180786,10
4472_1,True,,273.0114441,9
4472_2,False,,273.0114441,9
4473_1,True,,106.0568237,49
4473_2,False,,106.0568237,49
4474_1,True,,337.8926697,19
4474_2,False,,337.8926697,19
4474_3,False,,337.8926697,19
4475_1,True,,666.6879883,38
4475_2,False,,666.6879883,38
4475_3,False,,666.6879883,38
4476_1,True,,777.2303467,18
4476_2,False,,777.2303467,18
4476_3,False,,777.2303467,18
4476_4,False,,777.2303467,18
4477_1,True,,337.8926697,19
4477_2,False,,337.8926697,19
4477_3,False,,337.8926697,19
4478_1,True,,666.6879883,38
4478_2,False,,666.6879883,38
4478_3,False,,666.6879883,38
4479_1,True,,675.8522949,48
4479_2,False,,675.8522949,48
4479_3,False,,675.8522949,48
4479_4,False,,675.8522949,48
4480_1,True,,1034.289795,21
4480_2,False,,1034.289795,21
4480_3,False,,1034.289795,21
4481_1,True,,963.7158813,31
4481_2,False,,963.7158813,31
4482_1,True,,106.0568237,49
4482_2,False,,106.0568237,49
4482_3,False,,106.0568237,49
4482_4,False,,106.0568237,49
4483_1,True,,1483.921753,26
4483_2,False,,1483.921753,26
4483_3,False,,1483.921753,26
4483_4,False,,1483.921753,26
4483_5,False,,1483.921753,26
4484_1,True,,963.3539429,31
4484_2,False,,963.3539429,31
4485_1,True,,777.2303467,18
4485_2,False,,777.2303467,18
4485_3,False,,777.2303467,18
4486_1,True,,337.8926697,19
4486_2,False,,337.8926697,19
4486_3,False,,337.8926697,19
4487_1,True,,963.7158813,31
4487_2,False,,963.7158813,31
4487_3,False,,963.7158813,31
4487_4,False,,963.7158813,31
4488_1,True,,675.8522949,48
4488_2,False,,675.8522949,48
4488_3,False,,675.8522949,48
4488_4,False,,675.8522949,48
4488_5,False,,675.8522949,48
4488_6,False,,675.8522949,48
4488_7,False,,675.8522949,48
4488_8,False,,675.8522949,48
4488_9,False,,675.8522949,48
4489_1,True,,2808.141113,39
4489_2,False,,2808.141113,39
4490_1,True,,258.2655334,9
4490_2,False,,258.2655334,9
4490_3,False,,258.2655334,9
4491_1,True,,1483.921753,26
4491_2,False,,1483.921753,26
4491_3,False,,1483.921753,26
4492_1,True,,2537.585693,39
4492_2,False,,2537.585693,39
4493_1,True,,1407.310669,6
4493_2,False,,1407.310669,6
4493_3,False,,1407.310669,6
4494_1,True,,258.2655334,9
4494_2,False,,258.2655334,9
4494_3,False,,258.2655334,9
4494_4,False,,258.2655334,9
4494_5,False,,258.2655334,9
4495_1,True,,2808.141113,39
4495_2,False,,2808.141113,39
4496_1,True,,1429.022583,6
4496_2,False,,1429.022583,6
4496_3,False,,1429.022583,6
4497_1,True,,663.3157959,24
4497_2,False,,663.3157959,24
4497_3,False,,663.3157959,24
4497_4,False,,663.3157959,24
4498_1,True,,675.8522949,48
4498_2,False,,675.8522949,48
4499_1,True,,258.2655334,9
4499_2,False,,258.2655334,9
4500_1,True,,337.8926697,19
4500_2,False,,337.8926697,19
4500_3,False,,337.8926697,19
4500_4,False,,337.8926697,19
4501_1,True,,675.8522949,48
4501_2,False,,675.8522949,48
4502_1,True,,2808.141113,39
4502_2,False,,2808.141113,39
4502_3,False,,2808.141113,39
4503_1,True,,337.8926697,19
4503_2,False,,337.8926697,19
4503_3,False,,337.8926697,19
4503_4,False,,337.8926697,19
4504_1,True,,679.5336914,48
4504_2,False,,679.5336914,48
4505_1,True,,675.8522949,48
4505_2,False,,675.8522949,48
4505_3,False,,675.8522949,48
4506_1,True,,1015.954529,46
4506_2,False,,1015.954529,46
4507_1,True,,2537.585693,39
4507_2,False,,2537.585693,39
4507_3,False,,2537.585693,39
4507_4,False,,2537.585693,39
4508_1,True,,1034.289795,21
4508_2,False,,1034.289795,21
4509_1,True,,659.7180786,45
4509_2,False,,659.7180786,45
4509_3,False,,659.7180786,45
4510_1,True,,1015.954529,46
4511_1,True,,679.5336914,48
4511_2,False,,679.5336914,48
4512_1,True,,337.8926697,19
4512_2,False,,337.8926697,19
4513_1,True,,301.1954041,19
4513_2,False,,301.1954041,19
4514_1,True,,666.6879883,23
4515_1,True,,663.3157959,13
4515_2,False,,663.3157959,13
4516_1,True,,1015.954529,46
4517_1,True,,301.1954041,19
4517_2,False,,301.1954041,19
4517_3,False,,301.1954041,19
4518_1,True,,110.7352905,49
4519_1,True,,1429.022583,6
4519_2,False,,1429.022583,6
4519_3,False,,1429.022583,6
4519_4,False,,1429.022583,6
4520_1,True,,110.7352905,49
4520_2,False,,110.7352905,49
4521_1,True,,1015.954529,46
4521_2,False,,1015.954529,46
4521_3,False,,1015.954529,46
4521_4,False,,1015.954529,46
4521_5,False,,1015.954529,46
4522_1,True,,2537.585693,39
4522_2,False,,2537.585693,39
4523_1,True,,679.5336914,48
4524_1,True,,337.8926697,19
4524_2,False,,337.8926697,19
4524_3,False,,337.8926697,19
4524_4,False,,337.8926697,19
4525_1,True,,337.8926697,19
4525_2,False,,337.8926697,19
4525_3,False,,337.8926697,19
4526_1,True,,337.8926697,19
4526_2,False,,337.8926697,19
4526_3,False,,337.8926697,19
4526_4,False,,337.8926697,19
4527_1,True,,1483.921753,26
4527_2,False,,1483.921753,26
4527_3,False,,1483.921753,26
4527_4,False,,1483.921753,26
4528_1,True,,301.1954041,19
4528_2,False,,301.1954041,19
4528_3,False,,301.1954041,19
4529_1,True,,273.0114441,9
4529_2,False,,273.0114441,9
4530_1,True,,679.5336914,48
4530_2,False,,679.5336914,48
4530_3,False,,679.5336914,48
4531_1,True,,1407.310669,6
4531_2,False,,1407.310669,6
4531_3,False,,1407.310669,6
4532_1,True,,663.3157959,38
4532_2,False,,663.3157959,38
4532_3,False,,663.3157959,38
4532_4,False,,663.3157959,38
4533_1,True,,1034.289795,21
4533_2,False,,1034.289795,21
4534_1,True,,1013.601074,21
4534_2,False,,1013.601074,21
4535_1,True,,337.8926697,19
4535_2,False,,337.8926697,19
4535_3,False,,337.8926697,19
4536_1,True,,301.1954041,19
4536_2,False,,301.1954041,19
4536_3,False,,301.1954041,19
4536_4,False,,301.1954041,19
4537_1,True,,691.5112915,45
4537_2,False,,691.5112915,45
4537_3,False,,691.5112915,45
4538_1,True,,301.1954041,19
4539_1,True,,663.3157959,33
4540_1,True,,110.7352905,49
4540_2,False,,110.7352905,49
4541_1,True,,258.2655334,9
4541_2,False,,258.2655334,9
4542_1,True,,663.3157959,47
4542_2,False,,663.3157959,47
4542_3,False,,663.3157959,47
4542_4,False,,663.3157959,47
4543_1,True,,1034.289795,21
4543_2,False,,1034.289795,21
4543_3,False,,1034.289795,21
4544_1,True,,2808.141113,39
4545_1,True,,106.0568237,49
4545_2,False,,106.0568237,49
4545_3,False,,106.0568237,49
4546_1,True,,962.1404419,46
4547_1,True,,337.8926697,19
4547_2,False,,337.8926697,19
4547_3,False,,337.8926697,19
4548_1,True,,1407.310669,6
4548_2,False,,1407.310669,6
4548_3,False,,1407.310669,6
4548_4,False,,1407.310669,6
4548_5,False,,1407.310669,6
4549_1,True,,691.5112915,45
4549_2,False,,691.5112915,45
4549_3,False,,691.5112915,45
4549_4,False,,691.5112915,45
4549_5,False,,691.5112915,45
4550_1,True,,1407.310669,6
4550_2,False,,1407.310669,6
4551_1,True,,963.7158813,31
4551_2,False,,963.7158813,31
4551_3,False,,963.7158813,31
4551_4,False,,963.7158813,31
4551_5,False,,963.7158813,31
4551_6,False,,963.7158813,31
4552_1,True,,337.8926697,19
4552_2,False,,337.8926697,19
4552_3,False,,337.8926697,19
4553_1,True,,110.7352905,49
4553_2,False,,110.7352905,49
4554_1,True,,962.1404419,46
4554_2,False,,962.1404419,46
4554_3,False,,962.1404419,46
4555_1,True,,337.8926697,19
4555_2,False,,337.8926697,19
4556_1,True,,337.8926697,19
4556_2,False,,337.8926697,19
4556_3,False,,337.8926697,19
4556_4,False,,337.8926697,19
4557_1,True,,301.1954041,19
4558_1,True,,258.2655334,9
4558_2,False,,258.2655334,9
4558_3,False,,258.2655334,9
4558_4,False,,258.2655334,9
4559_1,True,,337.8926697,19
4559_2,False,,337.8926697,19
4560_1,True,,337.8926697,19
4561_1,True,,659.7180786,41
4561_2,False,,659.7180786,41
4561_3,False,,659.7180786,41
4561_4,False,,659.7180786,41
4562_1,True,,1483.921753,26
4562_2,False,,1483.921753,26
4562_3,False,,1483.921753,26
4563_1,True,,2537.585693,39
4563_2,False,,2537.585693,39
4564_1,True,,2808.141113,39
4564_2,False,,2808.141113,39
4564_3,False,,2808.141113,39
4565_1,True,,301.1954041,19
4565_2,False,,301.1954041,19
4565_3,False,,301.1954041,19
4565_4,False,,301.1954041,19
4566_1,True,,679.5336914,48
4566_2,False,,679.5336914,48
4567_1,True,,659.7180786,25
4567_2,False,,659.7180786,25
4567_3,False,,659.7180786,25
4568_1,True,,666.6879883,33
4568_2,False,,666.6879883,33
4568_3,False,,666.6879883,33
4568_4,False,,666.6879883,33
4568_5,False,,666.6879883,33
4569_1,True,,1407.310669,6
4569_2,False,,1407.310669,6
4569_3,False,,1407.310669,6
4570_1,True,,337.8926697,19
4570_2,False,,337.8926697,19
4570_3,False,,337.8926697,19
4571_1,True,,659.7180786,12
4571_2,False,,659.7180786,12
4571_3,False,,659.7180786,12
4572_1,True,,1013.601074,21
4572_2,False,,1013.601074,21
4572_3,False,,1013.601074,21
4573_1,True,,963.3539429,31
4573_2,False,,963.3539429,31
4573_3,False,,963.3539429,31
4574_1,True,,666.6879883,38
4574_2,False,,666.6879883,38
4574_3,False,,666.6879883,38
4575_1,True,,666.6879883,33
4575_2,False,,666.6879883,33
4575_3,False,,666.6879883,33
4575_4,False,,666.6879883,33
4575_5,False,,666.6879883,33
4575_6,False,,666.6879883,33
4576_1,True,,666.6879883,11
4576_2,False,,666.6879883,11
4576_3,False,,666.6879883,11
4576_4,False,,666.6879883,11
4577_1,True,,659.7180786,45
4577_2,False,,659.7180786,45
4577_3,False,,659.7180786,45
4577_4,False,,659.7180786,45
4578_1,True,,337.8926697,19
4578_2,False,,337.8926697,19
4578_3,False,,337.8926697,19
4578_4,False,,337.8926697,19
4579_1,True,,1013.601074,21
4579_2,False,,1013.601074,21
4579_3,False,,1013.601074,21
4579_4,False,,1013.601074,21
4579_5,False,,1013.601074,21
4579_6,False,,1013.601074,21
4579_7,False,,1013.601074,21
4580_1,True,,777.2303467,18
4580_2,False,,777.2303467,18
4581_1,True,,963.7158813,31
4581_2,False,,963.7158813,31
4581_3,False,,963.7158813,31
4581_4,False,,963.7158813,31
4582_1,True,,777.2303467,18
4582_2,False,,777.2303467,18
4582_3,False,,777.2303467,18
4583_1,True,,258.2655334,9
4583_2,False,,258.2655334,9
4584_1,True,,258.2655334,9
4584_2,False,,258.2655334,9
4584_3,False,,258.2655334,9
4584_4,False,,258.2655334,9
4585_1,True,,1407.310669,6
4585_2,False,,1407.310669,6
4585_3,False,,1407.310669,6
4586_1,True,,1483.921753,26
4586_2,False,,1483.921753,26
4586_3,False,,1483.921753,26
4587_1,True,,1483.921753,26
4587_2,False,,1483.921753,26
4587_3,False,,1483.921753,26
4587_4,False,,1483.921753,26
4588_1,True,,273.0114441,9
4588_2,False,,273.0114441,9
4589_1,True,,679.5336914,48
4589_2,False,,679.5336914,48
4589_3,False,,679.5336914,48
4589_4,False,,679.5336914,48
4590_1,True,,679.5336914,48
4590_2,False,,679.5336914,48
4590_3,False,,679.5336914,48
4591_1,True,,106.0568237,49
4591_2,False,,106.0568237,49
4591_3,False,,106.0568237,49
4591_4,False,,106.0568237,49
4592_1,True,,962.1404419,46
4592_2,False,,962.1404419,46
4593_1,True,,675.8522949,48
4593_2,False,,675.8522949,48
4594_1,True,,963.3539429,31
4594_2,False,,963.3539429,31
4594_3,False,,963.3539429,31
4594_4,False,,963.3539429,31
4594_5,False,,963.3539429,31
4594_6,False,,963.3539429,31
4595_1,True,,666.6879883,44
4595_2,False,,666.6879883,44
4595_3,False,,666.6879883,44
4595_4,False,,666.6879883,44
4595_5,False,,666.6879883,44
4596_1,True,,1015.954529,46
4596_2,False,,1015.954529,46
4596_3,False,,1015.954529,46
4596_4,False,,1015.954529,46
4596_5,False,,1015.954529,46
4596_6,False,,1015.954529,46
4597_1,True,,1015.954529,46
4597_2,False,,1015.954529,46
4597_3,False,,1015.954529,46
4598_1,True,,691.5112915,25
4598_2,False,,691.5112915,25
4598_3,False,,691.5112915,25
4598_4,False,,691.5112915,25
4599_1,True,,1483.921753,26
4599_2,False,,1483.921753,26
4600_1,True,,1480.23999,26
4600_2,False,,1480.23999,26
4600_3,False,,1480.23999,26
4600_4,False,,1480.23999,26
4600_5,False,,1480.23999,26
4601_1,True,,679.5336914,48
4601_2,False,,679.5336914,48
4601_3,False,,679.5336914,48
4602_1,True,,301.1954041,19
4602_2,False,,301.1954041,19
4602_3,False,,301.1954041,19
4602_4,False,,301.1954041,19
4603_1,True,,666.6879883,44
4603_2,False,,666.6879883,44
4603_3,False,,666.6879883,44
4603_4,False,,666.6879883,44
4604_1,True,,666.6879883,27
4605_1,True,,675.8522949,48
4606_1,True,,666.6879883,14
4606_2,False,,666.6879883,14
4606_3,False,,666.6879883,14
4606_4,False,,666.6879883,14
4607_1,True,,963.7158813,31
4607_2,False,,963.7158813,31
4607_3,False,,963.7158813,31
4608_1,True,,666.6879883,4
4608_2,False,,666.6879883,4
4609_1,True,,679.5336914,48
4609_2,False,,679.5336914,48
4609_3,False,,679.5336914,48
4610_1,True,,337.8926697,19
4610_2,False,,337.8926697,19
4611_1,True,,666.6879883,44
4612_1,True,,301.1954041,19
4612_2,False,,301.1954041,19
4613_1,True,,1480.23999,26
4613_2,False,,1480.23999,26
4614_1,True,,679.5336914,48
4614_2,False,,679.5336914,48
4614_3,False,,679.5336914,48
4615_1,True,,1015.954529,46
4615_2,False,,1015.954529,46
4616_1,True,,1015.954529,46
4616_2,False,,1015.954529,46
4617_1,True,,1483.921753,26
4617_2,False,,1483.921753,26
4617_3,False,,1483.921753,26
4618_1,True,,691.5112915,12
4618_2,False,,691.5112915,12
4619_1,True,,337.8926697,19
4619_2,False,,337.8926697,19
4619_3,False,,337.8926697,19
4620_1,True,,2537.585693,39
4620_2,False,,2537.585693,39
4620_3,False,,2537.585693,39
4621_1,True,,963.7158813,31
4621_2,False,,963.7158813,31
4622_1,True,,1034.289795,21
4623_1,True,,963.7158813,31
4623_2,False,,963.7158813,31
4623_3,False,,963.7158813,31
4624_1,True,,2537.585693,39
4624_2,False,,2537.585693,39
4625_1,True,,1480.23999,26
4625_2,False,,1480.23999,26
4625_3,False,,1480.23999,26
4625_4,False,,1480.23999,26
4626_1,True,,659.7180786,41
4626_2,False,,659.7180786,41
4626_3,False,,659.7180786,41
4626_4,False,,659.7180786,41
4627_1,True,,258.2655334,9
4627_2,False,,258.2655334,9
4627_3,False,,258.2655334,9
4628_1,True,,1015.954529,46
4628_2,False,,1015.954529,46
4628_3,False,,1015.954529,46
4629_1,True,,963.7158813,31
4629_2,False,,963.7158813,31
4629_3,False,,963.7158813,31
4629_4,False,,963.7158813,31
4629_5,False,,963.7158813,31
4629_6,False,,963.7158813,31
4630_1,True,,802.7727051,18
4631_1,True,,663.3157959,4
4632_1,True,,691.5112915,12
4632_2,False,,691.5112915,12
4632_3,False,,691.5112915,12
4633_1,True,,659.7180786,25
4633_2,False,,659.7180786,25
4633_3,False,,659.7180786,25
4634_1,True,,679.5336914,48
4634_2,False,,679.5336914,48
4634_3,False,,679.5336914,48
4634_4,False,,679.5336914,48
4635_1,True,,802.7727051,18
4635_2,False,,802.7727051,18
4635_3,False,,802.7727051,18
4635_4,False,,802.7727051,18
4636_1,True,,1483.921753,26
4636_2,False,,1483.921753,26
4636_3,False,,1483.921753,26
4637_1,True,,802.7727051,18
4637_2,False,,802.7727051,18
4637_3,False,,802.7727051,18
4637_4,False,,802.7727051,18
4637_5,False,,802.7727051,18
4638_1,True,,963.3539429,31
4638_2,False,,963.3539429,31
4638_3,False,,963.3539429,31
4639_1,True,,802.7727051,18
4639_2,False,,802.7727051,18
4639_3,False,,802.7727051,18
4639_4,False,,802.7727051,18
4640_1,True,,802.7727051,18
4641_1,True,,691.5112915,25
4641_2,False,,691.5112915,25
4641_3,False,,691.5112915,25
4641_4,False,,691.5112915,25
4641_5,False,,691.5112915,25
4642_1,True,,258.2655334,9
4642_2,False,,258.2655334,9
4643_1,True,,691.5112915,41
4643_2,False,,691.5112915,41
4644_1,True,,1483.921753,26
4644_2,False,,1483.921753,26
4644_3,False,,1483.921753,26
4645_1,True,,273.0114441,9
4645_2,False,,273.0114441,9
4646_1,True,,663.3157959,4
4646_2,False,,663.3157959,4
4646_3,False,,663.3157959,4
4647_1,True,,1407.310669,6
4647_2,False,,1407.310669,6
4647_3,False,,1407.310669,6
4648_1,True,,1483.921753,26
4648_2,False,,1483.921753,26
4648_3,False,,1483.921753,26
4648_4,False,,1483.921753,26
4649_1,True,,802.7727051,18
4649_2,False,,802.7727051,18
4649_3,False,,802.7727051,18
4649_4,False,,802.7727051,18
4650_1,True,,962.1404419,46
4650_2,False,,962.1404419,46
4651_1,True,,106.0568237,49
4652_1,True,,1015.954529,46
4652_2,False,,1015.954529,46
4652_3,False,,1015.954529,46
4653_1,True,,258.2655334,9
4653_2,False,,258.2655334,9
4653_3,False,,258.2655334,9
4653_4,False,,258.2655334,9
4653_5,False,,258.2655334,9
4653_6,False,,258.2655334,9
4654_1,True,,666.6879883,38
4654_2,False,,666.6879883,38
4654_3,False,,666.6879883,38
4654_4,False,,666.6879883,38
4655_1,True,,802.7727051,18
4656_1,True,,106.0568237,49
4656_2,False,,106.0568237,49
4656_3,False,,106.0568237,49
4656_4,False,,106.0568237,49
4657_1,True,,802.7727051,18
4657_2,False,,802.7727051,18
4657_3,False,,802.7727051,18
4657_4,False,,802.7727051,18
4658_1,True,,1015.954529,46
4659_1,True,,802.7727051,18
4659_2,False,,802.7727051,18
4660_1,True,,659.7180786,45
4660_2,False,,659.7180786,45
4660_3,False,,659.7180786,45
4660_4,False,,659.7180786,45
4661_1,True,,2808.141113,39
4661_2,False,,2808.141113,39
4661_3,False,,2808.141113,39
4661_4,False,,2808.141113,39
4662_1,True,,802.7727051,18
4662_2,False,,802.7727051,18
4662_3,False,,802.7727051,18
4662_4,False,,802.7727051,18
4663_1,True,,273.0114441,9
4663_2,False,,273.0114441,9
4664_1,True,,802.7727051,18
4664_2,False,,802.7727051,18
4664_3,False,,802.7727051,18
4664_4,False,,802.7727051,18
4664_5,False,,802.7727051,18
4665_1,True,,659.7180786,41
4665_2,False,,659.7180786,41
4665_3,False,,659.7180786,41
4665_4,False,,659.7180786,41
4665_5,False,,659.7180786,41
4666_1,True,,2808.141113,39
4666_2,False,,2808.141113,39
4666_3,False,,2808.141113,39
4666_4,False,,2808.141113,39
4667_1,True,,777.2303467,18
4667_2,False,,777.2303467,18
4667_3,False,,777.2303467,18
4667_4,False,,777.2303467,18
4668_1,True,,679.5336914,48
4668_2,False,,679.5336914,48
4669_1,True,,1407.310669,6
4669_2,False,,1407.310669,6
4669_3,False,,1407.310669,6
4670_1,True,,691.5112915,25
4670_2,False,,691.5112915,25
4670_3,False,,691.5112915,25
4671_1,True,,777.2303467,18
4671_2,False,,777.2303467,18
4671_3,False,,777.2303467,18
4672_1,True,,663.3157959,33
4672_2,False,,663.3157959,33
4673_1,True,,777.2303467,18
4673_2,False,,777.2303467,18
4673_3,False,,777.2303467,18
4674_1,True,,110.7352905,49
4674_2,False,,110.7352905,49
4675_1,True,,963.7158813,31
4675_2,False,,963.7158813,31
4675_3,False,,963.7158813,31
4675_4,False,,963.7158813,31
4675_5,False,,963.7158813,31
4675_6,False,,963.7158813,31
4676_1,True,,962.1404419,46
4676_2,False,,962.1404419,46
4677_1,True,,337.8926697,19
4677_2,False,,337.8926697,19
4678_1,True,,777.2303467,18
4678_2,False,,777.2303467,18
4678_3,False,,777.2303467,18
4679_1,True,,777.2303467,18
4679_2,False,,777.2303467,18
4680_1,True,,663.3157959,20
4681_1,True,,1015.954529,46
4681_2,False,,1015.954529,46
4681_3,False,,1015.954529,46
4681_4,False,,1015.954529,46
4681_5,False,,1015.954529,46
4681_6,False,,1015.954529,46
4681_7,False,,1015.954529,46
4681_8,False,,1015.954529,46
4681_9,False,,1015.954529,46
4681_10,False,,1015.954529,46
4682_1,True,,777.2303467,18
4682_2,False,,777.2303467,18
4682_3,False,,777.2303467,18
4683_1,True,,777.2303467,18
4683_2,False,,777.2303467,18
4683_3,False,,777.2303467,18
4684_1,True,,337.8926697,19
4684_2,False,,337.8926697,19
4685_1,True,,777.2303467,18
4685_2,False,,777.2303467,18
4685_3,False,,777.2303467,18
4685_4,False,,777.2303467,18
4686_1,True,,1483.921753,26
4686_2,False,,1483.921753,26
4686_3,False,,1483.921753,26
4686_4,False,,1483.921753,26
4687_1,True,,963.7158813,31
4687_2,False,,963.7158813,31
4687_3,False,,963.7158813,31
4687_4,False,,963.7158813,31
4687_5,False,,963.7158813,31
4688_1,True,,675.8522949,48
4688_2,False,,675.8522949,48
4689_1,True,,777.2303467,18
4689_2,False,,777.2303467,18
4689_3,False,,777.2303467,18
4689_4,False,,777.2303467,18
4689_5,False,,777.2303467,18
4690_1,True,,258.2655334,9
4690_2,False,,258.2655334,9
4690_3,False,,258.2655334,9
4690_4,False,,258.2655334,9
4691_1,True,,802.7727051,18
4691_2,False,,802.7727051,18
4691_3,False,,802.7727051,18
4692_1,True,,1034.289795,21
4692_2,False,,1034.289795,21
4692_3,False,,1034.289795,21
4692_4,False,,1034.289795,21
4692_5,False,,1034.289795,21
4693_1,True,,1407.310669,6
4693_2,False,,1407.310669,6
4693_3,False,,1407.310669,6
4693_4,False,,1407.310669,6
4693_5,False,,1407.310669,6
4694_1,True,,2537.585693,39
4694_2,False,,2537.585693,39
4694_3,False,,2537.585693,39
4695_1,True,,337.8926697,19
4695_2,False,,337.8926697,19
4695_3,False,,337.8926697,19
4695_4,False,,337.8926697,19
4696_1,True,,1034.289795,21
4696_2,False,,1034.289795,21
4696_3,False,,1034.289795,21
4696_4,False,,1034.289795,21
4697_1,True,,301.1954041,19
4697_2,False,,301.1954041,19
4697_3,False,,301.1954041,19
4697_4,False,,301.1954041,19
4698_1,True,,802.7727051,18
4699_1,True,,679.5336914,48
4700_1,True,,666.6879883,44
4701_1,True,,691.5112915,10
4701_2,False,,691.5112915,10
4701_3,False,,691.5112915,10
4701_4,False,,691.5112915,10
4701_5,False,,691.5112915,10
4701_6,False,,691.5112915,10
4702_1,True,,258.2655334,9
4702_2,False,,258.2655334,9
4703_1,True,,679.5336914,48
4703_2,False,,679.5336914,48
4703_3,False,,679.5336914,48
4703_4,False,,679.5336914,48
4703_5,False,,679.5336914,48
4704_1,True,,663.3157959,33
4704_2,False,,663.3157959,33
4704_3,False,,663.3157959,33
4704_4,False,,663.3157959,33
4705_1,True,,777.2303467,18
4705_2,False,,777.2303467,18
4706_1,True,,1013.601074,21
4706_2,False,,1013.601074,21
4706_3,False,,1013.601074,21
4706_4,False,,1013.601074,21
4706_5,False,,1013.601074,21
4707_1,True,,1015.954529,46
4707_2,False,,1015.954529,46
4708_1,True,,963.3539429,31
4708_2,False,,963.3539429,31
4709_1,True,,679.5336914,48
4709_2,False,,679.5336914,48
4709_3,False,,679.5336914,48
4709_4,False,,679.5336914,48
4710_1,True,,273.0114441,9
4710_2,False,,273.0114441,9
4710_3,False,,273.0114441,9
4711_1,True,,1013.601074,21
4711_2,False,,1013.601074,21
4712_1,True,,963.7158813,31
4712_2,False,,963.7158813,31
4712_3,False,,963.7158813,31
4713_1,True,,301.1954041,19
4713_2,False,,301.1954041,19
4713_3,False,,301.1954041,19
4713_4,False,,301.1954041,19
4714_1,True,,963.7158813,31
4714_2,False,,963.7158813,31
4714_3,False,,963.7158813,31
4715_1,True,,106.0568237,49
4715_2,False,,106.0568237,49
4716_1,True,,258.2655334,9
4716_2,False,,258.2655334,9
4717_1,True,,663.3157959,44
4717_2,False,,663.3157959,44
4718_1,True,,659.7180786,25
4718_2,False,,659.7180786,25
4718_3,False,,659.7180786,25
4718_4,False,,659.7180786,25
4718_5,False,,659.7180786,25
4719_1,True,,659.7180786,41
4719_2,False,,659.7180786,41
4719_3,False,,659.7180786,41
4720_1,True,,1034.289795,21
4720_2,False,,1034.289795,21
4720_3,False,,1034.289795,21
4721_1,True,,1013.601074,21
4721_2,False,,1013.601074,21
4721_3,False,,1013.601074,21
4721_4,False,,1013.601074,21
4721_5,False,,1013.601074,21
4722_1,True,,2808.141113,39
4722_2,False,,2808.141113,39
4723_1,True,,675.8522949,48
4724_1,True,,663.3157959,4
4725_1,True,,679.5336914,48
4725_2,False,,679.5336914,48
4726_1,True,,301.1954041,19
4726_2,False,,301.1954041,19
4726_3,False,,301.1954041,19
4726_4,False,,301.1954041,19
4727_1,True,,666.6879883,44
4727_2,False,,666.6879883,44
4727_3,False,,666.6879883,44
4727_4,False,,666.6879883,44
4727_5,False,,666.6879883,44
4727_6,False,,666.6879883,44
4728_1,True,,258.2655334,9
4728_2,False,,258.2655334,9
4728_3,False,,258.2655334,9
4728_4,False,,258.2655334,9
4729_1,True,,2808.141113,39
4729_2,False,,2808.141113,39
4730_1,True,,337.8926697,19
4730_2,False,,337.8926697,19
4731_1,True,,962.1404419,46
4731_2,False,,962.1404419,46
4731_3,False,,962.1404419,46
4731_4,False,,962.1404419,46
4732_1,True,,2537.585693,39
4732_2,False,,2537.585693,39
4733_1,True,,679.5336914,48
4733_2,False,,679.5336914,48
4733_3,False,,679.5336914,48
4733_4,False,,679.5336914,48
4734_1,True,,666.6879883,28
4734_2,False,,666.6879883,28
4735_1,True,,1013.601074,21
4735_2,False,,1013.601074,21
4735_3,False,,1013.601074,21
4735_4,False,,1013.601074,21
4735_5,False,,1013.601074,21
4736_1,True,,777.2303467,18
4736_2,False,,777.2303467,18
4737_1,True,,106.0568237,49
4737_2,False,,106.0568237,49
4737_3,False,,106.0568237,49
4738_1,True,,1013.601074,21
4738_2,False,,1013.601074,21
4738_3,False,,1013.601074,21
4739_1,True,,663.3157959,5
4739_2,False,,663.3157959,5
4739_3,False,,663.3157959,5
4739_4,False,,663.3157959,5
4739_5,False,,663.3157959,5
4739_6,False,,663.3157959,5
4739_7,False,,663.3157959,5
4740_1,True,,1429.022583,6
4740_2,False,,1429.022583,6
4740_3,False,,1429.022583,6
4741_1,True,,1483.921753,26
4741_2,False,,1483.921753,26
4742_1,True,,963.7158813,31
4742_2,False,,963.7158813,31
4742_3,False,,963.7158813,31
4742_4,False,,963.7158813,31
4743_1,True,,679.5336914,48
4743_2,False,,679.5336914,48
4743_3,False,,679.5336914,48
4743_4,False,,679.5336914,48
4744_1,True,,675.8522949,48
4744_2,False,,675.8522949,48
4745_1,True,,675.8522949,48
4745_2,False,,675.8522949,48
4745_3,False,,675.8522949,48
4746_1,True,,1013.601074,21
4746_2,False,,1013.601074,21
4746_3,False,,1013.601074,21
4747_1,True,,258.2655334,9
4747_2,False,,258.2655334,9
4747_3,False,,258.2655334,9
4748_1,True,,1480.23999,26
4749_1,True,,258.2655334,9
4749_2,False,,258.2655334,9
4749_3,False,,258.2655334,9
4750_1,True,,258.2655334,9
4750_2,False,,258.2655334,9
4750_3,False,,258.2655334,9
4750_4,False,,258.2655334,9
4750_5,False,,258.2655334,9
4751_1,True,,1483.921753,26
4751_2,False,,1483.921753,26
4751_3,False,,1483.921753,26
4751_4,False,,1483.921753,26
4751_5,False,,1483.921753,26
4752_1,True,,1034.289795,21
4752_2,False,,1034.289795,21
4752_3,False,,1034.289795,21
4752_4,False,,1034.289795,21
4752_5,False,,1034.289795,21
4753_1,True,,1407.310669,6
4753_2,False,,1407.310669,6
4753_3,False,,1407.310669,6
4753_4,False,,1407.310669,6
4754_1,True,,675.8522949,48
4754_2,False,,675.8522949,48
4755_1,True,,777.2303467,18
4755_2,False,,777.2303467,18
4755_3,False,,777.2303467,18
4755_4,False,,777.2303467,18
4756_1,True,,666.6879883,44
4756_2,False,,666.6879883,44
4756_3,False,,666.6879883,44
4757_1,True,,1429.022583,6
4757_2,False,,1429.022583,6
4758_1,True,,962.1404419,46
4758_2,False,,962.1404419,46
4759_1,True,,1483.921753,26
4759_2,False,,1483.921753,26
4759_3,False,,1483.921753,26
4759_4,False,,1483.921753,26
4760_1,True,,1483.921753,26
4760_2,False,,1483.921753,26
4760_3,False,,1483.921753,26
4760_4,False,,1483.921753,26
4760_5,False,,1483.921753,26
4761_1,True,,777.2303467,18
4761_2,False,,777.2303467,18
4761_3,False,,777.2303467,18
4761_4,False,,777.2303467,18
4762_1,True,,962.1404419,46
4762_2,False,,962.1404419,46
4763_1,True,,1407.310669,6
4763_2,False,,1407.310669,6
4763_3,False,,1407.310669,6
4763_4,False,,1407.310669,6
4763_5,False,,1407.310669,6
4764_1,True,,679.5336914,48
4764_2,False,,679.5336914,48
4764_3,False,,679.5336914,48
4764_4,False,,679.5336914,48
4765_1,True,,963.7158813,31
4765_2,False,,963.7158813,31
4765_3,False,,963.7158813,31
4765_4,False,,963.7158813,31
4766_1,True,,1480.23999,26
4766_2,False,,1480.23999,26
4767_1,True,,691.5112915,12
4767_2,False,,691.5112915,12
4767_3,False,,691.5112915,12
4768_1,True,,659.7180786,10
4768_2,False,,659.7180786,10
4768_3,False,,659.7180786,10
4768_4,False,,659.7180786,10
4769_1,True,,666.6879883,47
4769_2,False,,666.6879883,47
4770_1,True,,679.5336914,48
4770_2,False,,679.5336914,48
4770_3,False,,679.5336914,48
4771_1,True,,675.8522949,48
4771_2,False,,675.8522949,48
4772_1,True,,110.7352905,49
4773_1,True,,777.2303467,18
4773_2,False,,777.2303467,18
4773_3,False,,777.2303467,18
4773_4,False,,777.2303467,18
4773_5,False,,777.2303467,18
4774_1,True,,2537.585693,39
4774_2,False,,2537.585693,39
4774_3,False,,2537.585693,39
4775_1,True,,962.1404419,46
4775_2,False,,962.1404419,46
4776_1,True,,106.0568237,49
4776_2,False,,106.0568237,49
4776_3,False,,106.0568237,49
4776_4,False,,106.0568237,49
4777_1,True,,679.5336914,48
4777_2,False,,679.5336914,48
4778_1,True,,659.7180786,10
4779_1,True,,301.1954041,19
4779_2,False,,301.1954041,19
4779_3,False,,301.1954041,19
4779_4,False,,301.1954041,19
4779_5,False,,301.1954041,19
4780_1,True,,1015.954529,46
4780_2,False,,1015.954529,46
4780_3,False,,1015.954529,46
4780_4,False,,1015.954529,46
4780_5,False,,1015.954529,46
4780_6,False,,1015.954529,46
4781_1,True,,663.3157959,23
4781_2,False,,663.3157959,23
4782_1,True,,1483.921753,26
4782_2,False,,1483.921753,26
4782_3,False,,1483.921753,26
4782_4,False,,1483.921753,26
4783_1,True,,675.8522949,48
4783_2,False,,675.8522949,48
4783_3,False,,675.8522949,48
4783_4,False,,675.8522949,48
4784_1,True,,110.7352905,49
4784_2,False,,110.7352905,49
4784_3,False,,110.7352905,49
4785_1,True,,963.3539429,31
4786_1,True,,273.0114441,9
4786_2,False,,273.0114441,9
4787_1,True,,1480.23999,26
4787_2,False,,1480.23999,26
4787_3,False,,1480.23999,26
4788_1,True,,258.2655334,9
4788_2,False,,258.2655334,9
4788_3,False,,258.2655334,9
4789_1,True,,659.7180786,41
4789_2,False,,659.7180786,41
4790_1,True,,663.3157959,13
4790_2,False,,663.3157959,13
4791_1,True,,666.6879883,4
4791_2,False,,666.6879883,4
4791_3,False,,666.6879883,4
4792_1,True,,675.8522949,48
4792_2,False,,675.8522949,48
4792_3,False,,675.8522949,48
4792_4,False,,675.8522949,48
4793_1,True,,258.2655334,9
4793_2,False,,258.2655334,9
4794_1,True,,963.7158813,31
4794_2,False,,963.7158813,31
4794_3,False,,963.7158813,31
4794_4,False,,963.7158813,31
4794_5,False,,963.7158813,31
4795_1,True,,666.6879883,13
4795_2,False,,666.6879883,13
4795_3,False,,666.6879883,13
4796_1,True,,1015.954529,46
4796_2,False,,1015.954529,46
4796_3,False,,1015.954529,46
4797_1,True,,337.8926697,19
4797_2,False,,337.8926697,19
4797_3,False,,337.8926697,19
4797_4,False,,337.8926697,19
4798_1,True,,273.0114441,9
4798_2,False,,273.0114441,9
4799_1,True,,1483.921753,26
4799_2,False,,1483.921753,26
4799_3,False,,1483.921753,26
4800_1,True,,258.2655334,9
4800_2,False,,258.2655334,9
4800_3,False,,258.2655334,9
4800_4,False,,258.2655334,9
4800_5,False,,258.2655334,9
4800_6,False,,258.2655334,9
4801_1,True,,1013.601074,21
4801_2,False,,1013.601074,21
4801_3,False,,1013.601074,21
4801_4,False,,1013.601074,21
4801_5,False,,1013.601074,21
4802_1,True,,258.2655334,9
4802_2,False,,258.2655334,9
4802_3,False,,258.2655334,9
4802_4,False,,258.2655334,9
4803_1,True,,659.7180786,10
4803_2,False,,659.7180786,10
4803_3,False,,659.7180786,10
4803_4,False,,659.7180786,10
4803_5,False,,659.7180786,10
4804_1,True,,1483.921753,26
4804_2,False,,1483.921753,26
4805_1,True,,258.2655334,9
4805_2,False,,258.2655334,9
4805_3,False,,258.2655334,9
4805_4,False,,258.2655334,9
4806_1,True,,1013.601074,21
4806_2,False,,1013.601074,21
4806_3,False,,1013.601074,21
4806_4,False,,1013.601074,21
4807_1,True,,2808.141113,39
4807_2,False,,2808.141113,39
4808_1,True,,962.1404419,46
4808_2,False,,962.1404419,46
4808_3,False,,962.1404419,46
4809_1,True,,301.1954041,19
4810_1,True,,106.0568237,49
4810_2,False,,106.0568237,49
4810_3,False,,106.0568237,49
4810_4,False,,106.0568237,49
4810_5,False,,106.0568237,49
4811_1,True,,258.2655334,9
4811_2,False,,258.2655334,9
4811_3,False,,258.2655334,9
4812_1,True,,258.2655334,9
4812_2,False,,258.2655334,9
4812_3,False,,258.2655334,9
4813_1,True,,666.6879883,43
4813_2,False,,666.6879883,43
4813_3,False,,666.6879883,43
4813_4,False,,666.6879883,43
4814_1,True,,258.2655334,9
4814_2,False,,258.2655334,9
4814_3,False,,258.2655334,9
4814_4,False,,258.2655334,9
4814_5,False,,258.2655334,9
4815_1,True,,258.2655334,9
4815_2,False,,258.2655334,9
4815_3,False,,258.2655334,9
4815_4,False,,258.2655334,9
4815_5,False,,258.2655334,9
4816_1,True,,273.0114441,9
4816_2,False,,273.0114441,9
4816_3,False,,273.0114441,9
4817_1,True,,1015.954529,46
4817_2,False,,1015.954529,46
4817_3,False,,1015.954529,46
4818_1,True,,337.8926697,19
4818_2,False,,337.8926697,19
4818_3,False,,337.8926697,19
4818_4,False,,337.8926697,19
4819_1,True,,679.5336914,48
4819_2,False,,679.5336914,48
4819_3,False,,679.5336914,48
4820_1,True,,679.5336914,48
4820_2,False,,679.5336914,48
4820_3,False,,679.5336914,48
4820_4,False,,679.5336914,48
4821_1,True,,258.2655334,9
4821_2,False,,258.2655334,9
4821_3,False,,258.2655334,9
4822_1,True,,1407.310669,6
4822_2,False,,1407.310669,6
4823_1,True,,273.0114441,9
4823_2,False,,273.0114441,9
4823_3,False,,273.0114441,9
4824_1,True,,273.0114441,9
4824_2,False,,273.0114441,9
4825_1,True,,659.7180786,45
4825_2,False,,659.7180786,45
4825_3,False,,659.7180786,45
4825_4,False,,659.7180786,45
4825_5,False,,659.7180786,45
4826_1,True,,1429.022583,6
4826_2,False,,1429.022583,6
4827_1,True,,666.6879883,33
4827_2,False,,666.6879883,33
4827_3,False,,666.6879883,33
4827_4,False,,666.6879883,33
4828_1,True,,258.2655334,9
4828_2,False,,258.2655334,9
4828_3,False,,258.2655334,9
4828_4,False,,258.2655334,9
4829_1,True,,963.3539429,31
4829_2,False,,963.3539429,31
4830_1,True,,1015.954529,46
4830_2,False,,1015.954529,46
4831_1,True,,963.3539429,31
4832_1,True,,258.2655334,9
4832_2,False,,258.2655334,9
4833_1,True,,106.0568237,49
4833_2,False,,106.0568237,49
4833_3,False,,106.0568237,49
4833_4,False,,106.0568237,49
4834_1,True,,666.6879883,33
4834_2,False,,666.6879883,33
4835_1,True,,273.0114441,9
4835_2,False,,273.0114441,9
4836_1,True,,258.2655334,9
4836_2,False,,258.2655334,9
4836_3,False,,258.2655334,9
4836_4,False,,258.2655334,9
4837_1,True,,659.7180786,45
4837_2,False,,659.7180786,45
4837_3,False,,659.7180786,45
4837_4,False,,659.7180786,45
4838_1,True,,663.3157959,38
4839_1,True,,273.0114441,9
4839_2,False,,273.0114441,9
4840_1,True,,777.2303467,18
4840_2,False,,777.2303467,18
4840_3,False,,777.2303467,18
4841_1,True,,679.5336914,48
4841_2,False,,679.5336914,48
4841_3,False,,679.5336914,48
4842_1,True,,258.2655334,9
4842_2,False,,258.2655334,9
4842_3,False,,258.2655334,9
4843_1,True,,258.2655334,9
4843_2,False,,258.2655334,9
4843_3,False,,258.2655334,9
4844_1,True,,273.0114441,9
4844_2,False,,273.0114441,9
4844_3,False,,273.0114441,9
4845_1,True,,679.5336914,48
4845_2,False,,679.5336914,48
4846_1,True,,1015.954529,46
4846_2,False,,1015.954529,46
4846_3,False,,1015.954529,46
4846_4,False,,1015.954529,46
4847_1,True,,777.2303467,18
4847_2,False,,777.2303467,18
4848_1,True,,273.0114441,9
4848_2,False,,273.0114441,9
4848_3,False,,273.0114441,9
4849_1,True,,337.8926697,19
4849_2,False,,337.8926697,19
4849_3,False,,337.8926697,19
4849_4,False,,337.8926697,19
4850_1,True,,258.2655334,9
4850_2,False,,258.2655334,9
4850_3,False,,258.2655334,9
4850_4,False,,258.2655334,9
4851_1,True,,273.0114441,9
4851_2,False,,273.0114441,9
4851_3,False,,273.0114441,9
4851_4,False,,273.0114441,9
4852_1,True,,1480.23999,26
4852_2,False,,1480.23999,26
4853_1,True,,1015.954529,46
4853_2,False,,1015.954529,46
4853_3,False,,1015.954529,46
4853_4,False,,1015.954529,46
4854_1,True,,663.3157959,38
4855_1,True,,273.0114441,9
4856_1,True,,659.7180786,25
4856_2,False,,659.7180786,25
4856_3,False,,659.7180786,25
4857_1,True,,273.0114441,9
4857_2,False,,273.0114441,9
4857_3,False,,273.0114441,9
4857_4,False,,273.0114441,9
4858_1,True,,273.0114441,9
4858_2,False,,273.0114441,9
4859_1,True,,273.0114441,9
4859_2,False,,273.0114441,9
4859_3,False,,273.0114441,9
4859_4,False,,273.0114441,9
4859_5,False,,273.0114441,9
4860_1,True,,962.1404419,46
4861_1,True,,1407.310669,6
4861_2,False,,1407.310669,6
4862_1,True,,106.0568237,49
4862_2,False,,106.0568237,49
4862_3,False,,106.0568237,49
4863_1,True,,258.2655334,9
4863_2,False,,258.2655334,9
4863_3,False,,258.2655334,9
4864_1,True,,301.1954041,19
4865_1,True,,802.7727051,18
4865_2,False,,802.7727051,18
4866_1,True,,258.2655334,9
4866_2,False,,258.2655334,9
4866_3,False,,258.2655334,9
4867_1,True,,1483.921753,26
4867_2,False,,1483.921753,26
4867_3,False,,1483.921753,26
4868_1,True,,258.2655334,9
4868_2,False,,258.2655334,9
4868_3,False,,258.2655334,9
4868_4,False,,258.2655334,9
4868_5,False,,258.2655334,9
4869_1,True,,666.6879883,44
4869_2,False,,666.6879883,44
4869_3,False,,666.6879883,44
4869_4,False,,666.6879883,44
4870_1,True,,258.2655334,9
4870_2,False,,258.2655334,9
4870_3,False,,258.2655334,9
4870_4,False,,258.2655334,9
4871_1,True,,1015.954529,46
4871_2,False,,1015.954529,46
4872_1,True,,106.0568237,49
4872_2,False,,106.0568237,49
4873_1,True,,301.1954041,19
4873_2,False,,301.1954041,19
4873_3,False,,301.1954041,19
4874_1,True,,2537.585693,39
4874_2,False,,2537.585693,39
4875_1,True,,2537.585693,39
4875_2,False,,2537.585693,39
4876_1,True,,273.0114441,9
4876_2,False,,273.0114441,9
4876_3,False,,273.0114441,9
4876_4,False,,273.0114441,9
4876_5,False,,273.0114441,9
4877_1,True,,1015.954529,46
4877_2,False,,1015.954529,46
4878_1,True,,337.8926697,19
4878_2,False,,337.8926697,19
4878_3,False,,337.8926697,19
4878_4,False,,337.8926697,19
4878_5,False,,337.8926697,19
4879_1,True,,666.6879883,33
4879_2,False,,666.6879883,33
4879_3,False,,666.6879883,33
4879_4,False,,666.6879883,33
4879_5,False,,666.6879883,33
4879_6,False,,666.6879883,33
4880_1,True,,2808.141113,39
4880_2,False,,2808.141113,39
4880_3,False,,2808.141113,39
4881_1,True,,258.2655334,9
4881_2,False,,258.2655334,9
4881_3,False,,258.2655334,9
4882_1,True,,962.1404419,46
4882_2,False,,962.1404419,46
4882_3,False,,962.1404419,46
4882_4,False,,962.1404419,46
4882_5,False,,962.1404419,46
4883_1,True,,258.2655334,9
4883_2,False,,258.2655334,9
4883_3,False,,258.2655334,9
4884_1,True,,1429.022583,6
4884_2,False,,1429.022583,6
4884_3,False,,1429.022583,6
4884_4,False,,1429.022583,6
4884_5,False,,1429.022583,6
4885_1,True,,273.0114441,9
4885_2,False,,273.0114441,9
4886_1,True,,663.3157959,38
4887_1,True,,2808.141113,39
4887_2,False,,2808.141113,39
4887_3,False,,2808.141113,39
4887_4,False,,2808.141113,39
4888_1,True,,659.7180786,10
4888_2,False,,659.7180786,10
4888_3,False,,659.7180786,10
4889_1,True,,258.2655334,9
4889_2,False,,258.2655334,9
4889_3,False,,258.2655334,9
4889_4,False,,258.2655334,9
4890_1,True,,675.8522949,48
4890_2,False,,675.8522949,48
4890_3,False,,675.8522949,48
4890_4,False,,675.8522949,48
4891_1,True,,1429.022583,6
4891_2,False,,1429.022583,6
4892_1,True,,106.0568237,49
4892_2,False,,106.0568237,49
4893_1,True,,258.2655334,9
4893_2,False,,258.2655334,9
4893_3,False,,258.2655334,9
4894_1,True,,675.8522949,48
4894_2,False,,675.8522949,48
4894_3,False,,675.8522949,48
4894_4,False,,675.8522949,48
4895_1,True,,679.5336914,48
4895_2,False,,679.5336914,48
4895_3,False,,679.5336914,48
4896_1,True,,659.7180786,25
4896_2,False,,659.7180786,25
4897_1,True,,2808.141113,39
4897_2,False,,2808.141113,39
4897_3,False,,2808.141113,39
4898_1,True,,679.5336914,48
4898_2,False,,679.5336914,48
4898_3,False,,679.5336914,48
4899_1,True,,1407.310669,6
4899_2,False,,1407.310669,6
4899_3,False,,1407.310669,6
4900_1,True,,663.3157959,47
4900_2,False,,663.3157959,47
4900_3,False,,663.3157959,47
4901_1,True,,1429.022583,6
4901_2,False,,1429.022583,6
4901_3,False,,1429.022583,6
4901_4,False,,1429.022583,6
4901_5,False,,1429.022583,6
4902_1,True,,1015.954529,46
4902_2,False,,1015.954529,46
4903_1,True,,802.7727051,18
4903_2,False,,802.7727051,18
4903_3,False,,802.7727051,18
4903_4,False,,802.7727051,18
4904_1,True,,1483.921753,26
4904_2,False,,1483.921753,26
4904_3,False,,1483.921753,26
4904_4,False,,1483.921753,26
4905_1,True,,1015.954529,46
4905_2,False,,1015.954529,46
4905_3,False,,1015.954529,46
4905_4,False,,1015.954529,46
4905_5,False,,1015.954529,46
4905_6,False,,1015.954529,46
4905_7,False,,1015.954529,46
4906_1,True,,1480.23999,26
4906_2,False,,1480.23999,26
4907_1,True,,675.8522949,48
4907_2,False,,675.8522949,48
4908_1,True,,663.3157959,4
4908_2,False,,663.3157959,4
4908_3,False,,663.3157959,4
4909_1,True,,963.7158813,31
4909_2,False,,963.7158813,31
4909_3,False,,963.7158813,31
4910_1,True,,1407.310669,6
4910_2,False,,1407.310669,6
4910_3,False,,1407.310669,6
4910_4,False,,1407.310669,6
4910_5,False,,1407.310669,6
4911_1,True,,2537.585693,39
4911_2,False,,2537.585693,39
4912_1,True,,106.0568237,49
4912_2,False,,106.0568237,49
4913_1,True,,663.3157959,11
4913_2,False,,663.3157959,11
4914_1,True,,666.6879883,44
4914_2,False,,666.6879883,44
4915_1,True,,2808.141113,39
4915_2,False,,2808.141113,39
4915_3,False,,2808.141113,39
4916_1,True,,1429.022583,6
4916_2,False,,1429.022583,6
4917_1,True,,337.8926697,19
4917_2,False,,337.8926697,19
4917_3,False,,337.8926697,19
4917_4,False,,337.8926697,19
4918_1,True,,663.3157959,44
4918_2,False,,663.3157959,44
4919_1,True,,2808.141113,39
4919_2,False,,2808.141113,39
4919_3,False,,2808.141113,39
4920_1,True,,106.0568237,49
4920_2,False,,106.0568237,49
4920_3,False,,106.0568237,49
4920_4,False,,106.0568237,49
4921_1,True,,258.2655334,9
4921_2,False,,258.2655334,9
4921_3,False,,258.2655334,9
4921_4,False,,258.2655334,9
4921_5,False,,258.2655334,9
4922_1,True,,106.0568237,49
4922_2,False,,106.0568237,49
4922_3,False,,106.0568237,49
4922_4,False,,106.0568237,49
4923_1,True,,659.7180786,41
4923_2,False,,659.7180786,41
4923_3,False,,659.7180786,41
4924_1,True,,963.7158813,31
4924_2,False,,963.7158813,31
4924_3,False,,963.7158813,31
4924_4,False,,963.7158813,31
4925_1,True,,337.8926697,19
4925_2,False,,337.8926697,19
4925_3,False,,337.8926697,19
4925_4,False,,337.8926697,19
4925_5,False,,337.8926697,19
4926_1,True,,1480.23999,26
4926_2,False,,1480.23999,26
4926_3,False,,1480.23999,26
4926_4,False,,1480.23999,26
4926_5,False,,1480.23999,26
4927_1,True,,301.1954041,19
4927_2,False,,301.1954041,19
4928_1,True,,679.5336914,48
4928_2,False,,679.5336914,48
4928_3,False,,679.5336914,48
4928_4,False,,679.5336914,48
4929_1,True,,337.8926697,19
4929_2,False,,337.8926697,19
4929_3,False,,337.8926697,19
4930_1,True,,1013.601074,21
4930_2,False,,1013.601074,21
4930_3,False,,1013.601074,21
4930_4,False,,1013.601074,21
4931_1,True,,258.2655334,9
4931_2,False,,258.2655334,9
4931_3,False,,258.2655334,9
4931_4,False,,258.2655334,9
4932_1,True,,777.2303467,18
4932_2,False,,777.2303467,18
4932_3,False,,777.2303467,18
4932_4,False,,777.2303467,18
4933_1,True,,1483.921753,26
4933_2,False,,1483.921753,26
4934_1,True,,301.1954041,19
4934_2,False,,301.1954041,19
4934_3,False,,301.1954041,19
4934_4,False,,301.1954041,19
4935_1,True,,1015.954529,46
4935_2,False,,1015.954529,46
4935_3,False,,1015.954529,46
4935_4,False,,1015.954529,46
4936_1,True,,666.6879883,11
4936_2,False,,666.6879883,11
4937_1,True,,962.1404419,46
4937_2,False,,962.1404419,46
4937_3,False,,962.1404419,46
4937_4,False,,962.1404419,46
4937_5,False,,962.1404419,46
4938_1,True,,666.6879883,5
4938_2,False,,666.6879883,5
4938_3,False,,666.6879883,5
4939_1,True,,666.6879883,17
4939_2,False,,666.6879883,17
4939_3,False,,666.6879883,17
4939_4,False,,666.6879883,17
4940_1,True,,2537.585693,39
4940_2,False,,2537.585693,39
4940_3,False,,2537.585693,39
4940_4,False,,2537.585693,39
4941_1,True,,337.8926697,19
4941_2,False,,337.8926697,19
4941_3,False,,337.8926697,19
4942_1,True,,802.7727051,18
4942_2,False,,802.7727051,18
4942_3,False,,802.7727051,18
4942_4,False,,802.7727051,18
