respondent_id,is_initial_respondent,nombre,factor_cvnl,city_id
1_1,True,,1359.8938547486,6
2_1,True,,1428.5549132948,6
3_1,True,,1359.8938547486,6
3_2,False,,1359.8938547486,6
4_1,True,,1428.5549132948,6
4_2,False,,1428.5549132948,6
4_3,False,,1428.5549132948,6
5_1,True,,1359.8938547486,6
5_2,False,,1359.8938547486,6
5_3,False,,1359.8938547486,6
5_4,False,,1359.8938547486,6
6_1,True,,1428.5549132948,6
6_2,False,,1428.5549132948,6
6_3,False,,1428.5549132948,6
7_1,True,,1359.8938547486,6
7_2,False,,1359.8938547486,6
7_3,False,,1359.8938547486,6
8_1,True,,1359.8938547486,6
8_2,False,,1359.8938547486,6
9_1,True,,1359.8938547486,6
9_2,False,,1359.8938547486,6
10_1,True,,1428.5549132948,6
10_2,False,,1428.5549132948,6
11_1,True,,1359.8938547486,6
11_2,False,,1359.8938547486,6
11_3,False,,1359.8938547486,6
11_4,False,,1359.8938547486,6
12_1,True,,1428.5549132948,6
12_2,False,,1428.5549132948,6
12_3,False,,1428.5549132948,6
12_4,False,,1428.5549132948,6
13_1,True,,1359.8938547486,6
13_2,False,,1359.8938547486,6
13_3,False,,1359.8938547486,6
13_4,False,,1359.8938547486,6
14_1,True,,1359.8938547486,6
14_2,False,,1359.8938547486,6
14_3,False,,1359.8938547486,6
15_1,True,,1359.8938547486,6
15_2,False,,1359.8938547486,6
15_3,False,,1359.8938547486,6
16_1,True,,1428.5549132948,6
16_2,False,,1428.5549132948,6
16_3,False,,1428.5549132948,6
16_4,False,,1428.5549132948,6
16_5,False,,1428.5549132948,6
17_1,True,,1359.8938547486,6
17_2,False,,1359.8938547486,6
17_3,False,,1359.8938547486,6
18_1,True,,1428.5549132948,6
18_2,False,,1428.5549132948,6
18_3,False,,1428.5549132948,6
18_4,False,,1428.5549132948,6
19_1,True,,1359.8938547486,6
19_2,False,,1359.8938547486,6
19_3,False,,1359.8938547486,6
20_1,True,,1428.5549132948,6
20_2,False,,1428.5549132948,6
20_3,False,,1428.5549132948,6
21_1,True,,1359.8938547486,6
21_2,False,,1359.8938547486,6
22_1,True,,1428.5549132948,6
22_2,False,,1428.5549132948,6
23_1,True,,1359.8938547486,6
23_2,False,,1359.8938547486,6
23_3,False,,1359.8938547486,6
23_4,False,,1359.8938547486,6
24_1,True,,1428.5549132948,6
25_1,True,,1359.8938547486,6
25_2,False,,1359.8938547486,6
25_3,False,,1359.8938547486,6
25_4,False,,1359.8938547486,6
26_1,True,,1428.5549132948,6
26_2,False,,1428.5549132948,6
26_3,False,,1428.5549132948,6
27_1,True,,1359.8938547486,6
27_2,False,,1359.8938547486,6
27_3,False,,1359.8938547486,6
27_4,False,,1359.8938547486,6
27_5,False,,1359.8938547486,6
28_1,True,,1428.5549132948,6
28_2,False,,1428.5549132948,6
29_1,True,,1359.8938547486,6
29_2,False,,1359.8938547486,6
30_1,True,,1428.5549132948,6
31_1,True,,1359.8938547486,6
31_2,False,,1359.8938547486,6
31_3,False,,1359.8938547486,6
32_1,True,,1428.5549132948,6
33_1,True,,1359.8938547486,6
33_2,False,,1359.8938547486,6
33_3,False,,1359.8938547486,6
34_1,True,,1428.5549132948,6
34_2,False,,1428.5549132948,6
34_3,False,,1428.5549132948,6
34_4,False,,1428.5549132948,6
35_1,True,,1359.8938547486,6
35_2,False,,1359.8938547486,6
35_3,False,,1359.8938547486,6
36_1,True,,1428.5549132948,6
36_2,False,,1428.5549132948,6
37_1,True,,1359.8938547486,6
38_1,True,,1428.5549132948,6
38_2,False,,1428.5549132948,6
38_3,False,,1428.5549132948,6
38_4,False,,1428.5549132948,6
38_5,False,,1428.5549132948,6
38_6,False,,1428.5549132948,6
39_1,True,,1359.8938547486,6
39_2,False,,1359.8938547486,6
39_3,False,,1359.8938547486,6
39_4,False,,1359.8938547486,6
39_5,False,,1359.8938547486,6
40_1,True,,1428.5549132948,6
40_2,False,,1428.5549132948,6
41_1,True,,1359.8938547486,6
41_2,False,,1359.8938547486,6
41_3,False,,1359.8938547486,6
41_4,False,,1359.8938547486,6
42_1,True,,1428.5549132948,6
42_2,False,,1428.5549132948,6
43_1,True,,1359.8938547486,6
43_2,False,,1359.8938547486,6
43_3,False,,1359.8938547486,6
43_4,False,,1359.8938547486,6
43_5,False,,1359.8938547486,6
44_1,True,,1428.5549132948,6
44_2,False,,1428.5549132948,6
44_3,False,,1428.5549132948,6
44_4,False,,1428.5549132948,6
44_5,False,,1428.5549132948,6
45_1,True,,1359.8938547486,6
45_2,False,,1359.8938547486,6
45_3,False,,1359.8938547486,6
45_4,False,,1359.8938547486,6
46_1,True,,1428.5549132948,6
46_2,False,,1428.5549132948,6
46_3,False,,1428.5549132948,6
46_4,False,,1428.5549132948,6
46_5,False,,1428.5549132948,6
47_1,True,,1359.8938547486,6
47_2,False,,1359.8938547486,6
47_3,False,,1359.8938547486,6
47_4,False,,1359.8938547486,6
48_1,True,,1428.5549132948,6
48_2,False,,1428.5549132948,6
48_3,False,,1428.5549132948,6
48_4,False,,1428.5549132948,6
48_5,False,,1428.5549132948,6
49_1,True,,1359.8938547486,6
49_2,False,,1359.8938547486,6
49_3,False,,1359.8938547486,6
50_1,True,,1428.5549132948,6
50_2,False,,1428.5549132948,6
50_3,False,,1428.5549132948,6
50_4,False,,1428.5549132948,6
51_1,True,,1359.8938547486,6
51_2,False,,1359.8938547486,6
51_3,False,,1359.8938547486,6
52_1,True,,1428.5549132948,6
52_2,False,,1428.5549132948,6
52_3,False,,1428.5549132948,6
52_4,False,,1428.5549132948,6
53_1,True,,1359.8938547486,6
53_2,False,,1359.8938547486,6
53_3,False,,1359.8938547486,6
54_1,True,,1428.5549132948,6
54_2,False,,1428.5549132948,6
54_3,False,,1428.5549132948,6
54_4,False,,1428.5549132948,6
54_5,False,,1428.5549132948,6
55_1,True,,1359.8938547486,6
55_2,False,,1359.8938547486,6
55_3,False,,1359.8938547486,6
55_4,False,,1359.8938547486,6
55_5,False,,1359.8938547486,6
56_1,True,,1428.5549132948,6
56_2,False,,1428.5549132948,6
57_1,True,,1359.8938547486,6
57_2,False,,1359.8938547486,6
57_3,False,,1359.8938547486,6
57_4,False,,1359.8938547486,6
58_1,True,,1428.5549132948,6
59_1,True,,1359.8938547486,6
59_2,False,,1359.8938547486,6
59_3,False,,1359.8938547486,6
60_1,True,,1428.5549132948,6
60_2,False,,1428.5549132948,6
60_3,False,,1428.5549132948,6
60_4,False,,1428.5549132948,6
60_5,False,,1428.5549132948,6
60_6,False,,1428.5549132948,6
61_1,True,,1359.8938547486,6
61_2,False,,1359.8938547486,6
61_3,False,,1359.8938547486,6
61_4,False,,1359.8938547486,6
62_1,True,,1428.5549132948,6
62_2,False,,1428.5549132948,6
62_3,False,,1428.5549132948,6
62_4,False,,1428.5549132948,6
62_5,False,,1428.5549132948,6
63_1,True,,1359.8938547486,6
63_2,False,,1359.8938547486,6
63_3,False,,1359.8938547486,6
63_4,False,,1359.8938547486,6
64_1,True,,1428.5549132948,6
64_2,False,,1428.5549132948,6
65_1,True,,1359.8938547486,6
65_2,False,,1359.8938547486,6
66_1,True,,1428.5549132948,6
66_2,False,,1428.5549132948,6
67_1,True,,1359.8938547486,6
67_2,False,,1359.8938547486,6
67_3,False,,1359.8938547486,6
67_4,False,,1359.8938547486,6
68_1,True,,1359.8938547486,6
69_1,True,,1359.8938547486,6
69_2,False,,1359.8938547486,6
69_3,False,,1359.8938547486,6
69_4,False,,1359.8938547486,6
70_1,True,,1428.5549132948,6
70_2,False,,1428.5549132948,6
71_1,True,,1359.8938547486,6
71_2,False,,1359.8938547486,6
71_3,False,,1359.8938547486,6
72_1,True,,1428.5549132948,6
72_2,False,,1428.5549132948,6
72_3,False,,1428.5549132948,6
73_1,True,,1359.8938547486,6
73_2,False,,1359.8938547486,6
73_3,False,,1359.8938547486,6
74_1,True,,1428.5549132948,6
74_2,False,,1428.5549132948,6
74_3,False,,1428.5549132948,6
75_1,True,,1359.8938547486,6
75_2,False,,1359.8938547486,6
75_3,False,,1359.8938547486,6
75_4,False,,1359.8938547486,6
76_1,True,,1428.5549132948,6
76_2,False,,1428.5549132948,6
77_1,True,,1359.8938547486,6
77_2,False,,1359.8938547486,6
77_3,False,,1359.8938547486,6
77_4,False,,1359.8938547486,6
77_5,False,,1359.8938547486,6
77_6,False,,1359.8938547486,6
77_7,False,,1359.8938547486,6
77_8,False,,1359.8938547486,6
78_1,True,,1428.5549132948,6
78_2,False,,1428.5549132948,6
78_3,False,,1428.5549132948,6
78_4,False,,1428.5549132948,6
79_1,True,,1359.8938547486,6
79_2,False,,1359.8938547486,6
80_1,True,,1428.5549132948,6
81_1,True,,1359.8938547486,6
81_2,False,,1359.8938547486,6
81_3,False,,1359.8938547486,6
81_4,False,,1359.8938547486,6
82_1,True,,1428.5549132948,6
83_1,True,,1359.8938547486,6
83_2,False,,1359.8938547486,6
83_3,False,,1359.8938547486,6
83_4,False,,1359.8938547486,6
84_1,True,,1428.5549132948,6
84_2,False,,1428.5549132948,6
85_1,True,,1359.8938547486,6
86_1,True,,1428.5549132948,6
86_2,False,,1428.5549132948,6
87_1,True,,1359.8938547486,6
88_1,True,,1428.5549132948,6
88_2,False,,1428.5549132948,6
88_3,False,,1428.5549132948,6
88_4,False,,1428.5549132948,6
89_1,True,,1359.8938547486,6
89_2,False,,1359.8938547486,6
90_1,True,,1428.5549132948,6
90_2,False,,1428.5549132948,6
91_1,True,,1359.8938547486,6
91_2,False,,1359.8938547486,6
91_3,False,,1359.8938547486,6
91_4,False,,1359.8938547486,6
91_5,False,,1359.8938547486,6
92_1,True,,1428.5549132948,6
92_2,False,,1428.5549132948,6
92_3,False,,1428.5549132948,6
93_1,True,,1359.8938547486,6
93_2,False,,1359.8938547486,6
93_3,False,,1359.8938547486,6
93_4,False,,1359.8938547486,6
94_1,True,,1428.5549132948,6
94_2,False,,1428.5549132948,6
94_3,False,,1428.5549132948,6
95_1,True,,1359.8938547486,6
95_2,False,,1359.8938547486,6
96_1,True,,1428.5549132948,6
96_2,False,,1428.5549132948,6
96_3,False,,1428.5549132948,6
96_4,False,,1428.5549132948,6
96_5,False,,1428.5549132948,6
97_1,True,,1359.8938547486,6
97_2,False,,1359.8938547486,6
97_3,False,,1359.8938547486,6
97_4,False,,1359.8938547486,6
97_5,False,,1359.8938547486,6
98_1,True,,1428.5549132948,6
98_2,False,,1428.5549132948,6
98_3,False,,1428.5549132948,6
98_4,False,,1428.5549132948,6
99_1,True,,1359.8938547486,6
99_2,False,,1359.8938547486,6
99_3,False,,1359.8938547486,6
99_4,False,,1359.8938547486,6
100_1,True,,1428.5549132948,6
100_2,False,,1428.5549132948,6
100_3,False,,1428.5549132948,6
100_4,False,,1428.5549132948,6
100_5,False,,1428.5549132948,6
101_1,True,,1359.8938547486,6
101_2,False,,1359.8938547486,6
101_3,False,,1359.8938547486,6
101_4,False,,1359.8938547486,6
102_1,True,,1428.5549132948,6
102_2,False,,1428.5549132948,6
102_3,False,,1428.5549132948,6
102_4,False,,1428.5549132948,6
103_1,True,,1359.8938547486,6
103_2,False,,1359.8938547486,6
103_3,False,,1359.8938547486,6
104_1,True,,1428.5549132948,6
104_2,False,,1428.5549132948,6
105_1,True,,1359.8938547486,6
106_1,True,,1428.5549132948,6
106_2,False,,1428.5549132948,6
106_3,False,,1428.5549132948,6
106_4,False,,1428.5549132948,6
106_5,False,,1428.5549132948,6
107_1,True,,1359.8938547486,6
107_2,False,,1359.8938547486,6
108_1,True,,1428.5549132948,6
108_2,False,,1428.5549132948,6
109_1,True,,1359.8938547486,6
109_2,False,,1359.8938547486,6
109_3,False,,1359.8938547486,6
109_4,False,,1359.8938547486,6
110_1,True,,1428.5549132948,6
110_2,False,,1428.5549132948,6
110_3,False,,1428.5549132948,6
111_1,True,,1359.8938547486,6
111_2,False,,1359.8938547486,6
112_1,True,,1428.5549132948,6
113_1,True,,1359.8938547486,6
113_2,False,,1359.8938547486,6
114_1,True,,1428.5549132948,6
115_1,True,,1359.8938547486,6
116_1,True,,1428.5549132948,6
116_2,False,,1428.5549132948,6
117_1,True,,1359.8938547486,6
117_2,False,,1359.8938547486,6
117_3,False,,1359.8938547486,6
118_1,True,,1428.5549132948,6
118_2,False,,1428.5549132948,6
118_3,False,,1428.5549132948,6
118_4,False,,1428.5549132948,6
119_1,True,,1359.8938547486,6
119_2,False,,1359.8938547486,6
120_1,True,,1428.5549132948,6
120_2,False,,1428.5549132948,6
121_1,True,,1359.8938547486,6
121_2,False,,1359.8938547486,6
121_3,False,,1359.8938547486,6
122_1,True,,1428.5549132948,6
122_2,False,,1428.5549132948,6
122_3,False,,1428.5549132948,6
123_1,True,,1359.8938547486,6
123_2,False,,1359.8938547486,6
124_1,True,,1428.5549132948,6
125_1,True,,1359.8938547486,6
125_2,False,,1359.8938547486,6
125_3,False,,1359.8938547486,6
125_4,False,,1359.8938547486,6
125_5,False,,1359.8938547486,6
126_1,True,,1428.5549132948,6
126_2,False,,1428.5549132948,6
126_3,False,,1428.5549132948,6
127_1,True,,1359.8938547486,6
127_2,False,,1359.8938547486,6
127_3,False,,1359.8938547486,6
127_4,False,,1359.8938547486,6
128_1,True,,1428.5549132948,6
128_2,False,,1428.5549132948,6
129_1,True,,1359.8938547486,6
129_2,False,,1359.8938547486,6
129_3,False,,1359.8938547486,6
130_1,True,,1428.5549132948,6
130_2,False,,1428.5549132948,6
130_3,False,,1428.5549132948,6
130_4,False,,1428.5549132948,6
131_1,True,,1359.8938547486,6
131_2,False,,1359.8938547486,6
132_1,True,,1428.5549132948,6
132_2,False,,1428.5549132948,6
132_3,False,,1428.5549132948,6
132_4,False,,1428.5549132948,6
133_1,True,,1359.8938547486,6
133_2,False,,1359.8938547486,6
134_1,True,,1428.5549132948,6
135_1,True,,1359.8938547486,6
135_2,False,,1359.8938547486,6
136_1,True,,1428.5549132948,6
136_2,False,,1428.5549132948,6
137_1,True,,1359.8938547486,6
137_2,False,,1359.8938547486,6
137_3,False,,1359.8938547486,6
138_1,True,,1428.5549132948,6
138_2,False,,1428.5549132948,6
139_1,True,,1359.8938547486,6
139_2,False,,1359.8938547486,6
139_3,False,,1359.8938547486,6
140_1,True,,1428.5549132948,6
141_1,True,,1359.8938547486,6
141_2,False,,1359.8938547486,6
141_3,False,,1359.8938547486,6
142_1,True,,1428.5549132948,6
142_2,False,,1428.5549132948,6
142_3,False,,1428.5549132948,6
143_1,True,,1359.8938547486,6
143_2,False,,1359.8938547486,6
143_3,False,,1359.8938547486,6
144_1,True,,1428.5549132948,6
144_2,False,,1428.5549132948,6
145_1,True,,1359.8938547486,6
145_2,False,,1359.8938547486,6
145_3,False,,1359.8938547486,6
146_1,True,,1428.5549132948,6
146_2,False,,1428.5549132948,6
146_3,False,,1428.5549132948,6
147_1,True,,1359.8938547486,6
147_2,False,,1359.8938547486,6
147_3,False,,1359.8938547486,6
147_4,False,,1359.8938547486,6
148_1,True,,1428.5549132948,6
149_1,True,,1359.8938547486,6
149_2,False,,1359.8938547486,6
150_1,True,,1428.5549132948,6
150_2,False,,1428.5549132948,6
151_1,True,,1359.8938547486,6
151_2,False,,1359.8938547486,6
151_3,False,,1359.8938547486,6
152_1,True,,1359.8938547486,6
152_2,False,,1359.8938547486,6
153_1,True,,1359.8938547486,6
153_2,False,,1359.8938547486,6
153_3,False,,1359.8938547486,6
154_1,True,,1428.5549132948,6
154_2,False,,1428.5549132948,6
154_3,False,,1428.5549132948,6
155_1,True,,1359.8938547486,6
155_2,False,,1359.8938547486,6
155_3,False,,1359.8938547486,6
155_4,False,,1359.8938547486,6
155_5,False,,1359.8938547486,6
156_1,True,,1428.5549132948,6
156_2,False,,1428.5549132948,6
156_3,False,,1428.5549132948,6
156_4,False,,1428.5549132948,6
156_5,False,,1428.5549132948,6
157_1,True,,1359.8938547486,6
157_2,False,,1359.8938547486,6
158_1,True,,1428.5549132948,6
158_2,False,,1428.5549132948,6
158_3,False,,1428.5549132948,6
159_1,True,,1359.8938547486,6
160_1,True,,1428.5549132948,6
160_2,False,,1428.5549132948,6
160_3,False,,1428.5549132948,6
160_4,False,,1428.5549132948,6
161_1,True,,1359.8938547486,6
161_2,False,,1359.8938547486,6
161_3,False,,1359.8938547486,6
161_4,False,,1359.8938547486,6
162_1,True,,1428.5549132948,6
162_2,False,,1428.5549132948,6
163_1,True,,1359.8938547486,6
163_2,False,,1359.8938547486,6
163_3,False,,1359.8938547486,6
163_4,False,,1359.8938547486,6
164_1,True,,1428.5549132948,6
165_1,True,,1359.8938547486,6
165_2,False,,1359.8938547486,6
165_3,False,,1359.8938547486,6
166_1,True,,1428.5549132948,6
166_2,False,,1428.5549132948,6
167_1,True,,1359.8938547486,6
167_2,False,,1359.8938547486,6
167_3,False,,1359.8938547486,6
167_4,False,,1359.8938547486,6
167_5,False,,1359.8938547486,6
168_1,True,,1428.5549132948,6
168_2,False,,1428.5549132948,6
168_3,False,,1428.5549132948,6
169_1,True,,1359.8938547486,6
169_2,False,,1359.8938547486,6
170_1,True,,1428.5549132948,6
170_2,False,,1428.5549132948,6
170_3,False,,1428.5549132948,6
170_4,False,,1428.5549132948,6
171_1,True,,1359.8938547486,6
171_2,False,,1359.8938547486,6
171_3,False,,1359.8938547486,6
172_1,True,,1428.5549132948,6
172_2,False,,1428.5549132948,6
173_1,True,,1359.8938547486,6
173_2,False,,1359.8938547486,6
173_3,False,,1359.8938547486,6
173_4,False,,1359.8938547486,6
174_1,True,,1428.5549132948,6
174_2,False,,1428.5549132948,6
174_3,False,,1428.5549132948,6
175_1,True,,1359.8938547486,6
175_2,False,,1359.8938547486,6
175_3,False,,1359.8938547486,6
176_1,True,,1428.5549132948,6
176_2,False,,1428.5549132948,6
177_1,True,,1359.8938547486,6
177_2,False,,1359.8938547486,6
178_1,True,,1428.5549132948,6
178_2,False,,1428.5549132948,6
178_3,False,,1428.5549132948,6
179_1,True,,1359.8938547486,6
179_2,False,,1359.8938547486,6
179_3,False,,1359.8938547486,6
179_4,False,,1359.8938547486,6
180_1,True,,1428.5549132948,6
180_2,False,,1428.5549132948,6
180_3,False,,1428.5549132948,6
180_4,False,,1428.5549132948,6
180_5,False,,1428.5549132948,6
180_6,False,,1428.5549132948,6
181_1,True,,1359.8938547486,6
181_2,False,,1359.8938547486,6
181_3,False,,1359.8938547486,6
182_1,True,,1428.5549132948,6
182_2,False,,1428.5549132948,6
183_1,True,,1359.8938547486,6
183_2,False,,1359.8938547486,6
184_1,True,,1428.5549132948,6
184_2,False,,1428.5549132948,6
185_1,True,,1359.8938547486,6
185_2,False,,1359.8938547486,6
186_1,True,,1428.5549132948,6
187_1,True,,1359.8938547486,6
187_2,False,,1359.8938547486,6
187_3,False,,1359.8938547486,6
188_1,True,,1428.5549132948,6
188_2,False,,1428.5549132948,6
189_1,True,,1359.8938547486,6
189_2,False,,1359.8938547486,6
190_1,True,,1428.5549132948,6
190_2,False,,1428.5549132948,6
190_3,False,,1428.5549132948,6
191_1,True,,1359.8938547486,6
191_2,False,,1359.8938547486,6
191_3,False,,1359.8938547486,6
192_1,True,,1428.5549132948,6
192_2,False,,1428.5549132948,6
192_3,False,,1428.5549132948,6
192_4,False,,1428.5549132948,6
193_1,True,,1359.8938547486,6
193_2,False,,1359.8938547486,6
193_3,False,,1359.8938547486,6
194_1,True,,1428.5549132948,6
194_2,False,,1428.5549132948,6
194_3,False,,1428.5549132948,6
195_1,True,,1359.8938547486,6
195_2,False,,1359.8938547486,6
195_3,False,,1359.8938547486,6
195_4,False,,1359.8938547486,6
196_1,True,,1428.5549132948,6
196_2,False,,1428.5549132948,6
196_3,False,,1428.5549132948,6
196_4,False,,1428.5549132948,6
196_5,False,,1428.5549132948,6
196_6,False,,1428.5549132948,6
196_7,False,,1428.5549132948,6
196_8,False,,1428.5549132948,6
196_9,False,,1428.5549132948,6
196_10,False,,1428.5549132948,6
196_11,False,,1428.5549132948,6
197_1,True,,1359.8938547486,6
197_2,False,,1359.8938547486,6
197_3,False,,1359.8938547486,6
198_1,True,,1428.5549132948,6
198_2,False,,1428.5549132948,6
198_3,False,,1428.5549132948,6
199_1,True,,1359.8938547486,6
199_2,False,,1359.8938547486,6
199_3,False,,1359.8938547486,6
200_1,True,,1428.5549132948,6
200_2,False,,1428.5549132948,6
201_1,True,,1359.8938547486,6
201_2,False,,1359.8938547486,6
201_3,False,,1359.8938547486,6
202_1,True,,1428.5549132948,6
202_2,False,,1428.5549132948,6
203_1,True,,1359.8938547486,6
203_2,False,,1359.8938547486,6
204_1,True,,1428.5549132948,6
204_2,False,,1428.5549132948,6
204_3,False,,1428.5549132948,6
205_1,True,,1359.8938547486,6
205_2,False,,1359.8938547486,6
205_3,False,,1359.8938547486,6
205_4,False,,1359.8938547486,6
205_5,False,,1359.8938547486,6
206_1,True,,1428.5549132948,6
206_2,False,,1428.5549132948,6
206_3,False,,1428.5549132948,6
207_1,True,,1359.8938547486,6
207_2,False,,1359.8938547486,6
207_3,False,,1359.8938547486,6
207_4,False,,1359.8938547486,6
208_1,True,,1428.5549132948,6
208_2,False,,1428.5549132948,6
209_1,True,,1359.8938547486,6
210_1,True,,1428.5549132948,6
210_2,False,,1428.5549132948,6
210_3,False,,1428.5549132948,6
210_4,False,,1428.5549132948,6
211_1,True,,1359.8938547486,6
211_2,False,,1359.8938547486,6
211_3,False,,1359.8938547486,6
211_4,False,,1359.8938547486,6
212_1,True,,1428.5549132948,6
212_2,False,,1428.5549132948,6
212_3,False,,1428.5549132948,6
212_4,False,,1428.5549132948,6
212_5,False,,1428.5549132948,6
213_1,True,,1359.8938547486,6
213_2,False,,1359.8938547486,6
213_3,False,,1359.8938547486,6
213_4,False,,1359.8938547486,6
214_1,True,,1428.5549132948,6
214_2,False,,1428.5549132948,6
214_3,False,,1428.5549132948,6
214_4,False,,1428.5549132948,6
215_1,True,,1359.8938547486,6
215_2,False,,1359.8938547486,6
215_3,False,,1359.8938547486,6
216_1,True,,1428.5549132948,6
216_2,False,,1428.5549132948,6
216_3,False,,1428.5549132948,6
216_4,False,,1428.5549132948,6
217_1,True,,1359.8938547486,6
217_2,False,,1359.8938547486,6
217_3,False,,1359.8938547486,6
218_1,True,,1428.5549132948,6
218_2,False,,1428.5549132948,6
218_3,False,,1428.5549132948,6
219_1,True,,1359.8938547486,6
219_2,False,,1359.8938547486,6
219_3,False,,1359.8938547486,6
220_1,True,,1428.5549132948,6
220_2,False,,1428.5549132948,6
221_1,True,,1359.8938547486,6
221_2,False,,1359.8938547486,6
222_1,True,,1428.5549132948,6
222_2,False,,1428.5549132948,6
223_1,True,,1359.8938547486,6
223_2,False,,1359.8938547486,6
223_3,False,,1359.8938547486,6
223_4,False,,1359.8938547486,6
223_5,False,,1359.8938547486,6
224_1,True,,1359.8938547486,6
224_2,False,,1359.8938547486,6
225_1,True,,1359.8938547486,6
225_2,False,,1359.8938547486,6
225_3,False,,1359.8938547486,6
226_1,True,,1428.5549132948,6
227_1,True,,1359.8938547486,6
227_2,False,,1359.8938547486,6
227_3,False,,1359.8938547486,6
227_4,False,,1359.8938547486,6
228_1,True,,1428.5549132948,6
228_2,False,,1428.5549132948,6
228_3,False,,1428.5549132948,6
228_4,False,,1428.5549132948,6
229_1,True,,1428.5549132948,6
229_2,False,,1428.5549132948,6
230_1,True,,1428.5549132948,6
230_2,False,,1428.5549132948,6
230_3,False,,1428.5549132948,6
231_1,True,,1428.5549132948,6
231_2,False,,1428.5549132948,6
231_3,False,,1428.5549132948,6
231_4,False,,1428.5549132948,6
232_1,True,,1428.5549132948,6
232_2,False,,1428.5549132948,6
232_3,False,,1428.5549132948,6
232_4,False,,1428.5549132948,6
232_5,False,,1428.5549132948,6
233_1,True,,1359.8938547486,6
233_2,False,,1359.8938547486,6
233_3,False,,1359.8938547486,6
233_4,False,,1359.8938547486,6
234_1,True,,1428.5549132948,6
234_2,False,,1428.5549132948,6
235_1,True,,1359.8938547486,6
235_2,False,,1359.8938547486,6
235_3,False,,1359.8938547486,6
235_4,False,,1359.8938547486,6
235_5,False,,1359.8938547486,6
236_1,True,,1428.5549132948,6
236_2,False,,1428.5549132948,6
237_1,True,,1359.8938547486,6
237_2,False,,1359.8938547486,6
237_3,False,,1359.8938547486,6
238_1,True,,1428.5549132948,6
238_2,False,,1428.5549132948,6
238_3,False,,1428.5549132948,6
239_1,True,,1359.8938547486,6
239_2,False,,1359.8938547486,6
239_3,False,,1359.8938547486,6
239_4,False,,1359.8938547486,6
240_1,True,,1428.5549132948,6
240_2,False,,1428.5549132948,6
240_3,False,,1428.5549132948,6
241_1,True,,1359.8938547486,6
241_2,False,,1359.8938547486,6
241_3,False,,1359.8938547486,6
241_4,False,,1359.8938547486,6
242_1,True,,1428.5549132948,6
242_2,False,,1428.5549132948,6
242_3,False,,1428.5549132948,6
243_1,True,,1359.8938547486,6
243_2,False,,1359.8938547486,6
243_3,False,,1359.8938547486,6
243_4,False,,1359.8938547486,6
244_1,True,,1359.8938547486,6
244_2,False,,1359.8938547486,6
244_3,False,,1359.8938547486,6
244_4,False,,1359.8938547486,6
245_1,True,,1359.8938547486,6
245_2,False,,1359.8938547486,6
245_3,False,,1359.8938547486,6
245_4,False,,1359.8938547486,6
245_5,False,,1359.8938547486,6
246_1,True,,1428.5549132948,6
246_2,False,,1428.5549132948,6
246_3,False,,1428.5549132948,6
246_4,False,,1428.5549132948,6
247_1,True,,1359.8938547486,6
247_2,False,,1359.8938547486,6
247_3,False,,1359.8938547486,6
247_4,False,,1359.8938547486,6
248_1,True,,1428.5549132948,6
248_2,False,,1428.5549132948,6
248_3,False,,1428.5549132948,6
248_4,False,,1428.5549132948,6
249_1,True,,1359.8938547486,6
249_2,False,,1359.8938547486,6
249_3,False,,1359.8938547486,6
249_4,False,,1359.8938547486,6
250_1,True,,1428.5549132948,6
250_2,False,,1428.5549132948,6
250_3,False,,1428.5549132948,6
250_4,False,,1428.5549132948,6
251_1,True,,1359.8938547486,6
251_2,False,,1359.8938547486,6
251_3,False,,1359.8938547486,6
251_4,False,,1359.8938547486,6
251_5,False,,1359.8938547486,6
252_1,True,,1428.5549132948,6
252_2,False,,1428.5549132948,6
252_3,False,,1428.5549132948,6
253_1,True,,1359.8938547486,6
253_2,False,,1359.8938547486,6
253_3,False,,1359.8938547486,6
253_4,False,,1359.8938547486,6
254_1,True,,1428.5549132948,6
254_2,False,,1428.5549132948,6
254_3,False,,1428.5549132948,6
254_4,False,,1428.5549132948,6
255_1,True,,1359.8938547486,6
255_2,False,,1359.8938547486,6
256_1,True,,1428.5549132948,6
256_2,False,,1428.5549132948,6
257_1,True,,1359.8938547486,6
258_1,True,,1428.5549132948,6
258_2,False,,1428.5549132948,6
259_1,True,,1359.8938547486,6
260_1,True,,1428.5549132948,6
260_2,False,,1428.5549132948,6
260_3,False,,1428.5549132948,6
261_1,True,,1428.5549132948,6
261_2,False,,1428.5549132948,6
261_3,False,,1428.5549132948,6
262_1,True,,1428.5549132948,6
262_2,False,,1428.5549132948,6
263_1,True,,1359.8938547486,6
263_2,False,,1359.8938547486,6
263_3,False,,1359.8938547486,6
264_1,True,,1428.5549132948,6
264_2,False,,1428.5549132948,6
264_3,False,,1428.5549132948,6
264_4,False,,1428.5549132948,6
264_5,False,,1428.5549132948,6
264_6,False,,1428.5549132948,6
264_7,False,,1428.5549132948,6
264_8,False,,1428.5549132948,6
265_1,True,,1359.8938547486,6
265_2,False,,1359.8938547486,6
266_1,True,,1428.5549132948,6
266_2,False,,1428.5549132948,6
267_1,True,,1359.8938547486,6
267_2,False,,1359.8938547486,6
267_3,False,,1359.8938547486,6
267_4,False,,1359.8938547486,6
268_1,True,,1428.5549132948,6
268_2,False,,1428.5549132948,6
268_3,False,,1428.5549132948,6
268_4,False,,1428.5549132948,6
269_1,True,,1359.8938547486,6
269_2,False,,1359.8938547486,6
270_1,True,,1428.5549132948,6
270_2,False,,1428.5549132948,6
270_3,False,,1428.5549132948,6
271_1,True,,1359.8938547486,6
271_2,False,,1359.8938547486,6
272_1,True,,1428.5549132948,6
272_2,False,,1428.5549132948,6
272_3,False,,1428.5549132948,6
273_1,True,,1359.8938547486,6
273_2,False,,1359.8938547486,6
273_3,False,,1359.8938547486,6
273_4,False,,1359.8938547486,6
274_1,True,,1428.5549132948,6
274_2,False,,1428.5549132948,6
275_1,True,,1359.8938547486,6
275_2,False,,1359.8938547486,6
276_1,True,,1428.5549132948,6
276_2,False,,1428.5549132948,6
276_3,False,,1428.5549132948,6
276_4,False,,1428.5549132948,6
277_1,True,,1359.8938547486,6
277_2,False,,1359.8938547486,6
277_3,False,,1359.8938547486,6
277_4,False,,1359.8938547486,6
277_5,False,,1359.8938547486,6
278_1,True,,1428.5549132948,6
278_2,False,,1428.5549132948,6
278_3,False,,1428.5549132948,6
278_4,False,,1428.5549132948,6
279_1,True,,1359.8938547486,6
279_2,False,,1359.8938547486,6
279_3,False,,1359.8938547486,6
279_4,False,,1359.8938547486,6
280_1,True,,1428.5549132948,6
280_2,False,,1428.5549132948,6
280_3,False,,1428.5549132948,6
280_4,False,,1428.5549132948,6
281_1,True,,1359.8938547486,6
281_2,False,,1359.8938547486,6
281_3,False,,1359.8938547486,6
281_4,False,,1359.8938547486,6
282_1,True,,1428.5549132948,6
282_2,False,,1428.5549132948,6
283_1,True,,1359.8938547486,6
283_2,False,,1359.8938547486,6
283_3,False,,1359.8938547486,6
283_4,False,,1359.8938547486,6
284_1,True,,1428.5549132948,6
284_2,False,,1428.5549132948,6
284_3,False,,1428.5549132948,6
285_1,True,,1359.8938547486,6
285_2,False,,1359.8938547486,6
286_1,True,,1428.5549132948,6
286_2,False,,1428.5549132948,6
286_3,False,,1428.5549132948,6
287_1,True,,1359.8938547486,6
287_2,False,,1359.8938547486,6
287_3,False,,1359.8938547486,6
288_1,True,,1428.5549132948,6
288_2,False,,1428.5549132948,6
289_1,True,,1359.8938547486,6
289_2,False,,1359.8938547486,6
289_3,False,,1359.8938547486,6
289_4,False,,1359.8938547486,6
290_1,True,,1428.5549132948,6
290_2,False,,1428.5549132948,6
290_3,False,,1428.5549132948,6
290_4,False,,1428.5549132948,6
291_1,True,,1359.8938547486,6
291_2,False,,1359.8938547486,6
291_3,False,,1359.8938547486,6
292_1,True,,1428.5549132948,6
292_2,False,,1428.5549132948,6
293_1,True,,1359.8938547486,6
293_2,False,,1359.8938547486,6
293_3,False,,1359.8938547486,6
294_1,True,,1428.5549132948,6
294_2,False,,1428.5549132948,6
294_3,False,,1428.5549132948,6
295_1,True,,1359.8938547486,6
295_2,False,,1359.8938547486,6
295_3,False,,1359.8938547486,6
296_1,True,,1428.5549132948,6
296_2,False,,1428.5549132948,6
296_3,False,,1428.5549132948,6
296_4,False,,1428.5549132948,6
297_1,True,,1359.8938547486,6
297_2,False,,1359.8938547486,6
297_3,False,,1359.8938547486,6
297_4,False,,1359.8938547486,6
298_1,True,,1428.5549132948,6
298_2,False,,1428.5549132948,6
298_3,False,,1428.5549132948,6
298_4,False,,1428.5549132948,6
299_1,True,,1359.8938547486,6
299_2,False,,1359.8938547486,6
299_3,False,,1359.8938547486,6
300_1,True,,1428.5549132948,6
300_2,False,,1428.5549132948,6
300_3,False,,1428.5549132948,6
300_4,False,,1428.5549132948,6
301_1,True,,1359.8938547486,6
301_2,False,,1359.8938547486,6
301_3,False,,1359.8938547486,6
301_4,False,,1359.8938547486,6
302_1,True,,1428.5549132948,6
302_2,False,,1428.5549132948,6
302_3,False,,1428.5549132948,6
302_4,False,,1428.5549132948,6
303_1,True,,1359.8938547486,6
303_2,False,,1359.8938547486,6
304_1,True,,1428.5549132948,6
304_2,False,,1428.5549132948,6
304_3,False,,1428.5549132948,6
304_4,False,,1428.5549132948,6
305_1,True,,1359.8938547486,6
305_2,False,,1359.8938547486,6
306_1,True,,1428.5549132948,6
306_2,False,,1428.5549132948,6
306_3,False,,1428.5549132948,6
307_1,True,,1359.8938547486,6
307_2,False,,1359.8938547486,6
307_3,False,,1359.8938547486,6
307_4,False,,1359.8938547486,6
307_5,False,,1359.8938547486,6
308_1,True,,1428.5549132948,6
308_2,False,,1428.5549132948,6
308_3,False,,1428.5549132948,6
309_1,True,,1359.8938547486,6
309_2,False,,1359.8938547486,6
309_3,False,,1359.8938547486,6
309_4,False,,1359.8938547486,6
310_1,True,,1428.5549132948,6
310_2,False,,1428.5549132948,6
311_1,True,,1359.8938547486,6
311_2,False,,1359.8938547486,6
311_3,False,,1359.8938547486,6
312_1,True,,1428.5549132948,6
312_2,False,,1428.5549132948,6
313_1,True,,1359.8938547486,6
313_2,False,,1359.8938547486,6
313_3,False,,1359.8938547486,6
313_4,False,,1359.8938547486,6
314_1,True,,1428.5549132948,6
314_2,False,,1428.5549132948,6
315_1,True,,1359.8938547486,6
315_2,False,,1359.8938547486,6
315_3,False,,1359.8938547486,6
315_4,False,,1359.8938547486,6
315_5,False,,1359.8938547486,6
316_1,True,,1428.5549132948,6
316_2,False,,1428.5549132948,6
316_3,False,,1428.5549132948,6
316_4,False,,1428.5549132948,6
317_1,True,,1359.8938547486,6
317_2,False,,1359.8938547486,6
317_3,False,,1359.8938547486,6
318_1,True,,1428.5549132948,6
318_2,False,,1428.5549132948,6
318_3,False,,1428.5549132948,6
319_1,True,,1359.8938547486,6
319_2,False,,1359.8938547486,6
319_3,False,,1359.8938547486,6
319_4,False,,1359.8938547486,6
319_5,False,,1359.8938547486,6
319_6,False,,1359.8938547486,6
320_1,True,,1428.5549132948,6
320_2,False,,1428.5549132948,6
320_3,False,,1428.5549132948,6
320_4,False,,1428.5549132948,6
321_1,True,,1359.8938547486,6
321_2,False,,1359.8938547486,6
321_3,False,,1359.8938547486,6
321_4,False,,1359.8938547486,6
321_5,False,,1359.8938547486,6
322_1,True,,1428.5549132948,6
323_1,True,,1359.8938547486,6
323_2,False,,1359.8938547486,6
324_1,True,,1428.5549132948,6
324_2,False,,1428.5549132948,6
324_3,False,,1428.5549132948,6
325_1,True,,1359.8938547486,6
325_2,False,,1359.8938547486,6
325_3,False,,1359.8938547486,6
325_4,False,,1359.8938547486,6
326_1,True,,1428.5549132948,6
326_2,False,,1428.5549132948,6
326_3,False,,1428.5549132948,6
327_1,True,,1359.8938547486,6
327_2,False,,1359.8938547486,6
327_3,False,,1359.8938547486,6
327_4,False,,1359.8938547486,6
328_1,True,,1428.5549132948,6
329_1,True,,1359.8938547486,6
330_1,True,,1428.5549132948,6
330_2,False,,1428.5549132948,6
330_3,False,,1428.5549132948,6
330_4,False,,1428.5549132948,6
331_1,True,,1359.8938547486,6
331_2,False,,1359.8938547486,6
331_3,False,,1359.8938547486,6
332_1,True,,1428.5549132948,6
332_2,False,,1428.5549132948,6
333_1,True,,1359.8938547486,6
333_2,False,,1359.8938547486,6
334_1,True,,1428.5549132948,6
334_2,False,,1428.5549132948,6
334_3,False,,1428.5549132948,6
334_4,False,,1428.5549132948,6
334_5,False,,1428.5549132948,6
335_1,True,,1359.8938547486,6
335_2,False,,1359.8938547486,6
335_3,False,,1359.8938547486,6
336_1,True,,1428.5549132948,6
336_2,False,,1428.5549132948,6
336_3,False,,1428.5549132948,6
336_4,False,,1428.5549132948,6
337_1,True,,1359.8938547486,6
337_2,False,,1359.8938547486,6
337_3,False,,1359.8938547486,6
338_1,True,,1428.5549132948,6
338_2,False,,1428.5549132948,6
338_3,False,,1428.5549132948,6
339_1,True,,1359.8938547486,6
339_2,False,,1359.8938547486,6
339_3,False,,1359.8938547486,6
339_4,False,,1359.8938547486,6
340_1,True,,1428.5549132948,6
340_2,False,,1428.5549132948,6
340_3,False,,1428.5549132948,6
340_4,False,,1428.5549132948,6
341_1,True,,1359.8938547486,6
341_2,False,,1359.8938547486,6
341_3,False,,1359.8938547486,6
341_4,False,,1359.8938547486,6
342_1,True,,1428.5549132948,6
342_2,False,,1428.5549132948,6
342_3,False,,1428.5549132948,6
342_4,False,,1428.5549132948,6
343_1,True,,1359.8938547486,6
343_2,False,,1359.8938547486,6
343_3,False,,1359.8938547486,6
343_4,False,,1359.8938547486,6
344_1,True,,1428.5549132948,6
344_2,False,,1428.5549132948,6
344_3,False,,1428.5549132948,6
345_1,True,,1359.8938547486,6
345_2,False,,1359.8938547486,6
345_3,False,,1359.8938547486,6
346_1,True,,1428.5549132948,6
346_2,False,,1428.5549132948,6
346_3,False,,1428.5549132948,6
347_1,True,,1359.8938547486,6
347_2,False,,1359.8938547486,6
348_1,True,,1428.5549132948,6
348_2,False,,1428.5549132948,6
349_1,True,,1359.8938547486,6
349_2,False,,1359.8938547486,6
349_3,False,,1359.8938547486,6
349_4,False,,1359.8938547486,6
350_1,True,,1428.5549132948,6
350_2,False,,1428.5549132948,6
350_3,False,,1428.5549132948,6
351_1,True,,1359.8938547486,6
351_2,False,,1359.8938547486,6
351_3,False,,1359.8938547486,6
351_4,False,,1359.8938547486,6
352_1,True,,1428.5549132948,6
352_2,False,,1428.5549132948,6
352_3,False,,1428.5549132948,6
352_4,False,,1428.5549132948,6
353_1,True,,250.483146067416,9
353_2,False,,250.483146067416,9
354_1,True,,266.617142857143,9
354_2,False,,266.617142857143,9
355_1,True,,250.483146067416,9
355_2,False,,250.483146067416,9
355_3,False,,250.483146067416,9
355_4,False,,250.483146067416,9
356_1,True,,266.617142857143,9
356_2,False,,266.617142857143,9
356_3,False,,266.617142857143,9
356_4,False,,266.617142857143,9
357_1,True,,250.483146067416,9
357_2,False,,250.483146067416,9
357_3,False,,250.483146067416,9
358_1,True,,266.617142857143,9
358_2,False,,266.617142857143,9
358_3,False,,266.617142857143,9
358_4,False,,266.617142857143,9
358_5,False,,266.617142857143,9
359_1,True,,250.483146067416,9
359_2,False,,250.483146067416,9
359_3,False,,250.483146067416,9
360_1,True,,266.617142857143,9
360_2,False,,266.617142857143,9
360_3,False,,266.617142857143,9
360_4,False,,266.617142857143,9
361_1,True,,250.483146067416,9
361_2,False,,250.483146067416,9
361_3,False,,250.483146067416,9
362_1,True,,266.617142857143,9
362_2,False,,266.617142857143,9
362_3,False,,266.617142857143,9
363_1,True,,250.483146067416,9
363_2,False,,250.483146067416,9
363_3,False,,250.483146067416,9
363_4,False,,250.483146067416,9
364_1,True,,266.617142857143,9
364_2,False,,266.617142857143,9
364_3,False,,266.617142857143,9
364_4,False,,266.617142857143,9
364_5,False,,266.617142857143,9
365_1,True,,250.483146067416,9
365_2,False,,250.483146067416,9
365_3,False,,250.483146067416,9
365_4,False,,250.483146067416,9
365_5,False,,250.483146067416,9
366_1,True,,266.617142857143,9
366_2,False,,266.617142857143,9
366_3,False,,266.617142857143,9
367_1,True,,250.483146067416,9
367_2,False,,250.483146067416,9
367_3,False,,250.483146067416,9
368_1,True,,266.617142857143,9
368_2,False,,266.617142857143,9
369_1,True,,250.483146067416,9
369_2,False,,250.483146067416,9
369_3,False,,250.483146067416,9
369_4,False,,250.483146067416,9
370_1,True,,266.617142857143,9
370_2,False,,266.617142857143,9
370_3,False,,266.617142857143,9
370_4,False,,266.617142857143,9
370_5,False,,266.617142857143,9
371_1,True,,250.483146067416,9
371_2,False,,250.483146067416,9
372_1,True,,266.617142857143,9
372_2,False,,266.617142857143,9
372_3,False,,266.617142857143,9
372_4,False,,266.617142857143,9
373_1,True,,250.483146067416,9
373_2,False,,250.483146067416,9
374_1,True,,266.617142857143,9
374_2,False,,266.617142857143,9
374_3,False,,266.617142857143,9
375_1,True,,250.483146067416,9
375_2,False,,250.483146067416,9
375_3,False,,250.483146067416,9
375_4,False,,250.483146067416,9
376_1,True,,266.617142857143,9
376_2,False,,266.617142857143,9
377_1,True,,250.483146067416,9
377_2,False,,250.483146067416,9
377_3,False,,250.483146067416,9
378_1,True,,266.617142857143,9
378_2,False,,266.617142857143,9
378_3,False,,266.617142857143,9
378_4,False,,266.617142857143,9
379_1,True,,250.483146067416,9
379_2,False,,250.483146067416,9
379_3,False,,250.483146067416,9
380_1,True,,266.617142857143,9
380_2,False,,266.617142857143,9
381_1,True,,250.483146067416,9
381_2,False,,250.483146067416,9
381_3,False,,250.483146067416,9
381_4,False,,250.483146067416,9
382_1,True,,266.617142857143,9
382_2,False,,266.617142857143,9
382_3,False,,266.617142857143,9
383_1,True,,250.483146067416,9
383_2,False,,250.483146067416,9
383_3,False,,250.483146067416,9
384_1,True,,266.617142857143,9
384_2,False,,266.617142857143,9
385_1,True,,250.483146067416,9
385_2,False,,250.483146067416,9
386_1,True,,266.617142857143,9
386_2,False,,266.617142857143,9
386_3,False,,266.617142857143,9
386_4,False,,266.617142857143,9
387_1,True,,250.483146067416,9
387_2,False,,250.483146067416,9
387_3,False,,250.483146067416,9
388_1,True,,266.617142857143,9
388_2,False,,266.617142857143,9
388_3,False,,266.617142857143,9
389_1,True,,250.483146067416,9
389_2,False,,250.483146067416,9
390_1,True,,266.617142857143,9
390_2,False,,266.617142857143,9
390_3,False,,266.617142857143,9
390_4,False,,266.617142857143,9
390_5,False,,266.617142857143,9
391_1,True,,250.483146067416,9
391_2,False,,250.483146067416,9
391_3,False,,250.483146067416,9
391_4,False,,250.483146067416,9
392_1,True,,266.617142857143,9
392_2,False,,266.617142857143,9
392_3,False,,266.617142857143,9
392_4,False,,266.617142857143,9
393_1,True,,250.483146067416,9
393_2,False,,250.483146067416,9
393_3,False,,250.483146067416,9
393_4,False,,250.483146067416,9
393_5,False,,250.483146067416,9
394_1,True,,266.617142857143,9
395_1,True,,250.483146067416,9
395_2,False,,250.483146067416,9
395_3,False,,250.483146067416,9
395_4,False,,250.483146067416,9
395_5,False,,250.483146067416,9
395_6,False,,250.483146067416,9
396_1,True,,266.617142857143,9
396_2,False,,266.617142857143,9
397_1,True,,250.483146067416,9
397_2,False,,250.483146067416,9
397_3,False,,250.483146067416,9
398_1,True,,266.617142857143,9
398_2,False,,266.617142857143,9
399_1,True,,250.483146067416,9
399_2,False,,250.483146067416,9
399_3,False,,250.483146067416,9
400_1,True,,266.617142857143,9
400_2,False,,266.617142857143,9
400_3,False,,266.617142857143,9
400_4,False,,266.617142857143,9
401_1,True,,250.483146067416,9
401_2,False,,250.483146067416,9
402_1,True,,266.617142857143,9
402_2,False,,266.617142857143,9
402_3,False,,266.617142857143,9
403_1,True,,250.483146067416,9
403_2,False,,250.483146067416,9
403_3,False,,250.483146067416,9
404_1,True,,266.617142857143,9
404_2,False,,266.617142857143,9
404_3,False,,266.617142857143,9
405_1,True,,250.483146067416,9
405_2,False,,250.483146067416,9
405_3,False,,250.483146067416,9
405_4,False,,250.483146067416,9
406_1,True,,266.617142857143,9
406_2,False,,266.617142857143,9
406_3,False,,266.617142857143,9
406_4,False,,266.617142857143,9
407_1,True,,250.483146067416,9
407_2,False,,250.483146067416,9
407_3,False,,250.483146067416,9
407_4,False,,250.483146067416,9
408_1,True,,266.617142857143,9
408_2,False,,266.617142857143,9
408_3,False,,266.617142857143,9
408_4,False,,266.617142857143,9
409_1,True,,250.483146067416,9
409_2,False,,250.483146067416,9
409_3,False,,250.483146067416,9
409_4,False,,250.483146067416,9
410_1,True,,266.617142857143,9
410_2,False,,266.617142857143,9
411_1,True,,250.483146067416,9
411_2,False,,250.483146067416,9
411_3,False,,250.483146067416,9
411_4,False,,250.483146067416,9
412_1,True,,266.617142857143,9
412_2,False,,266.617142857143,9
412_3,False,,266.617142857143,9
412_4,False,,266.617142857143,9
412_5,False,,266.617142857143,9
413_1,True,,250.483146067416,9
413_2,False,,250.483146067416,9
413_3,False,,250.483146067416,9
413_4,False,,250.483146067416,9
414_1,True,,266.617142857143,9
414_2,False,,266.617142857143,9
414_3,False,,266.617142857143,9
415_1,True,,250.483146067416,9
415_2,False,,250.483146067416,9
415_3,False,,250.483146067416,9
415_4,False,,250.483146067416,9
416_1,True,,266.617142857143,9
416_2,False,,266.617142857143,9
416_3,False,,266.617142857143,9
416_4,False,,266.617142857143,9
417_1,True,,250.483146067416,9
417_2,False,,250.483146067416,9
418_1,True,,266.617142857143,9
418_2,False,,266.617142857143,9
418_3,False,,266.617142857143,9
419_1,True,,250.483146067416,9
419_2,False,,250.483146067416,9
419_3,False,,250.483146067416,9
420_1,True,,250.483146067416,9
420_2,False,,250.483146067416,9
420_3,False,,250.483146067416,9
421_1,True,,250.483146067416,9
421_2,False,,250.483146067416,9
422_1,True,,266.617142857143,9
423_1,True,,250.483146067416,9
423_2,False,,250.483146067416,9
423_3,False,,250.483146067416,9
424_1,True,,266.617142857143,9
424_2,False,,266.617142857143,9
424_3,False,,266.617142857143,9
424_4,False,,266.617142857143,9
425_1,True,,250.483146067416,9
425_2,False,,250.483146067416,9
425_3,False,,250.483146067416,9
426_1,True,,266.617142857143,9
426_2,False,,266.617142857143,9
426_3,False,,266.617142857143,9
426_4,False,,266.617142857143,9
427_1,True,,250.483146067416,9
427_2,False,,250.483146067416,9
427_3,False,,250.483146067416,9
428_1,True,,266.617142857143,9
428_2,False,,266.617142857143,9
428_3,False,,266.617142857143,9
428_4,False,,266.617142857143,9
429_1,True,,250.483146067416,9
429_2,False,,250.483146067416,9
429_3,False,,250.483146067416,9
430_1,True,,266.617142857143,9
430_2,False,,266.617142857143,9
430_3,False,,266.617142857143,9
431_1,True,,250.483146067416,9
432_1,True,,266.617142857143,9
432_2,False,,266.617142857143,9
433_1,True,,250.483146067416,9
434_1,True,,266.617142857143,9
434_2,False,,266.617142857143,9
434_3,False,,266.617142857143,9
435_1,True,,250.483146067416,9
435_2,False,,250.483146067416,9
436_1,True,,266.617142857143,9
436_2,False,,266.617142857143,9
437_1,True,,250.483146067416,9
437_2,False,,250.483146067416,9
437_3,False,,250.483146067416,9
438_1,True,,266.617142857143,9
438_2,False,,266.617142857143,9
438_3,False,,266.617142857143,9
439_1,True,,250.483146067416,9
439_2,False,,250.483146067416,9
439_3,False,,250.483146067416,9
440_1,True,,266.617142857143,9
440_2,False,,266.617142857143,9
440_3,False,,266.617142857143,9
441_1,True,,250.483146067416,9
441_2,False,,250.483146067416,9
441_3,False,,250.483146067416,9
441_4,False,,250.483146067416,9
442_1,True,,266.617142857143,9
442_2,False,,266.617142857143,9
443_1,True,,250.483146067416,9
443_2,False,,250.483146067416,9
443_3,False,,250.483146067416,9
443_4,False,,250.483146067416,9
444_1,True,,266.617142857143,9
445_1,True,,250.483146067416,9
446_1,True,,266.617142857143,9
446_2,False,,266.617142857143,9
446_3,False,,266.617142857143,9
447_1,True,,250.483146067416,9
447_2,False,,250.483146067416,9
447_3,False,,250.483146067416,9
448_1,True,,266.617142857143,9
448_2,False,,266.617142857143,9
448_3,False,,266.617142857143,9
449_1,True,,250.483146067416,9
449_2,False,,250.483146067416,9
449_3,False,,250.483146067416,9
449_4,False,,250.483146067416,9
450_1,True,,266.617142857143,9
450_2,False,,266.617142857143,9
450_3,False,,266.617142857143,9
451_1,True,,250.483146067416,9
451_2,False,,250.483146067416,9
452_1,True,,266.617142857143,9
452_2,False,,266.617142857143,9
453_1,True,,250.483146067416,9
453_2,False,,250.483146067416,9
453_3,False,,250.483146067416,9
453_4,False,,250.483146067416,9
454_1,True,,266.617142857143,9
454_2,False,,266.617142857143,9
455_1,True,,250.483146067416,9
455_2,False,,250.483146067416,9
455_3,False,,250.483146067416,9
455_4,False,,250.483146067416,9
456_1,True,,266.617142857143,9
456_2,False,,266.617142857143,9
456_3,False,,266.617142857143,9
457_1,True,,250.483146067416,9
457_2,False,,250.483146067416,9
457_3,False,,250.483146067416,9
457_4,False,,250.483146067416,9
458_1,True,,266.617142857143,9
458_2,False,,266.617142857143,9
458_3,False,,266.617142857143,9
459_1,True,,250.483146067416,9
459_2,False,,250.483146067416,9
460_1,True,,266.617142857143,9
460_2,False,,266.617142857143,9
461_1,True,,250.483146067416,9
461_2,False,,250.483146067416,9
461_3,False,,250.483146067416,9
462_1,True,,266.617142857143,9
462_2,False,,266.617142857143,9
463_1,True,,250.483146067416,9
463_2,False,,250.483146067416,9
463_3,False,,250.483146067416,9
464_1,True,,266.617142857143,9
464_2,False,,266.617142857143,9
465_1,True,,250.483146067416,9
465_2,False,,250.483146067416,9
465_3,False,,250.483146067416,9
465_4,False,,250.483146067416,9
465_5,False,,250.483146067416,9
465_6,False,,250.483146067416,9
466_1,True,,266.617142857143,9
466_2,False,,266.617142857143,9
466_3,False,,266.617142857143,9
466_4,False,,266.617142857143,9
466_5,False,,266.617142857143,9
466_6,False,,266.617142857143,9
466_7,False,,266.617142857143,9
467_1,True,,250.483146067416,9
467_2,False,,250.483146067416,9
467_3,False,,250.483146067416,9
468_1,True,,266.617142857143,9
468_2,False,,266.617142857143,9
468_3,False,,266.617142857143,9
469_1,True,,250.483146067416,9
469_2,False,,250.483146067416,9
469_3,False,,250.483146067416,9
469_4,False,,250.483146067416,9
470_1,True,,266.617142857143,9
470_2,False,,266.617142857143,9
470_3,False,,266.617142857143,9
470_4,False,,266.617142857143,9
471_1,True,,250.483146067416,9
471_2,False,,250.483146067416,9
471_3,False,,250.483146067416,9
471_4,False,,250.483146067416,9
472_1,True,,266.617142857143,9
472_2,False,,266.617142857143,9
473_1,True,,250.483146067416,9
473_2,False,,250.483146067416,9
473_3,False,,250.483146067416,9
473_4,False,,250.483146067416,9
474_1,True,,266.617142857143,9
474_2,False,,266.617142857143,9
474_3,False,,266.617142857143,9
474_4,False,,266.617142857143,9
475_1,True,,250.483146067416,9
475_2,False,,250.483146067416,9
475_3,False,,250.483146067416,9
476_1,True,,266.617142857143,9
476_2,False,,266.617142857143,9
476_3,False,,266.617142857143,9
476_4,False,,266.617142857143,9
477_1,True,,250.483146067416,9
477_2,False,,250.483146067416,9
477_3,False,,250.483146067416,9
478_1,True,,266.617142857143,9
478_2,False,,266.617142857143,9
478_3,False,,266.617142857143,9
478_4,False,,266.617142857143,9
479_1,True,,250.483146067416,9
479_2,False,,250.483146067416,9
479_3,False,,250.483146067416,9
480_1,True,,266.617142857143,9
481_1,True,,250.483146067416,9
481_2,False,,250.483146067416,9
481_3,False,,250.483146067416,9
481_4,False,,250.483146067416,9
482_1,True,,266.617142857143,9
483_1,True,,250.483146067416,9
483_2,False,,250.483146067416,9
483_3,False,,250.483146067416,9
484_1,True,,266.617142857143,9
484_2,False,,266.617142857143,9
485_1,True,,250.483146067416,9
485_2,False,,250.483146067416,9
486_1,True,,266.617142857143,9
487_1,True,,250.483146067416,9
487_2,False,,250.483146067416,9
487_3,False,,250.483146067416,9
487_4,False,,250.483146067416,9
487_5,False,,250.483146067416,9
488_1,True,,266.617142857143,9
488_2,False,,266.617142857143,9
488_3,False,,266.617142857143,9
489_1,True,,250.483146067416,9
489_2,False,,250.483146067416,9
489_3,False,,250.483146067416,9
489_4,False,,250.483146067416,9
490_1,True,,266.617142857143,9
490_2,False,,266.617142857143,9
490_3,False,,266.617142857143,9
491_1,True,,250.483146067416,9
491_2,False,,250.483146067416,9
492_1,True,,266.617142857143,9
493_1,True,,250.483146067416,9
493_2,False,,250.483146067416,9
493_3,False,,250.483146067416,9
494_1,True,,266.617142857143,9
495_1,True,,250.483146067416,9
495_2,False,,250.483146067416,9
496_1,True,,266.617142857143,9
496_2,False,,266.617142857143,9
496_3,False,,266.617142857143,9
497_1,True,,250.483146067416,9
497_2,False,,250.483146067416,9
498_1,True,,266.617142857143,9
498_2,False,,266.617142857143,9
498_3,False,,266.617142857143,9
499_1,True,,250.483146067416,9
499_2,False,,250.483146067416,9
499_3,False,,250.483146067416,9
499_4,False,,250.483146067416,9
500_1,True,,266.617142857143,9
501_1,True,,250.483146067416,9
501_2,False,,250.483146067416,9
501_3,False,,250.483146067416,9
501_4,False,,250.483146067416,9
501_5,False,,250.483146067416,9
502_1,True,,266.617142857143,9
502_2,False,,266.617142857143,9
502_3,False,,266.617142857143,9
503_1,True,,250.483146067416,9
503_2,False,,250.483146067416,9
503_3,False,,250.483146067416,9
504_1,True,,266.617142857143,9
505_1,True,,250.483146067416,9
505_2,False,,250.483146067416,9
505_3,False,,250.483146067416,9
506_1,True,,266.617142857143,9
506_2,False,,266.617142857143,9
506_3,False,,266.617142857143,9
506_4,False,,266.617142857143,9
507_1,True,,250.483146067416,9
507_2,False,,250.483146067416,9
507_3,False,,250.483146067416,9
507_4,False,,250.483146067416,9
508_1,True,,266.617142857143,9
508_2,False,,266.617142857143,9
509_1,True,,250.483146067416,9
509_2,False,,250.483146067416,9
509_3,False,,250.483146067416,9
510_1,True,,266.617142857143,9
511_1,True,,250.483146067416,9
511_2,False,,250.483146067416,9
512_1,True,,266.617142857143,9
513_1,True,,250.483146067416,9
514_1,True,,266.617142857143,9
514_2,False,,266.617142857143,9
514_3,False,,266.617142857143,9
514_4,False,,266.617142857143,9
515_1,True,,250.483146067416,9
515_2,False,,250.483146067416,9
515_3,False,,250.483146067416,9
516_1,True,,266.617142857143,9
516_2,False,,266.617142857143,9
516_3,False,,266.617142857143,9
517_1,True,,250.483146067416,9
517_2,False,,250.483146067416,9
517_3,False,,250.483146067416,9
518_1,True,,266.617142857143,9
518_2,False,,266.617142857143,9
518_3,False,,266.617142857143,9
519_1,True,,250.483146067416,9
519_2,False,,250.483146067416,9
519_3,False,,250.483146067416,9
519_4,False,,250.483146067416,9
519_5,False,,250.483146067416,9
520_1,True,,266.617142857143,9
520_2,False,,266.617142857143,9
520_3,False,,266.617142857143,9
520_4,False,,266.617142857143,9
521_1,True,,250.483146067416,9
521_2,False,,250.483146067416,9
521_3,False,,250.483146067416,9
522_1,True,,266.617142857143,9
522_2,False,,266.617142857143,9
522_3,False,,266.617142857143,9
522_4,False,,266.617142857143,9
522_5,False,,266.617142857143,9
523_1,True,,250.483146067416,9
523_2,False,,250.483146067416,9
523_3,False,,250.483146067416,9
523_4,False,,250.483146067416,9
523_5,False,,250.483146067416,9
523_6,False,,250.483146067416,9
523_7,False,,250.483146067416,9
524_1,True,,266.617142857143,9
524_2,False,,266.617142857143,9
525_1,True,,250.483146067416,9
525_2,False,,250.483146067416,9
525_3,False,,250.483146067416,9
525_4,False,,250.483146067416,9
526_1,True,,266.617142857143,9
526_2,False,,266.617142857143,9
527_1,True,,250.483146067416,9
527_2,False,,250.483146067416,9
528_1,True,,266.617142857143,9
528_2,False,,266.617142857143,9
528_3,False,,266.617142857143,9
529_1,True,,250.483146067416,9
529_2,False,,250.483146067416,9
529_3,False,,250.483146067416,9
530_1,True,,266.617142857143,9
530_2,False,,266.617142857143,9
530_3,False,,266.617142857143,9
530_4,False,,266.617142857143,9
531_1,True,,250.483146067416,9
531_2,False,,250.483146067416,9
532_1,True,,266.617142857143,9
532_2,False,,266.617142857143,9
533_1,True,,250.483146067416,9
533_2,False,,250.483146067416,9
533_3,False,,250.483146067416,9
533_4,False,,250.483146067416,9
533_5,False,,250.483146067416,9
534_1,True,,266.617142857143,9
534_2,False,,266.617142857143,9
534_3,False,,266.617142857143,9
534_4,False,,266.617142857143,9
534_5,False,,266.617142857143,9
535_1,True,,250.483146067416,9
535_2,False,,250.483146067416,9
535_3,False,,250.483146067416,9
535_4,False,,250.483146067416,9
535_5,False,,250.483146067416,9
536_1,True,,266.617142857143,9
536_2,False,,266.617142857143,9
536_3,False,,266.617142857143,9
537_1,True,,250.483146067416,9
537_2,False,,250.483146067416,9
537_3,False,,250.483146067416,9
537_4,False,,250.483146067416,9
537_5,False,,250.483146067416,9
538_1,True,,266.617142857143,9
539_1,True,,250.483146067416,9
539_2,False,,250.483146067416,9
540_1,True,,266.617142857143,9
541_1,True,,250.483146067416,9
541_2,False,,250.483146067416,9
541_3,False,,250.483146067416,9
541_4,False,,250.483146067416,9
541_5,False,,250.483146067416,9
542_1,True,,266.617142857143,9
542_2,False,,266.617142857143,9
543_1,True,,250.483146067416,9
543_2,False,,250.483146067416,9
543_3,False,,250.483146067416,9
543_4,False,,250.483146067416,9
543_5,False,,250.483146067416,9
544_1,True,,266.617142857143,9
544_2,False,,266.617142857143,9
544_3,False,,266.617142857143,9
545_1,True,,250.483146067416,9
545_2,False,,250.483146067416,9
545_3,False,,250.483146067416,9
545_4,False,,250.483146067416,9
545_5,False,,250.483146067416,9
546_1,True,,266.617142857143,9
547_1,True,,250.483146067416,9
547_2,False,,250.483146067416,9
547_3,False,,250.483146067416,9
547_4,False,,250.483146067416,9
548_1,True,,266.617142857143,9
549_1,True,,250.483146067416,9
549_2,False,,250.483146067416,9
549_3,False,,250.483146067416,9
549_4,False,,250.483146067416,9
549_5,False,,250.483146067416,9
550_1,True,,266.617142857143,9
551_1,True,,250.483146067416,9
551_2,False,,250.483146067416,9
551_3,False,,250.483146067416,9
552_1,True,,266.617142857143,9
552_2,False,,266.617142857143,9
553_1,True,,250.483146067416,9
553_2,False,,250.483146067416,9
554_1,True,,266.617142857143,9
554_2,False,,266.617142857143,9
554_3,False,,266.617142857143,9
555_1,True,,250.483146067416,9
555_2,False,,250.483146067416,9
555_3,False,,250.483146067416,9
556_1,True,,266.617142857143,9
556_2,False,,266.617142857143,9
557_1,True,,250.483146067416,9
557_2,False,,250.483146067416,9
557_3,False,,250.483146067416,9
558_1,True,,266.617142857143,9
558_2,False,,266.617142857143,9
558_3,False,,266.617142857143,9
558_4,False,,266.617142857143,9
559_1,True,,250.483146067416,9
559_2,False,,250.483146067416,9
560_1,True,,266.617142857143,9
560_2,False,,266.617142857143,9
561_1,True,,250.483146067416,9
561_2,False,,250.483146067416,9
561_3,False,,250.483146067416,9
561_4,False,,250.483146067416,9
561_5,False,,250.483146067416,9
561_6,False,,250.483146067416,9
562_1,True,,266.617142857143,9
562_2,False,,266.617142857143,9
562_3,False,,266.617142857143,9
562_4,False,,266.617142857143,9
562_5,False,,266.617142857143,9
562_6,False,,266.617142857143,9
563_1,True,,250.483146067416,9
563_2,False,,250.483146067416,9
563_3,False,,250.483146067416,9
564_1,True,,266.617142857143,9
564_2,False,,266.617142857143,9
564_3,False,,266.617142857143,9
565_1,True,,250.483146067416,9
565_2,False,,250.483146067416,9
566_1,True,,266.617142857143,9
566_2,False,,266.617142857143,9
566_3,False,,266.617142857143,9
566_4,False,,266.617142857143,9
567_1,True,,250.483146067416,9
567_2,False,,250.483146067416,9
567_3,False,,250.483146067416,9
567_4,False,,250.483146067416,9
568_1,True,,266.617142857143,9
569_1,True,,250.483146067416,9
569_2,False,,250.483146067416,9
569_3,False,,250.483146067416,9
569_4,False,,250.483146067416,9
570_1,True,,266.617142857143,9
571_1,True,,250.483146067416,9
571_2,False,,250.483146067416,9
571_3,False,,250.483146067416,9
572_1,True,,266.617142857143,9
572_2,False,,266.617142857143,9
572_3,False,,266.617142857143,9
573_1,True,,250.483146067416,9
573_2,False,,250.483146067416,9
573_3,False,,250.483146067416,9
573_4,False,,250.483146067416,9
574_1,True,,266.617142857143,9
574_2,False,,266.617142857143,9
574_3,False,,266.617142857143,9
574_4,False,,266.617142857143,9
575_1,True,,250.483146067416,9
575_2,False,,250.483146067416,9
575_3,False,,250.483146067416,9
575_4,False,,250.483146067416,9
575_5,False,,250.483146067416,9
576_1,True,,266.617142857143,9
576_2,False,,266.617142857143,9
576_3,False,,266.617142857143,9
577_1,True,,250.483146067416,9
577_2,False,,250.483146067416,9
577_3,False,,250.483146067416,9
577_4,False,,250.483146067416,9
578_1,True,,266.617142857143,9
578_2,False,,266.617142857143,9
579_1,True,,250.483146067416,9
579_2,False,,250.483146067416,9
579_3,False,,250.483146067416,9
579_4,False,,250.483146067416,9
580_1,True,,266.617142857143,9
580_2,False,,266.617142857143,9
581_1,True,,250.483146067416,9
581_2,False,,250.483146067416,9
581_3,False,,250.483146067416,9
581_4,False,,250.483146067416,9
582_1,True,,266.617142857143,9
582_2,False,,266.617142857143,9
582_3,False,,266.617142857143,9
583_1,True,,250.483146067416,9
583_2,False,,250.483146067416,9
584_1,True,,266.617142857143,9
584_2,False,,266.617142857143,9
585_1,True,,250.483146067416,9
585_2,False,,250.483146067416,9
585_3,False,,250.483146067416,9
585_4,False,,250.483146067416,9
585_5,False,,250.483146067416,9
585_6,False,,250.483146067416,9
585_7,False,,250.483146067416,9
586_1,True,,266.617142857143,9
586_2,False,,266.617142857143,9
587_1,True,,250.483146067416,9
587_2,False,,250.483146067416,9
587_3,False,,250.483146067416,9
587_4,False,,250.483146067416,9
588_1,True,,266.617142857143,9
589_1,True,,250.483146067416,9
589_2,False,,250.483146067416,9
589_3,False,,250.483146067416,9
590_1,True,,266.617142857143,9
590_2,False,,266.617142857143,9
590_3,False,,266.617142857143,9
591_1,True,,250.483146067416,9
591_2,False,,250.483146067416,9
591_3,False,,250.483146067416,9
592_1,True,,266.617142857143,9
592_2,False,,266.617142857143,9
592_3,False,,266.617142857143,9
593_1,True,,250.483146067416,9
593_2,False,,250.483146067416,9
593_3,False,,250.483146067416,9
594_1,True,,266.617142857143,9
594_2,False,,266.617142857143,9
594_3,False,,266.617142857143,9
594_4,False,,266.617142857143,9
595_1,True,,250.483146067416,9
595_2,False,,250.483146067416,9
595_3,False,,250.483146067416,9
595_4,False,,250.483146067416,9
596_1,True,,266.617142857143,9
597_1,True,,250.483146067416,9
597_2,False,,250.483146067416,9
597_3,False,,250.483146067416,9
598_1,True,,266.617142857143,9
599_1,True,,250.483146067416,9
599_2,False,,250.483146067416,9
600_1,True,,266.617142857143,9
600_2,False,,266.617142857143,9
600_3,False,,266.617142857143,9
601_1,True,,250.483146067416,9
601_2,False,,250.483146067416,9
602_1,True,,266.617142857143,9
602_2,False,,266.617142857143,9
602_3,False,,266.617142857143,9
602_4,False,,266.617142857143,9
603_1,True,,250.483146067416,9
603_2,False,,250.483146067416,9
604_1,True,,266.617142857143,9
604_2,False,,266.617142857143,9
605_1,True,,250.483146067416,9
605_2,False,,250.483146067416,9
605_3,False,,250.483146067416,9
605_4,False,,250.483146067416,9
606_1,True,,266.617142857143,9
607_1,True,,250.483146067416,9
607_2,False,,250.483146067416,9
607_3,False,,250.483146067416,9
608_1,True,,266.617142857143,9
608_2,False,,266.617142857143,9
609_1,True,,250.483146067416,9
609_2,False,,250.483146067416,9
609_3,False,,250.483146067416,9
609_4,False,,250.483146067416,9
609_5,False,,250.483146067416,9
610_1,True,,266.617142857143,9
611_1,True,,250.483146067416,9
611_2,False,,250.483146067416,9
611_3,False,,250.483146067416,9
611_4,False,,250.483146067416,9
612_1,True,,266.617142857143,9
612_2,False,,266.617142857143,9
613_1,True,,250.483146067416,9
613_2,False,,250.483146067416,9
613_3,False,,250.483146067416,9
614_1,True,,266.617142857143,9
614_2,False,,266.617142857143,9
614_3,False,,266.617142857143,9
614_4,False,,266.617142857143,9
615_1,True,,250.483146067416,9
615_2,False,,250.483146067416,9
615_3,False,,250.483146067416,9
616_1,True,,266.617142857143,9
616_2,False,,266.617142857143,9
616_3,False,,266.617142857143,9
616_4,False,,266.617142857143,9
616_5,False,,266.617142857143,9
617_1,True,,250.483146067416,9
617_2,False,,250.483146067416,9
618_1,True,,266.617142857143,9
619_1,True,,250.483146067416,9
619_2,False,,250.483146067416,9
620_1,True,,266.617142857143,9
621_1,True,,250.483146067416,9
621_2,False,,250.483146067416,9
621_3,False,,250.483146067416,9
622_1,True,,266.617142857143,9
622_2,False,,266.617142857143,9
622_3,False,,266.617142857143,9
623_1,True,,250.483146067416,9
623_2,False,,250.483146067416,9
623_3,False,,250.483146067416,9
623_4,False,,250.483146067416,9
623_5,False,,250.483146067416,9
624_1,True,,266.617142857143,9
624_2,False,,266.617142857143,9
624_3,False,,266.617142857143,9
625_1,True,,250.483146067416,9
625_2,False,,250.483146067416,9
626_1,True,,266.617142857143,9
626_2,False,,266.617142857143,9
626_3,False,,266.617142857143,9
626_4,False,,266.617142857143,9
627_1,True,,250.483146067416,9
627_2,False,,250.483146067416,9
627_3,False,,250.483146067416,9
627_4,False,,250.483146067416,9
628_1,True,,266.617142857143,9
629_1,True,,250.483146067416,9
629_2,False,,250.483146067416,9
630_1,True,,266.617142857143,9
630_2,False,,266.617142857143,9
630_3,False,,266.617142857143,9
631_1,True,,250.483146067416,9
631_2,False,,250.483146067416,9
632_1,True,,266.617142857143,9
632_2,False,,266.617142857143,9
632_3,False,,266.617142857143,9
632_4,False,,266.617142857143,9
632_5,False,,266.617142857143,9
633_1,True,,250.483146067416,9
633_2,False,,250.483146067416,9
633_3,False,,250.483146067416,9
634_1,True,,266.617142857143,9
634_2,False,,266.617142857143,9
634_3,False,,266.617142857143,9
634_4,False,,266.617142857143,9
635_1,True,,250.483146067416,9
635_2,False,,250.483146067416,9
635_3,False,,250.483146067416,9
635_4,False,,250.483146067416,9
635_5,False,,250.483146067416,9
636_1,True,,266.617142857143,9
636_2,False,,266.617142857143,9
636_3,False,,266.617142857143,9
636_4,False,,266.617142857143,9
637_1,True,,250.483146067416,9
637_2,False,,250.483146067416,9
637_3,False,,250.483146067416,9
638_1,True,,266.617142857143,9
638_2,False,,266.617142857143,9
638_3,False,,266.617142857143,9
639_1,True,,250.483146067416,9
639_2,False,,250.483146067416,9
639_3,False,,250.483146067416,9
640_1,True,,266.617142857143,9
640_2,False,,266.617142857143,9
641_1,True,,250.483146067416,9
641_2,False,,250.483146067416,9
641_3,False,,250.483146067416,9
641_4,False,,250.483146067416,9
642_1,True,,266.617142857143,9
642_2,False,,266.617142857143,9
642_3,False,,266.617142857143,9
643_1,True,,250.483146067416,9
643_2,False,,250.483146067416,9
643_3,False,,250.483146067416,9
643_4,False,,250.483146067416,9
644_1,True,,266.617142857143,9
645_1,True,,250.483146067416,9
645_2,False,,250.483146067416,9
645_3,False,,250.483146067416,9
645_4,False,,250.483146067416,9
645_5,False,,250.483146067416,9
646_1,True,,266.617142857143,9
646_2,False,,266.617142857143,9
646_3,False,,266.617142857143,9
646_4,False,,266.617142857143,9
647_1,True,,250.483146067416,9
647_2,False,,250.483146067416,9
647_3,False,,250.483146067416,9
647_4,False,,250.483146067416,9
648_1,True,,266.617142857143,9
648_2,False,,266.617142857143,9
648_3,False,,266.617142857143,9
649_1,True,,250.483146067416,9
649_2,False,,250.483146067416,9
649_3,False,,250.483146067416,9
650_1,True,,266.617142857143,9
650_2,False,,266.617142857143,9
650_3,False,,266.617142857143,9
650_4,False,,266.617142857143,9
651_1,True,,250.483146067416,9
651_2,False,,250.483146067416,9
651_3,False,,250.483146067416,9
651_4,False,,250.483146067416,9
652_1,True,,266.617142857143,9
652_2,False,,266.617142857143,9
652_3,False,,266.617142857143,9
653_1,True,,250.483146067416,9
653_2,False,,250.483146067416,9
653_3,False,,250.483146067416,9
653_4,False,,250.483146067416,9
654_1,True,,266.617142857143,9
654_2,False,,266.617142857143,9
654_3,False,,266.617142857143,9
654_4,False,,266.617142857143,9
655_1,True,,250.483146067416,9
655_2,False,,250.483146067416,9
655_3,False,,250.483146067416,9
656_1,True,,266.617142857143,9
656_2,False,,266.617142857143,9
656_3,False,,266.617142857143,9
656_4,False,,266.617142857143,9
657_1,True,,250.483146067416,9
657_2,False,,250.483146067416,9
657_3,False,,250.483146067416,9
658_1,True,,266.617142857143,9
658_2,False,,266.617142857143,9
659_1,True,,250.483146067416,9
659_2,False,,250.483146067416,9
659_3,False,,250.483146067416,9
660_1,True,,266.617142857143,9
660_2,False,,266.617142857143,9
660_3,False,,266.617142857143,9
660_4,False,,266.617142857143,9
660_5,False,,266.617142857143,9
661_1,True,,250.483146067416,9
661_2,False,,250.483146067416,9
661_3,False,,250.483146067416,9
661_4,False,,250.483146067416,9
661_5,False,,250.483146067416,9
661_6,False,,250.483146067416,9
662_1,True,,266.617142857143,9
662_2,False,,266.617142857143,9
663_1,True,,250.483146067416,9
663_2,False,,250.483146067416,9
663_3,False,,250.483146067416,9
664_1,True,,266.617142857143,9
664_2,False,,266.617142857143,9
665_1,True,,250.483146067416,9
665_2,False,,250.483146067416,9
666_1,True,,266.617142857143,9
666_2,False,,266.617142857143,9
667_1,True,,250.483146067416,9
667_2,False,,250.483146067416,9
667_3,False,,250.483146067416,9
667_4,False,,250.483146067416,9
668_1,True,,266.617142857143,9
668_2,False,,266.617142857143,9
668_3,False,,266.617142857143,9
669_1,True,,250.483146067416,9
669_2,False,,250.483146067416,9
669_3,False,,250.483146067416,9
670_1,True,,266.617142857143,9
670_2,False,,266.617142857143,9
670_3,False,,266.617142857143,9
670_4,False,,266.617142857143,9
670_5,False,,266.617142857143,9
671_1,True,,250.483146067416,9
671_2,False,,250.483146067416,9
671_3,False,,250.483146067416,9
672_1,True,,266.617142857143,9
673_1,True,,250.483146067416,9
673_2,False,,250.483146067416,9
673_3,False,,250.483146067416,9
673_4,False,,250.483146067416,9
674_1,True,,266.617142857143,9
674_2,False,,266.617142857143,9
674_3,False,,266.617142857143,9
674_4,False,,266.617142857143,9
675_1,True,,250.483146067416,9
675_2,False,,250.483146067416,9
676_1,True,,266.617142857143,9
676_2,False,,266.617142857143,9
676_3,False,,266.617142857143,9
676_4,False,,266.617142857143,9
677_1,True,,250.483146067416,9
677_2,False,,250.483146067416,9
677_3,False,,250.483146067416,9
678_1,True,,266.617142857143,9
678_2,False,,266.617142857143,9
679_1,True,,250.483146067416,9
679_2,False,,250.483146067416,9
679_3,False,,250.483146067416,9
679_4,False,,250.483146067416,9
679_5,False,,250.483146067416,9
680_1,True,,266.617142857143,9
680_2,False,,266.617142857143,9
680_3,False,,266.617142857143,9
680_4,False,,266.617142857143,9
681_1,True,,250.483146067416,9
681_2,False,,250.483146067416,9
682_1,True,,266.617142857143,9
683_1,True,,250.483146067416,9
683_2,False,,250.483146067416,9
683_3,False,,250.483146067416,9
683_4,False,,250.483146067416,9
684_1,True,,266.617142857143,9
684_2,False,,266.617142857143,9
684_3,False,,266.617142857143,9
685_1,True,,250.483146067416,9
685_2,False,,250.483146067416,9
685_3,False,,250.483146067416,9
685_4,False,,250.483146067416,9
685_5,False,,250.483146067416,9
685_6,False,,250.483146067416,9
686_1,True,,266.617142857143,9
686_2,False,,266.617142857143,9
686_3,False,,266.617142857143,9
687_1,True,,250.483146067416,9
687_2,False,,250.483146067416,9
688_1,True,,266.617142857143,9
688_2,False,,266.617142857143,9
689_1,True,,250.483146067416,9
689_2,False,,250.483146067416,9
690_1,True,,266.617142857143,9
690_2,False,,266.617142857143,9
690_3,False,,266.617142857143,9
690_4,False,,266.617142857143,9
691_1,True,,250.483146067416,9
691_2,False,,250.483146067416,9
691_3,False,,250.483146067416,9
692_1,True,,266.617142857143,9
692_2,False,,266.617142857143,9
692_3,False,,266.617142857143,9
692_4,False,,266.617142857143,9
693_1,True,,250.483146067416,9
693_2,False,,250.483146067416,9
693_3,False,,250.483146067416,9
694_1,True,,266.617142857143,9
694_2,False,,266.617142857143,9
694_3,False,,266.617142857143,9
694_4,False,,266.617142857143,9
695_1,True,,250.483146067416,9
695_2,False,,250.483146067416,9
695_3,False,,250.483146067416,9
695_4,False,,250.483146067416,9
696_1,True,,266.617142857143,9
696_2,False,,266.617142857143,9
696_3,False,,266.617142857143,9
696_4,False,,266.617142857143,9
696_5,False,,266.617142857143,9
697_1,True,,250.483146067416,9
697_2,False,,250.483146067416,9
697_3,False,,250.483146067416,9
697_4,False,,250.483146067416,9
698_1,True,,266.617142857143,9
698_2,False,,266.617142857143,9
698_3,False,,266.617142857143,9
699_1,True,,250.483146067416,9
699_2,False,,250.483146067416,9
699_3,False,,250.483146067416,9
699_4,False,,250.483146067416,9
700_1,True,,266.617142857143,9
700_2,False,,266.617142857143,9
700_3,False,,266.617142857143,9
700_4,False,,266.617142857143,9
700_5,False,,266.617142857143,9
701_1,True,,250.483146067416,9
701_2,False,,250.483146067416,9
701_3,False,,250.483146067416,9
701_4,False,,250.483146067416,9
702_1,True,,266.617142857143,9
702_2,False,,266.617142857143,9
702_3,False,,266.617142857143,9
703_1,True,,250.483146067416,9
703_2,False,,250.483146067416,9
703_3,False,,250.483146067416,9
703_4,False,,250.483146067416,9
703_5,False,,250.483146067416,9
704_1,True,,266.617142857143,9
704_2,False,,266.617142857143,9
704_3,False,,266.617142857143,9
704_4,False,,266.617142857143,9
704_5,False,,266.617142857143,9
705_1,True,,250.483146067416,9
705_2,False,,250.483146067416,9
705_3,False,,250.483146067416,9
705_4,False,,250.483146067416,9
706_1,True,,765.267045454547,18
707_1,True,,773.331460674156,18
707_2,False,,773.331460674156,18
708_1,True,,765.267045454547,18
708_2,False,,765.267045454547,18
708_3,False,,765.267045454547,18
708_4,False,,765.267045454547,18
708_5,False,,765.267045454547,18
708_6,False,,765.267045454547,18
709_1,True,,773.331460674156,18
709_2,False,,773.331460674156,18
709_3,False,,773.331460674156,18
709_4,False,,773.331460674156,18
709_5,False,,773.331460674156,18
710_1,True,,765.267045454547,18
710_2,False,,765.267045454547,18
710_3,False,,765.267045454547,18
710_4,False,,765.267045454547,18
710_5,False,,765.267045454547,18
711_1,True,,773.331460674156,18
711_2,False,,773.331460674156,18
712_1,True,,765.267045454547,18
712_2,False,,765.267045454547,18
712_3,False,,765.267045454547,18
713_1,True,,773.331460674156,18
714_1,True,,765.267045454547,18
714_2,False,,765.267045454547,18
714_3,False,,765.267045454547,18
715_1,True,,773.331460674156,18
715_2,False,,773.331460674156,18
715_3,False,,773.331460674156,18
715_4,False,,773.331460674156,18
716_1,True,,765.267045454547,18
716_2,False,,765.267045454547,18
716_3,False,,765.267045454547,18
716_4,False,,765.267045454547,18
717_1,True,,773.331460674156,18
717_2,False,,773.331460674156,18
717_3,False,,773.331460674156,18
717_4,False,,773.331460674156,18
718_1,True,,765.267045454547,18
718_2,False,,765.267045454547,18
718_3,False,,765.267045454547,18
718_4,False,,765.267045454547,18
718_5,False,,765.267045454547,18
718_6,False,,765.267045454547,18
718_7,False,,765.267045454547,18
719_1,True,,773.331460674156,18
719_2,False,,773.331460674156,18
719_3,False,,773.331460674156,18
719_4,False,,773.331460674156,18
720_1,True,,765.267045454547,18
720_2,False,,765.267045454547,18
720_3,False,,765.267045454547,18
720_4,False,,765.267045454547,18
720_5,False,,765.267045454547,18
721_1,True,,773.331460674156,18
722_1,True,,765.267045454547,18
722_2,False,,765.267045454547,18
722_3,False,,765.267045454547,18
723_1,True,,773.331460674156,18
723_2,False,,773.331460674156,18
724_1,True,,765.267045454547,18
724_2,False,,765.267045454547,18
724_3,False,,765.267045454547,18
724_4,False,,765.267045454547,18
724_5,False,,765.267045454547,18
725_1,True,,773.331460674156,18
725_2,False,,773.331460674156,18
725_3,False,,773.331460674156,18
725_4,False,,773.331460674156,18
726_1,True,,765.267045454547,18
726_2,False,,765.267045454547,18
726_3,False,,765.267045454547,18
727_1,True,,773.331460674156,18
727_2,False,,773.331460674156,18
728_1,True,,765.267045454547,18
728_2,False,,765.267045454547,18
728_3,False,,765.267045454547,18
729_1,True,,773.331460674156,18
729_2,False,,773.331460674156,18
730_1,True,,765.267045454547,18
730_2,False,,765.267045454547,18
730_3,False,,765.267045454547,18
730_4,False,,765.267045454547,18
730_5,False,,765.267045454547,18
731_1,True,,773.331460674156,18
731_2,False,,773.331460674156,18
731_3,False,,773.331460674156,18
731_4,False,,773.331460674156,18
732_1,True,,765.267045454547,18
732_2,False,,765.267045454547,18
732_3,False,,765.267045454547,18
733_1,True,,773.331460674156,18
733_2,False,,773.331460674156,18
734_1,True,,765.267045454547,18
734_2,False,,765.267045454547,18
734_3,False,,765.267045454547,18
734_4,False,,765.267045454547,18
734_5,False,,765.267045454547,18
735_1,True,,773.331460674156,18
735_2,False,,773.331460674156,18
735_3,False,,773.331460674156,18
735_4,False,,773.331460674156,18
735_5,False,,773.331460674156,18
736_1,True,,765.267045454547,18
736_2,False,,765.267045454547,18
737_1,True,,773.331460674156,18
737_2,False,,773.331460674156,18
737_3,False,,773.331460674156,18
737_4,False,,773.331460674156,18
738_1,True,,765.267045454547,18
738_2,False,,765.267045454547,18
738_3,False,,765.267045454547,18
738_4,False,,765.267045454547,18
739_1,True,,773.331460674156,18
739_2,False,,773.331460674156,18
740_1,True,,765.267045454547,18
740_2,False,,765.267045454547,18
740_3,False,,765.267045454547,18
741_1,True,,773.331460674156,18
742_1,True,,765.267045454547,18
742_2,False,,765.267045454547,18
743_1,True,,773.331460674156,18
743_2,False,,773.331460674156,18
744_1,True,,765.267045454547,18
744_2,False,,765.267045454547,18
744_3,False,,765.267045454547,18
745_1,True,,773.331460674156,18
745_2,False,,773.331460674156,18
745_3,False,,773.331460674156,18
745_4,False,,773.331460674156,18
745_5,False,,773.331460674156,18
745_6,False,,773.331460674156,18
746_1,True,,765.267045454547,18
746_2,False,,765.267045454547,18
746_3,False,,765.267045454547,18
747_1,True,,773.331460674156,18
748_1,True,,765.267045454547,18
748_2,False,,765.267045454547,18
748_3,False,,765.267045454547,18
748_4,False,,765.267045454547,18
748_5,False,,765.267045454547,18
748_6,False,,765.267045454547,18
748_7,False,,765.267045454547,18
749_1,True,,773.331460674156,18
750_1,True,,765.267045454547,18
750_2,False,,765.267045454547,18
750_3,False,,765.267045454547,18
751_1,True,,773.331460674156,18
751_2,False,,773.331460674156,18
751_3,False,,773.331460674156,18
752_1,True,,765.267045454547,18
752_2,False,,765.267045454547,18
752_3,False,,765.267045454547,18
753_1,True,,773.331460674156,18
754_1,True,,765.267045454547,18
754_2,False,,765.267045454547,18
754_3,False,,765.267045454547,18
754_4,False,,765.267045454547,18
755_1,True,,773.331460674156,18
755_2,False,,773.331460674156,18
755_3,False,,773.331460674156,18
756_1,True,,765.267045454547,18
756_2,False,,765.267045454547,18
756_3,False,,765.267045454547,18
756_4,False,,765.267045454547,18
756_5,False,,765.267045454547,18
757_1,True,,773.331460674156,18
757_2,False,,773.331460674156,18
757_3,False,,773.331460674156,18
757_4,False,,773.331460674156,18
757_5,False,,773.331460674156,18
757_6,False,,773.331460674156,18
757_7,False,,773.331460674156,18
758_1,True,,765.267045454547,18
758_2,False,,765.267045454547,18
758_3,False,,765.267045454547,18
758_4,False,,765.267045454547,18
758_5,False,,765.267045454547,18
759_1,True,,773.331460674156,18
759_2,False,,773.331460674156,18
760_1,True,,765.267045454547,18
760_2,False,,765.267045454547,18
760_3,False,,765.267045454547,18
760_4,False,,765.267045454547,18
761_1,True,,773.331460674156,18
761_2,False,,773.331460674156,18
761_3,False,,773.331460674156,18
761_4,False,,773.331460674156,18
762_1,True,,765.267045454547,18
762_2,False,,765.267045454547,18
762_3,False,,765.267045454547,18
762_4,False,,765.267045454547,18
762_5,False,,765.267045454547,18
762_6,False,,765.267045454547,18
763_1,True,,773.331460674156,18
763_2,False,,773.331460674156,18
764_1,True,,765.267045454547,18
764_2,False,,765.267045454547,18
764_3,False,,765.267045454547,18
764_4,False,,765.267045454547,18
764_5,False,,765.267045454547,18
765_1,True,,773.331460674156,18
766_1,True,,765.267045454547,18
766_2,False,,765.267045454547,18
766_3,False,,765.267045454547,18
766_4,False,,765.267045454547,18
767_1,True,,773.331460674156,18
767_2,False,,773.331460674156,18
768_1,True,,765.267045454547,18
768_2,False,,765.267045454547,18
768_3,False,,765.267045454547,18
768_4,False,,765.267045454547,18
768_5,False,,765.267045454547,18
768_6,False,,765.267045454547,18
768_7,False,,765.267045454547,18
769_1,True,,773.331460674156,18
769_2,False,,773.331460674156,18
769_3,False,,773.331460674156,18
769_4,False,,773.331460674156,18
770_1,True,,765.267045454547,18
770_2,False,,765.267045454547,18
770_3,False,,765.267045454547,18
771_1,True,,773.331460674156,18
771_2,False,,773.331460674156,18
771_3,False,,773.331460674156,18
771_4,False,,773.331460674156,18
772_1,True,,765.267045454547,18
772_2,False,,765.267045454547,18
773_1,True,,773.331460674156,18
773_2,False,,773.331460674156,18
773_3,False,,773.331460674156,18
774_1,True,,765.267045454547,18
774_2,False,,765.267045454547,18
774_3,False,,765.267045454547,18
775_1,True,,773.331460674156,18
775_2,False,,773.331460674156,18
776_1,True,,765.267045454547,18
776_2,False,,765.267045454547,18
776_3,False,,765.267045454547,18
776_4,False,,765.267045454547,18
776_5,False,,765.267045454547,18
777_1,True,,773.331460674156,18
777_2,False,,773.331460674156,18
778_1,True,,765.267045454547,18
778_2,False,,765.267045454547,18
778_3,False,,765.267045454547,18
778_4,False,,765.267045454547,18
778_5,False,,765.267045454547,18
779_1,True,,773.331460674156,18
779_2,False,,773.331460674156,18
779_3,False,,773.331460674156,18
780_1,True,,765.267045454547,18
780_2,False,,765.267045454547,18
780_3,False,,765.267045454547,18
780_4,False,,765.267045454547,18
780_5,False,,765.267045454547,18
781_1,True,,773.331460674156,18
781_2,False,,773.331460674156,18
781_3,False,,773.331460674156,18
781_4,False,,773.331460674156,18
782_1,True,,765.267045454547,18
782_2,False,,765.267045454547,18
782_3,False,,765.267045454547,18
782_4,False,,765.267045454547,18
782_5,False,,765.267045454547,18
782_6,False,,765.267045454547,18
783_1,True,,773.331460674156,18
783_2,False,,773.331460674156,18
784_1,True,,765.267045454547,18
784_2,False,,765.267045454547,18
784_3,False,,765.267045454547,18
784_4,False,,765.267045454547,18
785_1,True,,773.331460674156,18
785_2,False,,773.331460674156,18
786_1,True,,765.267045454547,18
786_2,False,,765.267045454547,18
786_3,False,,765.267045454547,18
787_1,True,,773.331460674156,18
788_1,True,,765.267045454547,18
788_2,False,,765.267045454547,18
788_3,False,,765.267045454547,18
789_1,True,,773.331460674156,18
789_2,False,,773.331460674156,18
789_3,False,,773.331460674156,18
790_1,True,,765.267045454547,18
790_2,False,,765.267045454547,18
790_3,False,,765.267045454547,18
790_4,False,,765.267045454547,18
791_1,True,,773.331460674156,18
791_2,False,,773.331460674156,18
791_3,False,,773.331460674156,18
792_1,True,,765.267045454547,18
792_2,False,,765.267045454547,18
792_3,False,,765.267045454547,18
792_4,False,,765.267045454547,18
793_1,True,,773.331460674156,18
793_2,False,,773.331460674156,18
793_3,False,,773.331460674156,18
793_4,False,,773.331460674156,18
794_1,True,,765.267045454547,18
794_2,False,,765.267045454547,18
794_3,False,,765.267045454547,18
794_4,False,,765.267045454547,18
795_1,True,,773.331460674156,18
795_2,False,,773.331460674156,18
795_3,False,,773.331460674156,18
796_1,True,,765.267045454547,18
796_2,False,,765.267045454547,18
797_1,True,,773.331460674156,18
797_2,False,,773.331460674156,18
797_3,False,,773.331460674156,18
797_4,False,,773.331460674156,18
798_1,True,,765.267045454547,18
798_2,False,,765.267045454547,18
799_1,True,,773.331460674156,18
799_2,False,,773.331460674156,18
799_3,False,,773.331460674156,18
799_4,False,,773.331460674156,18
799_5,False,,773.331460674156,18
800_1,True,,765.267045454547,18
800_2,False,,765.267045454547,18
800_3,False,,765.267045454547,18
800_4,False,,765.267045454547,18
800_5,False,,765.267045454547,18
801_1,True,,773.331460674156,18
801_2,False,,773.331460674156,18
801_3,False,,773.331460674156,18
802_1,True,,765.267045454547,18
802_2,False,,765.267045454547,18
802_3,False,,765.267045454547,18
802_4,False,,765.267045454547,18
802_5,False,,765.267045454547,18
803_1,True,,773.331460674156,18
803_2,False,,773.331460674156,18
803_3,False,,773.331460674156,18
804_1,True,,765.267045454547,18
804_2,False,,765.267045454547,18
804_3,False,,765.267045454547,18
804_4,False,,765.267045454547,18
804_5,False,,765.267045454547,18
805_1,True,,773.331460674156,18
805_2,False,,773.331460674156,18
805_3,False,,773.331460674156,18
805_4,False,,773.331460674156,18
806_1,True,,765.267045454547,18
806_2,False,,765.267045454547,18
806_3,False,,765.267045454547,18
806_4,False,,765.267045454547,18
807_1,True,,773.331460674156,18
807_2,False,,773.331460674156,18
808_1,True,,765.267045454547,18
808_2,False,,765.267045454547,18
808_3,False,,765.267045454547,18
809_1,True,,773.331460674156,18
809_2,False,,773.331460674156,18
810_1,True,,765.267045454547,18
810_2,False,,765.267045454547,18
810_3,False,,765.267045454547,18
811_1,True,,773.331460674156,18
811_2,False,,773.331460674156,18
811_3,False,,773.331460674156,18
811_4,False,,773.331460674156,18
811_5,False,,773.331460674156,18
812_1,True,,765.267045454547,18
812_2,False,,765.267045454547,18
812_3,False,,765.267045454547,18
812_4,False,,765.267045454547,18
812_5,False,,765.267045454547,18
812_6,False,,765.267045454547,18
813_1,True,,773.331460674156,18
813_2,False,,773.331460674156,18
813_3,False,,773.331460674156,18
813_4,False,,773.331460674156,18
814_1,True,,765.267045454547,18
814_2,False,,765.267045454547,18
814_3,False,,765.267045454547,18
814_4,False,,765.267045454547,18
815_1,True,,773.331460674156,18
815_2,False,,773.331460674156,18
815_3,False,,773.331460674156,18
815_4,False,,773.331460674156,18
816_1,True,,765.267045454547,18
816_2,False,,765.267045454547,18
817_1,True,,773.331460674156,18
817_2,False,,773.331460674156,18
817_3,False,,773.331460674156,18
817_4,False,,773.331460674156,18
818_1,True,,765.267045454547,18
818_2,False,,765.267045454547,18
818_3,False,,765.267045454547,18
819_1,True,,773.331460674156,18
819_2,False,,773.331460674156,18
819_3,False,,773.331460674156,18
820_1,True,,765.267045454547,18
820_2,False,,765.267045454547,18
820_3,False,,765.267045454547,18
820_4,False,,765.267045454547,18
821_1,True,,773.331460674156,18
822_1,True,,765.267045454547,18
822_2,False,,765.267045454547,18
822_3,False,,765.267045454547,18
822_4,False,,765.267045454547,18
823_1,True,,773.331460674156,18
823_2,False,,773.331460674156,18
823_3,False,,773.331460674156,18
823_4,False,,773.331460674156,18
824_1,True,,765.267045454547,18
824_2,False,,765.267045454547,18
824_3,False,,765.267045454547,18
824_4,False,,765.267045454547,18
824_5,False,,765.267045454547,18
824_6,False,,765.267045454547,18
825_1,True,,773.331460674156,18
826_1,True,,765.267045454547,18
826_2,False,,765.267045454547,18
826_3,False,,765.267045454547,18
826_4,False,,765.267045454547,18
826_5,False,,765.267045454547,18
827_1,True,,773.331460674156,18
827_2,False,,773.331460674156,18
827_3,False,,773.331460674156,18
828_1,True,,765.267045454547,18
828_2,False,,765.267045454547,18
828_3,False,,765.267045454547,18
829_1,True,,773.331460674156,18
829_2,False,,773.331460674156,18
829_3,False,,773.331460674156,18
829_4,False,,773.331460674156,18
830_1,True,,765.267045454547,18
830_2,False,,765.267045454547,18
831_1,True,,773.331460674156,18
831_2,False,,773.331460674156,18
832_1,True,,765.267045454547,18
832_2,False,,765.267045454547,18
832_3,False,,765.267045454547,18
832_4,False,,765.267045454547,18
833_1,True,,773.331460674156,18
833_2,False,,773.331460674156,18
833_3,False,,773.331460674156,18
833_4,False,,773.331460674156,18
834_1,True,,765.267045454547,18
834_2,False,,765.267045454547,18
834_3,False,,765.267045454547,18
834_4,False,,765.267045454547,18
835_1,True,,773.331460674156,18
835_2,False,,773.331460674156,18
835_3,False,,773.331460674156,18
835_4,False,,773.331460674156,18
836_1,True,,765.267045454547,18
836_2,False,,765.267045454547,18
836_3,False,,765.267045454547,18
836_4,False,,765.267045454547,18
836_5,False,,765.267045454547,18
837_1,True,,773.331460674156,18
837_2,False,,773.331460674156,18
837_3,False,,773.331460674156,18
837_4,False,,773.331460674156,18
837_5,False,,773.331460674156,18
838_1,True,,765.267045454547,18
838_2,False,,765.267045454547,18
838_3,False,,765.267045454547,18
839_1,True,,773.331460674156,18
839_2,False,,773.331460674156,18
839_3,False,,773.331460674156,18
840_1,True,,765.267045454547,18
840_2,False,,765.267045454547,18
840_3,False,,765.267045454547,18
840_4,False,,765.267045454547,18
841_1,True,,773.331460674156,18
841_2,False,,773.331460674156,18
842_1,True,,765.267045454547,18
842_2,False,,765.267045454547,18
842_3,False,,765.267045454547,18
842_4,False,,765.267045454547,18
842_5,False,,765.267045454547,18
843_1,True,,773.331460674156,18
843_2,False,,773.331460674156,18
843_3,False,,773.331460674156,18
844_1,True,,765.267045454547,18
844_2,False,,765.267045454547,18
845_1,True,,773.331460674156,18
845_2,False,,773.331460674156,18
845_3,False,,773.331460674156,18
845_4,False,,773.331460674156,18
846_1,True,,765.267045454547,18
846_2,False,,765.267045454547,18
846_3,False,,765.267045454547,18
846_4,False,,765.267045454547,18
847_1,True,,773.331460674156,18
847_2,False,,773.331460674156,18
847_3,False,,773.331460674156,18
848_1,True,,765.267045454547,18
848_2,False,,765.267045454547,18
849_1,True,,773.331460674156,18
849_2,False,,773.331460674156,18
849_3,False,,773.331460674156,18
850_1,True,,765.267045454547,18
850_2,False,,765.267045454547,18
851_1,True,,773.331460674156,18
852_1,True,,765.267045454547,18
853_1,True,,773.331460674156,18
853_2,False,,773.331460674156,18
853_3,False,,773.331460674156,18
853_4,False,,773.331460674156,18
853_5,False,,773.331460674156,18
854_1,True,,765.267045454547,18
854_2,False,,765.267045454547,18
855_1,True,,773.331460674156,18
856_1,True,,765.267045454547,18
856_2,False,,765.267045454547,18
856_3,False,,765.267045454547,18
856_4,False,,765.267045454547,18
856_5,False,,765.267045454547,18
857_1,True,,773.331460674156,18
857_2,False,,773.331460674156,18
858_1,True,,765.267045454547,18
858_2,False,,765.267045454547,18
858_3,False,,765.267045454547,18
858_4,False,,765.267045454547,18
859_1,True,,773.331460674156,18
860_1,True,,765.267045454547,18
860_2,False,,765.267045454547,18
860_3,False,,765.267045454547,18
860_4,False,,765.267045454547,18
861_1,True,,773.331460674156,18
861_2,False,,773.331460674156,18
861_3,False,,773.331460674156,18
861_4,False,,773.331460674156,18
862_1,True,,765.267045454547,18
862_2,False,,765.267045454547,18
862_3,False,,765.267045454547,18
862_4,False,,765.267045454547,18
863_1,True,,773.331460674156,18
864_1,True,,765.267045454547,18
864_2,False,,765.267045454547,18
864_3,False,,765.267045454547,18
865_1,True,,773.331460674156,18
865_2,False,,773.331460674156,18
865_3,False,,773.331460674156,18
865_4,False,,773.331460674156,18
866_1,True,,765.267045454547,18
866_2,False,,765.267045454547,18
866_3,False,,765.267045454547,18
866_4,False,,765.267045454547,18
867_1,True,,773.331460674156,18
867_2,False,,773.331460674156,18
867_3,False,,773.331460674156,18
867_4,False,,773.331460674156,18
868_1,True,,765.267045454547,18
868_2,False,,765.267045454547,18
869_1,True,,773.331460674156,18
869_2,False,,773.331460674156,18
869_3,False,,773.331460674156,18
870_1,True,,765.267045454547,18
870_2,False,,765.267045454547,18
870_3,False,,765.267045454547,18
871_1,True,,773.331460674156,18
871_2,False,,773.331460674156,18
871_3,False,,773.331460674156,18
872_1,True,,765.267045454547,18
872_2,False,,765.267045454547,18
872_3,False,,765.267045454547,18
872_4,False,,765.267045454547,18
873_1,True,,773.331460674156,18
873_2,False,,773.331460674156,18
874_1,True,,765.267045454547,18
874_2,False,,765.267045454547,18
874_3,False,,765.267045454547,18
874_4,False,,765.267045454547,18
875_1,True,,773.331460674156,18
875_2,False,,773.331460674156,18
875_3,False,,773.331460674156,18
876_1,True,,765.267045454547,18
876_2,False,,765.267045454547,18
877_1,True,,773.331460674156,18
877_2,False,,773.331460674156,18
877_3,False,,773.331460674156,18
878_1,True,,765.267045454547,18
878_2,False,,765.267045454547,18
878_3,False,,765.267045454547,18
878_4,False,,765.267045454547,18
878_5,False,,765.267045454547,18
879_1,True,,773.331460674156,18
879_2,False,,773.331460674156,18
880_1,True,,765.267045454547,18
880_2,False,,765.267045454547,18
881_1,True,,773.331460674156,18
881_2,False,,773.331460674156,18
882_1,True,,765.267045454547,18
883_1,True,,773.331460674156,18
883_2,False,,773.331460674156,18
883_3,False,,773.331460674156,18
884_1,True,,765.267045454547,18
884_2,False,,765.267045454547,18
884_3,False,,765.267045454547,18
884_4,False,,765.267045454547,18
884_5,False,,765.267045454547,18
885_1,True,,773.331460674156,18
885_2,False,,773.331460674156,18
885_3,False,,773.331460674156,18
886_1,True,,765.267045454547,18
886_2,False,,765.267045454547,18
886_3,False,,765.267045454547,18
887_1,True,,773.331460674156,18
888_1,True,,765.267045454547,18
888_2,False,,765.267045454547,18
888_3,False,,765.267045454547,18
888_4,False,,765.267045454547,18
889_1,True,,773.331460674156,18
890_1,True,,765.267045454547,18
890_2,False,,765.267045454547,18
890_3,False,,765.267045454547,18
890_4,False,,765.267045454547,18
891_1,True,,773.331460674156,18
891_2,False,,773.331460674156,18
892_1,True,,765.267045454547,18
892_2,False,,765.267045454547,18
892_3,False,,765.267045454547,18
892_4,False,,765.267045454547,18
893_1,True,,773.331460674156,18
893_2,False,,773.331460674156,18
893_3,False,,773.331460674156,18
893_4,False,,773.331460674156,18
894_1,True,,765.267045454547,18
894_2,False,,765.267045454547,18
894_3,False,,765.267045454547,18
895_1,True,,773.331460674156,18
895_2,False,,773.331460674156,18
895_3,False,,773.331460674156,18
895_4,False,,773.331460674156,18
896_1,True,,765.267045454547,18
896_2,False,,765.267045454547,18
896_3,False,,765.267045454547,18
896_4,False,,765.267045454547,18
897_1,True,,773.331460674156,18
897_2,False,,773.331460674156,18
897_3,False,,773.331460674156,18
898_1,True,,765.267045454547,18
898_2,False,,765.267045454547,18
898_3,False,,765.267045454547,18
898_4,False,,765.267045454547,18
898_5,False,,765.267045454547,18
899_1,True,,773.331460674156,18
899_2,False,,773.331460674156,18
899_3,False,,773.331460674156,18
900_1,True,,765.267045454547,18
900_2,False,,765.267045454547,18
900_3,False,,765.267045454547,18
900_4,False,,765.267045454547,18
900_5,False,,765.267045454547,18
901_1,True,,773.331460674156,18
901_2,False,,773.331460674156,18
901_3,False,,773.331460674156,18
901_4,False,,773.331460674156,18
902_1,True,,765.267045454547,18
902_2,False,,765.267045454547,18
902_3,False,,765.267045454547,18
902_4,False,,765.267045454547,18
902_5,False,,765.267045454547,18
903_1,True,,773.331460674156,18
904_1,True,,765.267045454547,18
905_1,True,,773.331460674156,18
905_2,False,,773.331460674156,18
906_1,True,,765.267045454547,18
906_2,False,,765.267045454547,18
906_3,False,,765.267045454547,18
906_4,False,,765.267045454547,18
907_1,True,,773.331460674156,18
907_2,False,,773.331460674156,18
908_1,True,,765.267045454547,18
908_2,False,,765.267045454547,18
908_3,False,,765.267045454547,18
909_1,True,,773.331460674156,18
909_2,False,,773.331460674156,18
910_1,True,,765.267045454547,18
910_2,False,,765.267045454547,18
910_3,False,,765.267045454547,18
911_1,True,,773.331460674156,18
911_2,False,,773.331460674156,18
911_3,False,,773.331460674156,18
912_1,True,,765.267045454547,18
912_2,False,,765.267045454547,18
912_3,False,,765.267045454547,18
912_4,False,,765.267045454547,18
913_1,True,,773.331460674156,18
913_2,False,,773.331460674156,18
914_1,True,,765.267045454547,18
914_2,False,,765.267045454547,18
914_3,False,,765.267045454547,18
914_4,False,,765.267045454547,18
915_1,True,,773.331460674156,18
915_2,False,,773.331460674156,18
915_3,False,,773.331460674156,18
915_4,False,,773.331460674156,18
915_5,False,,773.331460674156,18
915_6,False,,773.331460674156,18
916_1,True,,765.267045454547,18
916_2,False,,765.267045454547,18
916_3,False,,765.267045454547,18
917_1,True,,773.331460674156,18
917_2,False,,773.331460674156,18
917_3,False,,773.331460674156,18
917_4,False,,773.331460674156,18
917_5,False,,773.331460674156,18
918_1,True,,765.267045454547,18
918_2,False,,765.267045454547,18
918_3,False,,765.267045454547,18
918_4,False,,765.267045454547,18
919_1,True,,773.331460674156,18
919_2,False,,773.331460674156,18
919_3,False,,773.331460674156,18
920_1,True,,765.267045454547,18
920_2,False,,765.267045454547,18
920_3,False,,765.267045454547,18
921_1,True,,773.331460674156,18
921_2,False,,773.331460674156,18
921_3,False,,773.331460674156,18
921_4,False,,773.331460674156,18
922_1,True,,765.267045454547,18
922_2,False,,765.267045454547,18
922_3,False,,765.267045454547,18
922_4,False,,765.267045454547,18
923_1,True,,773.331460674156,18
924_1,True,,765.267045454547,18
924_2,False,,765.267045454547,18
924_3,False,,765.267045454547,18
924_4,False,,765.267045454547,18
925_1,True,,773.331460674156,18
925_2,False,,773.331460674156,18
925_3,False,,773.331460674156,18
925_4,False,,773.331460674156,18
926_1,True,,765.267045454547,18
926_2,False,,765.267045454547,18
926_3,False,,765.267045454547,18
927_1,True,,773.331460674156,18
928_1,True,,765.267045454547,18
928_2,False,,765.267045454547,18
928_3,False,,765.267045454547,18
928_4,False,,765.267045454547,18
929_1,True,,773.331460674156,18
929_2,False,,773.331460674156,18
929_3,False,,773.331460674156,18
929_4,False,,773.331460674156,18
930_1,True,,765.267045454547,18
930_2,False,,765.267045454547,18
930_3,False,,765.267045454547,18
930_4,False,,765.267045454547,18
931_1,True,,773.331460674156,18
931_2,False,,773.331460674156,18
931_3,False,,773.331460674156,18
932_1,True,,765.267045454547,18
932_2,False,,765.267045454547,18
932_3,False,,765.267045454547,18
932_4,False,,765.267045454547,18
933_1,True,,773.331460674156,18
933_2,False,,773.331460674156,18
934_1,True,,765.267045454547,18
934_2,False,,765.267045454547,18
934_3,False,,765.267045454547,18
934_4,False,,765.267045454547,18
935_1,True,,773.331460674156,18
935_2,False,,773.331460674156,18
935_3,False,,773.331460674156,18
935_4,False,,773.331460674156,18
936_1,True,,765.267045454547,18
937_1,True,,773.331460674156,18
937_2,False,,773.331460674156,18
938_1,True,,765.267045454547,18
938_2,False,,765.267045454547,18
938_3,False,,765.267045454547,18
939_1,True,,773.331460674156,18
939_2,False,,773.331460674156,18
939_3,False,,773.331460674156,18
939_4,False,,773.331460674156,18
939_5,False,,773.331460674156,18
940_1,True,,765.267045454547,18
940_2,False,,765.267045454547,18
941_1,True,,773.331460674156,18
941_2,False,,773.331460674156,18
941_3,False,,773.331460674156,18
941_4,False,,773.331460674156,18
941_5,False,,773.331460674156,18
941_6,False,,773.331460674156,18
942_1,True,,765.267045454547,18
942_2,False,,765.267045454547,18
942_3,False,,765.267045454547,18
943_1,True,,773.331460674156,18
943_2,False,,773.331460674156,18
944_1,True,,765.267045454547,18
944_2,False,,765.267045454547,18
944_3,False,,765.267045454547,18
944_4,False,,765.267045454547,18
945_1,True,,773.331460674156,18
946_1,True,,765.267045454547,18
946_2,False,,765.267045454547,18
947_1,True,,773.331460674156,18
948_1,True,,765.267045454547,18
948_2,False,,765.267045454547,18
948_3,False,,765.267045454547,18
949_1,True,,773.331460674156,18
950_1,True,,765.267045454547,18
950_2,False,,765.267045454547,18
950_3,False,,765.267045454547,18
950_4,False,,765.267045454547,18
951_1,True,,773.331460674156,18
951_2,False,,773.331460674156,18
952_1,True,,765.267045454547,18
952_2,False,,765.267045454547,18
953_1,True,,773.331460674156,18
953_2,False,,773.331460674156,18
954_1,True,,765.267045454547,18
954_2,False,,765.267045454547,18
954_3,False,,765.267045454547,18
954_4,False,,765.267045454547,18
955_1,True,,773.331460674156,18
955_2,False,,773.331460674156,18
955_3,False,,773.331460674156,18
956_1,True,,765.267045454547,18
956_2,False,,765.267045454547,18
956_3,False,,765.267045454547,18
957_1,True,,773.331460674156,18
957_2,False,,773.331460674156,18
958_1,True,,765.267045454547,18
958_2,False,,765.267045454547,18
958_3,False,,765.267045454547,18
958_4,False,,765.267045454547,18
959_1,True,,773.331460674156,18
959_2,False,,773.331460674156,18
959_3,False,,773.331460674156,18
959_4,False,,773.331460674156,18
959_5,False,,773.331460674156,18
960_1,True,,765.267045454547,18
960_2,False,,765.267045454547,18
961_1,True,,773.331460674156,18
961_2,False,,773.331460674156,18
961_3,False,,773.331460674156,18
962_1,True,,765.267045454547,18
962_2,False,,765.267045454547,18
962_3,False,,765.267045454547,18
962_4,False,,765.267045454547,18
963_1,True,,773.331460674156,18
963_2,False,,773.331460674156,18
963_3,False,,773.331460674156,18
963_4,False,,773.331460674156,18
963_5,False,,773.331460674156,18
964_1,True,,765.267045454547,18
964_2,False,,765.267045454547,18
964_3,False,,765.267045454547,18
964_4,False,,765.267045454547,18
965_1,True,,773.331460674156,18
965_2,False,,773.331460674156,18
965_3,False,,773.331460674156,18
966_1,True,,765.267045454547,18
966_2,False,,765.267045454547,18
966_3,False,,765.267045454547,18
966_4,False,,765.267045454547,18
967_1,True,,773.331460674156,18
968_1,True,,765.267045454547,18
968_2,False,,765.267045454547,18
968_3,False,,765.267045454547,18
968_4,False,,765.267045454547,18
969_1,True,,773.331460674156,18
969_2,False,,773.331460674156,18
969_3,False,,773.331460674156,18
970_1,True,,765.267045454547,18
970_2,False,,765.267045454547,18
970_3,False,,765.267045454547,18
970_4,False,,765.267045454547,18
971_1,True,,773.331460674156,18
971_2,False,,773.331460674156,18
971_3,False,,773.331460674156,18
972_1,True,,765.267045454547,18
972_2,False,,765.267045454547,18
973_1,True,,773.331460674156,18
973_2,False,,773.331460674156,18
973_3,False,,773.331460674156,18
974_1,True,,765.267045454547,18
974_2,False,,765.267045454547,18
974_3,False,,765.267045454547,18
974_4,False,,765.267045454547,18
975_1,True,,773.331460674156,18
975_2,False,,773.331460674156,18
975_3,False,,773.331460674156,18
975_4,False,,773.331460674156,18
975_5,False,,773.331460674156,18
976_1,True,,765.267045454547,18
976_2,False,,765.267045454547,18
976_3,False,,765.267045454547,18
976_4,False,,765.267045454547,18
976_5,False,,765.267045454547,18
977_1,True,,773.331460674156,18
977_2,False,,773.331460674156,18
977_3,False,,773.331460674156,18
977_4,False,,773.331460674156,18
977_5,False,,773.331460674156,18
978_1,True,,765.267045454547,18
978_2,False,,765.267045454547,18
978_3,False,,765.267045454547,18
979_1,True,,773.331460674156,18
979_2,False,,773.331460674156,18
979_3,False,,773.331460674156,18
980_1,True,,765.267045454547,18
980_2,False,,765.267045454547,18
980_3,False,,765.267045454547,18
980_4,False,,765.267045454547,18
980_5,False,,765.267045454547,18
980_6,False,,765.267045454547,18
980_7,False,,765.267045454547,18
981_1,True,,773.331460674156,18
981_2,False,,773.331460674156,18
981_3,False,,773.331460674156,18
982_1,True,,765.267045454547,18
982_2,False,,765.267045454547,18
982_3,False,,765.267045454547,18
982_4,False,,765.267045454547,18
982_5,False,,765.267045454547,18
983_1,True,,773.331460674156,18
983_2,False,,773.331460674156,18
983_3,False,,773.331460674156,18
983_4,False,,773.331460674156,18
983_5,False,,773.331460674156,18
983_6,False,,773.331460674156,18
984_1,True,,765.267045454547,18
984_2,False,,765.267045454547,18
984_3,False,,765.267045454547,18
984_4,False,,765.267045454547,18
985_1,True,,773.331460674156,18
985_2,False,,773.331460674156,18
985_3,False,,773.331460674156,18
986_1,True,,765.267045454547,18
986_2,False,,765.267045454547,18
986_3,False,,765.267045454547,18
987_1,True,,773.331460674156,18
988_1,True,,765.267045454547,18
988_2,False,,765.267045454547,18
988_3,False,,765.267045454547,18
988_4,False,,765.267045454547,18
988_5,False,,765.267045454547,18
988_6,False,,765.267045454547,18
989_1,True,,773.331460674156,18
989_2,False,,773.331460674156,18
989_3,False,,773.331460674156,18
989_4,False,,773.331460674156,18
989_5,False,,773.331460674156,18
990_1,True,,765.267045454547,18
990_2,False,,765.267045454547,18
990_3,False,,765.267045454547,18
991_1,True,,773.331460674156,18
991_2,False,,773.331460674156,18
992_1,True,,765.267045454547,18
992_2,False,,765.267045454547,18
992_3,False,,765.267045454547,18
992_4,False,,765.267045454547,18
993_1,True,,773.331460674156,18
993_2,False,,773.331460674156,18
993_3,False,,773.331460674156,18
994_1,True,,765.267045454547,18
994_2,False,,765.267045454547,18
994_3,False,,765.267045454547,18
994_4,False,,765.267045454547,18
994_5,False,,765.267045454547,18
995_1,True,,773.331460674156,18
996_1,True,,765.267045454547,18
996_2,False,,765.267045454547,18
996_3,False,,765.267045454547,18
996_4,False,,765.267045454547,18
997_1,True,,773.331460674156,18
997_2,False,,773.331460674156,18
997_3,False,,773.331460674156,18
998_1,True,,765.267045454547,18
998_2,False,,765.267045454547,18
998_3,False,,765.267045454547,18
999_1,True,,773.331460674156,18
999_2,False,,773.331460674156,18
999_3,False,,773.331460674156,18
999_4,False,,773.331460674156,18
999_5,False,,773.331460674156,18
1000_1,True,,765.267045454547,18
1000_2,False,,765.267045454547,18
1001_1,True,,773.331460674156,18
1001_2,False,,773.331460674156,18
1001_3,False,,773.331460674156,18
1001_4,False,,773.331460674156,18
1002_1,True,,765.267045454547,18
1002_2,False,,765.267045454547,18
1002_3,False,,765.267045454547,18
1002_4,False,,765.267045454547,18
1002_5,False,,765.267045454547,18
1003_1,True,,773.331460674156,18
1003_2,False,,773.331460674156,18
1003_3,False,,773.331460674156,18
1004_1,True,,765.267045454547,18
1004_2,False,,765.267045454547,18
1004_3,False,,765.267045454547,18
1004_4,False,,765.267045454547,18
1005_1,True,,773.331460674156,18
1005_2,False,,773.331460674156,18
1005_3,False,,773.331460674156,18
1005_4,False,,773.331460674156,18
1005_5,False,,773.331460674156,18
1006_1,True,,765.267045454547,18
1006_2,False,,765.267045454547,18
1006_3,False,,765.267045454547,18
1006_4,False,,765.267045454547,18
1007_1,True,,773.331460674156,18
1007_2,False,,773.331460674156,18
1007_3,False,,773.331460674156,18
1007_4,False,,773.331460674156,18
1008_1,True,,765.267045454547,18
1008_2,False,,765.267045454547,18
1008_3,False,,765.267045454547,18
1008_4,False,,765.267045454547,18
1009_1,True,,773.331460674156,18
1009_2,False,,773.331460674156,18
1009_3,False,,773.331460674156,18
1009_4,False,,773.331460674156,18
1010_1,True,,765.267045454547,18
1010_2,False,,765.267045454547,18
1011_1,True,,773.331460674156,18
1011_2,False,,773.331460674156,18
1011_3,False,,773.331460674156,18
1011_4,False,,773.331460674156,18
1011_5,False,,773.331460674156,18
1012_1,True,,765.267045454547,18
1012_2,False,,765.267045454547,18
1012_3,False,,765.267045454547,18
1012_4,False,,765.267045454547,18
1013_1,True,,773.331460674156,18
1013_2,False,,773.331460674156,18
1014_1,True,,765.267045454547,18
1014_2,False,,765.267045454547,18
1014_3,False,,765.267045454547,18
1014_4,False,,765.267045454547,18
1015_1,True,,773.331460674156,18
1015_2,False,,773.331460674156,18
1015_3,False,,773.331460674156,18
1015_4,False,,773.331460674156,18
1016_1,True,,765.267045454547,18
1016_2,False,,765.267045454547,18
1016_3,False,,765.267045454547,18
1016_4,False,,765.267045454547,18
1017_1,True,,773.331460674156,18
1017_2,False,,773.331460674156,18
1018_1,True,,773.331460674156,18
1018_2,False,,773.331460674156,18
1018_3,False,,773.331460674156,18
1019_1,True,,773.331460674156,18
1019_2,False,,773.331460674156,18
1019_3,False,,773.331460674156,18
1019_4,False,,773.331460674156,18
1020_1,True,,765.267045454547,18
1020_2,False,,765.267045454547,18
1020_3,False,,765.267045454547,18
1020_4,False,,765.267045454547,18
1020_5,False,,765.267045454547,18
1021_1,True,,773.331460674156,18
1021_2,False,,773.331460674156,18
1021_3,False,,773.331460674156,18
1022_1,True,,765.267045454547,18
1022_2,False,,765.267045454547,18
1022_3,False,,765.267045454547,18
1022_4,False,,765.267045454547,18
1023_1,True,,773.331460674156,18
1023_2,False,,773.331460674156,18
1023_3,False,,773.331460674156,18
1024_1,True,,765.267045454547,18
1024_2,False,,765.267045454547,18
1024_3,False,,765.267045454547,18
1025_1,True,,773.331460674156,18
1025_2,False,,773.331460674156,18
1026_1,True,,765.267045454547,18
1026_2,False,,765.267045454547,18
1027_1,True,,773.331460674156,18
1027_2,False,,773.331460674156,18
1028_1,True,,765.267045454547,18
1028_2,False,,765.267045454547,18
1028_3,False,,765.267045454547,18
1029_1,True,,773.331460674156,18
1029_2,False,,773.331460674156,18
1029_3,False,,773.331460674156,18
1030_1,True,,765.267045454547,18
1030_2,False,,765.267045454547,18
1030_3,False,,765.267045454547,18
1031_1,True,,773.331460674156,18
1031_2,False,,773.331460674156,18
1032_1,True,,765.267045454547,18
1032_2,False,,765.267045454547,18
1033_1,True,,773.331460674156,18
1033_2,False,,773.331460674156,18
1033_3,False,,773.331460674156,18
1033_4,False,,773.331460674156,18
1034_1,True,,765.267045454547,18
1034_2,False,,765.267045454547,18
1034_3,False,,765.267045454547,18
1035_1,True,,773.331460674156,18
1035_2,False,,773.331460674156,18
1035_3,False,,773.331460674156,18
1036_1,True,,765.267045454547,18
1036_2,False,,765.267045454547,18
1036_3,False,,765.267045454547,18
1037_1,True,,773.331460674156,18
1037_2,False,,773.331460674156,18
1037_3,False,,773.331460674156,18
1038_1,True,,765.267045454547,18
1038_2,False,,765.267045454547,18
1039_1,True,,773.331460674156,18
1039_2,False,,773.331460674156,18
1039_3,False,,773.331460674156,18
1039_4,False,,773.331460674156,18
1039_5,False,,773.331460674156,18
1040_1,True,,765.267045454547,18
1040_2,False,,765.267045454547,18
1041_1,True,,773.331460674156,18
1041_2,False,,773.331460674156,18
1041_3,False,,773.331460674156,18
1041_4,False,,773.331460674156,18
1041_5,False,,773.331460674156,18
1042_1,True,,765.267045454547,18
1042_2,False,,765.267045454547,18
1042_3,False,,765.267045454547,18
1043_1,True,,773.331460674156,18
1043_2,False,,773.331460674156,18
1044_1,True,,765.267045454547,18
1044_2,False,,765.267045454547,18
1044_3,False,,765.267045454547,18
1045_1,True,,773.331460674156,18
1045_2,False,,773.331460674156,18
1046_1,True,,765.267045454547,18
1046_2,False,,765.267045454547,18
1047_1,True,,773.331460674156,18
1047_2,False,,773.331460674156,18
1047_3,False,,773.331460674156,18
1047_4,False,,773.331460674156,18
1047_5,False,,773.331460674156,18
1047_6,False,,773.331460674156,18
1048_1,True,,765.267045454547,18
1048_2,False,,765.267045454547,18
1048_3,False,,765.267045454547,18
1048_4,False,,765.267045454547,18
1049_1,True,,773.331460674156,18
1049_2,False,,773.331460674156,18
1050_1,True,,765.267045454547,18
1050_2,False,,765.267045454547,18
1050_3,False,,765.267045454547,18
1050_4,False,,765.267045454547,18
1051_1,True,,773.331460674156,18
1051_2,False,,773.331460674156,18
1051_3,False,,773.331460674156,18
1052_1,True,,765.267045454547,18
1052_2,False,,765.267045454547,18
1052_3,False,,765.267045454547,18
1052_4,False,,765.267045454547,18
1053_1,True,,773.331460674156,18
1054_1,True,,765.267045454547,18
1054_2,False,,765.267045454547,18
1055_1,True,,773.331460674156,18
1055_2,False,,773.331460674156,18
1055_3,False,,773.331460674156,18
1055_4,False,,773.331460674156,18
1056_1,True,,765.267045454547,18
1056_2,False,,765.267045454547,18
1056_3,False,,765.267045454547,18
1057_1,True,,773.331460674156,18
1057_2,False,,773.331460674156,18
1057_3,False,,773.331460674156,18
1058_1,True,,765.267045454547,18
1058_2,False,,765.267045454547,18
1058_3,False,,765.267045454547,18
1058_4,False,,765.267045454547,18
1059_1,True,,773.331460674156,18
1059_2,False,,773.331460674156,18
1059_3,False,,773.331460674156,18
1059_4,False,,773.331460674156,18
1060_1,True,,318.848314606742,19
1060_2,False,,318.848314606742,19
1060_3,False,,318.848314606742,19
1060_4,False,,318.848314606742,19
1061_1,True,,281.862857142857,19
1061_2,False,,281.862857142857,19
1061_3,False,,281.862857142857,19
1062_1,True,,318.848314606742,19
1062_2,False,,318.848314606742,19
1062_3,False,,318.848314606742,19
1062_4,False,,318.848314606742,19
1063_1,True,,281.862857142857,19
1064_1,True,,318.848314606741,19
1064_2,False,,318.848314606741,19
1065_1,True,,281.862857142857,19
1066_1,True,,318.848314606741,19
1066_2,False,,318.848314606741,19
1066_3,False,,318.848314606741,19
1067_1,True,,281.862857142857,19
1068_1,True,,318.848314606741,19
1068_2,False,,318.848314606741,19
1068_3,False,,318.848314606741,19
1069_1,True,,281.862857142857,19
1069_2,False,,281.862857142857,19
1069_3,False,,281.862857142857,19
1069_4,False,,281.862857142857,19
1070_1,True,,318.848314606741,19
1070_2,False,,318.848314606741,19
1070_3,False,,318.848314606741,19
1071_1,True,,281.862857142857,19
1071_2,False,,281.862857142857,19
1072_1,True,,318.848314606741,19
1072_2,False,,318.848314606741,19
1073_1,True,,281.862857142857,19
1073_2,False,,281.862857142857,19
1073_3,False,,281.862857142857,19
1074_1,True,,318.848314606741,19
1074_2,False,,318.848314606741,19
1074_3,False,,318.848314606741,19
1074_4,False,,318.848314606741,19
1075_1,True,,281.862857142857,19
1075_2,False,,281.862857142857,19
1075_3,False,,281.862857142857,19
1076_1,True,,318.848314606741,19
1076_2,False,,318.848314606741,19
1077_1,True,,281.862857142857,19
1078_1,True,,318.848314606742,19
1078_2,False,,318.848314606742,19
1078_3,False,,318.848314606742,19
1078_4,False,,318.848314606742,19
1079_1,True,,281.862857142857,19
1079_2,False,,281.862857142857,19
1079_3,False,,281.862857142857,19
1079_4,False,,281.862857142857,19
1079_5,False,,281.862857142857,19
1080_1,True,,318.848314606741,19
1080_2,False,,318.848314606741,19
1080_3,False,,318.848314606741,19
1080_4,False,,318.848314606741,19
1080_5,False,,318.848314606741,19
1081_1,True,,281.862857142857,19
1081_2,False,,281.862857142857,19
1081_3,False,,281.862857142857,19
1081_4,False,,281.862857142857,19
1082_1,True,,318.848314606741,19
1083_1,True,,281.862857142857,19
1083_2,False,,281.862857142857,19
1083_3,False,,281.862857142857,19
1084_1,True,,318.848314606741,19
1084_2,False,,318.848314606741,19
1084_3,False,,318.848314606741,19
1084_4,False,,318.848314606741,19
1085_1,True,,281.862857142857,19
1085_2,False,,281.862857142857,19
1085_3,False,,281.862857142857,19
1086_1,True,,318.848314606741,19
1086_2,False,,318.848314606741,19
1087_1,True,,281.862857142857,19
1087_2,False,,281.862857142857,19
1087_3,False,,281.862857142857,19
1087_4,False,,281.862857142857,19
1088_1,True,,318.848314606741,19
1088_2,False,,318.848314606741,19
1088_3,False,,318.848314606741,19
1088_4,False,,318.848314606741,19
1089_1,True,,281.862857142857,19
1089_2,False,,281.862857142857,19
1089_3,False,,281.862857142857,19
1090_1,True,,318.848314606742,19
1090_2,False,,318.848314606742,19
1090_3,False,,318.848314606742,19
1091_1,True,,281.862857142857,19
1091_2,False,,281.862857142857,19
1092_1,True,,318.848314606741,19
1093_1,True,,281.862857142857,19
1094_1,True,,318.848314606741,19
1094_2,False,,318.848314606741,19
1095_1,True,,281.862857142857,19
1095_2,False,,281.862857142857,19
1096_1,True,,318.848314606741,19
1096_2,False,,318.848314606741,19
1096_3,False,,318.848314606741,19
1096_4,False,,318.848314606741,19
1097_1,True,,281.862857142857,19
1098_1,True,,318.848314606742,19
1098_2,False,,318.848314606742,19
1098_3,False,,318.848314606742,19
1099_1,True,,281.862857142857,19
1099_2,False,,281.862857142857,19
1099_3,False,,281.862857142857,19
1100_1,True,,318.848314606741,19
1100_2,False,,318.848314606741,19
1100_3,False,,318.848314606741,19
1100_4,False,,318.848314606741,19
1101_1,True,,281.862857142857,19
1101_2,False,,281.862857142857,19
1101_3,False,,281.862857142857,19
1101_4,False,,281.862857142857,19
1102_1,True,,318.848314606742,19
1102_2,False,,318.848314606742,19
1103_1,True,,281.862857142857,19
1103_2,False,,281.862857142857,19
1103_3,False,,281.862857142857,19
1104_1,True,,318.848314606742,19
1104_2,False,,318.848314606742,19
1104_3,False,,318.848314606742,19
1105_1,True,,281.862857142857,19
1105_2,False,,281.862857142857,19
1106_1,True,,318.848314606741,19
1106_2,False,,318.848314606741,19
1107_1,True,,281.862857142857,19
1108_1,True,,318.848314606741,19
1108_2,False,,318.848314606741,19
1108_3,False,,318.848314606741,19
1108_4,False,,318.848314606741,19
1109_1,True,,281.862857142857,19
1110_1,True,,318.848314606741,19
1110_2,False,,318.848314606741,19
1110_3,False,,318.848314606741,19
1111_1,True,,281.862857142857,19
1111_2,False,,281.862857142857,19
1112_1,True,,318.848314606741,19
1112_2,False,,318.848314606741,19
1113_1,True,,281.862857142857,19
1113_2,False,,281.862857142857,19
1113_3,False,,281.862857142857,19
1114_1,True,,318.848314606741,19
1114_2,False,,318.848314606741,19
1115_1,True,,281.862857142857,19
1115_2,False,,281.862857142857,19
1115_3,False,,281.862857142857,19
1115_4,False,,281.862857142857,19
1115_5,False,,281.862857142857,19
1116_1,True,,318.848314606741,19
1116_2,False,,318.848314606741,19
1117_1,True,,281.862857142857,19
1117_2,False,,281.862857142857,19
1118_1,True,,318.848314606741,19
1118_2,False,,318.848314606741,19
1118_3,False,,318.848314606741,19
1119_1,True,,281.862857142857,19
1120_1,True,,318.848314606742,19
1121_1,True,,281.862857142857,19
1121_2,False,,281.862857142857,19
1121_3,False,,281.862857142857,19
1122_1,True,,318.848314606741,19
1123_1,True,,281.862857142857,19
1123_2,False,,281.862857142857,19
1124_1,True,,318.848314606741,19
1124_2,False,,318.848314606741,19
1124_3,False,,318.848314606741,19
1125_1,True,,281.862857142857,19
1126_1,True,,318.848314606741,19
1126_2,False,,318.848314606741,19
1127_1,True,,281.862857142857,19
1128_1,True,,318.848314606741,19
1128_2,False,,318.848314606741,19
1129_1,True,,281.862857142857,19
1129_2,False,,281.862857142857,19
1130_1,True,,318.848314606741,19
1130_2,False,,318.848314606741,19
1130_3,False,,318.848314606741,19
1131_1,True,,281.862857142857,19
1131_2,False,,281.862857142857,19
1132_1,True,,318.848314606741,19
1132_2,False,,318.848314606741,19
1132_3,False,,318.848314606741,19
1133_1,True,,281.862857142857,19
1134_1,True,,318.848314606741,19
1135_1,True,,281.862857142857,19
1135_2,False,,281.862857142857,19
1136_1,True,,318.848314606741,19
1136_2,False,,318.848314606741,19
1136_3,False,,318.848314606741,19
1137_1,True,,281.862857142857,19
1137_2,False,,281.862857142857,19
1138_1,True,,318.848314606742,19
1138_2,False,,318.848314606742,19
1138_3,False,,318.848314606742,19
1138_4,False,,318.848314606742,19
1139_1,True,,281.862857142857,19
1139_2,False,,281.862857142857,19
1139_3,False,,281.862857142857,19
1140_1,True,,318.848314606741,19
1140_2,False,,318.848314606741,19
1140_3,False,,318.848314606741,19
1141_1,True,,281.862857142857,19
1141_2,False,,281.862857142857,19
1141_3,False,,281.862857142857,19
1141_4,False,,281.862857142857,19
1141_5,False,,281.862857142857,19
1141_6,False,,281.862857142857,19
1142_1,True,,318.848314606741,19
1142_2,False,,318.848314606741,19
1142_3,False,,318.848314606741,19
1142_4,False,,318.848314606741,19
1142_5,False,,318.848314606741,19
1143_1,True,,281.862857142857,19
1143_2,False,,281.862857142857,19
1143_3,False,,281.862857142857,19
1143_4,False,,281.862857142857,19
1144_1,True,,318.848314606741,19
1144_2,False,,318.848314606741,19
1144_3,False,,318.848314606741,19
1144_4,False,,318.848314606741,19
1144_5,False,,318.848314606741,19
1145_1,True,,281.862857142857,19
1145_2,False,,281.862857142857,19
1146_1,True,,318.848314606742,19
1146_2,False,,318.848314606742,19
1146_3,False,,318.848314606742,19
1147_1,True,,281.862857142857,19
1148_1,True,,318.848314606741,19
1148_2,False,,318.848314606741,19
1148_3,False,,318.848314606741,19
1148_4,False,,318.848314606741,19
1148_5,False,,318.848314606741,19
1149_1,True,,281.862857142857,19
1149_2,False,,281.862857142857,19
1149_3,False,,281.862857142857,19
1150_1,True,,318.848314606741,19
1150_2,False,,318.848314606741,19
1151_1,True,,281.862857142857,19
1151_2,False,,281.862857142857,19
1152_1,True,,318.848314606741,19
1152_2,False,,318.848314606741,19
1153_1,True,,281.862857142857,19
1154_1,True,,318.848314606741,19
1154_2,False,,318.848314606741,19
1154_3,False,,318.848314606741,19
1155_1,True,,281.862857142857,19
1155_2,False,,281.862857142857,19
1155_3,False,,281.862857142857,19
1155_4,False,,281.862857142857,19
1155_5,False,,281.862857142857,19
1156_1,True,,318.848314606741,19
1156_2,False,,318.848314606741,19
1156_3,False,,318.848314606741,19
1157_1,True,,281.862857142857,19
1157_2,False,,281.862857142857,19
1157_3,False,,281.862857142857,19
1158_1,True,,318.848314606741,19
1158_2,False,,318.848314606741,19
1159_1,True,,281.862857142857,19
1159_2,False,,281.862857142857,19
1160_1,True,,318.848314606741,19
1160_2,False,,318.848314606741,19
1161_1,True,,281.862857142857,19
1161_2,False,,281.862857142857,19
1162_1,True,,318.848314606742,19
1162_2,False,,318.848314606742,19
1162_3,False,,318.848314606742,19
1163_1,True,,281.862857142857,19
1164_1,True,,318.848314606741,19
1164_2,False,,318.848314606741,19
1164_3,False,,318.848314606741,19
1164_4,False,,318.848314606741,19
1165_1,True,,281.862857142857,19
1165_2,False,,281.862857142857,19
1165_3,False,,281.862857142857,19
1165_4,False,,281.862857142857,19
1166_1,True,,318.848314606741,19
1166_2,False,,318.848314606741,19
1167_1,True,,281.862857142857,19
1167_2,False,,281.862857142857,19
1167_3,False,,281.862857142857,19
1167_4,False,,281.862857142857,19
1168_1,True,,318.848314606741,19
1168_2,False,,318.848314606741,19
1169_1,True,,281.862857142857,19
1169_2,False,,281.862857142857,19
1170_1,True,,318.848314606741,19
1170_2,False,,318.848314606741,19
1171_1,True,,281.862857142857,19
1171_2,False,,281.862857142857,19
1171_3,False,,281.862857142857,19
1172_1,True,,318.848314606741,19
1172_2,False,,318.848314606741,19
1173_1,True,,281.862857142857,19
1173_2,False,,281.862857142857,19
1174_1,True,,318.848314606741,19
1174_2,False,,318.848314606741,19
1174_3,False,,318.848314606741,19
1175_1,True,,281.862857142857,19
1175_2,False,,281.862857142857,19
1176_1,True,,318.848314606742,19
1176_2,False,,318.848314606742,19
1176_3,False,,318.848314606742,19
1177_1,True,,281.862857142857,19
1177_2,False,,281.862857142857,19
1178_1,True,,318.848314606742,19
1178_2,False,,318.848314606742,19
1179_1,True,,281.862857142857,19
1179_2,False,,281.862857142857,19
1180_1,True,,318.848314606742,19
1180_2,False,,318.848314606742,19
1180_3,False,,318.848314606742,19
1181_1,True,,281.862857142857,19
1182_1,True,,318.848314606741,19
1182_2,False,,318.848314606741,19
1182_3,False,,318.848314606741,19
1183_1,True,,281.862857142857,19
1183_2,False,,281.862857142857,19
1184_1,True,,318.848314606741,19
1184_2,False,,318.848314606741,19
1185_1,True,,281.862857142857,19
1185_2,False,,281.862857142857,19
1185_3,False,,281.862857142857,19
1186_1,True,,318.848314606741,19
1186_2,False,,318.848314606741,19
1187_1,True,,281.862857142857,19
1187_2,False,,281.862857142857,19
1188_1,True,,318.848314606741,19
1189_1,True,,281.862857142857,19
1189_2,False,,281.862857142857,19
1189_3,False,,281.862857142857,19
1189_4,False,,281.862857142857,19
1189_5,False,,281.862857142857,19
1190_1,True,,318.848314606741,19
1190_2,False,,318.848314606741,19
1191_1,True,,281.862857142857,19
1191_2,False,,281.862857142857,19
1191_3,False,,281.862857142857,19
1192_1,True,,318.848314606741,19
1192_2,False,,318.848314606741,19
1192_3,False,,318.848314606741,19
1193_1,True,,281.862857142857,19
1193_2,False,,281.862857142857,19
1193_3,False,,281.862857142857,19
1194_1,True,,318.848314606741,19
1194_2,False,,318.848314606741,19
1194_3,False,,318.848314606741,19
1194_4,False,,318.848314606741,19
1195_1,True,,318.848314606741,19
1196_1,True,,318.848314606741,19
1196_2,False,,318.848314606741,19
1196_3,False,,318.848314606741,19
1197_1,True,,281.862857142857,19
1197_2,False,,281.862857142857,19
1198_1,True,,318.848314606741,19
1199_1,True,,281.862857142857,19
1199_2,False,,281.862857142857,19
1200_1,True,,318.848314606741,19
1200_2,False,,318.848314606741,19
1200_3,False,,318.848314606741,19
1200_4,False,,318.848314606741,19
1201_1,True,,281.862857142857,19
1201_2,False,,281.862857142857,19
1201_3,False,,281.862857142857,19
1201_4,False,,281.862857142857,19
1202_1,True,,318.848314606741,19
1202_2,False,,318.848314606741,19
1203_1,True,,281.862857142857,19
1204_1,True,,318.848314606741,19
1204_2,False,,318.848314606741,19
1205_1,True,,281.862857142857,19
1205_2,False,,281.862857142857,19
1205_3,False,,281.862857142857,19
1206_1,True,,318.848314606742,19
1206_2,False,,318.848314606742,19
1206_3,False,,318.848314606742,19
1206_4,False,,318.848314606742,19
1207_1,True,,281.862857142857,19
1207_2,False,,281.862857142857,19
1207_3,False,,281.862857142857,19
1207_4,False,,281.862857142857,19
1208_1,True,,318.848314606741,19
1208_2,False,,318.848314606741,19
1209_1,True,,281.862857142857,19
1209_2,False,,281.862857142857,19
1210_1,True,,318.848314606741,19
1210_2,False,,318.848314606741,19
1210_3,False,,318.848314606741,19
1211_1,True,,281.862857142857,19
1211_2,False,,281.862857142857,19
1211_3,False,,281.862857142857,19
1212_1,True,,318.848314606741,19
1212_2,False,,318.848314606741,19
1213_1,True,,281.862857142857,19
1213_2,False,,281.862857142857,19
1213_3,False,,281.862857142857,19
1213_4,False,,281.862857142857,19
1213_5,False,,281.862857142857,19
1214_1,True,,318.848314606741,19
1214_2,False,,318.848314606741,19
1215_1,True,,281.862857142857,19
1215_2,False,,281.862857142857,19
1215_3,False,,281.862857142857,19
1216_1,True,,318.848314606741,19
1216_2,False,,318.848314606741,19
1217_1,True,,281.862857142857,19
1217_2,False,,281.862857142857,19
1217_3,False,,281.862857142857,19
1217_4,False,,281.862857142857,19
1218_1,True,,318.848314606741,19
1218_2,False,,318.848314606741,19
1218_3,False,,318.848314606741,19
1219_1,True,,281.862857142857,19
1220_1,True,,318.848314606742,19
1221_1,True,,281.862857142857,19
1221_2,False,,281.862857142857,19
1221_3,False,,281.862857142857,19
1221_4,False,,281.862857142857,19
1221_5,False,,281.862857142857,19
1222_1,True,,318.848314606741,19
1222_2,False,,318.848314606741,19
1222_3,False,,318.848314606741,19
1223_1,True,,281.862857142857,19
1224_1,True,,318.848314606741,19
1224_2,False,,318.848314606741,19
1225_1,True,,281.862857142857,19
1226_1,True,,318.848314606741,19
1226_2,False,,318.848314606741,19
1227_1,True,,281.862857142857,19
1227_2,False,,281.862857142857,19
1227_3,False,,281.862857142857,19
1228_1,True,,318.848314606741,19
1228_2,False,,318.848314606741,19
1229_1,True,,281.862857142857,19
1229_2,False,,281.862857142857,19
1229_3,False,,281.862857142857,19
1229_4,False,,281.862857142857,19
1230_1,True,,318.848314606741,19
1230_2,False,,318.848314606741,19
1230_3,False,,318.848314606741,19
1231_1,True,,281.862857142857,19
1232_1,True,,318.848314606741,19
1232_2,False,,318.848314606741,19
1233_1,True,,281.862857142857,19
1233_2,False,,281.862857142857,19
1234_1,True,,318.848314606741,19
1234_2,False,,318.848314606741,19
1234_3,False,,318.848314606741,19
1234_4,False,,318.848314606741,19
1234_5,False,,318.848314606741,19
1235_1,True,,281.862857142857,19
1235_2,False,,281.862857142857,19
1235_3,False,,281.862857142857,19
1235_4,False,,281.862857142857,19
1236_1,True,,318.848314606741,19
1236_2,False,,318.848314606741,19
1237_1,True,,281.862857142857,19
1237_2,False,,281.862857142857,19
1237_3,False,,281.862857142857,19
1238_1,True,,318.848314606741,19
1238_2,False,,318.848314606741,19
1238_3,False,,318.848314606741,19
1239_1,True,,281.862857142857,19
1239_2,False,,281.862857142857,19
1239_3,False,,281.862857142857,19
1240_1,True,,318.848314606741,19
1240_2,False,,318.848314606741,19
1240_3,False,,318.848314606741,19
1241_1,True,,281.862857142857,19
1241_2,False,,281.862857142857,19
1241_3,False,,281.862857142857,19
1242_1,True,,318.848314606741,19
1242_2,False,,318.848314606741,19
1242_3,False,,318.848314606741,19
1242_4,False,,318.848314606741,19
1243_1,True,,281.862857142857,19
1243_2,False,,281.862857142857,19
1243_3,False,,281.862857142857,19
1243_4,False,,281.862857142857,19
1244_1,True,,318.848314606741,19
1244_2,False,,318.848314606741,19
1244_3,False,,318.848314606741,19
1244_4,False,,318.848314606741,19
1244_5,False,,318.848314606741,19
1245_1,True,,281.862857142857,19
1245_2,False,,281.862857142857,19
1245_3,False,,281.862857142857,19
1245_4,False,,281.862857142857,19
1246_1,True,,318.848314606741,19
1246_2,False,,318.848314606741,19
1247_1,True,,281.862857142857,19
1247_2,False,,281.862857142857,19
1247_3,False,,281.862857142857,19
1248_1,True,,318.848314606741,19
1249_1,True,,281.862857142857,19
1249_2,False,,281.862857142857,19
1250_1,True,,318.848314606741,19
1250_2,False,,318.848314606741,19
1250_3,False,,318.848314606741,19
1250_4,False,,318.848314606741,19
1251_1,True,,281.862857142857,19
1251_2,False,,281.862857142857,19
1251_3,False,,281.862857142857,19
1251_4,False,,281.862857142857,19
1252_1,True,,318.848314606741,19
1252_2,False,,318.848314606741,19
1252_3,False,,318.848314606741,19
1253_1,True,,281.862857142857,19
1254_1,True,,318.848314606741,19
1254_2,False,,318.848314606741,19
1254_3,False,,318.848314606741,19
1254_4,False,,318.848314606741,19
1255_1,True,,281.862857142857,19
1255_2,False,,281.862857142857,19
1256_1,True,,318.848314606742,19
1256_2,False,,318.848314606742,19
1256_3,False,,318.848314606742,19
1256_4,False,,318.848314606742,19
1257_1,True,,281.862857142857,19
1257_2,False,,281.862857142857,19
1257_3,False,,281.862857142857,19
1257_4,False,,281.862857142857,19
1258_1,True,,318.848314606742,19
1258_2,False,,318.848314606742,19
1258_3,False,,318.848314606742,19
1259_1,True,,281.862857142857,19
1259_2,False,,281.862857142857,19
1259_3,False,,281.862857142857,19
1259_4,False,,281.862857142857,19
1260_1,True,,318.848314606741,19
1260_2,False,,318.848314606741,19
1260_3,False,,318.848314606741,19
1260_4,False,,318.848314606741,19
1261_1,True,,281.862857142857,19
1261_2,False,,281.862857142857,19
1261_3,False,,281.862857142857,19
1261_4,False,,281.862857142857,19
1262_1,True,,318.848314606741,19
1262_2,False,,318.848314606741,19
1262_3,False,,318.848314606741,19
1262_4,False,,318.848314606741,19
1262_5,False,,318.848314606741,19
1263_1,True,,281.862857142857,19
1264_1,True,,318.848314606741,19
1264_2,False,,318.848314606741,19
1264_3,False,,318.848314606741,19
1264_4,False,,318.848314606741,19
1265_1,True,,281.862857142857,19
1265_2,False,,281.862857142857,19
1265_3,False,,281.862857142857,19
1265_4,False,,281.862857142857,19
1265_5,False,,281.862857142857,19
1266_1,True,,318.848314606741,19
1266_2,False,,318.848314606741,19
1266_3,False,,318.848314606741,19
1266_4,False,,318.848314606741,19
1267_1,True,,281.862857142857,19
1267_2,False,,281.862857142857,19
1267_3,False,,281.862857142857,19
1268_1,True,,318.848314606741,19
1268_2,False,,318.848314606741,19
1268_3,False,,318.848314606741,19
1268_4,False,,318.848314606741,19
1269_1,True,,281.862857142857,19
1269_2,False,,281.862857142857,19
1269_3,False,,281.862857142857,19
1269_4,False,,281.862857142857,19
1270_1,True,,318.848314606742,19
1270_2,False,,318.848314606742,19
1270_3,False,,318.848314606742,19
1271_1,True,,281.862857142857,19
1271_2,False,,281.862857142857,19
1272_1,True,,318.848314606741,19
1272_2,False,,318.848314606741,19
1272_3,False,,318.848314606741,19
1273_1,True,,281.862857142857,19
1273_2,False,,281.862857142857,19
1273_3,False,,281.862857142857,19
1274_1,True,,318.848314606741,19
1274_2,False,,318.848314606741,19
1274_3,False,,318.848314606741,19
1274_4,False,,318.848314606741,19
1275_1,True,,281.862857142857,19
1275_2,False,,281.862857142857,19
1276_1,True,,318.848314606742,19
1276_2,False,,318.848314606742,19
1277_1,True,,281.862857142857,19
1277_2,False,,281.862857142857,19
1278_1,True,,318.848314606742,19
1278_2,False,,318.848314606742,19
1278_3,False,,318.848314606742,19
1279_1,True,,281.862857142857,19
1279_2,False,,281.862857142857,19
1279_3,False,,281.862857142857,19
1279_4,False,,281.862857142857,19
1280_1,True,,318.848314606741,19
1280_2,False,,318.848314606741,19
1280_3,False,,318.848314606741,19
1280_4,False,,318.848314606741,19
1281_1,True,,281.862857142857,19
1281_2,False,,281.862857142857,19
1281_3,False,,281.862857142857,19
1282_1,True,,318.848314606741,19
1282_2,False,,318.848314606741,19
1282_3,False,,318.848314606741,19
1283_1,True,,281.862857142857,19
1283_2,False,,281.862857142857,19
1284_1,True,,318.848314606741,19
1284_2,False,,318.848314606741,19
1284_3,False,,318.848314606741,19
1285_1,True,,281.862857142857,19
1286_1,True,,318.848314606741,19
1286_2,False,,318.848314606741,19
1287_1,True,,281.862857142857,19
1288_1,True,,318.848314606741,19
1288_2,False,,318.848314606741,19
1289_1,True,,281.862857142857,19
1289_2,False,,281.862857142857,19
1289_3,False,,281.862857142857,19
1290_1,True,,318.848314606741,19
1290_2,False,,318.848314606741,19
1291_1,True,,281.862857142857,19
1292_1,True,,318.848314606741,19
1292_2,False,,318.848314606741,19
1292_3,False,,318.848314606741,19
1293_1,True,,281.862857142857,19
1293_2,False,,281.862857142857,19
1293_3,False,,281.862857142857,19
1293_4,False,,281.862857142857,19
1294_1,True,,318.848314606741,19
1294_2,False,,318.848314606741,19
1294_3,False,,318.848314606741,19
1294_4,False,,318.848314606741,19
1294_5,False,,318.848314606741,19
1295_1,True,,281.862857142857,19
1295_2,False,,281.862857142857,19
1295_3,False,,281.862857142857,19
1296_1,True,,318.848314606741,19
1296_2,False,,318.848314606741,19
1297_1,True,,281.862857142857,19
1297_2,False,,281.862857142857,19
1297_3,False,,281.862857142857,19
1297_4,False,,281.862857142857,19
1297_5,False,,281.862857142857,19
1298_1,True,,318.848314606741,19
1298_2,False,,318.848314606741,19
1299_1,True,,281.862857142857,19
1299_2,False,,281.862857142857,19
1300_1,True,,318.848314606741,19
1300_2,False,,318.848314606741,19
1301_1,True,,281.862857142857,19
1301_2,False,,281.862857142857,19
1301_3,False,,281.862857142857,19
1302_1,True,,318.848314606741,19
1302_2,False,,318.848314606741,19
1302_3,False,,318.848314606741,19
1302_4,False,,318.848314606741,19
1303_1,True,,281.862857142857,19
1303_2,False,,281.862857142857,19
1303_3,False,,281.862857142857,19
1304_1,True,,318.848314606741,19
1304_2,False,,318.848314606741,19
1305_1,True,,281.862857142857,19
1305_2,False,,281.862857142857,19
1305_3,False,,281.862857142857,19
1306_1,True,,281.862857142857,19
1306_2,False,,281.862857142857,19
1307_1,True,,281.862857142857,19
1307_2,False,,281.862857142857,19
1307_3,False,,281.862857142857,19
1307_4,False,,281.862857142857,19
1308_1,True,,318.848314606741,19
1308_2,False,,318.848314606741,19
1308_3,False,,318.848314606741,19
1308_4,False,,318.848314606741,19
1309_1,True,,318.848314606742,19
1309_2,False,,318.848314606742,19
1309_3,False,,318.848314606742,19
1309_4,False,,318.848314606742,19
1310_1,True,,318.848314606742,19
1310_2,False,,318.848314606742,19
1310_3,False,,318.848314606742,19
1311_1,True,,281.862857142857,19
1311_2,False,,281.862857142857,19
1311_3,False,,281.862857142857,19
1311_4,False,,281.862857142857,19
1312_1,True,,318.848314606742,19
1312_2,False,,318.848314606742,19
1313_1,True,,281.862857142857,19
1313_2,False,,281.862857142857,19
1313_3,False,,281.862857142857,19
1313_4,False,,281.862857142857,19
1314_1,True,,318.848314606741,19
1315_1,True,,281.862857142857,19
1315_2,False,,281.862857142857,19
1315_3,False,,281.862857142857,19
1316_1,True,,318.848314606741,19
1316_2,False,,318.848314606741,19
1317_1,True,,281.862857142857,19
1318_1,True,,318.848314606742,19
1318_2,False,,318.848314606742,19
1319_1,True,,281.862857142857,19
1319_2,False,,281.862857142857,19
1320_1,True,,318.848314606741,19
1320_2,False,,318.848314606741,19
1320_3,False,,318.848314606741,19
1320_4,False,,318.848314606741,19
1321_1,True,,281.862857142857,19
1321_2,False,,281.862857142857,19
1322_1,True,,318.848314606741,19
1322_2,False,,318.848314606741,19
1322_3,False,,318.848314606741,19
1323_1,True,,281.862857142857,19
1324_1,True,,318.848314606742,19
1324_2,False,,318.848314606742,19
1325_1,True,,281.862857142857,19
1326_1,True,,318.848314606742,19
1326_2,False,,318.848314606742,19
1326_3,False,,318.848314606742,19
1327_1,True,,281.862857142857,19
1327_2,False,,281.862857142857,19
1327_3,False,,281.862857142857,19
1328_1,True,,318.848314606742,19
1328_2,False,,318.848314606742,19
1328_3,False,,318.848314606742,19
1329_1,True,,281.862857142857,19
1329_2,False,,281.862857142857,19
1329_3,False,,281.862857142857,19
1329_4,False,,281.862857142857,19
1330_1,True,,318.848314606741,19
1330_2,False,,318.848314606741,19
1331_1,True,,281.862857142857,19
1331_2,False,,281.862857142857,19
1331_3,False,,281.862857142857,19
1332_1,True,,318.848314606742,19
1332_2,False,,318.848314606742,19
1333_1,True,,281.862857142857,19
1333_2,False,,281.862857142857,19
1333_3,False,,281.862857142857,19
1333_4,False,,281.862857142857,19
1334_1,True,,318.848314606741,19
1334_2,False,,318.848314606741,19
1335_1,True,,281.862857142857,19
1336_1,True,,318.848314606741,19
1336_2,False,,318.848314606741,19
1337_1,True,,281.862857142857,19
1337_2,False,,281.862857142857,19
1337_3,False,,281.862857142857,19
1338_1,True,,318.848314606742,19
1339_1,True,,281.862857142857,19
1339_2,False,,281.862857142857,19
1339_3,False,,281.862857142857,19
1339_4,False,,281.862857142857,19
1340_1,True,,318.848314606741,19
1340_2,False,,318.848314606741,19
1341_1,True,,281.862857142857,19
1342_1,True,,318.848314606741,19
1342_2,False,,318.848314606741,19
1343_1,True,,281.862857142857,19
1343_2,False,,281.862857142857,19
1343_3,False,,281.862857142857,19
1344_1,True,,318.848314606741,19
1344_2,False,,318.848314606741,19
1344_3,False,,318.848314606741,19
1345_1,True,,281.862857142857,19
1345_2,False,,281.862857142857,19
1345_3,False,,281.862857142857,19
1345_4,False,,281.862857142857,19
1346_1,True,,318.848314606741,19
1346_2,False,,318.848314606741,19
1346_3,False,,318.848314606741,19
1347_1,True,,281.862857142857,19
1347_2,False,,281.862857142857,19
1347_3,False,,281.862857142857,19
1348_1,True,,318.848314606741,19
1348_2,False,,318.848314606741,19
1349_1,True,,281.862857142857,19
1350_1,True,,318.848314606741,19
1350_2,False,,318.848314606741,19
1351_1,True,,281.862857142857,19
1351_2,False,,281.862857142857,19
1351_3,False,,281.862857142857,19
1351_4,False,,281.862857142857,19
1352_1,True,,318.848314606741,19
1352_2,False,,318.848314606741,19
1352_3,False,,318.848314606741,19
1353_1,True,,281.862857142857,19
1353_2,False,,281.862857142857,19
1354_1,True,,318.848314606741,19
1354_2,False,,318.848314606741,19
1355_1,True,,281.862857142857,19
1355_2,False,,281.862857142857,19
1356_1,True,,318.848314606742,19
1356_2,False,,318.848314606742,19
1357_1,True,,281.862857142857,19
1357_2,False,,281.862857142857,19
1357_3,False,,281.862857142857,19
1357_4,False,,281.862857142857,19
1358_1,True,,318.848314606741,19
1358_2,False,,318.848314606741,19
1358_3,False,,318.848314606741,19
1358_4,False,,318.848314606741,19
1359_1,True,,281.862857142857,19
1359_2,False,,281.862857142857,19
1360_1,True,,318.848314606741,19
1360_2,False,,318.848314606741,19
1360_3,False,,318.848314606741,19
1361_1,True,,281.862857142857,19
1361_2,False,,281.862857142857,19
1362_1,True,,318.848314606742,19
1362_2,False,,318.848314606742,19
1362_3,False,,318.848314606742,19
1362_4,False,,318.848314606742,19
1363_1,True,,281.862857142857,19
1363_2,False,,281.862857142857,19
1363_3,False,,281.862857142857,19
1364_1,True,,318.848314606741,19
1364_2,False,,318.848314606741,19
1365_1,True,,281.862857142857,19
1365_2,False,,281.862857142857,19
1365_3,False,,281.862857142857,19
1366_1,True,,318.848314606741,19
1366_2,False,,318.848314606741,19
1366_3,False,,318.848314606741,19
1366_4,False,,318.848314606741,19
1366_5,False,,318.848314606741,19
1367_1,True,,281.862857142857,19
1367_2,False,,281.862857142857,19
1368_1,True,,318.848314606741,19
1368_2,False,,318.848314606741,19
1369_1,True,,281.862857142857,19
1369_2,False,,281.862857142857,19
1369_3,False,,281.862857142857,19
1369_4,False,,281.862857142857,19
1370_1,True,,318.848314606741,19
1370_2,False,,318.848314606741,19
1370_3,False,,318.848314606741,19
1370_4,False,,318.848314606741,19
1371_1,True,,281.862857142857,19
1371_2,False,,281.862857142857,19
1372_1,True,,318.848314606741,19
1372_2,False,,318.848314606741,19
1373_1,True,,281.862857142857,19
1373_2,False,,281.862857142857,19
1373_3,False,,281.862857142857,19
1373_4,False,,281.862857142857,19
1374_1,True,,318.848314606741,19
1374_2,False,,318.848314606741,19
1374_3,False,,318.848314606741,19
1375_1,True,,281.862857142857,19
1375_2,False,,281.862857142857,19
1375_3,False,,281.862857142857,19
1376_1,True,,318.848314606741,19
1376_2,False,,318.848314606741,19
1376_3,False,,318.848314606741,19
1377_1,True,,281.862857142857,19
1377_2,False,,281.862857142857,19
1378_1,True,,318.848314606741,19
1378_2,False,,318.848314606741,19
1378_3,False,,318.848314606741,19
1378_4,False,,318.848314606741,19
1379_1,True,,281.862857142857,19
1379_2,False,,281.862857142857,19
1379_3,False,,281.862857142857,19
1379_4,False,,281.862857142857,19
1379_5,False,,281.862857142857,19
1380_1,True,,318.848314606742,19
1381_1,True,,281.862857142857,19
1381_2,False,,281.862857142857,19
1381_3,False,,281.862857142857,19
1382_1,True,,318.848314606741,19
1382_2,False,,318.848314606741,19
1382_3,False,,318.848314606741,19
1383_1,True,,281.862857142857,19
1384_1,True,,318.848314606741,19
1384_2,False,,318.848314606741,19
1384_3,False,,318.848314606741,19
1384_4,False,,318.848314606741,19
1385_1,True,,281.862857142857,19
1386_1,True,,318.848314606741,19
1386_2,False,,318.848314606741,19
1386_3,False,,318.848314606741,19
1387_1,True,,281.862857142857,19
1387_2,False,,281.862857142857,19
1387_3,False,,281.862857142857,19
1387_4,False,,281.862857142857,19
1388_1,True,,318.848314606741,19
1388_2,False,,318.848314606741,19
1388_3,False,,318.848314606741,19
1389_1,True,,281.862857142857,19
1389_2,False,,281.862857142857,19
1389_3,False,,281.862857142857,19
1389_4,False,,281.862857142857,19
1390_1,True,,318.848314606741,19
1390_2,False,,318.848314606741,19
1390_3,False,,318.848314606741,19
1390_4,False,,318.848314606741,19
1391_1,True,,281.862857142857,19
1391_2,False,,281.862857142857,19
1391_3,False,,281.862857142857,19
1392_1,True,,318.848314606741,19
1392_2,False,,318.848314606741,19
1393_1,True,,281.862857142857,19
1393_2,False,,281.862857142857,19
1393_3,False,,281.862857142857,19
1394_1,True,,318.848314606741,19
1394_2,False,,318.848314606741,19
1394_3,False,,318.848314606741,19
1394_4,False,,318.848314606741,19
1395_1,True,,281.862857142857,19
1395_2,False,,281.862857142857,19
1395_3,False,,281.862857142857,19
1395_4,False,,281.862857142857,19
1396_1,True,,318.848314606741,19
1396_2,False,,318.848314606741,19
1396_3,False,,318.848314606741,19
1396_4,False,,318.848314606741,19
1396_5,False,,318.848314606741,19
1397_1,True,,281.862857142857,19
1397_2,False,,281.862857142857,19
1397_3,False,,281.862857142857,19
1398_1,True,,318.848314606741,19
1398_2,False,,318.848314606741,19
1399_1,True,,281.862857142857,19
1399_2,False,,281.862857142857,19
1400_1,True,,318.848314606742,19
1400_2,False,,318.848314606742,19
1401_1,True,,281.862857142857,19
1401_2,False,,281.862857142857,19
1401_3,False,,281.862857142857,19
1401_4,False,,281.862857142857,19
1401_5,False,,281.862857142857,19
1402_1,True,,318.848314606741,19
1402_2,False,,318.848314606741,19
1402_3,False,,318.848314606741,19
1403_1,True,,281.862857142857,19
1403_2,False,,281.862857142857,19
1403_3,False,,281.862857142857,19
1403_4,False,,281.862857142857,19
1404_1,True,,318.848314606741,19
1404_2,False,,318.848314606741,19
1404_3,False,,318.848314606741,19
1405_1,True,,281.862857142857,19
1405_2,False,,281.862857142857,19
1405_3,False,,281.862857142857,19
1405_4,False,,281.862857142857,19
1405_5,False,,281.862857142857,19
1406_1,True,,318.848314606741,19
1406_2,False,,318.848314606741,19
1407_1,True,,281.862857142857,19
1408_1,True,,318.848314606742,19
1408_2,False,,318.848314606742,19
1408_3,False,,318.848314606742,19
1408_4,False,,318.848314606742,19
1409_1,True,,281.862857142857,19
1409_2,False,,281.862857142857,19
1409_3,False,,281.862857142857,19
1410_1,True,,318.848314606742,19
1410_2,False,,318.848314606742,19
1410_3,False,,318.848314606742,19
1410_4,False,,318.848314606742,19
1411_1,True,,281.862857142857,19
1411_2,False,,281.862857142857,19
1411_3,False,,281.862857142857,19
1412_1,True,,318.848314606741,19
1412_2,False,,318.848314606741,19
1412_3,False,,318.848314606741,19
1412_4,False,,318.848314606741,19
1413_1,True,,989.578651685394,21
1413_2,False,,989.578651685394,21
1413_3,False,,989.578651685394,21
1414_1,True,,1009.22159090909,21
1414_2,False,,1009.22159090909,21
1414_3,False,,1009.22159090909,21
1415_1,True,,989.578651685394,21
1415_2,False,,989.578651685394,21
1416_1,True,,1009.22159090909,21
1416_2,False,,1009.22159090909,21
1417_1,True,,989.578651685394,21
1417_2,False,,989.578651685394,21
1417_3,False,,989.578651685394,21
1418_1,True,,1009.22159090909,21
1418_2,False,,1009.22159090909,21
1418_3,False,,1009.22159090909,21
1419_1,True,,989.578651685394,21
1419_2,False,,989.578651685394,21
1420_1,True,,1009.22159090909,21
1420_2,False,,1009.22159090909,21
1420_3,False,,1009.22159090909,21
1421_1,True,,989.578651685394,21
1421_2,False,,989.578651685394,21
1422_1,True,,1009.22159090909,21
1422_2,False,,1009.22159090909,21
1422_3,False,,1009.22159090909,21
1422_4,False,,1009.22159090909,21
1423_1,True,,989.578651685394,21
1423_2,False,,989.578651685394,21
1423_3,False,,989.578651685394,21
1423_4,False,,989.578651685394,21
1424_1,True,,989.578651685394,21
1424_2,False,,989.578651685394,21
1424_3,False,,989.578651685394,21
1424_4,False,,989.578651685394,21
1424_5,False,,989.578651685394,21
1424_6,False,,989.578651685394,21
1425_1,True,,989.578651685394,21
1425_2,False,,989.578651685394,21
1426_1,True,,1009.22159090909,21
1426_2,False,,1009.22159090909,21
1426_3,False,,1009.22159090909,21
1426_4,False,,1009.22159090909,21
1427_1,True,,989.578651685394,21
1427_2,False,,989.578651685394,21
1428_1,True,,1009.22159090909,21
1428_2,False,,1009.22159090909,21
1429_1,True,,989.578651685394,21
1429_2,False,,989.578651685394,21
1429_3,False,,989.578651685394,21
1429_4,False,,989.578651685394,21
1429_5,False,,989.578651685394,21
1430_1,True,,1009.22159090909,21
1430_2,False,,1009.22159090909,21
1430_3,False,,1009.22159090909,21
1430_4,False,,1009.22159090909,21
1431_1,True,,989.578651685394,21
1431_2,False,,989.578651685394,21
1431_3,False,,989.578651685394,21
1432_1,True,,1009.22159090909,21
1432_2,False,,1009.22159090909,21
1433_1,True,,989.578651685394,21
1433_2,False,,989.578651685394,21
1433_3,False,,989.578651685394,21
1433_4,False,,989.578651685394,21
1433_5,False,,989.578651685394,21
1434_1,True,,1009.22159090909,21
1434_2,False,,1009.22159090909,21
1435_1,True,,989.578651685394,21
1435_2,False,,989.578651685394,21
1435_3,False,,989.578651685394,21
1435_4,False,,989.578651685394,21
1436_1,True,,1009.22159090909,21
1436_2,False,,1009.22159090909,21
1436_3,False,,1009.22159090909,21
1437_1,True,,989.578651685394,21
1437_2,False,,989.578651685394,21
1437_3,False,,989.578651685394,21
1437_4,False,,989.578651685394,21
1438_1,True,,1009.22159090909,21
1438_2,False,,1009.22159090909,21
1438_3,False,,1009.22159090909,21
1438_4,False,,1009.22159090909,21
1439_1,True,,989.578651685394,21
1439_2,False,,989.578651685394,21
1439_3,False,,989.578651685394,21
1439_4,False,,989.578651685394,21
1439_5,False,,989.578651685394,21
1440_1,True,,1009.22159090909,21
1440_2,False,,1009.22159090909,21
1440_3,False,,1009.22159090909,21
1440_4,False,,1009.22159090909,21
1441_1,True,,989.578651685394,21
1441_2,False,,989.578651685394,21
1441_3,False,,989.578651685394,21
1441_4,False,,989.578651685394,21
1442_1,True,,1009.22159090909,21
1443_1,True,,989.578651685394,21
1443_2,False,,989.578651685394,21
1443_3,False,,989.578651685394,21
1443_4,False,,989.578651685394,21
1444_1,True,,1009.22159090909,21
1444_2,False,,1009.22159090909,21
1444_3,False,,1009.22159090909,21
1445_1,True,,989.578651685394,21
1445_2,False,,989.578651685394,21
1445_3,False,,989.578651685394,21
1446_1,True,,1009.22159090909,21
1447_1,True,,989.578651685394,21
1447_2,False,,989.578651685394,21
1447_3,False,,989.578651685394,21
1448_1,True,,1009.22159090909,21
1448_2,False,,1009.22159090909,21
1448_3,False,,1009.22159090909,21
1449_1,True,,989.578651685394,21
1449_2,False,,989.578651685394,21
1449_3,False,,989.578651685394,21
1450_1,True,,1009.22159090909,21
1450_2,False,,1009.22159090909,21
1451_1,True,,989.578651685394,21
1452_1,True,,1009.22159090909,21
1452_2,False,,1009.22159090909,21
1452_3,False,,1009.22159090909,21
1453_1,True,,989.578651685394,21
1453_2,False,,989.578651685394,21
1454_1,True,,1009.22159090909,21
1454_2,False,,1009.22159090909,21
1455_1,True,,989.578651685394,21
1455_2,False,,989.578651685394,21
1455_3,False,,989.578651685394,21
1455_4,False,,989.578651685394,21
1456_1,True,,1009.22159090909,21
1457_1,True,,989.578651685394,21
1457_2,False,,989.578651685394,21
1457_3,False,,989.578651685394,21
1458_1,True,,1009.22159090909,21
1459_1,True,,989.578651685394,21
1459_2,False,,989.578651685394,21
1459_3,False,,989.578651685394,21
1460_1,True,,1009.22159090909,21
1460_2,False,,1009.22159090909,21
1460_3,False,,1009.22159090909,21
1461_1,True,,989.578651685394,21
1461_2,False,,989.578651685394,21
1461_3,False,,989.578651685394,21
1462_1,True,,1009.22159090909,21
1462_2,False,,1009.22159090909,21
1462_3,False,,1009.22159090909,21
1463_1,True,,989.578651685394,21
1463_2,False,,989.578651685394,21
1463_3,False,,989.578651685394,21
1464_1,True,,1009.22159090909,21
1464_2,False,,1009.22159090909,21
1464_3,False,,1009.22159090909,21
1465_1,True,,989.578651685394,21
1465_2,False,,989.578651685394,21
1465_3,False,,989.578651685394,21
1466_1,True,,989.578651685394,21
1466_2,False,,989.578651685394,21
1466_3,False,,989.578651685394,21
1467_1,True,,989.578651685394,21
1467_2,False,,989.578651685394,21
1468_1,True,,1009.22159090909,21
1469_1,True,,989.578651685394,21
1469_2,False,,989.578651685394,21
1470_1,True,,1009.22159090909,21
1470_2,False,,1009.22159090909,21
1470_3,False,,1009.22159090909,21
1470_4,False,,1009.22159090909,21
1471_1,True,,989.578651685394,21
1471_2,False,,989.578651685394,21
1471_3,False,,989.578651685394,21
1471_4,False,,989.578651685394,21
1471_5,False,,989.578651685394,21
1472_1,True,,1009.22159090909,21
1472_2,False,,1009.22159090909,21
1472_3,False,,1009.22159090909,21
1473_1,True,,1009.22159090909,21
1473_2,False,,1009.22159090909,21
1474_1,True,,1009.22159090909,21
1475_1,True,,989.578651685394,21
1475_2,False,,989.578651685394,21
1475_3,False,,989.578651685394,21
1476_1,True,,1009.22159090909,21
1476_2,False,,1009.22159090909,21
1477_1,True,,989.578651685394,21
1477_2,False,,989.578651685394,21
1478_1,True,,1009.22159090909,21
1478_2,False,,1009.22159090909,21
1478_3,False,,1009.22159090909,21
1478_4,False,,1009.22159090909,21
1479_1,True,,989.578651685394,21
1479_2,False,,989.578651685394,21
1479_3,False,,989.578651685394,21
1479_4,False,,989.578651685394,21
1480_1,True,,1009.22159090909,21
1481_1,True,,989.578651685394,21
1481_2,False,,989.578651685394,21
1481_3,False,,989.578651685394,21
1482_1,True,,1009.22159090909,21
1483_1,True,,989.578651685394,21
1483_2,False,,989.578651685394,21
1483_3,False,,989.578651685394,21
1483_4,False,,989.578651685394,21
1484_1,True,,1009.22159090909,21
1484_2,False,,1009.22159090909,21
1485_1,True,,989.578651685394,21
1485_2,False,,989.578651685394,21
1485_3,False,,989.578651685394,21
1485_4,False,,989.578651685394,21
1485_5,False,,989.578651685394,21
1486_1,True,,1009.22159090909,21
1486_2,False,,1009.22159090909,21
1487_1,True,,989.578651685394,21
1487_2,False,,989.578651685394,21
1487_3,False,,989.578651685394,21
1488_1,True,,1009.22159090909,21
1488_2,False,,1009.22159090909,21
1489_1,True,,989.578651685394,21
1489_2,False,,989.578651685394,21
1489_3,False,,989.578651685394,21
1490_1,True,,1009.22159090909,21
1490_2,False,,1009.22159090909,21
1490_3,False,,1009.22159090909,21
1491_1,True,,989.578651685394,21
1491_2,False,,989.578651685394,21
1491_3,False,,989.578651685394,21
1491_4,False,,989.578651685394,21
1492_1,True,,1009.22159090909,21
1492_2,False,,1009.22159090909,21
1492_3,False,,1009.22159090909,21
1493_1,True,,989.578651685394,21
1493_2,False,,989.578651685394,21
1494_1,True,,1009.22159090909,21
1494_2,False,,1009.22159090909,21
1494_3,False,,1009.22159090909,21
1494_4,False,,1009.22159090909,21
1495_1,True,,1009.22159090909,21
1496_1,True,,1009.22159090909,21
1497_1,True,,989.578651685394,21
1497_2,False,,989.578651685394,21
1497_3,False,,989.578651685394,21
1498_1,True,,1009.22159090909,21
1498_2,False,,1009.22159090909,21
1498_3,False,,1009.22159090909,21
1499_1,True,,989.578651685394,21
1499_2,False,,989.578651685394,21
1499_3,False,,989.578651685394,21
1499_4,False,,989.578651685394,21
1500_1,True,,1009.22159090909,21
1500_2,False,,1009.22159090909,21
1500_3,False,,1009.22159090909,21
1500_4,False,,1009.22159090909,21
1501_1,True,,989.578651685394,21
1501_2,False,,989.578651685394,21
1501_3,False,,989.578651685394,21
1502_1,True,,1009.22159090909,21
1502_2,False,,1009.22159090909,21
1502_3,False,,1009.22159090909,21
1503_1,True,,989.578651685394,21
1503_2,False,,989.578651685394,21
1503_3,False,,989.578651685394,21
1504_1,True,,1009.22159090909,21
1504_2,False,,1009.22159090909,21
1505_1,True,,989.578651685394,21
1505_2,False,,989.578651685394,21
1505_3,False,,989.578651685394,21
1505_4,False,,989.578651685394,21
1505_5,False,,989.578651685394,21
1505_6,False,,989.578651685394,21
1505_7,False,,989.578651685394,21
1506_1,True,,1009.22159090909,21
1506_2,False,,1009.22159090909,21
1506_3,False,,1009.22159090909,21
1506_4,False,,1009.22159090909,21
1507_1,True,,989.578651685394,21
1507_2,False,,989.578651685394,21
1508_1,True,,1009.22159090909,21
1508_2,False,,1009.22159090909,21
1508_3,False,,1009.22159090909,21
1508_4,False,,1009.22159090909,21
1509_1,True,,989.578651685394,21
1510_1,True,,1009.22159090909,21
1510_2,False,,1009.22159090909,21
1511_1,True,,989.578651685394,21
1511_2,False,,989.578651685394,21
1511_3,False,,989.578651685394,21
1512_1,True,,1009.22159090909,21
1512_2,False,,1009.22159090909,21
1512_3,False,,1009.22159090909,21
1513_1,True,,989.578651685394,21
1513_2,False,,989.578651685394,21
1513_3,False,,989.578651685394,21
1513_4,False,,989.578651685394,21
1514_1,True,,1009.22159090909,21
1514_2,False,,1009.22159090909,21
1514_3,False,,1009.22159090909,21
1514_4,False,,1009.22159090909,21
1515_1,True,,989.578651685394,21
1515_2,False,,989.578651685394,21
1515_3,False,,989.578651685394,21
1515_4,False,,989.578651685394,21
1515_5,False,,989.578651685394,21
1516_1,True,,1009.22159090909,21
1516_2,False,,1009.22159090909,21
1517_1,True,,989.578651685394,21
1517_2,False,,989.578651685394,21
1518_1,True,,1009.22159090909,21
1518_2,False,,1009.22159090909,21
1518_3,False,,1009.22159090909,21
1518_4,False,,1009.22159090909,21
1518_5,False,,1009.22159090909,21
1519_1,True,,989.578651685394,21
1519_2,False,,989.578651685394,21
1520_1,True,,1009.22159090909,21
1520_2,False,,1009.22159090909,21
1520_3,False,,1009.22159090909,21
1520_4,False,,1009.22159090909,21
1521_1,True,,989.578651685394,21
1521_2,False,,989.578651685394,21
1522_1,True,,1009.22159090909,21
1523_1,True,,989.578651685394,21
1523_2,False,,989.578651685394,21
1523_3,False,,989.578651685394,21
1524_1,True,,1009.22159090909,21
1524_2,False,,1009.22159090909,21
1524_3,False,,1009.22159090909,21
1525_1,True,,989.578651685394,21
1525_2,False,,989.578651685394,21
1526_1,True,,1009.22159090909,21
1526_2,False,,1009.22159090909,21
1527_1,True,,989.578651685394,21
1527_2,False,,989.578651685394,21
1527_3,False,,989.578651685394,21
1527_4,False,,989.578651685394,21
1528_1,True,,1009.22159090909,21
1528_2,False,,1009.22159090909,21
1529_1,True,,989.578651685394,21
1529_2,False,,989.578651685394,21
1530_1,True,,1009.22159090909,21
1530_2,False,,1009.22159090909,21
1530_3,False,,1009.22159090909,21
1530_4,False,,1009.22159090909,21
1531_1,True,,989.578651685394,21
1531_2,False,,989.578651685394,21
1531_3,False,,989.578651685394,21
1532_1,True,,1009.22159090909,21
1532_2,False,,1009.22159090909,21
1532_3,False,,1009.22159090909,21
1532_4,False,,1009.22159090909,21
1533_1,True,,989.578651685394,21
1533_2,False,,989.578651685394,21
1533_3,False,,989.578651685394,21
1533_4,False,,989.578651685394,21
1533_5,False,,989.578651685394,21
1534_1,True,,1009.22159090909,21
1534_2,False,,1009.22159090909,21
1534_3,False,,1009.22159090909,21
1534_4,False,,1009.22159090909,21
1535_1,True,,989.578651685394,21
1535_2,False,,989.578651685394,21
1536_1,True,,1009.22159090909,21
1536_2,False,,1009.22159090909,21
1536_3,False,,1009.22159090909,21
1536_4,False,,1009.22159090909,21
1537_1,True,,989.578651685394,21
1537_2,False,,989.578651685394,21
1537_3,False,,989.578651685394,21
1537_4,False,,989.578651685394,21
1537_5,False,,989.578651685394,21
1538_1,True,,1009.22159090909,21
1538_2,False,,1009.22159090909,21
1538_3,False,,1009.22159090909,21
1538_4,False,,1009.22159090909,21
1538_5,False,,1009.22159090909,21
1539_1,True,,989.578651685394,21
1539_2,False,,989.578651685394,21
1539_3,False,,989.578651685394,21
1540_1,True,,1009.22159090909,21
1540_2,False,,1009.22159090909,21
1540_3,False,,1009.22159090909,21
1540_4,False,,1009.22159090909,21
1541_1,True,,989.578651685394,21
1541_2,False,,989.578651685394,21
1541_3,False,,989.578651685394,21
1542_1,True,,1009.22159090909,21
1542_2,False,,1009.22159090909,21
1542_3,False,,1009.22159090909,21
1542_4,False,,1009.22159090909,21
1543_1,True,,989.578651685394,21
1543_2,False,,989.578651685394,21
1543_3,False,,989.578651685394,21
1543_4,False,,989.578651685394,21
1544_1,True,,1009.22159090909,21
1545_1,True,,989.578651685394,21
1545_2,False,,989.578651685394,21
1545_3,False,,989.578651685394,21
1545_4,False,,989.578651685394,21
1545_5,False,,989.578651685394,21
1545_6,False,,989.578651685394,21
1545_7,False,,989.578651685394,21
1545_8,False,,989.578651685394,21
1545_9,False,,989.578651685394,21
1546_1,True,,1009.22159090909,21
1546_2,False,,1009.22159090909,21
1546_3,False,,1009.22159090909,21
1546_4,False,,1009.22159090909,21
1546_5,False,,1009.22159090909,21
1546_6,False,,1009.22159090909,21
1546_7,False,,1009.22159090909,21
1546_8,False,,1009.22159090909,21
1546_9,False,,1009.22159090909,21
1547_1,True,,989.578651685394,21
1547_2,False,,989.578651685394,21
1547_3,False,,989.578651685394,21
1547_4,False,,989.578651685394,21
1547_5,False,,989.578651685394,21
1548_1,True,,1009.22159090909,21
1548_2,False,,1009.22159090909,21
1548_3,False,,1009.22159090909,21
1548_4,False,,1009.22159090909,21
1548_5,False,,1009.22159090909,21
1549_1,True,,989.578651685394,21
1549_2,False,,989.578651685394,21
1550_1,True,,1009.22159090909,21
1550_2,False,,1009.22159090909,21
1551_1,True,,989.578651685394,21
1551_2,False,,989.578651685394,21
1551_3,False,,989.578651685394,21
1551_4,False,,989.578651685394,21
1551_5,False,,989.578651685394,21
1551_6,False,,989.578651685394,21
1552_1,True,,1009.22159090909,21
1553_1,True,,989.578651685394,21
1554_1,True,,1009.22159090909,21
1554_2,False,,1009.22159090909,21
1555_1,True,,989.578651685394,21
1555_2,False,,989.578651685394,21
1555_3,False,,989.578651685394,21
1556_1,True,,1009.22159090909,21
1556_2,False,,1009.22159090909,21
1557_1,True,,989.578651685394,21
1557_2,False,,989.578651685394,21
1558_1,True,,1009.22159090909,21
1558_2,False,,1009.22159090909,21
1558_3,False,,1009.22159090909,21
1558_4,False,,1009.22159090909,21
1558_5,False,,1009.22159090909,21
1559_1,True,,989.578651685394,21
1559_2,False,,989.578651685394,21
1560_1,True,,1009.22159090909,21
1560_2,False,,1009.22159090909,21
1561_1,True,,989.578651685394,21
1561_2,False,,989.578651685394,21
1561_3,False,,989.578651685394,21
1562_1,True,,1009.22159090909,21
1562_2,False,,1009.22159090909,21
1563_1,True,,989.578651685394,21
1564_1,True,,1009.22159090909,21
1564_2,False,,1009.22159090909,21
1564_3,False,,1009.22159090909,21
1564_4,False,,1009.22159090909,21
1565_1,True,,989.578651685394,21
1565_2,False,,989.578651685394,21
1566_1,True,,1009.22159090909,21
1566_2,False,,1009.22159090909,21
1566_3,False,,1009.22159090909,21
1566_4,False,,1009.22159090909,21
1567_1,True,,989.578651685394,21
1567_2,False,,989.578651685394,21
1568_1,True,,1009.22159090909,21
1568_2,False,,1009.22159090909,21
1568_3,False,,1009.22159090909,21
1568_4,False,,1009.22159090909,21
1569_1,True,,989.578651685394,21
1569_2,False,,989.578651685394,21
1569_3,False,,989.578651685394,21
1570_1,True,,1009.22159090909,21
1570_2,False,,1009.22159090909,21
1571_1,True,,989.578651685394,21
1572_1,True,,1009.22159090909,21
1573_1,True,,989.578651685394,21
1573_2,False,,989.578651685394,21
1573_3,False,,989.578651685394,21
1574_1,True,,1009.22159090909,21
1574_2,False,,1009.22159090909,21
1574_3,False,,1009.22159090909,21
1575_1,True,,989.578651685394,21
1575_2,False,,989.578651685394,21
1576_1,True,,1009.22159090909,21
1576_2,False,,1009.22159090909,21
1577_1,True,,989.578651685394,21
1577_2,False,,989.578651685394,21
1577_3,False,,989.578651685394,21
1577_4,False,,989.578651685394,21
1577_5,False,,989.578651685394,21
1578_1,True,,1009.22159090909,21
1578_2,False,,1009.22159090909,21
1579_1,True,,989.578651685394,21
1580_1,True,,1009.22159090909,21
1580_2,False,,1009.22159090909,21
1581_1,True,,989.578651685394,21
1581_2,False,,989.578651685394,21
1582_1,True,,1009.22159090909,21
1582_2,False,,1009.22159090909,21
1582_3,False,,1009.22159090909,21
1583_1,True,,989.578651685394,21
1583_2,False,,989.578651685394,21
1583_3,False,,989.578651685394,21
1584_1,True,,1009.22159090909,21
1584_2,False,,1009.22159090909,21
1584_3,False,,1009.22159090909,21
1585_1,True,,989.578651685394,21
1585_2,False,,989.578651685394,21
1586_1,True,,1009.22159090909,21
1586_2,False,,1009.22159090909,21
1586_3,False,,1009.22159090909,21
1586_4,False,,1009.22159090909,21
1587_1,True,,989.578651685394,21
1587_2,False,,989.578651685394,21
1587_3,False,,989.578651685394,21
1588_1,True,,1009.22159090909,21
1588_2,False,,1009.22159090909,21
1588_3,False,,1009.22159090909,21
1588_4,False,,1009.22159090909,21
1589_1,True,,989.578651685394,21
1589_2,False,,989.578651685394,21
1590_1,True,,1009.22159090909,21
1590_2,False,,1009.22159090909,21
1590_3,False,,1009.22159090909,21
1590_4,False,,1009.22159090909,21
1591_1,True,,989.578651685394,21
1591_2,False,,989.578651685394,21
1591_3,False,,989.578651685394,21
1592_1,True,,1009.22159090909,21
1592_2,False,,1009.22159090909,21
1592_3,False,,1009.22159090909,21
1592_4,False,,1009.22159090909,21
1592_5,False,,1009.22159090909,21
1593_1,True,,989.578651685394,21
1593_2,False,,989.578651685394,21
1593_3,False,,989.578651685394,21
1593_4,False,,989.578651685394,21
1593_5,False,,989.578651685394,21
1594_1,True,,1009.22159090909,21
1594_2,False,,1009.22159090909,21
1594_3,False,,1009.22159090909,21
1594_4,False,,1009.22159090909,21
1595_1,True,,989.578651685394,21
1595_2,False,,989.578651685394,21
1595_3,False,,989.578651685394,21
1595_4,False,,989.578651685394,21
1596_1,True,,1009.22159090909,21
1596_2,False,,1009.22159090909,21
1597_1,True,,989.578651685394,21
1597_2,False,,989.578651685394,21
1598_1,True,,1009.22159090909,21
1598_2,False,,1009.22159090909,21
1598_3,False,,1009.22159090909,21
1599_1,True,,989.578651685394,21
1599_2,False,,989.578651685394,21
1599_3,False,,989.578651685394,21
1599_4,False,,989.578651685394,21
1600_1,True,,1009.22159090909,21
1600_2,False,,1009.22159090909,21
1600_3,False,,1009.22159090909,21
1600_4,False,,1009.22159090909,21
1601_1,True,,989.578651685394,21
1601_2,False,,989.578651685394,21
1601_3,False,,989.578651685394,21
1601_4,False,,989.578651685394,21
1602_1,True,,1009.22159090909,21
1602_2,False,,1009.22159090909,21
1602_3,False,,1009.22159090909,21
1603_1,True,,989.578651685394,21
1603_2,False,,989.578651685394,21
1603_3,False,,989.578651685394,21
1604_1,True,,1009.22159090909,21
1604_2,False,,1009.22159090909,21
1604_3,False,,1009.22159090909,21
1605_1,True,,989.578651685394,21
1605_2,False,,989.578651685394,21
1605_3,False,,989.578651685394,21
1606_1,True,,1009.22159090909,21
1607_1,True,,989.578651685394,21
1607_2,False,,989.578651685394,21
1608_1,True,,1009.22159090909,21
1608_2,False,,1009.22159090909,21
1609_1,True,,989.578651685394,21
1609_2,False,,989.578651685394,21
1609_3,False,,989.578651685394,21
1609_4,False,,989.578651685394,21
1610_1,True,,1009.22159090909,21
1610_2,False,,1009.22159090909,21
1611_1,True,,989.578651685394,21
1611_2,False,,989.578651685394,21
1612_1,True,,1009.22159090909,21
1612_2,False,,1009.22159090909,21
1612_3,False,,1009.22159090909,21
1613_1,True,,989.578651685394,21
1613_2,False,,989.578651685394,21
1614_1,True,,1009.22159090909,21
1614_2,False,,1009.22159090909,21
1615_1,True,,989.578651685394,21
1615_2,False,,989.578651685394,21
1616_1,True,,1009.22159090909,21
1616_2,False,,1009.22159090909,21
1617_1,True,,989.578651685394,21
1617_2,False,,989.578651685394,21
1617_3,False,,989.578651685394,21
1617_4,False,,989.578651685394,21
1617_5,False,,989.578651685394,21
1618_1,True,,1009.22159090909,21
1618_2,False,,1009.22159090909,21
1619_1,True,,989.578651685394,21
1619_2,False,,989.578651685394,21
1619_3,False,,989.578651685394,21
1620_1,True,,1009.22159090909,21
1620_2,False,,1009.22159090909,21
1620_3,False,,1009.22159090909,21
1620_4,False,,1009.22159090909,21
1621_1,True,,989.578651685394,21
1621_2,False,,989.578651685394,21
1622_1,True,,1009.22159090909,21
1623_1,True,,989.578651685394,21
1623_2,False,,989.578651685394,21
1623_3,False,,989.578651685394,21
1623_4,False,,989.578651685394,21
1624_1,True,,1009.22159090909,21
1625_1,True,,989.578651685394,21
1625_2,False,,989.578651685394,21
1625_3,False,,989.578651685394,21
1625_4,False,,989.578651685394,21
1626_1,True,,1009.22159090909,21
1627_1,True,,989.578651685394,21
1627_2,False,,989.578651685394,21
1627_3,False,,989.578651685394,21
1627_4,False,,989.578651685394,21
1628_1,True,,1009.22159090909,21
1628_2,False,,1009.22159090909,21
1628_3,False,,1009.22159090909,21
1628_4,False,,1009.22159090909,21
1628_5,False,,1009.22159090909,21
1629_1,True,,989.578651685394,21
1629_2,False,,989.578651685394,21
1630_1,True,,1009.22159090909,21
1630_2,False,,1009.22159090909,21
1631_1,True,,989.578651685394,21
1631_2,False,,989.578651685394,21
1631_3,False,,989.578651685394,21
1631_4,False,,989.578651685394,21
1632_1,True,,1009.22159090909,21
1632_2,False,,1009.22159090909,21
1633_1,True,,989.578651685394,21
1633_2,False,,989.578651685394,21
1633_3,False,,989.578651685394,21
1634_1,True,,1009.22159090909,21
1634_2,False,,1009.22159090909,21
1634_3,False,,1009.22159090909,21
1634_4,False,,1009.22159090909,21
1635_1,True,,989.578651685394,21
1635_2,False,,989.578651685394,21
1636_1,True,,1009.22159090909,21
1636_2,False,,1009.22159090909,21
1636_3,False,,1009.22159090909,21
1636_4,False,,1009.22159090909,21
1637_1,True,,989.578651685394,21
1637_2,False,,989.578651685394,21
1637_3,False,,989.578651685394,21
1637_4,False,,989.578651685394,21
1638_1,True,,1009.22159090909,21
1638_2,False,,1009.22159090909,21
1638_3,False,,1009.22159090909,21
1639_1,True,,989.578651685394,21
1639_2,False,,989.578651685394,21
1639_3,False,,989.578651685394,21
1639_4,False,,989.578651685394,21
1640_1,True,,1009.22159090909,21
1640_2,False,,1009.22159090909,21
1640_3,False,,1009.22159090909,21
1640_4,False,,1009.22159090909,21
1640_5,False,,1009.22159090909,21
1641_1,True,,989.578651685394,21
1641_2,False,,989.578651685394,21
1641_3,False,,989.578651685394,21
1641_4,False,,989.578651685394,21
1641_5,False,,989.578651685394,21
1642_1,True,,1009.22159090909,21
1643_1,True,,989.578651685394,21
1643_2,False,,989.578651685394,21
1644_1,True,,1009.22159090909,21
1644_2,False,,1009.22159090909,21
1644_3,False,,1009.22159090909,21
1645_1,True,,989.578651685394,21
1645_2,False,,989.578651685394,21
1645_3,False,,989.578651685394,21
1645_4,False,,989.578651685394,21
1646_1,True,,1009.22159090909,21
1646_2,False,,1009.22159090909,21
1646_3,False,,1009.22159090909,21
1647_1,True,,989.578651685394,21
1647_2,False,,989.578651685394,21
1647_3,False,,989.578651685394,21
1647_4,False,,989.578651685394,21
1647_5,False,,989.578651685394,21
1647_6,False,,989.578651685394,21
1648_1,True,,1009.22159090909,21
1648_2,False,,1009.22159090909,21
1648_3,False,,1009.22159090909,21
1648_4,False,,1009.22159090909,21
1649_1,True,,989.578651685394,21
1649_2,False,,989.578651685394,21
1649_3,False,,989.578651685394,21
1649_4,False,,989.578651685394,21
1650_1,True,,1009.22159090909,21
1650_2,False,,1009.22159090909,21
1650_3,False,,1009.22159090909,21
1650_4,False,,1009.22159090909,21
1650_5,False,,1009.22159090909,21
1651_1,True,,989.578651685394,21
1651_2,False,,989.578651685394,21
1651_3,False,,989.578651685394,21
1651_4,False,,989.578651685394,21
1652_1,True,,1009.22159090909,21
1652_2,False,,1009.22159090909,21
1652_3,False,,1009.22159090909,21
1653_1,True,,989.578651685394,21
1653_2,False,,989.578651685394,21
1653_3,False,,989.578651685394,21
1654_1,True,,1009.22159090909,21
1654_2,False,,1009.22159090909,21
1655_1,True,,989.578651685394,21
1655_2,False,,989.578651685394,21
1655_3,False,,989.578651685394,21
1655_4,False,,989.578651685394,21
1655_5,False,,989.578651685394,21
1655_6,False,,989.578651685394,21
1656_1,True,,1009.22159090909,21
1656_2,False,,1009.22159090909,21
1656_3,False,,1009.22159090909,21
1657_1,True,,989.578651685394,21
1657_2,False,,989.578651685394,21
1657_3,False,,989.578651685394,21
1657_4,False,,989.578651685394,21
1658_1,True,,1009.22159090909,21
1659_1,True,,989.578651685394,21
1659_2,False,,989.578651685394,21
1659_3,False,,989.578651685394,21
1659_4,False,,989.578651685394,21
1659_5,False,,989.578651685394,21
1660_1,True,,1009.22159090909,21
1660_2,False,,1009.22159090909,21
1661_1,True,,989.578651685394,21
1661_2,False,,989.578651685394,21
1661_3,False,,989.578651685394,21
1662_1,True,,1009.22159090909,21
1663_1,True,,989.578651685394,21
1664_1,True,,1009.22159090909,21
1664_2,False,,1009.22159090909,21
1665_1,True,,989.578651685394,21
1665_2,False,,989.578651685394,21
1665_3,False,,989.578651685394,21
1665_4,False,,989.578651685394,21
1665_5,False,,989.578651685394,21
1665_6,False,,989.578651685394,21
1665_7,False,,989.578651685394,21
1665_8,False,,989.578651685394,21
1666_1,True,,1009.22159090909,21
1666_2,False,,1009.22159090909,21
1667_1,True,,989.578651685394,21
1667_2,False,,989.578651685394,21
1667_3,False,,989.578651685394,21
1667_4,False,,989.578651685394,21
1667_5,False,,989.578651685394,21
1667_6,False,,989.578651685394,21
1667_7,False,,989.578651685394,21
1668_1,True,,1009.22159090909,21
1668_2,False,,1009.22159090909,21
1668_3,False,,1009.22159090909,21
1668_4,False,,1009.22159090909,21
1668_5,False,,1009.22159090909,21
1668_6,False,,1009.22159090909,21
1669_1,True,,989.578651685394,21
1669_2,False,,989.578651685394,21
1669_3,False,,989.578651685394,21
1669_4,False,,989.578651685394,21
1670_1,True,,1009.22159090909,21
1670_2,False,,1009.22159090909,21
1670_3,False,,1009.22159090909,21
1670_4,False,,1009.22159090909,21
1670_5,False,,1009.22159090909,21
1670_6,False,,1009.22159090909,21
1670_7,False,,1009.22159090909,21
1670_8,False,,1009.22159090909,21
1671_1,True,,989.578651685394,21
1671_2,False,,989.578651685394,21
1671_3,False,,989.578651685394,21
1671_4,False,,989.578651685394,21
1672_1,True,,1009.22159090909,21
1672_2,False,,1009.22159090909,21
1672_3,False,,1009.22159090909,21
1672_4,False,,1009.22159090909,21
1672_5,False,,1009.22159090909,21
1673_1,True,,989.578651685394,21
1673_2,False,,989.578651685394,21
1673_3,False,,989.578651685394,21
1673_4,False,,989.578651685394,21
1673_5,False,,989.578651685394,21
1673_6,False,,989.578651685394,21
1674_1,True,,1009.22159090909,21
1674_2,False,,1009.22159090909,21
1675_1,True,,989.578651685394,21
1675_2,False,,989.578651685394,21
1675_3,False,,989.578651685394,21
1675_4,False,,989.578651685394,21
1675_5,False,,989.578651685394,21
1675_6,False,,989.578651685394,21
1676_1,True,,1009.22159090909,21
1676_2,False,,1009.22159090909,21
1676_3,False,,1009.22159090909,21
1676_4,False,,1009.22159090909,21
1677_1,True,,989.578651685394,21
1677_2,False,,989.578651685394,21
1678_1,True,,1009.22159090909,21
1678_2,False,,1009.22159090909,21
1678_3,False,,1009.22159090909,21
1679_1,True,,989.578651685394,21
1679_2,False,,989.578651685394,21
1680_1,True,,1009.22159090909,21
1680_2,False,,1009.22159090909,21
1680_3,False,,1009.22159090909,21
1680_4,False,,1009.22159090909,21
1681_1,True,,989.578651685394,21
1681_2,False,,989.578651685394,21
1682_1,True,,1009.22159090909,21
1683_1,True,,989.578651685394,21
1683_2,False,,989.578651685394,21
1683_3,False,,989.578651685394,21
1684_1,True,,1009.22159090909,21
1684_2,False,,1009.22159090909,21
1684_3,False,,1009.22159090909,21
1684_4,False,,1009.22159090909,21
1684_5,False,,1009.22159090909,21
1684_6,False,,1009.22159090909,21
1685_1,True,,989.578651685394,21
1685_2,False,,989.578651685394,21
1685_3,False,,989.578651685394,21
1685_4,False,,989.578651685394,21
1685_5,False,,989.578651685394,21
1686_1,True,,1009.22159090909,21
1687_1,True,,989.578651685394,21
1687_2,False,,989.578651685394,21
1687_3,False,,989.578651685394,21
1687_4,False,,989.578651685394,21
1687_5,False,,989.578651685394,21
1688_1,True,,1009.22159090909,21
1688_2,False,,1009.22159090909,21
1688_3,False,,1009.22159090909,21
1689_1,True,,989.578651685394,21
1689_2,False,,989.578651685394,21
1689_3,False,,989.578651685394,21
1689_4,False,,989.578651685394,21
1689_5,False,,989.578651685394,21
1689_6,False,,989.578651685394,21
1690_1,True,,1009.22159090909,21
1690_2,False,,1009.22159090909,21
1690_3,False,,1009.22159090909,21
1691_1,True,,989.578651685394,21
1691_2,False,,989.578651685394,21
1691_3,False,,989.578651685394,21
1691_4,False,,989.578651685394,21
1692_1,True,,1009.22159090909,21
1693_1,True,,989.578651685394,21
1693_2,False,,989.578651685394,21
1693_3,False,,989.578651685394,21
1694_1,True,,1009.22159090909,21
1694_2,False,,1009.22159090909,21
1694_3,False,,1009.22159090909,21
1695_1,True,,989.578651685394,21
1695_2,False,,989.578651685394,21
1695_3,False,,989.578651685394,21
1696_1,True,,1009.22159090909,21
1696_2,False,,1009.22159090909,21
1696_3,False,,1009.22159090909,21
1697_1,True,,989.578651685394,21
1698_1,True,,1009.22159090909,21
1698_2,False,,1009.22159090909,21
1699_1,True,,989.578651685394,21
1699_2,False,,989.578651685394,21
1700_1,True,,1009.22159090909,21
1700_2,False,,1009.22159090909,21
1701_1,True,,989.578651685394,21
1701_2,False,,989.578651685394,21
1701_3,False,,989.578651685394,21
1702_1,True,,1009.22159090909,21
1702_2,False,,1009.22159090909,21
1702_3,False,,1009.22159090909,21
1703_1,True,,989.578651685394,21
1703_2,False,,989.578651685394,21
1703_3,False,,989.578651685394,21
1703_4,False,,989.578651685394,21
1703_5,False,,989.578651685394,21
1703_6,False,,989.578651685394,21
1703_7,False,,989.578651685394,21
1704_1,True,,1009.22159090909,21
1704_2,False,,1009.22159090909,21
1704_3,False,,1009.22159090909,21
1705_1,True,,989.578651685394,21
1705_2,False,,989.578651685394,21
1705_3,False,,989.578651685394,21
1705_4,False,,989.578651685394,21
1706_1,True,,1009.22159090909,21
1706_2,False,,1009.22159090909,21
1707_1,True,,989.578651685394,21
1707_2,False,,989.578651685394,21
1708_1,True,,989.578651685394,21
1708_2,False,,989.578651685394,21
1708_3,False,,989.578651685394,21
1709_1,True,,989.578651685394,21
1709_2,False,,989.578651685394,21
1709_3,False,,989.578651685394,21
1709_4,False,,989.578651685394,21
1710_1,True,,1009.22159090909,21
1710_2,False,,1009.22159090909,21
1710_3,False,,1009.22159090909,21
1710_4,False,,1009.22159090909,21
1711_1,True,,989.578651685394,21
1711_2,False,,989.578651685394,21
1711_3,False,,989.578651685394,21
1711_4,False,,989.578651685394,21
1711_5,False,,989.578651685394,21
1712_1,True,,1009.22159090909,21
1712_2,False,,1009.22159090909,21
1712_3,False,,1009.22159090909,21
1713_1,True,,989.578651685394,21
1713_2,False,,989.578651685394,21
1713_3,False,,989.578651685394,21
1713_4,False,,989.578651685394,21
1714_1,True,,1009.22159090909,21
1714_2,False,,1009.22159090909,21
1714_3,False,,1009.22159090909,21
1714_4,False,,1009.22159090909,21
1714_5,False,,1009.22159090909,21
1715_1,True,,989.578651685394,21
1715_2,False,,989.578651685394,21
1716_1,True,,1009.22159090909,21
1716_2,False,,1009.22159090909,21
1717_1,True,,989.578651685394,21
1718_1,True,,1009.22159090909,21
1718_2,False,,1009.22159090909,21
1718_3,False,,1009.22159090909,21
1719_1,True,,989.578651685394,21
1719_2,False,,989.578651685394,21
1719_3,False,,989.578651685394,21
1720_1,True,,1009.22159090909,21
1720_2,False,,1009.22159090909,21
1720_3,False,,1009.22159090909,21
1720_4,False,,1009.22159090909,21
1721_1,True,,989.578651685394,21
1721_2,False,,989.578651685394,21
1722_1,True,,1009.22159090909,21
1722_2,False,,1009.22159090909,21
1723_1,True,,989.578651685394,21
1723_2,False,,989.578651685394,21
1723_3,False,,989.578651685394,21
1723_4,False,,989.578651685394,21
1724_1,True,,1009.22159090909,21
1724_2,False,,1009.22159090909,21
1724_3,False,,1009.22159090909,21
1725_1,True,,989.578651685394,21
1725_2,False,,989.578651685394,21
1726_1,True,,1009.22159090909,21
1727_1,True,,989.578651685394,21
1727_2,False,,989.578651685394,21
1728_1,True,,1009.22159090909,21
1728_2,False,,1009.22159090909,21
1729_1,True,,989.578651685394,21
1729_2,False,,989.578651685394,21
1729_3,False,,989.578651685394,21
1729_4,False,,989.578651685394,21
1729_5,False,,989.578651685394,21
1730_1,True,,1009.22159090909,21
1730_2,False,,1009.22159090909,21
1730_3,False,,1009.22159090909,21
1731_1,True,,989.578651685394,21
1731_2,False,,989.578651685394,21
1732_1,True,,1009.22159090909,21
1732_2,False,,1009.22159090909,21
1733_1,True,,989.578651685394,21
1733_2,False,,989.578651685394,21
1733_3,False,,989.578651685394,21
1734_1,True,,1009.22159090909,21
1734_2,False,,1009.22159090909,21
1734_3,False,,1009.22159090909,21
1734_4,False,,1009.22159090909,21
1735_1,True,,989.578651685394,21
1735_2,False,,989.578651685394,21
1736_1,True,,1009.22159090909,21
1736_2,False,,1009.22159090909,21
1736_3,False,,1009.22159090909,21
1737_1,True,,989.578651685394,21
1737_2,False,,989.578651685394,21
1737_3,False,,989.578651685394,21
1738_1,True,,1009.22159090909,21
1738_2,False,,1009.22159090909,21
1738_3,False,,1009.22159090909,21
1738_4,False,,1009.22159090909,21
1739_1,True,,989.578651685394,21
1739_2,False,,989.578651685394,21
1739_3,False,,989.578651685394,21
1739_4,False,,989.578651685394,21
1740_1,True,,1009.22159090909,21
1740_2,False,,1009.22159090909,21
1740_3,False,,1009.22159090909,21
1740_4,False,,1009.22159090909,21
1741_1,True,,989.578651685394,21
1741_2,False,,989.578651685394,21
1741_3,False,,989.578651685394,21
1741_4,False,,989.578651685394,21
1741_5,False,,989.578651685394,21
1742_1,True,,1009.22159090909,21
1742_2,False,,1009.22159090909,21
1742_3,False,,1009.22159090909,21
1743_1,True,,989.578651685394,21
1743_2,False,,989.578651685394,21
1743_3,False,,989.578651685394,21
1743_4,False,,989.578651685394,21
1743_5,False,,989.578651685394,21
1743_6,False,,989.578651685394,21
1743_7,False,,989.578651685394,21
1743_8,False,,989.578651685394,21
1744_1,True,,1009.22159090909,21
1744_2,False,,1009.22159090909,21
1744_3,False,,1009.22159090909,21
1745_1,True,,989.578651685394,21
1745_2,False,,989.578651685394,21
1745_3,False,,989.578651685394,21
1746_1,True,,1009.22159090909,21
1746_2,False,,1009.22159090909,21
1747_1,True,,989.578651685394,21
1747_2,False,,989.578651685394,21
1748_1,True,,1009.22159090909,21
1748_2,False,,1009.22159090909,21
1748_3,False,,1009.22159090909,21
1748_4,False,,1009.22159090909,21
1749_1,True,,989.578651685394,21
1749_2,False,,989.578651685394,21
1749_3,False,,989.578651685394,21
1749_4,False,,989.578651685394,21
1749_5,False,,989.578651685394,21
1750_1,True,,1009.22159090909,21
1751_1,True,,989.578651685394,21
1751_2,False,,989.578651685394,21
1751_3,False,,989.578651685394,21
1751_4,False,,989.578651685394,21
1751_5,False,,989.578651685394,21
1752_1,True,,1009.22159090909,21
1752_2,False,,1009.22159090909,21
1753_1,True,,989.578651685394,21
1753_2,False,,989.578651685394,21
1753_3,False,,989.578651685394,21
1754_1,True,,1009.22159090909,21
1754_2,False,,1009.22159090909,21
1755_1,True,,989.578651685394,21
1755_2,False,,989.578651685394,21
1755_3,False,,989.578651685394,21
1756_1,True,,1009.22159090909,21
1756_2,False,,1009.22159090909,21
1756_3,False,,1009.22159090909,21
1756_4,False,,1009.22159090909,21
1757_1,True,,989.578651685394,21
1757_2,False,,989.578651685394,21
1757_3,False,,989.578651685394,21
1757_4,False,,989.578651685394,21
1757_5,False,,989.578651685394,21
1757_6,False,,989.578651685394,21
1758_1,True,,1009.22159090909,21
1759_1,True,,989.578651685394,21
1759_2,False,,989.578651685394,21
1759_3,False,,989.578651685394,21
1759_4,False,,989.578651685394,21
1760_1,True,,1009.22159090909,21
1760_2,False,,1009.22159090909,21
1761_1,True,,989.578651685394,21
1761_2,False,,989.578651685394,21
1761_3,False,,989.578651685394,21
1761_4,False,,989.578651685394,21
1761_5,False,,989.578651685394,21
1762_1,True,,1009.22159090909,21
1762_2,False,,1009.22159090909,21
1762_3,False,,1009.22159090909,21
1762_4,False,,1009.22159090909,21
1762_5,False,,1009.22159090909,21
1762_6,False,,1009.22159090909,21
1762_7,False,,1009.22159090909,21
1763_1,True,,989.578651685394,21
1763_2,False,,989.578651685394,21
1763_3,False,,989.578651685394,21
1763_4,False,,989.578651685394,21
1763_5,False,,989.578651685394,21
1764_1,True,,1009.22159090909,21
1764_2,False,,1009.22159090909,21
1764_3,False,,1009.22159090909,21
1764_4,False,,1009.22159090909,21
1765_1,True,,989.578651685394,21
1765_2,False,,989.578651685394,21
1765_3,False,,989.578651685394,21
1766_1,True,,1009.22159090909,21
1766_2,False,,1009.22159090909,21
1766_3,False,,1009.22159090909,21
1766_4,False,,1009.22159090909,21
1766_5,False,,1009.22159090909,21
1766_6,False,,1009.22159090909,21
1766_7,False,,1009.22159090909,21
1767_1,True,,1466.83707865169,26
1767_2,False,,1466.83707865169,26
1767_3,False,,1466.83707865169,26
1767_4,False,,1466.83707865169,26
1768_1,True,,1444.94318181818,26
1768_2,False,,1444.94318181818,26
1768_3,False,,1444.94318181818,26
1769_1,True,,1466.83707865169,26
1769_2,False,,1466.83707865169,26
1769_3,False,,1466.83707865169,26
1769_4,False,,1466.83707865169,26
1769_5,False,,1466.83707865169,26
1770_1,True,,1444.94318181818,26
1770_2,False,,1444.94318181818,26
1770_3,False,,1444.94318181818,26
1771_1,True,,1466.83707865169,26
1771_2,False,,1466.83707865169,26
1771_3,False,,1466.83707865169,26
1772_1,True,,1444.94318181818,26
1772_2,False,,1444.94318181818,26
1772_3,False,,1444.94318181818,26
1772_4,False,,1444.94318181818,26
1773_1,True,,1466.83707865169,26
1773_2,False,,1466.83707865169,26
1773_3,False,,1466.83707865169,26
1774_1,True,,1444.94318181818,26
1774_2,False,,1444.94318181818,26
1775_1,True,,1466.83707865169,26
1775_2,False,,1466.83707865169,26
1775_3,False,,1466.83707865169,26
1776_1,True,,1444.94318181818,26
1776_2,False,,1444.94318181818,26
1777_1,True,,1466.83707865169,26
1777_2,False,,1466.83707865169,26
1777_3,False,,1466.83707865169,26
1777_4,False,,1466.83707865169,26
1777_5,False,,1466.83707865169,26
1778_1,True,,1444.94318181818,26
1778_2,False,,1444.94318181818,26
1778_3,False,,1444.94318181818,26
1779_1,True,,1466.83707865169,26
1779_2,False,,1466.83707865169,26
1780_1,True,,1444.94318181818,26
1780_2,False,,1444.94318181818,26
1780_3,False,,1444.94318181818,26
1780_4,False,,1444.94318181818,26
1781_1,True,,1466.83707865169,26
1781_2,False,,1466.83707865169,26
1781_3,False,,1466.83707865169,26
1781_4,False,,1466.83707865169,26
1782_1,True,,1444.94318181818,26
1782_2,False,,1444.94318181818,26
1782_3,False,,1444.94318181818,26
1783_1,True,,1466.83707865169,26
1783_2,False,,1466.83707865169,26
1783_3,False,,1466.83707865169,26
1784_1,True,,1444.94318181818,26
1784_2,False,,1444.94318181818,26
1784_3,False,,1444.94318181818,26
1784_4,False,,1444.94318181818,26
1785_1,True,,1466.83707865169,26
1785_2,False,,1466.83707865169,26
1785_3,False,,1466.83707865169,26
1786_1,True,,1444.94318181818,26
1786_2,False,,1444.94318181818,26
1786_3,False,,1444.94318181818,26
1787_1,True,,1466.83707865169,26
1787_2,False,,1466.83707865169,26
1788_1,True,,1444.94318181818,26
1788_2,False,,1444.94318181818,26
1789_1,True,,1466.83707865169,26
1789_2,False,,1466.83707865169,26
1789_3,False,,1466.83707865169,26
1789_4,False,,1466.83707865169,26
1790_1,True,,1444.94318181818,26
1790_2,False,,1444.94318181818,26
1790_3,False,,1444.94318181818,26
1791_1,True,,1466.83707865169,26
1791_2,False,,1466.83707865169,26
1792_1,True,,1444.94318181818,26
1792_2,False,,1444.94318181818,26
1793_1,True,,1466.83707865169,26
1794_1,True,,1444.94318181818,26
1794_2,False,,1444.94318181818,26
1795_1,True,,1466.83707865169,26
1795_2,False,,1466.83707865169,26
1795_3,False,,1466.83707865169,26
1795_4,False,,1466.83707865169,26
1795_5,False,,1466.83707865169,26
1796_1,True,,1444.94318181818,26
1796_2,False,,1444.94318181818,26
1796_3,False,,1444.94318181818,26
1797_1,True,,1466.83707865169,26
1797_2,False,,1466.83707865169,26
1798_1,True,,1444.94318181818,26
1798_2,False,,1444.94318181818,26
1798_3,False,,1444.94318181818,26
1798_4,False,,1444.94318181818,26
1799_1,True,,1466.83707865169,26
1799_2,False,,1466.83707865169,26
1800_1,True,,1444.94318181818,26
1800_2,False,,1444.94318181818,26
1800_3,False,,1444.94318181818,26
1800_4,False,,1444.94318181818,26
1800_5,False,,1444.94318181818,26
1801_1,True,,1466.83707865169,26
1801_2,False,,1466.83707865169,26
1801_3,False,,1466.83707865169,26
1801_4,False,,1466.83707865169,26
1802_1,True,,1444.94318181818,26
1802_2,False,,1444.94318181818,26
1802_3,False,,1444.94318181818,26
1802_4,False,,1444.94318181818,26
1803_1,True,,1466.83707865169,26
1803_2,False,,1466.83707865169,26
1803_3,False,,1466.83707865169,26
1803_4,False,,1466.83707865169,26
1803_5,False,,1466.83707865169,26
1804_1,True,,1444.94318181818,26
1804_2,False,,1444.94318181818,26
1804_3,False,,1444.94318181818,26
1804_4,False,,1444.94318181818,26
1805_1,True,,1466.83707865169,26
1805_2,False,,1466.83707865169,26
1805_3,False,,1466.83707865169,26
1806_1,True,,1444.94318181818,26
1806_2,False,,1444.94318181818,26
1806_3,False,,1444.94318181818,26
1806_4,False,,1444.94318181818,26
1807_1,True,,1466.83707865169,26
1807_2,False,,1466.83707865169,26
1808_1,True,,1444.94318181818,26
1808_2,False,,1444.94318181818,26
1808_3,False,,1444.94318181818,26
1809_1,True,,1466.83707865169,26
1809_2,False,,1466.83707865169,26
1809_3,False,,1466.83707865169,26
1809_4,False,,1466.83707865169,26
1809_5,False,,1466.83707865169,26
1810_1,True,,1444.94318181818,26
1810_2,False,,1444.94318181818,26
1810_3,False,,1444.94318181818,26
1810_4,False,,1444.94318181818,26
1811_1,True,,1466.83707865169,26
1812_1,True,,1466.83707865169,26
1812_2,False,,1466.83707865169,26
1813_1,True,,1466.83707865169,26
1813_2,False,,1466.83707865169,26
1813_3,False,,1466.83707865169,26
1813_4,False,,1466.83707865169,26
1813_5,False,,1466.83707865169,26
1813_6,False,,1466.83707865169,26
1813_7,False,,1466.83707865169,26
1813_8,False,,1466.83707865169,26
1813_9,False,,1466.83707865169,26
1814_1,True,,1444.94318181818,26
1814_2,False,,1444.94318181818,26
1814_3,False,,1444.94318181818,26
1815_1,True,,1466.83707865169,26
1815_2,False,,1466.83707865169,26
1815_3,False,,1466.83707865169,26
1815_4,False,,1466.83707865169,26
1816_1,True,,1444.94318181818,26
1817_1,True,,1466.83707865169,26
1817_2,False,,1466.83707865169,26
1817_3,False,,1466.83707865169,26
1817_4,False,,1466.83707865169,26
1817_5,False,,1466.83707865169,26
1817_6,False,,1466.83707865169,26
1818_1,True,,1444.94318181818,26
1818_2,False,,1444.94318181818,26
1819_1,True,,1466.83707865169,26
1820_1,True,,1444.94318181818,26
1820_2,False,,1444.94318181818,26
1821_1,True,,1466.83707865169,26
1822_1,True,,1444.94318181818,26
1822_2,False,,1444.94318181818,26
1822_3,False,,1444.94318181818,26
1823_1,True,,1466.83707865169,26
1823_2,False,,1466.83707865169,26
1823_3,False,,1466.83707865169,26
1823_4,False,,1466.83707865169,26
1824_1,True,,1444.94318181818,26
1824_2,False,,1444.94318181818,26
1824_3,False,,1444.94318181818,26
1824_4,False,,1444.94318181818,26
1825_1,True,,1466.83707865169,26
1825_2,False,,1466.83707865169,26
1825_3,False,,1466.83707865169,26
1826_1,True,,1444.94318181818,26
1826_2,False,,1444.94318181818,26
1827_1,True,,1466.83707865169,26
1827_2,False,,1466.83707865169,26
1828_1,True,,1444.94318181818,26
1828_2,False,,1444.94318181818,26
1828_3,False,,1444.94318181818,26
1829_1,True,,1466.83707865169,26
1829_2,False,,1466.83707865169,26
1830_1,True,,1444.94318181818,26
1830_2,False,,1444.94318181818,26
1831_1,True,,1466.83707865169,26
1831_2,False,,1466.83707865169,26
1831_3,False,,1466.83707865169,26
1831_4,False,,1466.83707865169,26
1832_1,True,,1444.94318181818,26
1833_1,True,,1466.83707865169,26
1833_2,False,,1466.83707865169,26
1834_1,True,,1444.94318181818,26
1834_2,False,,1444.94318181818,26
1834_3,False,,1444.94318181818,26
1835_1,True,,1466.83707865169,26
1835_2,False,,1466.83707865169,26
1835_3,False,,1466.83707865169,26
1836_1,True,,1444.94318181818,26
1836_2,False,,1444.94318181818,26
1836_3,False,,1444.94318181818,26
1836_4,False,,1444.94318181818,26
1837_1,True,,1466.83707865169,26
1837_2,False,,1466.83707865169,26
1837_3,False,,1466.83707865169,26
1837_4,False,,1466.83707865169,26
1837_5,False,,1466.83707865169,26
1837_6,False,,1466.83707865169,26
1838_1,True,,1444.94318181818,26
1838_2,False,,1444.94318181818,26
1839_1,True,,1466.83707865169,26
1839_2,False,,1466.83707865169,26
1839_3,False,,1466.83707865169,26
1839_4,False,,1466.83707865169,26
1840_1,True,,1444.94318181818,26
1841_1,True,,1466.83707865169,26
1841_2,False,,1466.83707865169,26
1842_1,True,,1444.94318181818,26
1842_2,False,,1444.94318181818,26
1842_3,False,,1444.94318181818,26
1843_1,True,,1466.83707865169,26
1843_2,False,,1466.83707865169,26
1844_1,True,,1444.94318181818,26
1844_2,False,,1444.94318181818,26
1844_3,False,,1444.94318181818,26
1844_4,False,,1444.94318181818,26
1844_5,False,,1444.94318181818,26
1844_6,False,,1444.94318181818,26
1845_1,True,,1466.83707865169,26
1845_2,False,,1466.83707865169,26
1846_1,True,,1444.94318181818,26
1846_2,False,,1444.94318181818,26
1846_3,False,,1444.94318181818,26
1846_4,False,,1444.94318181818,26
1847_1,True,,1466.83707865169,26
1848_1,True,,1444.94318181818,26
1848_2,False,,1444.94318181818,26
1849_1,True,,1466.83707865169,26
1849_2,False,,1466.83707865169,26
1849_3,False,,1466.83707865169,26
1849_4,False,,1466.83707865169,26
1850_1,True,,1444.94318181818,26
1850_2,False,,1444.94318181818,26
1851_1,True,,1466.83707865169,26
1851_2,False,,1466.83707865169,26
1851_3,False,,1466.83707865169,26
1852_1,True,,1444.94318181818,26
1853_1,True,,1466.83707865169,26
1853_2,False,,1466.83707865169,26
1853_3,False,,1466.83707865169,26
1853_4,False,,1466.83707865169,26
1853_5,False,,1466.83707865169,26
1854_1,True,,1444.94318181818,26
1854_2,False,,1444.94318181818,26
1854_3,False,,1444.94318181818,26
1855_1,True,,1444.94318181818,26
1855_2,False,,1444.94318181818,26
1855_3,False,,1444.94318181818,26
1856_1,True,,1444.94318181818,26
1856_2,False,,1444.94318181818,26
1857_1,True,,1466.83707865169,26
1857_2,False,,1466.83707865169,26
1857_3,False,,1466.83707865169,26
1858_1,True,,1444.94318181818,26
1858_2,False,,1444.94318181818,26
1858_3,False,,1444.94318181818,26
1858_4,False,,1444.94318181818,26
1858_5,False,,1444.94318181818,26
1859_1,True,,1466.83707865169,26
1859_2,False,,1466.83707865169,26
1859_3,False,,1466.83707865169,26
1859_4,False,,1466.83707865169,26
1859_5,False,,1466.83707865169,26
1860_1,True,,1444.94318181818,26
1860_2,False,,1444.94318181818,26
1860_3,False,,1444.94318181818,26
1860_4,False,,1444.94318181818,26
1861_1,True,,1466.83707865169,26
1861_2,False,,1466.83707865169,26
1862_1,True,,1444.94318181818,26
1862_2,False,,1444.94318181818,26
1862_3,False,,1444.94318181818,26
1862_4,False,,1444.94318181818,26
1863_1,True,,1466.83707865169,26
1863_2,False,,1466.83707865169,26
1863_3,False,,1466.83707865169,26
1863_4,False,,1466.83707865169,26
1864_1,True,,1466.83707865169,26
1864_2,False,,1466.83707865169,26
1865_1,True,,1466.83707865169,26
1865_2,False,,1466.83707865169,26
1865_3,False,,1466.83707865169,26
1865_4,False,,1466.83707865169,26
1865_5,False,,1466.83707865169,26
1866_1,True,,1444.94318181818,26
1866_2,False,,1444.94318181818,26
1867_1,True,,1444.94318181818,26
1867_2,False,,1444.94318181818,26
1867_3,False,,1444.94318181818,26
1868_1,True,,1444.94318181818,26
1868_2,False,,1444.94318181818,26
1869_1,True,,1466.83707865169,26
1869_2,False,,1466.83707865169,26
1870_1,True,,1444.94318181818,26
1870_2,False,,1444.94318181818,26
1871_1,True,,1466.83707865169,26
1871_2,False,,1466.83707865169,26
1871_3,False,,1466.83707865169,26
1871_4,False,,1466.83707865169,26
1872_1,True,,1444.94318181818,26
1872_2,False,,1444.94318181818,26
1873_1,True,,1466.83707865169,26
1873_2,False,,1466.83707865169,26
1873_3,False,,1466.83707865169,26
1873_4,False,,1466.83707865169,26
1874_1,True,,1444.94318181818,26
1875_1,True,,1466.83707865169,26
1875_2,False,,1466.83707865169,26
1876_1,True,,1444.94318181818,26
1876_2,False,,1444.94318181818,26
1876_3,False,,1444.94318181818,26
1877_1,True,,1466.83707865169,26
1877_2,False,,1466.83707865169,26
1877_3,False,,1466.83707865169,26
1877_4,False,,1466.83707865169,26
1877_5,False,,1466.83707865169,26
1878_1,True,,1444.94318181818,26
1878_2,False,,1444.94318181818,26
1878_3,False,,1444.94318181818,26
1879_1,True,,1466.83707865169,26
1879_2,False,,1466.83707865169,26
1880_1,True,,1444.94318181818,26
1880_2,False,,1444.94318181818,26
1880_3,False,,1444.94318181818,26
1880_4,False,,1444.94318181818,26
1881_1,True,,1466.83707865169,26
1882_1,True,,1444.94318181818,26
1882_2,False,,1444.94318181818,26
1883_1,True,,1466.83707865169,26
1883_2,False,,1466.83707865169,26
1884_1,True,,1444.94318181818,26
1884_2,False,,1444.94318181818,26
1884_3,False,,1444.94318181818,26
1884_4,False,,1444.94318181818,26
1885_1,True,,1466.83707865169,26
1885_2,False,,1466.83707865169,26
1885_3,False,,1466.83707865169,26
1885_4,False,,1466.83707865169,26
1886_1,True,,1444.94318181818,26
1886_2,False,,1444.94318181818,26
1886_3,False,,1444.94318181818,26
1886_4,False,,1444.94318181818,26
1887_1,True,,1444.94318181818,26
1887_2,False,,1444.94318181818,26
1887_3,False,,1444.94318181818,26
1888_1,True,,1466.83707865169,26
1888_2,False,,1466.83707865169,26
1888_3,False,,1466.83707865169,26
1888_4,False,,1466.83707865169,26
1888_5,False,,1466.83707865169,26
1888_6,False,,1466.83707865169,26
1889_1,True,,1466.83707865169,26
1889_2,False,,1466.83707865169,26
1889_3,False,,1466.83707865169,26
1889_4,False,,1466.83707865169,26
1890_1,True,,1444.94318181818,26
1890_2,False,,1444.94318181818,26
1890_3,False,,1444.94318181818,26
1891_1,True,,1466.83707865169,26
1891_2,False,,1466.83707865169,26
1892_1,True,,1444.94318181818,26
1892_2,False,,1444.94318181818,26
1893_1,True,,1466.83707865169,26
1893_2,False,,1466.83707865169,26
1894_1,True,,1444.94318181818,26
1894_2,False,,1444.94318181818,26
1894_3,False,,1444.94318181818,26
1895_1,True,,1466.83707865169,26
1895_2,False,,1466.83707865169,26
1896_1,True,,1444.94318181818,26
1896_2,False,,1444.94318181818,26
1896_3,False,,1444.94318181818,26
1896_4,False,,1444.94318181818,26
1897_1,True,,1466.83707865169,26
1897_2,False,,1466.83707865169,26
1897_3,False,,1466.83707865169,26
1897_4,False,,1466.83707865169,26
1897_5,False,,1466.83707865169,26
1898_1,True,,1444.94318181818,26
1898_2,False,,1444.94318181818,26
1899_1,True,,1466.83707865169,26
1899_2,False,,1466.83707865169,26
1899_3,False,,1466.83707865169,26
1899_4,False,,1466.83707865169,26
1899_5,False,,1466.83707865169,26
1900_1,True,,1444.94318181818,26
1900_2,False,,1444.94318181818,26
1901_1,True,,1466.83707865169,26
1901_2,False,,1466.83707865169,26
1902_1,True,,1444.94318181818,26
1902_2,False,,1444.94318181818,26
1902_3,False,,1444.94318181818,26
1902_4,False,,1444.94318181818,26
1903_1,True,,1466.83707865169,26
1903_2,False,,1466.83707865169,26
1903_3,False,,1466.83707865169,26
1904_1,True,,1444.94318181818,26
1904_2,False,,1444.94318181818,26
1905_1,True,,1466.83707865169,26
1905_2,False,,1466.83707865169,26
1905_3,False,,1466.83707865169,26
1906_1,True,,1444.94318181818,26
1906_2,False,,1444.94318181818,26
1906_3,False,,1444.94318181818,26
1906_4,False,,1444.94318181818,26
1907_1,True,,1466.83707865169,26
1907_2,False,,1466.83707865169,26
1908_1,True,,1444.94318181818,26
1908_2,False,,1444.94318181818,26
1908_3,False,,1444.94318181818,26
1909_1,True,,1466.83707865169,26
1909_2,False,,1466.83707865169,26
1909_3,False,,1466.83707865169,26
1909_4,False,,1466.83707865169,26
1910_1,True,,1444.94318181818,26
1911_1,True,,1466.83707865169,26
1911_2,False,,1466.83707865169,26
1911_3,False,,1466.83707865169,26
1912_1,True,,1444.94318181818,26
1913_1,True,,1466.83707865169,26
1913_2,False,,1466.83707865169,26
1914_1,True,,1444.94318181818,26
1914_2,False,,1444.94318181818,26
1914_3,False,,1444.94318181818,26
1915_1,True,,1466.83707865169,26
1915_2,False,,1466.83707865169,26
1915_3,False,,1466.83707865169,26
1915_4,False,,1466.83707865169,26
1916_1,True,,1444.94318181818,26
1916_2,False,,1444.94318181818,26
1916_3,False,,1444.94318181818,26
1916_4,False,,1444.94318181818,26
1917_1,True,,1466.83707865169,26
1917_2,False,,1466.83707865169,26
1917_3,False,,1466.83707865169,26
1917_4,False,,1466.83707865169,26
1917_5,False,,1466.83707865169,26
1918_1,True,,1466.83707865169,26
1918_2,False,,1466.83707865169,26
1919_1,True,,1444.94318181818,26
1919_2,False,,1444.94318181818,26
1920_1,True,,1466.83707865169,26
1920_2,False,,1466.83707865169,26
1920_3,False,,1466.83707865169,26
1921_1,True,,1444.94318181818,26
1921_2,False,,1444.94318181818,26
1921_3,False,,1444.94318181818,26
1921_4,False,,1444.94318181818,26
1922_1,True,,1444.94318181818,26
1922_2,False,,1444.94318181818,26
1922_3,False,,1444.94318181818,26
1922_4,False,,1444.94318181818,26
1922_5,False,,1444.94318181818,26
1922_6,False,,1444.94318181818,26
1923_1,True,,1466.83707865169,26
1923_2,False,,1466.83707865169,26
1923_3,False,,1466.83707865169,26
1923_4,False,,1466.83707865169,26
1923_5,False,,1466.83707865169,26
1924_1,True,,1444.94318181818,26
1924_2,False,,1444.94318181818,26
1925_1,True,,1466.83707865169,26
1925_2,False,,1466.83707865169,26
1925_3,False,,1466.83707865169,26
1926_1,True,,1444.94318181818,26
1926_2,False,,1444.94318181818,26
1927_1,True,,1466.83707865169,26
1927_2,False,,1466.83707865169,26
1927_3,False,,1466.83707865169,26
1927_4,False,,1466.83707865169,26
1928_1,True,,1444.94318181818,26
1928_2,False,,1444.94318181818,26
1928_3,False,,1444.94318181818,26
1928_4,False,,1444.94318181818,26
1929_1,True,,1466.83707865169,26
1929_2,False,,1466.83707865169,26
1929_3,False,,1466.83707865169,26
1930_1,True,,1444.94318181818,26
1930_2,False,,1444.94318181818,26
1930_3,False,,1444.94318181818,26
1931_1,True,,1466.83707865169,26
1931_2,False,,1466.83707865169,26
1931_3,False,,1466.83707865169,26
1931_4,False,,1466.83707865169,26
1931_5,False,,1466.83707865169,26
1931_6,False,,1466.83707865169,26
1932_1,True,,1444.94318181818,26
1932_2,False,,1444.94318181818,26
1932_3,False,,1444.94318181818,26
1932_4,False,,1444.94318181818,26
1933_1,True,,1466.83707865169,26
1933_2,False,,1466.83707865169,26
1933_3,False,,1466.83707865169,26
1934_1,True,,1444.94318181818,26
1934_2,False,,1444.94318181818,26
1935_1,True,,1466.83707865169,26
1936_1,True,,1444.94318181818,26
1936_2,False,,1444.94318181818,26
1936_3,False,,1444.94318181818,26
1936_4,False,,1444.94318181818,26
1936_5,False,,1444.94318181818,26
1937_1,True,,1466.83707865169,26
1937_2,False,,1466.83707865169,26
1937_3,False,,1466.83707865169,26
1937_4,False,,1466.83707865169,26
1937_5,False,,1466.83707865169,26
1938_1,True,,1444.94318181818,26
1938_2,False,,1444.94318181818,26
1938_3,False,,1444.94318181818,26
1939_1,True,,1466.83707865169,26
1939_2,False,,1466.83707865169,26
1939_3,False,,1466.83707865169,26
1940_1,True,,1444.94318181818,26
1940_2,False,,1444.94318181818,26
1940_3,False,,1444.94318181818,26
1940_4,False,,1444.94318181818,26
1941_1,True,,1466.83707865169,26
1941_2,False,,1466.83707865169,26
1941_3,False,,1466.83707865169,26
1942_1,True,,1444.94318181818,26
1942_2,False,,1444.94318181818,26
1943_1,True,,1466.83707865169,26
1943_2,False,,1466.83707865169,26
1943_3,False,,1466.83707865169,26
1943_4,False,,1466.83707865169,26
1944_1,True,,1444.94318181818,26
1944_2,False,,1444.94318181818,26
1945_1,True,,1466.83707865169,26
1945_2,False,,1466.83707865169,26
1945_3,False,,1466.83707865169,26
1946_1,True,,1444.94318181818,26
1946_2,False,,1444.94318181818,26
1946_3,False,,1444.94318181818,26
1946_4,False,,1444.94318181818,26
1947_1,True,,1466.83707865169,26
1947_2,False,,1466.83707865169,26
1947_3,False,,1466.83707865169,26
1948_1,True,,1444.94318181818,26
1948_2,False,,1444.94318181818,26
1948_3,False,,1444.94318181818,26
1949_1,True,,1466.83707865169,26
1949_2,False,,1466.83707865169,26
1949_3,False,,1466.83707865169,26
1949_4,False,,1466.83707865169,26
1949_5,False,,1466.83707865169,26
1950_1,True,,1444.94318181818,26
1950_2,False,,1444.94318181818,26
1950_3,False,,1444.94318181818,26
1950_4,False,,1444.94318181818,26
1951_1,True,,1466.83707865169,26
1951_2,False,,1466.83707865169,26
1952_1,True,,1444.94318181818,26
1952_2,False,,1444.94318181818,26
1952_3,False,,1444.94318181818,26
1953_1,True,,1466.83707865169,26
1953_2,False,,1466.83707865169,26
1954_1,True,,1444.94318181818,26
1955_1,True,,1466.83707865169,26
1955_2,False,,1466.83707865169,26
1955_3,False,,1466.83707865169,26
1956_1,True,,1444.94318181818,26
1956_2,False,,1444.94318181818,26
1956_3,False,,1444.94318181818,26
1957_1,True,,1466.83707865169,26
1957_2,False,,1466.83707865169,26
1957_3,False,,1466.83707865169,26
1958_1,True,,1444.94318181818,26
1958_2,False,,1444.94318181818,26
1959_1,True,,1466.83707865169,26
1959_2,False,,1466.83707865169,26
1960_1,True,,1444.94318181818,26
1961_1,True,,1466.83707865169,26
1961_2,False,,1466.83707865169,26
1962_1,True,,1444.94318181818,26
1962_2,False,,1444.94318181818,26
1963_1,True,,1466.83707865169,26
1963_2,False,,1466.83707865169,26
1963_3,False,,1466.83707865169,26
1964_1,True,,1444.94318181818,26
1964_2,False,,1444.94318181818,26
1964_3,False,,1444.94318181818,26
1965_1,True,,1466.83707865169,26
1965_2,False,,1466.83707865169,26
1966_1,True,,1444.94318181818,26
1966_2,False,,1444.94318181818,26
1966_3,False,,1444.94318181818,26
1967_1,True,,1466.83707865169,26
1967_2,False,,1466.83707865169,26
1968_1,True,,1444.94318181818,26
1968_2,False,,1444.94318181818,26
1969_1,True,,1466.83707865169,26
1969_2,False,,1466.83707865169,26
1969_3,False,,1466.83707865169,26
1969_4,False,,1466.83707865169,26
1970_1,True,,1444.94318181818,26
1970_2,False,,1444.94318181818,26
1971_1,True,,1466.83707865169,26
1971_2,False,,1466.83707865169,26
1972_1,True,,1444.94318181818,26
1972_2,False,,1444.94318181818,26
1972_3,False,,1444.94318181818,26
1973_1,True,,1466.83707865169,26
1973_2,False,,1466.83707865169,26
1973_3,False,,1466.83707865169,26
1973_4,False,,1466.83707865169,26
1974_1,True,,1444.94318181818,26
1974_2,False,,1444.94318181818,26
1975_1,True,,1466.83707865169,26
1975_2,False,,1466.83707865169,26
1976_1,True,,1444.94318181818,26
1976_2,False,,1444.94318181818,26
1977_1,True,,1466.83707865169,26
1977_2,False,,1466.83707865169,26
1978_1,True,,1444.94318181818,26
1978_2,False,,1444.94318181818,26
1979_1,True,,1466.83707865169,26
1979_2,False,,1466.83707865169,26
1979_3,False,,1466.83707865169,26
1980_1,True,,1444.94318181818,26
1981_1,True,,1466.83707865169,26
1981_2,False,,1466.83707865169,26
1982_1,True,,1444.94318181818,26
1982_2,False,,1444.94318181818,26
1982_3,False,,1444.94318181818,26
1983_1,True,,1466.83707865169,26
1983_2,False,,1466.83707865169,26
1983_3,False,,1466.83707865169,26
1983_4,False,,1466.83707865169,26
1984_1,True,,1444.94318181818,26
1984_2,False,,1444.94318181818,26
1984_3,False,,1444.94318181818,26
1984_4,False,,1444.94318181818,26
1984_5,False,,1444.94318181818,26
1984_6,False,,1444.94318181818,26
1985_1,True,,1466.83707865169,26
1985_2,False,,1466.83707865169,26
1986_1,True,,1444.94318181818,26
1986_2,False,,1444.94318181818,26
1986_3,False,,1444.94318181818,26
1987_1,True,,1466.83707865169,26
1987_2,False,,1466.83707865169,26
1987_3,False,,1466.83707865169,26
1987_4,False,,1466.83707865169,26
1988_1,True,,1444.94318181818,26
1988_2,False,,1444.94318181818,26
1989_1,True,,1466.83707865169,26
1990_1,True,,1466.83707865169,26
1990_2,False,,1466.83707865169,26
1990_3,False,,1466.83707865169,26
1990_4,False,,1466.83707865169,26
1991_1,True,,1444.94318181818,26
1991_2,False,,1444.94318181818,26
1991_3,False,,1444.94318181818,26
1992_1,True,,1444.94318181818,26
1992_2,False,,1444.94318181818,26
1993_1,True,,1466.83707865169,26
1993_2,False,,1466.83707865169,26
1993_3,False,,1466.83707865169,26
1993_4,False,,1466.83707865169,26
1994_1,True,,1444.94318181818,26
1994_2,False,,1444.94318181818,26
1994_3,False,,1444.94318181818,26
1995_1,True,,1466.83707865169,26
1995_2,False,,1466.83707865169,26
1995_3,False,,1466.83707865169,26
1995_4,False,,1466.83707865169,26
1996_1,True,,1444.94318181818,26
1996_2,False,,1444.94318181818,26
1996_3,False,,1444.94318181818,26
1997_1,True,,1466.83707865169,26
1997_2,False,,1466.83707865169,26
1997_3,False,,1466.83707865169,26
1997_4,False,,1466.83707865169,26
1997_5,False,,1466.83707865169,26
1998_1,True,,1444.94318181818,26
1998_2,False,,1444.94318181818,26
1999_1,True,,1466.83707865169,26
1999_2,False,,1466.83707865169,26
1999_3,False,,1466.83707865169,26
2000_1,True,,1444.94318181818,26
2000_2,False,,1444.94318181818,26
2001_1,True,,1466.83707865169,26
2001_2,False,,1466.83707865169,26
2001_3,False,,1466.83707865169,26
2002_1,True,,1444.94318181818,26
2002_2,False,,1444.94318181818,26
2002_3,False,,1444.94318181818,26
2002_4,False,,1444.94318181818,26
2003_1,True,,1444.94318181818,26
2003_2,False,,1444.94318181818,26
2003_3,False,,1444.94318181818,26
2003_4,False,,1444.94318181818,26
2004_1,True,,1444.94318181818,26
2004_2,False,,1444.94318181818,26
2004_3,False,,1444.94318181818,26
2004_4,False,,1444.94318181818,26
2004_5,False,,1444.94318181818,26
2004_6,False,,1444.94318181818,26
2004_7,False,,1444.94318181818,26
2005_1,True,,1466.83707865169,26
2005_2,False,,1466.83707865169,26
2006_1,True,,1444.94318181818,26
2006_2,False,,1444.94318181818,26
2007_1,True,,1466.83707865169,26
2007_2,False,,1466.83707865169,26
2007_3,False,,1466.83707865169,26
2007_4,False,,1466.83707865169,26
2008_1,True,,1444.94318181818,26
2008_2,False,,1444.94318181818,26
2008_3,False,,1444.94318181818,26
2009_1,True,,1466.83707865169,26
2010_1,True,,1444.94318181818,26
2010_2,False,,1444.94318181818,26
2011_1,True,,1466.83707865169,26
2011_2,False,,1466.83707865169,26
2011_3,False,,1466.83707865169,26
2012_1,True,,1444.94318181818,26
2012_2,False,,1444.94318181818,26
2013_1,True,,1466.83707865169,26
2013_2,False,,1466.83707865169,26
2013_3,False,,1466.83707865169,26
2013_4,False,,1466.83707865169,26
2014_1,True,,1444.94318181818,26
2014_2,False,,1444.94318181818,26
2014_3,False,,1444.94318181818,26
2014_4,False,,1444.94318181818,26
2015_1,True,,1466.83707865169,26
2015_2,False,,1466.83707865169,26
2016_1,True,,1444.94318181818,26
2016_2,False,,1444.94318181818,26
2017_1,True,,1466.83707865169,26
2018_1,True,,1444.94318181818,26
2018_2,False,,1444.94318181818,26
2019_1,True,,1466.83707865169,26
2019_2,False,,1466.83707865169,26
2019_3,False,,1466.83707865169,26
2019_4,False,,1466.83707865169,26
2020_1,True,,1444.94318181818,26
2020_2,False,,1444.94318181818,26
2021_1,True,,1466.83707865169,26
2021_2,False,,1466.83707865169,26
2022_1,True,,1444.94318181818,26
2022_2,False,,1444.94318181818,26
2022_3,False,,1444.94318181818,26
2023_1,True,,1466.83707865169,26
2023_2,False,,1466.83707865169,26
2023_3,False,,1466.83707865169,26
2024_1,True,,1444.94318181818,26
2024_2,False,,1444.94318181818,26
2025_1,True,,1466.83707865169,26
2025_2,False,,1466.83707865169,26
2025_3,False,,1466.83707865169,26
2025_4,False,,1466.83707865169,26
2025_5,False,,1466.83707865169,26
2026_1,True,,1444.94318181818,26
2026_2,False,,1444.94318181818,26
2027_1,True,,1466.83707865169,26
2027_2,False,,1466.83707865169,26
2028_1,True,,1444.94318181818,26
2028_2,False,,1444.94318181818,26
2028_3,False,,1444.94318181818,26
2029_1,True,,1466.83707865169,26
2029_2,False,,1466.83707865169,26
2029_3,False,,1466.83707865169,26
2029_4,False,,1466.83707865169,26
2030_1,True,,1466.83707865169,26
2030_2,False,,1466.83707865169,26
2030_3,False,,1466.83707865169,26
2030_4,False,,1466.83707865169,26
2030_5,False,,1466.83707865169,26
2030_6,False,,1466.83707865169,26
2031_1,True,,1466.83707865169,26
2031_2,False,,1466.83707865169,26
2031_3,False,,1466.83707865169,26
2032_1,True,,1466.83707865169,26
2032_2,False,,1466.83707865169,26
2033_1,True,,1444.94318181818,26
2033_2,False,,1444.94318181818,26
2034_1,True,,1444.94318181818,26
2034_2,False,,1444.94318181818,26
2034_3,False,,1444.94318181818,26
2034_4,False,,1444.94318181818,26
2034_5,False,,1444.94318181818,26
2035_1,True,,1466.83707865169,26
2035_2,False,,1466.83707865169,26
2035_3,False,,1466.83707865169,26
2035_4,False,,1466.83707865169,26
2036_1,True,,1444.94318181818,26
2037_1,True,,1466.83707865169,26
2037_2,False,,1466.83707865169,26
2038_1,True,,1444.94318181818,26
2038_2,False,,1444.94318181818,26
2039_1,True,,1466.83707865169,26
2039_2,False,,1466.83707865169,26
2040_1,True,,1444.94318181818,26
2040_2,False,,1444.94318181818,26
2040_3,False,,1444.94318181818,26
2040_4,False,,1444.94318181818,26
2041_1,True,,1466.83707865169,26
2041_2,False,,1466.83707865169,26
2041_3,False,,1466.83707865169,26
2042_1,True,,1444.94318181818,26
2042_2,False,,1444.94318181818,26
2043_1,True,,1466.83707865169,26
2044_1,True,,1444.94318181818,26
2044_2,False,,1444.94318181818,26
2044_3,False,,1444.94318181818,26
2044_4,False,,1444.94318181818,26
2045_1,True,,1466.83707865169,26
2045_2,False,,1466.83707865169,26
2046_1,True,,1444.94318181818,26
2046_2,False,,1444.94318181818,26
2047_1,True,,1466.83707865169,26
2047_2,False,,1466.83707865169,26
2047_3,False,,1466.83707865169,26
2048_1,True,,1444.94318181818,26
2048_2,False,,1444.94318181818,26
2048_3,False,,1444.94318181818,26
2049_1,True,,1466.83707865169,26
2049_2,False,,1466.83707865169,26
2049_3,False,,1466.83707865169,26
2050_1,True,,1444.94318181818,26
2050_2,False,,1444.94318181818,26
2051_1,True,,1466.83707865169,26
2051_2,False,,1466.83707865169,26
2051_3,False,,1466.83707865169,26
2051_4,False,,1466.83707865169,26
2051_5,False,,1466.83707865169,26
2052_1,True,,1444.94318181818,26
2052_2,False,,1444.94318181818,26
2052_3,False,,1444.94318181818,26
2052_4,False,,1444.94318181818,26
2053_1,True,,1466.83707865169,26
2053_2,False,,1466.83707865169,26
2053_3,False,,1466.83707865169,26
2053_4,False,,1466.83707865169,26
2054_1,True,,1444.94318181818,26
2054_2,False,,1444.94318181818,26
2054_3,False,,1444.94318181818,26
2054_4,False,,1444.94318181818,26
2055_1,True,,1466.83707865169,26
2055_2,False,,1466.83707865169,26
2055_3,False,,1466.83707865169,26
2056_1,True,,1466.83707865169,26
2056_2,False,,1466.83707865169,26
2056_3,False,,1466.83707865169,26
2056_4,False,,1466.83707865169,26
2056_5,False,,1466.83707865169,26
2057_1,True,,1444.94318181818,26
2057_2,False,,1444.94318181818,26
2057_3,False,,1444.94318181818,26
2057_4,False,,1444.94318181818,26
2057_5,False,,1444.94318181818,26
2058_1,True,,1444.94318181818,26
2058_2,False,,1444.94318181818,26
2058_3,False,,1444.94318181818,26
2058_4,False,,1444.94318181818,26
2059_1,True,,1466.83707865169,26
2059_2,False,,1466.83707865169,26
2059_3,False,,1466.83707865169,26
2059_4,False,,1466.83707865169,26
2060_1,True,,1444.94318181818,26
2060_2,False,,1444.94318181818,26
2060_3,False,,1444.94318181818,26
2060_4,False,,1444.94318181818,26
2061_1,True,,1466.83707865169,26
2061_2,False,,1466.83707865169,26
2061_3,False,,1466.83707865169,26
2061_4,False,,1466.83707865169,26
2062_1,True,,1444.94318181818,26
2062_2,False,,1444.94318181818,26
2063_1,True,,1466.83707865169,26
2063_2,False,,1466.83707865169,26
2063_3,False,,1466.83707865169,26
2063_4,False,,1466.83707865169,26
2063_5,False,,1466.83707865169,26
2064_1,True,,1444.94318181818,26
2064_2,False,,1444.94318181818,26
2065_1,True,,1466.83707865169,26
2065_2,False,,1466.83707865169,26
2066_1,True,,1444.94318181818,26
2066_2,False,,1444.94318181818,26
2066_3,False,,1444.94318181818,26
2066_4,False,,1444.94318181818,26
2067_1,True,,1466.83707865169,26
2067_2,False,,1466.83707865169,26
2068_1,True,,1444.94318181818,26
2068_2,False,,1444.94318181818,26
2068_3,False,,1444.94318181818,26
2068_4,False,,1444.94318181818,26
2068_5,False,,1444.94318181818,26
2068_6,False,,1444.94318181818,26
2069_1,True,,1466.83707865169,26
2069_2,False,,1466.83707865169,26
2070_1,True,,1444.94318181818,26
2070_2,False,,1444.94318181818,26
2071_1,True,,1466.83707865169,26
2071_2,False,,1466.83707865169,26
2071_3,False,,1466.83707865169,26
2071_4,False,,1466.83707865169,26
2072_1,True,,1444.94318181818,26
2072_2,False,,1444.94318181818,26
2073_1,True,,1466.83707865169,26
2073_2,False,,1466.83707865169,26
2074_1,True,,1444.94318181818,26
2074_2,False,,1444.94318181818,26
2074_3,False,,1444.94318181818,26
2075_1,True,,1466.83707865169,26
2075_2,False,,1466.83707865169,26
2076_1,True,,1444.94318181818,26
2076_2,False,,1444.94318181818,26
2076_3,False,,1444.94318181818,26
2076_4,False,,1444.94318181818,26
2077_1,True,,1466.83707865169,26
2077_2,False,,1466.83707865169,26
2078_1,True,,1444.94318181818,26
2078_2,False,,1444.94318181818,26
2078_3,False,,1444.94318181818,26
2079_1,True,,1466.83707865169,26
2079_2,False,,1466.83707865169,26
2079_3,False,,1466.83707865169,26
2080_1,True,,1444.94318181818,26
2080_2,False,,1444.94318181818,26
2080_3,False,,1444.94318181818,26
2080_4,False,,1444.94318181818,26
2081_1,True,,1466.83707865169,26
2081_2,False,,1466.83707865169,26
2081_3,False,,1466.83707865169,26
2081_4,False,,1466.83707865169,26
2082_1,True,,1444.94318181818,26
2082_2,False,,1444.94318181818,26
2083_1,True,,1466.83707865169,26
2083_2,False,,1466.83707865169,26
2083_3,False,,1466.83707865169,26
2084_1,True,,1444.94318181818,26
2084_2,False,,1444.94318181818,26
2085_1,True,,1466.83707865169,26
2085_2,False,,1466.83707865169,26
2085_3,False,,1466.83707865169,26
2085_4,False,,1466.83707865169,26
2086_1,True,,1444.94318181818,26
2086_2,False,,1444.94318181818,26
2086_3,False,,1444.94318181818,26
2087_1,True,,1466.83707865169,26
2087_2,False,,1466.83707865169,26
2087_3,False,,1466.83707865169,26
2087_4,False,,1466.83707865169,26
2088_1,True,,1444.94318181818,26
2089_1,True,,1466.83707865169,26
2089_2,False,,1466.83707865169,26
2089_3,False,,1466.83707865169,26
2090_1,True,,1444.94318181818,26
2091_1,True,,1466.83707865169,26
2091_2,False,,1466.83707865169,26
2092_1,True,,1444.94318181818,26
2092_2,False,,1444.94318181818,26
2092_3,False,,1444.94318181818,26
2093_1,True,,1466.83707865169,26
2093_2,False,,1466.83707865169,26
2094_1,True,,1444.94318181818,26
2094_2,False,,1444.94318181818,26
2094_3,False,,1444.94318181818,26
2094_4,False,,1444.94318181818,26
2095_1,True,,1466.83707865169,26
2095_2,False,,1466.83707865169,26
2095_3,False,,1466.83707865169,26
2095_4,False,,1466.83707865169,26
2096_1,True,,1444.94318181818,26
2096_2,False,,1444.94318181818,26
2096_3,False,,1444.94318181818,26
2097_1,True,,1466.83707865169,26
2097_2,False,,1466.83707865169,26
2097_3,False,,1466.83707865169,26
2097_4,False,,1466.83707865169,26
2097_5,False,,1466.83707865169,26
2098_1,True,,1466.83707865169,26
2098_2,False,,1466.83707865169,26
2098_3,False,,1466.83707865169,26
2099_1,True,,1466.83707865169,26
2099_2,False,,1466.83707865169,26
2099_3,False,,1466.83707865169,26
2099_4,False,,1466.83707865169,26
2099_5,False,,1466.83707865169,26
2100_1,True,,1444.94318181818,26
2100_2,False,,1444.94318181818,26
2100_3,False,,1444.94318181818,26
2100_4,False,,1444.94318181818,26
2101_1,True,,1466.83707865169,26
2101_2,False,,1466.83707865169,26
2101_3,False,,1466.83707865169,26
2102_1,True,,1444.94318181818,26
2102_2,False,,1444.94318181818,26
2103_1,True,,1466.83707865169,26
2103_2,False,,1466.83707865169,26
2103_3,False,,1466.83707865169,26
2104_1,True,,1444.94318181818,26
2104_2,False,,1444.94318181818,26
2104_3,False,,1444.94318181818,26
2104_4,False,,1444.94318181818,26
2104_5,False,,1444.94318181818,26
2105_1,True,,1466.83707865169,26
2105_2,False,,1466.83707865169,26
2105_3,False,,1466.83707865169,26
2105_4,False,,1466.83707865169,26
2106_1,True,,1444.94318181818,26
2106_2,False,,1444.94318181818,26
2107_1,True,,1466.83707865169,26
2107_2,False,,1466.83707865169,26
2107_3,False,,1466.83707865169,26
2107_4,False,,1466.83707865169,26
2108_1,True,,1444.94318181818,26
2108_2,False,,1444.94318181818,26
2108_3,False,,1444.94318181818,26
2109_1,True,,1466.83707865169,26
2109_2,False,,1466.83707865169,26
2110_1,True,,1444.94318181818,26
2110_2,False,,1444.94318181818,26
2110_3,False,,1444.94318181818,26
2110_4,False,,1444.94318181818,26
2110_5,False,,1444.94318181818,26
2111_1,True,,1466.83707865169,26
2111_2,False,,1466.83707865169,26
2111_3,False,,1466.83707865169,26
2111_4,False,,1466.83707865169,26
2112_1,True,,1444.94318181818,26
2112_2,False,,1444.94318181818,26
2112_3,False,,1444.94318181818,26
2113_1,True,,1466.83707865169,26
2113_2,False,,1466.83707865169,26
2113_3,False,,1466.83707865169,26
2114_1,True,,1444.94318181818,26
2114_2,False,,1444.94318181818,26
2114_3,False,,1444.94318181818,26
2114_4,False,,1444.94318181818,26
2114_5,False,,1444.94318181818,26
2115_1,True,,1466.83707865169,26
2115_2,False,,1466.83707865169,26
2115_3,False,,1466.83707865169,26
2115_4,False,,1466.83707865169,26
2116_1,True,,1444.94318181818,26
2116_2,False,,1444.94318181818,26
2116_3,False,,1444.94318181818,26
2116_4,False,,1444.94318181818,26
2117_1,True,,1466.83707865169,26
2117_2,False,,1466.83707865169,26
2117_3,False,,1466.83707865169,26
2118_1,True,,1444.94318181818,26
2118_2,False,,1444.94318181818,26
2118_3,False,,1444.94318181818,26
2118_4,False,,1444.94318181818,26
2119_1,True,,1466.83707865169,26
2119_2,False,,1466.83707865169,26
2119_3,False,,1466.83707865169,26
2120_1,True,,1444.94318181818,26
2121_1,True,,948.942528735631,31
2121_2,False,,948.942528735631,31
2121_3,False,,948.942528735631,31
2121_4,False,,948.942528735631,31
2122_1,True,,926.861111111112,31
2122_2,False,,926.861111111112,31
2122_3,False,,926.861111111112,31
2123_1,True,,948.942528735631,31
2123_2,False,,948.942528735631,31
2123_3,False,,948.942528735631,31
2124_1,True,,926.861111111112,31
2124_2,False,,926.861111111112,31
2124_3,False,,926.861111111112,31
2125_1,True,,926.861111111112,31
2125_2,False,,926.861111111112,31
2125_3,False,,926.861111111112,31
2126_1,True,,926.861111111112,31
2126_2,False,,926.861111111112,31
2126_3,False,,926.861111111112,31
2126_4,False,,926.861111111112,31
2127_1,True,,948.942528735631,31
2127_2,False,,948.942528735631,31
2128_1,True,,926.861111111112,31
2128_2,False,,926.861111111112,31
2128_3,False,,926.861111111112,31
2129_1,True,,948.942528735631,31
2129_2,False,,948.942528735631,31
2130_1,True,,926.861111111112,31
2130_2,False,,926.861111111112,31
2130_3,False,,926.861111111112,31
2131_1,True,,948.942528735631,31
2131_2,False,,948.942528735631,31
2131_3,False,,948.942528735631,31
2131_4,False,,948.942528735631,31
2132_1,True,,926.861111111112,31
2132_2,False,,926.861111111112,31
2132_3,False,,926.861111111112,31
2133_1,True,,948.942528735631,31
2133_2,False,,948.942528735631,31
2133_3,False,,948.942528735631,31
2133_4,False,,948.942528735631,31
2134_1,True,,926.861111111112,31
2134_2,False,,926.861111111112,31
2134_3,False,,926.861111111112,31
2135_1,True,,948.942528735631,31
2135_2,False,,948.942528735631,31
2135_3,False,,948.942528735631,31
2135_4,False,,948.942528735631,31
2136_1,True,,926.861111111112,31
2136_2,False,,926.861111111112,31
2136_3,False,,926.861111111112,31
2136_4,False,,926.861111111112,31
2137_1,True,,948.942528735631,31
2137_2,False,,948.942528735631,31
2137_3,False,,948.942528735631,31
2138_1,True,,926.861111111112,31
2139_1,True,,948.942528735631,31
2139_2,False,,948.942528735631,31
2139_3,False,,948.942528735631,31
2140_1,True,,926.861111111112,31
2140_2,False,,926.861111111112,31
2141_1,True,,948.942528735631,31
2141_2,False,,948.942528735631,31
2141_3,False,,948.942528735631,31
2141_4,False,,948.942528735631,31
2142_1,True,,926.861111111112,31
2142_2,False,,926.861111111112,31
2142_3,False,,926.861111111112,31
2143_1,True,,948.942528735631,31
2143_2,False,,948.942528735631,31
2143_3,False,,948.942528735631,31
2144_1,True,,926.861111111112,31
2145_1,True,,948.942528735631,31
2146_1,True,,926.861111111112,31
2146_2,False,,926.861111111112,31
2146_3,False,,926.861111111112,31
2146_4,False,,926.861111111112,31
2147_1,True,,948.942528735631,31
2147_2,False,,948.942528735631,31
2147_3,False,,948.942528735631,31
2148_1,True,,926.861111111112,31
2148_2,False,,926.861111111112,31
2148_3,False,,926.861111111112,31
2149_1,True,,948.942528735631,31
2149_2,False,,948.942528735631,31
2150_1,True,,926.861111111112,31
2150_2,False,,926.861111111112,31
2150_3,False,,926.861111111112,31
2151_1,True,,948.942528735631,31
2151_2,False,,948.942528735631,31
2151_3,False,,948.942528735631,31
2152_1,True,,926.861111111112,31
2152_2,False,,926.861111111112,31
2152_3,False,,926.861111111112,31
2153_1,True,,948.942528735631,31
2153_2,False,,948.942528735631,31
2154_1,True,,926.861111111112,31
2154_2,False,,926.861111111112,31
2155_1,True,,948.942528735631,31
2155_2,False,,948.942528735631,31
2156_1,True,,926.861111111112,31
2156_2,False,,926.861111111112,31
2157_1,True,,948.942528735631,31
2158_1,True,,926.861111111112,31
2158_2,False,,926.861111111112,31
2158_3,False,,926.861111111112,31
2158_4,False,,926.861111111112,31
2159_1,True,,948.942528735631,31
2159_2,False,,948.942528735631,31
2159_3,False,,948.942528735631,31
2159_4,False,,948.942528735631,31
2160_1,True,,926.861111111112,31
2160_2,False,,926.861111111112,31
2160_3,False,,926.861111111112,31
2160_4,False,,926.861111111112,31
2160_5,False,,926.861111111112,31
2161_1,True,,948.942528735631,31
2161_2,False,,948.942528735631,31
2161_3,False,,948.942528735631,31
2162_1,True,,926.861111111112,31
2162_2,False,,926.861111111112,31
2162_3,False,,926.861111111112,31
2162_4,False,,926.861111111112,31
2163_1,True,,948.942528735631,31
2163_2,False,,948.942528735631,31
2163_3,False,,948.942528735631,31
2164_1,True,,926.861111111112,31
2165_1,True,,948.942528735631,31
2165_2,False,,948.942528735631,31
2166_1,True,,926.861111111112,31
2166_2,False,,926.861111111112,31
2166_3,False,,926.861111111112,31
2167_1,True,,948.942528735631,31
2167_2,False,,948.942528735631,31
2167_3,False,,948.942528735631,31
2168_1,True,,926.861111111112,31
2168_2,False,,926.861111111112,31
2169_1,True,,948.942528735631,31
2169_2,False,,948.942528735631,31
2169_3,False,,948.942528735631,31
2169_4,False,,948.942528735631,31
2170_1,True,,926.861111111112,31
2170_2,False,,926.861111111112,31
2171_1,True,,948.942528735631,31
2171_2,False,,948.942528735631,31
2171_3,False,,948.942528735631,31
2171_4,False,,948.942528735631,31
2172_1,True,,926.861111111112,31
2172_2,False,,926.861111111112,31
2173_1,True,,948.942528735631,31
2173_2,False,,948.942528735631,31
2174_1,True,,926.861111111112,31
2175_1,True,,948.942528735631,31
2175_2,False,,948.942528735631,31
2176_1,True,,926.861111111112,31
2176_2,False,,926.861111111112,31
2176_3,False,,926.861111111112,31
2176_4,False,,926.861111111112,31
2177_1,True,,948.942528735631,31
2177_2,False,,948.942528735631,31
2177_3,False,,948.942528735631,31
2177_4,False,,948.942528735631,31
2178_1,True,,926.861111111112,31
2178_2,False,,926.861111111112,31
2179_1,True,,948.942528735631,31
2179_2,False,,948.942528735631,31
2179_3,False,,948.942528735631,31
2179_4,False,,948.942528735631,31
2180_1,True,,926.861111111112,31
2180_2,False,,926.861111111112,31
2181_1,True,,948.942528735631,31
2181_2,False,,948.942528735631,31
2182_1,True,,926.861111111112,31
2182_2,False,,926.861111111112,31
2182_3,False,,926.861111111112,31
2182_4,False,,926.861111111112,31
2183_1,True,,948.942528735631,31
2183_2,False,,948.942528735631,31
2183_3,False,,948.942528735631,31
2183_4,False,,948.942528735631,31
2183_5,False,,948.942528735631,31
2184_1,True,,926.861111111112,31
2184_2,False,,926.861111111112,31
2184_3,False,,926.861111111112,31
2184_4,False,,926.861111111112,31
2184_5,False,,926.861111111112,31
2185_1,True,,948.942528735631,31
2185_2,False,,948.942528735631,31
2185_3,False,,948.942528735631,31
2186_1,True,,926.861111111112,31
2186_2,False,,926.861111111112,31
2187_1,True,,948.942528735631,31
2187_2,False,,948.942528735631,31
2187_3,False,,948.942528735631,31
2188_1,True,,926.861111111112,31
2188_2,False,,926.861111111112,31
2188_3,False,,926.861111111112,31
2188_4,False,,926.861111111112,31
2188_5,False,,926.861111111112,31
2188_6,False,,926.861111111112,31
2189_1,True,,948.942528735631,31
2189_2,False,,948.942528735631,31
2190_1,True,,926.861111111112,31
2190_2,False,,926.861111111112,31
2190_3,False,,926.861111111112,31
2191_1,True,,948.942528735631,31
2191_2,False,,948.942528735631,31
2191_3,False,,948.942528735631,31
2192_1,True,,926.861111111112,31
2193_1,True,,948.942528735631,31
2193_2,False,,948.942528735631,31
2194_1,True,,926.861111111112,31
2194_2,False,,926.861111111112,31
2194_3,False,,926.861111111112,31
2195_1,True,,948.942528735631,31
2195_2,False,,948.942528735631,31
2195_3,False,,948.942528735631,31
2195_4,False,,948.942528735631,31
2195_5,False,,948.942528735631,31
2195_6,False,,948.942528735631,31
2196_1,True,,926.861111111112,31
2196_2,False,,926.861111111112,31
2196_3,False,,926.861111111112,31
2196_4,False,,926.861111111112,31
2197_1,True,,948.942528735631,31
2197_2,False,,948.942528735631,31
2197_3,False,,948.942528735631,31
2198_1,True,,926.861111111112,31
2198_2,False,,926.861111111112,31
2199_1,True,,948.942528735631,31
2199_2,False,,948.942528735631,31
2200_1,True,,926.861111111112,31
2200_2,False,,926.861111111112,31
2201_1,True,,948.942528735631,31
2201_2,False,,948.942528735631,31
2201_3,False,,948.942528735631,31
2201_4,False,,948.942528735631,31
2202_1,True,,926.861111111112,31
2202_2,False,,926.861111111112,31
2202_3,False,,926.861111111112,31
2202_4,False,,926.861111111112,31
2202_5,False,,926.861111111112,31
2203_1,True,,948.942528735631,31
2203_2,False,,948.942528735631,31
2203_3,False,,948.942528735631,31
2203_4,False,,948.942528735631,31
2204_1,True,,926.861111111112,31
2204_2,False,,926.861111111112,31
2204_3,False,,926.861111111112,31
2204_4,False,,926.861111111112,31
2204_5,False,,926.861111111112,31
2205_1,True,,948.942528735631,31
2205_2,False,,948.942528735631,31
2205_3,False,,948.942528735631,31
2206_1,True,,926.861111111112,31
2206_2,False,,926.861111111112,31
2206_3,False,,926.861111111112,31
2207_1,True,,948.942528735631,31
2207_2,False,,948.942528735631,31
2208_1,True,,926.861111111112,31
2208_2,False,,926.861111111112,31
2209_1,True,,948.942528735631,31
2209_2,False,,948.942528735631,31
2209_3,False,,948.942528735631,31
2209_4,False,,948.942528735631,31
2209_5,False,,948.942528735631,31
2210_1,True,,926.861111111112,31
2210_2,False,,926.861111111112,31
2211_1,True,,948.942528735631,31
2211_2,False,,948.942528735631,31
2211_3,False,,948.942528735631,31
2212_1,True,,926.861111111112,31
2212_2,False,,926.861111111112,31
2212_3,False,,926.861111111112,31
2213_1,True,,948.942528735631,31
2213_2,False,,948.942528735631,31
2213_3,False,,948.942528735631,31
2214_1,True,,926.861111111112,31
2214_2,False,,926.861111111112,31
2214_3,False,,926.861111111112,31
2214_4,False,,926.861111111112,31
2215_1,True,,948.942528735631,31
2216_1,True,,926.861111111112,31
2216_2,False,,926.861111111112,31
2217_1,True,,948.942528735631,31
2217_2,False,,948.942528735631,31
2217_3,False,,948.942528735631,31
2218_1,True,,926.861111111112,31
2218_2,False,,926.861111111112,31
2218_3,False,,926.861111111112,31
2218_4,False,,926.861111111112,31
2218_5,False,,926.861111111112,31
2219_1,True,,948.942528735631,31
2219_2,False,,948.942528735631,31
2219_3,False,,948.942528735631,31
2220_1,True,,926.861111111112,31
2221_1,True,,948.942528735631,31
2221_2,False,,948.942528735631,31
2221_3,False,,948.942528735631,31
2222_1,True,,926.861111111112,31
2222_2,False,,926.861111111112,31
2223_1,True,,948.942528735631,31
2223_2,False,,948.942528735631,31
2223_3,False,,948.942528735631,31
2224_1,True,,926.861111111112,31
2224_2,False,,926.861111111112,31
2224_3,False,,926.861111111112,31
2225_1,True,,948.942528735631,31
2225_2,False,,948.942528735631,31
2225_3,False,,948.942528735631,31
2226_1,True,,926.861111111112,31
2226_2,False,,926.861111111112,31
2226_3,False,,926.861111111112,31
2227_1,True,,948.942528735631,31
2227_2,False,,948.942528735631,31
2227_3,False,,948.942528735631,31
2228_1,True,,926.861111111112,31
2228_2,False,,926.861111111112,31
2229_1,True,,948.942528735631,31
2229_2,False,,948.942528735631,31
2229_3,False,,948.942528735631,31
2229_4,False,,948.942528735631,31
2229_5,False,,948.942528735631,31
2229_6,False,,948.942528735631,31
2230_1,True,,926.861111111112,31
2231_1,True,,948.942528735631,31
2231_2,False,,948.942528735631,31
2232_1,True,,926.861111111112,31
2232_2,False,,926.861111111112,31
2232_3,False,,926.861111111112,31
2232_4,False,,926.861111111112,31
2233_1,True,,948.942528735631,31
2233_2,False,,948.942528735631,31
2233_3,False,,948.942528735631,31
2233_4,False,,948.942528735631,31
2234_1,True,,926.861111111112,31
2234_2,False,,926.861111111112,31
2235_1,True,,948.942528735631,31
2236_1,True,,926.861111111112,31
2236_2,False,,926.861111111112,31
2236_3,False,,926.861111111112,31
2236_4,False,,926.861111111112,31
2236_5,False,,926.861111111112,31
2237_1,True,,948.942528735631,31
2237_2,False,,948.942528735631,31
2237_3,False,,948.942528735631,31
2237_4,False,,948.942528735631,31
2237_5,False,,948.942528735631,31
2238_1,True,,926.861111111112,31
2238_2,False,,926.861111111112,31
2238_3,False,,926.861111111112,31
2238_4,False,,926.861111111112,31
2239_1,True,,926.861111111112,31
2239_2,False,,926.861111111112,31
2240_1,True,,926.861111111112,31
2240_2,False,,926.861111111112,31
2240_3,False,,926.861111111112,31
2240_4,False,,926.861111111112,31
2241_1,True,,948.942528735631,31
2241_2,False,,948.942528735631,31
2241_3,False,,948.942528735631,31
2242_1,True,,926.861111111112,31
2242_2,False,,926.861111111112,31
2243_1,True,,948.942528735631,31
2243_2,False,,948.942528735631,31
2243_3,False,,948.942528735631,31
2243_4,False,,948.942528735631,31
2244_1,True,,926.861111111112,31
2244_2,False,,926.861111111112,31
2245_1,True,,948.942528735631,31
2245_2,False,,948.942528735631,31
2245_3,False,,948.942528735631,31
2246_1,True,,926.861111111112,31
2246_2,False,,926.861111111112,31
2246_3,False,,926.861111111112,31
2246_4,False,,926.861111111112,31
2247_1,True,,948.942528735631,31
2247_2,False,,948.942528735631,31
2248_1,True,,926.861111111112,31
2249_1,True,,948.942528735631,31
2249_2,False,,948.942528735631,31
2249_3,False,,948.942528735631,31
2250_1,True,,926.861111111112,31
2250_2,False,,926.861111111112,31
2250_3,False,,926.861111111112,31
2250_4,False,,926.861111111112,31
2251_1,True,,948.942528735631,31
2251_2,False,,948.942528735631,31
2252_1,True,,926.861111111112,31
2252_2,False,,926.861111111112,31
2252_3,False,,926.861111111112,31
2252_4,False,,926.861111111112,31
2253_1,True,,948.942528735631,31
2253_2,False,,948.942528735631,31
2254_1,True,,926.861111111112,31
2254_2,False,,926.861111111112,31
2255_1,True,,948.942528735631,31
2255_2,False,,948.942528735631,31
2256_1,True,,926.861111111112,31
2256_2,False,,926.861111111112,31
2257_1,True,,948.942528735631,31
2257_2,False,,948.942528735631,31
2258_1,True,,926.861111111112,31
2259_1,True,,948.942528735631,31
2259_2,False,,948.942528735631,31
2259_3,False,,948.942528735631,31
2260_1,True,,926.861111111112,31
2260_2,False,,926.861111111112,31
2261_1,True,,948.942528735631,31
2261_2,False,,948.942528735631,31
2261_3,False,,948.942528735631,31
2261_4,False,,948.942528735631,31
2262_1,True,,926.861111111112,31
2262_2,False,,926.861111111112,31
2263_1,True,,948.942528735631,31
2263_2,False,,948.942528735631,31
2264_1,True,,926.861111111112,31
2264_2,False,,926.861111111112,31
2265_1,True,,926.861111111112,31
2265_2,False,,926.861111111112,31
2265_3,False,,926.861111111112,31
2266_1,True,,926.861111111112,31
2266_2,False,,926.861111111112,31
2266_3,False,,926.861111111112,31
2267_1,True,,948.942528735631,31
2267_2,False,,948.942528735631,31
2267_3,False,,948.942528735631,31
2268_1,True,,926.861111111112,31
2269_1,True,,948.942528735631,31
2269_2,False,,948.942528735631,31
2269_3,False,,948.942528735631,31
2270_1,True,,926.861111111112,31
2270_2,False,,926.861111111112,31
2270_3,False,,926.861111111112,31
2270_4,False,,926.861111111112,31
2271_1,True,,948.942528735631,31
2271_2,False,,948.942528735631,31
2271_3,False,,948.942528735631,31
2271_4,False,,948.942528735631,31
2272_1,True,,926.861111111112,31
2272_2,False,,926.861111111112,31
2272_3,False,,926.861111111112,31
2272_4,False,,926.861111111112,31
2273_1,True,,948.942528735631,31
2273_2,False,,948.942528735631,31
2273_3,False,,948.942528735631,31
2273_4,False,,948.942528735631,31
2274_1,True,,926.861111111112,31
2274_2,False,,926.861111111112,31
2274_3,False,,926.861111111112,31
2275_1,True,,948.942528735631,31
2275_2,False,,948.942528735631,31
2275_3,False,,948.942528735631,31
2276_1,True,,926.861111111112,31
2276_2,False,,926.861111111112,31
2277_1,True,,948.942528735631,31
2277_2,False,,948.942528735631,31
2277_3,False,,948.942528735631,31
2277_4,False,,948.942528735631,31
2278_1,True,,926.861111111112,31
2278_2,False,,926.861111111112,31
2278_3,False,,926.861111111112,31
2279_1,True,,948.942528735631,31
2279_2,False,,948.942528735631,31
2280_1,True,,926.861111111112,31
2280_2,False,,926.861111111112,31
2280_3,False,,926.861111111112,31
2281_1,True,,948.942528735631,31
2281_2,False,,948.942528735631,31
2282_1,True,,926.861111111112,31
2282_2,False,,926.861111111112,31
2282_3,False,,926.861111111112,31
2282_4,False,,926.861111111112,31
2283_1,True,,948.942528735631,31
2283_2,False,,948.942528735631,31
2283_3,False,,948.942528735631,31
2283_4,False,,948.942528735631,31
2284_1,True,,926.861111111112,31
2284_2,False,,926.861111111112,31
2284_3,False,,926.861111111112,31
2285_1,True,,948.942528735631,31
2286_1,True,,926.861111111112,31
2286_2,False,,926.861111111112,31
2286_3,False,,926.861111111112,31
2287_1,True,,948.942528735631,31
2287_2,False,,948.942528735631,31
2288_1,True,,926.861111111112,31
2289_1,True,,948.942528735631,31
2289_2,False,,948.942528735631,31
2290_1,True,,926.861111111112,31
2291_1,True,,948.942528735631,31
2291_2,False,,948.942528735631,31
2291_3,False,,948.942528735631,31
2292_1,True,,926.861111111112,31
2292_2,False,,926.861111111112,31
2292_3,False,,926.861111111112,31
2292_4,False,,926.861111111112,31
2293_1,True,,948.942528735631,31
2293_2,False,,948.942528735631,31
2294_1,True,,926.861111111112,31
2294_2,False,,926.861111111112,31
2295_1,True,,948.942528735631,31
2295_2,False,,948.942528735631,31
2295_3,False,,948.942528735631,31
2295_4,False,,948.942528735631,31
2295_5,False,,948.942528735631,31
2295_6,False,,948.942528735631,31
2296_1,True,,926.861111111112,31
2296_2,False,,926.861111111112,31
2296_3,False,,926.861111111112,31
2297_1,True,,948.942528735631,31
2297_2,False,,948.942528735631,31
2297_3,False,,948.942528735631,31
2298_1,True,,926.861111111112,31
2299_1,True,,948.942528735631,31
2299_2,False,,948.942528735631,31
2300_1,True,,926.861111111112,31
2301_1,True,,948.942528735631,31
2301_2,False,,948.942528735631,31
2301_3,False,,948.942528735631,31
2301_4,False,,948.942528735631,31
2302_1,True,,926.861111111112,31
2302_2,False,,926.861111111112,31
2302_3,False,,926.861111111112,31
2302_4,False,,926.861111111112,31
2303_1,True,,948.942528735631,31
2303_2,False,,948.942528735631,31
2303_3,False,,948.942528735631,31
2303_4,False,,948.942528735631,31
2303_5,False,,948.942528735631,31
2303_6,False,,948.942528735631,31
2304_1,True,,926.861111111112,31
2304_2,False,,926.861111111112,31
2304_3,False,,926.861111111112,31
2304_4,False,,926.861111111112,31
2305_1,True,,948.942528735631,31
2305_2,False,,948.942528735631,31
2305_3,False,,948.942528735631,31
2305_4,False,,948.942528735631,31
2305_5,False,,948.942528735631,31
2306_1,True,,926.861111111112,31
2306_2,False,,926.861111111112,31
2307_1,True,,948.942528735631,31
2307_2,False,,948.942528735631,31
2307_3,False,,948.942528735631,31
2307_4,False,,948.942528735631,31
2307_5,False,,948.942528735631,31
2307_6,False,,948.942528735631,31
2308_1,True,,926.861111111112,31
2308_2,False,,926.861111111112,31
2308_3,False,,926.861111111112,31
2308_4,False,,926.861111111112,31
2309_1,True,,948.942528735631,31
2309_2,False,,948.942528735631,31
2309_3,False,,948.942528735631,31
2310_1,True,,926.861111111112,31
2310_2,False,,926.861111111112,31
2310_3,False,,926.861111111112,31
2311_1,True,,948.942528735631,31
2311_2,False,,948.942528735631,31
2311_3,False,,948.942528735631,31
2312_1,True,,926.861111111112,31
2312_2,False,,926.861111111112,31
2313_1,True,,948.942528735631,31
2314_1,True,,926.861111111112,31
2314_2,False,,926.861111111112,31
2314_3,False,,926.861111111112,31
2315_1,True,,948.942528735631,31
2315_2,False,,948.942528735631,31
2315_3,False,,948.942528735631,31
2315_4,False,,948.942528735631,31
2316_1,True,,926.861111111112,31
2316_2,False,,926.861111111112,31
2316_3,False,,926.861111111112,31
2316_4,False,,926.861111111112,31
2316_5,False,,926.861111111112,31
2316_6,False,,926.861111111112,31
2317_1,True,,948.942528735631,31
2317_2,False,,948.942528735631,31
2317_3,False,,948.942528735631,31
2317_4,False,,948.942528735631,31
2318_1,True,,926.861111111112,31
2318_2,False,,926.861111111112,31
2319_1,True,,948.942528735631,31
2319_2,False,,948.942528735631,31
2320_1,True,,926.861111111112,31
2320_2,False,,926.861111111112,31
2320_3,False,,926.861111111112,31
2321_1,True,,948.942528735631,31
2321_2,False,,948.942528735631,31
2322_1,True,,926.861111111112,31
2322_2,False,,926.861111111112,31
2322_3,False,,926.861111111112,31
2322_4,False,,926.861111111112,31
2323_1,True,,948.942528735631,31
2323_2,False,,948.942528735631,31
2323_3,False,,948.942528735631,31
2323_4,False,,948.942528735631,31
2324_1,True,,926.861111111112,31
2324_2,False,,926.861111111112,31
2324_3,False,,926.861111111112,31
2324_4,False,,926.861111111112,31
2325_1,True,,948.942528735631,31
2325_2,False,,948.942528735631,31
2325_3,False,,948.942528735631,31
2326_1,True,,926.861111111112,31
2326_2,False,,926.861111111112,31
2326_3,False,,926.861111111112,31
2326_4,False,,926.861111111112,31
2327_1,True,,948.942528735631,31
2327_2,False,,948.942528735631,31
2327_3,False,,948.942528735631,31
2327_4,False,,948.942528735631,31
2327_5,False,,948.942528735631,31
2328_1,True,,926.861111111112,31
2328_2,False,,926.861111111112,31
2328_3,False,,926.861111111112,31
2328_4,False,,926.861111111112,31
2329_1,True,,948.942528735631,31
2329_2,False,,948.942528735631,31
2329_3,False,,948.942528735631,31
2330_1,True,,926.861111111112,31
2331_1,True,,948.942528735631,31
2331_2,False,,948.942528735631,31
2332_1,True,,926.861111111112,31
2333_1,True,,948.942528735631,31
2333_2,False,,948.942528735631,31
2333_3,False,,948.942528735631,31
2334_1,True,,926.861111111112,31
2334_2,False,,926.861111111112,31
2335_1,True,,948.942528735631,31
2335_2,False,,948.942528735631,31
2335_3,False,,948.942528735631,31
2336_1,True,,926.861111111112,31
2336_2,False,,926.861111111112,31
2336_3,False,,926.861111111112,31
2337_1,True,,948.942528735631,31
2337_2,False,,948.942528735631,31
2337_3,False,,948.942528735631,31
2337_4,False,,948.942528735631,31
2338_1,True,,926.861111111112,31
2338_2,False,,926.861111111112,31
2338_3,False,,926.861111111112,31
2339_1,True,,948.942528735631,31
2339_2,False,,948.942528735631,31
2339_3,False,,948.942528735631,31
2340_1,True,,926.861111111112,31
2340_2,False,,926.861111111112,31
2340_3,False,,926.861111111112,31
2340_4,False,,926.861111111112,31
2340_5,False,,926.861111111112,31
2341_1,True,,948.942528735631,31
2341_2,False,,948.942528735631,31
2341_3,False,,948.942528735631,31
2342_1,True,,926.861111111112,31
2342_2,False,,926.861111111112,31
2342_3,False,,926.861111111112,31
2343_1,True,,948.942528735631,31
2343_2,False,,948.942528735631,31
2343_3,False,,948.942528735631,31
2344_1,True,,926.861111111112,31
2344_2,False,,926.861111111112,31
2344_3,False,,926.861111111112,31
2344_4,False,,926.861111111112,31
2345_1,True,,948.942528735631,31
2345_2,False,,948.942528735631,31
2345_3,False,,948.942528735631,31
2346_1,True,,926.861111111112,31
2347_1,True,,948.942528735631,31
2347_2,False,,948.942528735631,31
2347_3,False,,948.942528735631,31
2348_1,True,,926.861111111112,31
2348_2,False,,926.861111111112,31
2349_1,True,,948.942528735631,31
2349_2,False,,948.942528735631,31
2349_3,False,,948.942528735631,31
2349_4,False,,948.942528735631,31
2349_5,False,,948.942528735631,31
2350_1,True,,926.861111111112,31
2350_2,False,,926.861111111112,31
2351_1,True,,948.942528735631,31
2352_1,True,,926.861111111112,31
2352_2,False,,926.861111111112,31
2352_3,False,,926.861111111112,31
2352_4,False,,926.861111111112,31
2352_5,False,,926.861111111112,31
2352_6,False,,926.861111111112,31
2353_1,True,,948.942528735631,31
2353_2,False,,948.942528735631,31
2353_3,False,,948.942528735631,31
2353_4,False,,948.942528735631,31
2353_5,False,,948.942528735631,31
2354_1,True,,926.861111111112,31
2354_2,False,,926.861111111112,31
2354_3,False,,926.861111111112,31
2355_1,True,,948.942528735631,31
2355_2,False,,948.942528735631,31
2355_3,False,,948.942528735631,31
2355_4,False,,948.942528735631,31
2356_1,True,,926.861111111112,31
2357_1,True,,948.942528735631,31
2357_2,False,,948.942528735631,31
2357_3,False,,948.942528735631,31
2357_4,False,,948.942528735631,31
2357_5,False,,948.942528735631,31
2358_1,True,,926.861111111112,31
2358_2,False,,926.861111111112,31
2358_3,False,,926.861111111112,31
2359_1,True,,948.942528735631,31
2359_2,False,,948.942528735631,31
2359_3,False,,948.942528735631,31
2360_1,True,,926.861111111112,31
2361_1,True,,948.942528735631,31
2361_2,False,,948.942528735631,31
2361_3,False,,948.942528735631,31
2362_1,True,,926.861111111112,31
2363_1,True,,948.942528735631,31
2363_2,False,,948.942528735631,31
2363_3,False,,948.942528735631,31
2364_1,True,,926.861111111112,31
2364_2,False,,926.861111111112,31
2365_1,True,,948.942528735631,31
2365_2,False,,948.942528735631,31
2365_3,False,,948.942528735631,31
2366_1,True,,926.861111111112,31
2366_2,False,,926.861111111112,31
2366_3,False,,926.861111111112,31
2366_4,False,,926.861111111112,31
2367_1,True,,948.942528735631,31
2367_2,False,,948.942528735631,31
2367_3,False,,948.942528735631,31
2367_4,False,,948.942528735631,31
2367_5,False,,948.942528735631,31
2368_1,True,,926.861111111112,31
2368_2,False,,926.861111111112,31
2368_3,False,,926.861111111112,31
2369_1,True,,948.942528735631,31
2369_2,False,,948.942528735631,31
2369_3,False,,948.942528735631,31
2370_1,True,,926.861111111112,31
2370_2,False,,926.861111111112,31
2370_3,False,,926.861111111112,31
2370_4,False,,926.861111111112,31
2371_1,True,,948.942528735631,31
2371_2,False,,948.942528735631,31
2371_3,False,,948.942528735631,31
2371_4,False,,948.942528735631,31
2371_5,False,,948.942528735631,31
2372_1,True,,926.861111111112,31
2372_2,False,,926.861111111112,31
2372_3,False,,926.861111111112,31
2373_1,True,,948.942528735631,31
2373_2,False,,948.942528735631,31
2373_3,False,,948.942528735631,31
2373_4,False,,948.942528735631,31
2374_1,True,,926.861111111112,31
2374_2,False,,926.861111111112,31
2374_3,False,,926.861111111112,31
2375_1,True,,948.942528735631,31
2375_2,False,,948.942528735631,31
2376_1,True,,926.861111111112,31
2376_2,False,,926.861111111112,31
2376_3,False,,926.861111111112,31
2376_4,False,,926.861111111112,31
2377_1,True,,948.942528735631,31
2377_2,False,,948.942528735631,31
2377_3,False,,948.942528735631,31
2377_4,False,,948.942528735631,31
2378_1,True,,926.861111111112,31
2378_2,False,,926.861111111112,31
2378_3,False,,926.861111111112,31
2379_1,True,,948.942528735631,31
2379_2,False,,948.942528735631,31
2379_3,False,,948.942528735631,31
2380_1,True,,926.861111111112,31
2380_2,False,,926.861111111112,31
2380_3,False,,926.861111111112,31
2380_4,False,,926.861111111112,31
2381_1,True,,948.942528735631,31
2381_2,False,,948.942528735631,31
2382_1,True,,926.861111111112,31
2382_2,False,,926.861111111112,31
2382_3,False,,926.861111111112,31
2382_4,False,,926.861111111112,31
2383_1,True,,948.942528735631,31
2383_2,False,,948.942528735631,31
2384_1,True,,926.861111111112,31
2384_2,False,,926.861111111112,31
2384_3,False,,926.861111111112,31
2385_1,True,,948.942528735631,31
2385_2,False,,948.942528735631,31
2385_3,False,,948.942528735631,31
2385_4,False,,948.942528735631,31
2385_5,False,,948.942528735631,31
2386_1,True,,926.861111111112,31
2387_1,True,,948.942528735631,31
2387_2,False,,948.942528735631,31
2388_1,True,,926.861111111112,31
2388_2,False,,926.861111111112,31
2388_3,False,,926.861111111112,31
2388_4,False,,926.861111111112,31
2389_1,True,,948.942528735631,31
2389_2,False,,948.942528735631,31
2390_1,True,,926.861111111112,31
2390_2,False,,926.861111111112,31
2390_3,False,,926.861111111112,31
2390_4,False,,926.861111111112,31
2390_5,False,,926.861111111112,31
2390_6,False,,926.861111111112,31
2391_1,True,,948.942528735631,31
2391_2,False,,948.942528735631,31
2392_1,True,,926.861111111112,31
2392_2,False,,926.861111111112,31
2392_3,False,,926.861111111112,31
2392_4,False,,926.861111111112,31
2393_1,True,,948.942528735631,31
2393_2,False,,948.942528735631,31
2393_3,False,,948.942528735631,31
2394_1,True,,926.861111111112,31
2394_2,False,,926.861111111112,31
2394_3,False,,926.861111111112,31
2394_4,False,,926.861111111112,31
2395_1,True,,948.942528735631,31
2395_2,False,,948.942528735631,31
2395_3,False,,948.942528735631,31
2395_4,False,,948.942528735631,31
2396_1,True,,926.861111111112,31
2396_2,False,,926.861111111112,31
2396_3,False,,926.861111111112,31
2396_4,False,,926.861111111112,31
2397_1,True,,948.942528735631,31
2397_2,False,,948.942528735631,31
2397_3,False,,948.942528735631,31
2398_1,True,,926.861111111112,31
2398_2,False,,926.861111111112,31
2398_3,False,,926.861111111112,31
2398_4,False,,926.861111111112,31
2399_1,True,,948.942528735631,31
2399_2,False,,948.942528735631,31
2399_3,False,,948.942528735631,31
2399_4,False,,948.942528735631,31
2399_5,False,,948.942528735631,31
2400_1,True,,926.861111111112,31
2400_2,False,,926.861111111112,31
2400_3,False,,926.861111111112,31
2401_1,True,,948.942528735631,31
2401_2,False,,948.942528735631,31
2401_3,False,,948.942528735631,31
2401_4,False,,948.942528735631,31
2401_5,False,,948.942528735631,31
2401_6,False,,948.942528735631,31
2401_7,False,,948.942528735631,31
2402_1,True,,926.861111111112,31
2402_2,False,,926.861111111112,31
2402_3,False,,926.861111111112,31
2402_4,False,,926.861111111112,31
2402_5,False,,926.861111111112,31
2403_1,True,,948.942528735631,31
2403_2,False,,948.942528735631,31
2403_3,False,,948.942528735631,31
2403_4,False,,948.942528735631,31
2403_5,False,,948.942528735631,31
2404_1,True,,926.861111111112,31
2404_2,False,,926.861111111112,31
2404_3,False,,926.861111111112,31
2405_1,True,,948.942528735631,31
2405_2,False,,948.942528735631,31
2405_3,False,,948.942528735631,31
2405_4,False,,948.942528735631,31
2406_1,True,,926.861111111112,31
2406_2,False,,926.861111111112,31
2406_3,False,,926.861111111112,31
2406_4,False,,926.861111111112,31
2407_1,True,,948.942528735631,31
2407_2,False,,948.942528735631,31
2407_3,False,,948.942528735631,31
2408_1,True,,926.861111111112,31
2408_2,False,,926.861111111112,31
2408_3,False,,926.861111111112,31
2408_4,False,,926.861111111112,31
2409_1,True,,948.942528735631,31
2409_2,False,,948.942528735631,31
2409_3,False,,948.942528735631,31
2410_1,True,,926.861111111112,31
2410_2,False,,926.861111111112,31
2410_3,False,,926.861111111112,31
2410_4,False,,926.861111111112,31
2411_1,True,,948.942528735631,31
2411_2,False,,948.942528735631,31
2411_3,False,,948.942528735631,31
2412_1,True,,926.861111111112,31
2412_2,False,,926.861111111112,31
2413_1,True,,948.942528735631,31
2413_2,False,,948.942528735631,31
2413_3,False,,948.942528735631,31
2413_4,False,,948.942528735631,31
2413_5,False,,948.942528735631,31
2413_6,False,,948.942528735631,31
2414_1,True,,926.861111111112,31
2414_2,False,,926.861111111112,31
2414_3,False,,926.861111111112,31
2414_4,False,,926.861111111112,31
2414_5,False,,926.861111111112,31
2415_1,True,,948.942528735631,31
2415_2,False,,948.942528735631,31
2415_3,False,,948.942528735631,31
2415_4,False,,948.942528735631,31
2416_1,True,,926.861111111112,31
2416_2,False,,926.861111111112,31
2416_3,False,,926.861111111112,31
2416_4,False,,926.861111111112,31
2417_1,True,,948.942528735631,31
2417_2,False,,948.942528735631,31
2417_3,False,,948.942528735631,31
2418_1,True,,926.861111111112,31
2418_2,False,,926.861111111112,31
2419_1,True,,948.942528735631,31
2419_2,False,,948.942528735631,31
2420_1,True,,926.861111111112,31
2420_2,False,,926.861111111112,31
2420_3,False,,926.861111111112,31
2420_4,False,,926.861111111112,31
2421_1,True,,948.942528735631,31
2421_2,False,,948.942528735631,31
2421_3,False,,948.942528735631,31
2421_4,False,,948.942528735631,31
2422_1,True,,926.861111111112,31
2423_1,True,,948.942528735631,31
2423_2,False,,948.942528735631,31
2423_3,False,,948.942528735631,31
2423_4,False,,948.942528735631,31
2423_5,False,,948.942528735631,31
2423_6,False,,948.942528735631,31
2423_7,False,,948.942528735631,31
2423_8,False,,948.942528735631,31
2424_1,True,,926.861111111112,31
2424_2,False,,926.861111111112,31
2424_3,False,,926.861111111112,31
2424_4,False,,926.861111111112,31
2424_5,False,,926.861111111112,31
2425_1,True,,948.942528735631,31
2425_2,False,,948.942528735631,31
2425_3,False,,948.942528735631,31
2426_1,True,,926.861111111112,31
2426_2,False,,926.861111111112,31
2426_3,False,,926.861111111112,31
2427_1,True,,948.942528735631,31
2427_2,False,,948.942528735631,31
2427_3,False,,948.942528735631,31
2428_1,True,,926.861111111112,31
2428_2,False,,926.861111111112,31
2429_1,True,,948.942528735631,31
2429_2,False,,948.942528735631,31
2429_3,False,,948.942528735631,31
2429_4,False,,948.942528735631,31
2430_1,True,,926.861111111112,31
2430_2,False,,926.861111111112,31
2431_1,True,,948.942528735631,31
2431_2,False,,948.942528735631,31
2431_3,False,,948.942528735631,31
2432_1,True,,926.861111111112,31
2432_2,False,,926.861111111112,31
2432_3,False,,926.861111111112,31
2433_1,True,,948.942528735631,31
2433_2,False,,948.942528735631,31
2433_3,False,,948.942528735631,31
2433_4,False,,948.942528735631,31
2434_1,True,,926.861111111112,31
2434_2,False,,926.861111111112,31
2435_1,True,,948.942528735631,31
2435_2,False,,948.942528735631,31
2435_3,False,,948.942528735631,31
2435_4,False,,948.942528735631,31
2435_5,False,,948.942528735631,31
2436_1,True,,926.861111111112,31
2436_2,False,,926.861111111112,31
2437_1,True,,948.942528735631,31
2437_2,False,,948.942528735631,31
2437_3,False,,948.942528735631,31
2438_1,True,,926.861111111112,31
2438_2,False,,926.861111111112,31
2438_3,False,,926.861111111112,31
2438_4,False,,926.861111111112,31
2438_5,False,,926.861111111112,31
2439_1,True,,948.942528735631,31
2439_2,False,,948.942528735631,31
2439_3,False,,948.942528735631,31
2439_4,False,,948.942528735631,31
2439_5,False,,948.942528735631,31
2439_6,False,,948.942528735631,31
2440_1,True,,926.861111111112,31
2440_2,False,,926.861111111112,31
2440_3,False,,926.861111111112,31
2440_4,False,,926.861111111112,31
2441_1,True,,948.942528735631,31
2441_2,False,,948.942528735631,31
2442_1,True,,926.861111111112,31
2442_2,False,,926.861111111112,31
2443_1,True,,948.942528735631,31
2444_1,True,,926.861111111112,31
2444_2,False,,926.861111111112,31
2445_1,True,,948.942528735631,31
2445_2,False,,948.942528735631,31
2445_3,False,,948.942528735631,31
2446_1,True,,926.861111111112,31
2446_2,False,,926.861111111112,31
2446_3,False,,926.861111111112,31
2447_1,True,,948.942528735631,31
2447_2,False,,948.942528735631,31
2448_1,True,,926.861111111112,31
2448_2,False,,926.861111111112,31
2449_1,True,,948.942528735631,31
2449_2,False,,948.942528735631,31
2449_3,False,,948.942528735631,31
2450_1,True,,926.861111111112,31
2451_1,True,,948.942528735631,31
2451_2,False,,948.942528735631,31
2451_3,False,,948.942528735631,31
2451_4,False,,948.942528735631,31
2452_1,True,,926.861111111112,31
2452_2,False,,926.861111111112,31
2453_1,True,,948.942528735631,31
2453_2,False,,948.942528735631,31
2453_3,False,,948.942528735631,31
2453_4,False,,948.942528735631,31
2454_1,True,,926.861111111112,31
2454_2,False,,926.861111111112,31
2454_3,False,,926.861111111112,31
2454_4,False,,926.861111111112,31
2455_1,True,,948.942528735631,31
2455_2,False,,948.942528735631,31
2456_1,True,,926.861111111112,31
2456_2,False,,926.861111111112,31
2456_3,False,,926.861111111112,31
2456_4,False,,926.861111111112,31
2457_1,True,,948.942528735631,31
2457_2,False,,948.942528735631,31
2457_3,False,,948.942528735631,31
2457_4,False,,948.942528735631,31
2457_5,False,,948.942528735631,31
2458_1,True,,926.861111111112,31
2458_2,False,,926.861111111112,31
2458_3,False,,926.861111111112,31
2458_4,False,,926.861111111112,31
2458_5,False,,926.861111111112,31
2459_1,True,,948.942528735631,31
2459_2,False,,948.942528735631,31
2459_3,False,,948.942528735631,31
2459_4,False,,948.942528735631,31
2459_5,False,,948.942528735631,31
2459_6,False,,948.942528735631,31
2459_7,False,,948.942528735631,31
2459_8,False,,948.942528735631,31
2460_1,True,,926.861111111112,31
2460_2,False,,926.861111111112,31
2460_3,False,,926.861111111112,31
2460_4,False,,926.861111111112,31
2461_1,True,,948.942528735631,31
2461_2,False,,948.942528735631,31
2461_3,False,,948.942528735631,31
2461_4,False,,948.942528735631,31
2461_5,False,,948.942528735631,31
2461_6,False,,948.942528735631,31
2461_7,False,,948.942528735631,31
2462_1,True,,926.861111111112,31
2462_2,False,,926.861111111112,31
2463_1,True,,948.942528735631,31
2463_2,False,,948.942528735631,31
2463_3,False,,948.942528735631,31
2464_1,True,,926.861111111112,31
2464_2,False,,926.861111111112,31
2464_3,False,,926.861111111112,31
2465_1,True,,948.942528735631,31
2465_2,False,,948.942528735631,31
2465_3,False,,948.942528735631,31
2466_1,True,,926.861111111112,31
2466_2,False,,926.861111111112,31
2467_1,True,,948.942528735631,31
2467_2,False,,948.942528735631,31
2467_3,False,,948.942528735631,31
2467_4,False,,948.942528735631,31
2468_1,True,,926.861111111112,31
2468_2,False,,926.861111111112,31
2468_3,False,,926.861111111112,31
2469_1,True,,948.942528735631,31
2469_2,False,,948.942528735631,31
2469_3,False,,948.942528735631,31
2469_4,False,,948.942528735631,31
2470_1,True,,926.861111111112,31
2470_2,False,,926.861111111112,31
2470_3,False,,926.861111111112,31
2471_1,True,,948.942528735631,31
2471_2,False,,948.942528735631,31
2471_3,False,,948.942528735631,31
2471_4,False,,948.942528735631,31
2471_5,False,,948.942528735631,31
2472_1,True,,926.861111111112,31
2472_2,False,,926.861111111112,31
2473_1,True,,948.942528735631,31
2473_2,False,,948.942528735631,31
2474_1,True,,926.861111111112,31
2474_2,False,,926.861111111112,31
2474_3,False,,926.861111111112,31
2475_1,True,,2616.05617977528,39
2475_2,False,,2616.05617977528,39
2476_1,True,,2542.5625,39
2477_1,True,,2616.05617977528,39
2478_1,True,,2542.5625,39
2479_1,True,,2616.05617977528,39
2479_2,False,,2616.05617977528,39
2479_3,False,,2616.05617977528,39
2480_1,True,,2542.5625,39
2480_2,False,,2542.5625,39
2480_3,False,,2542.5625,39
2480_4,False,,2542.5625,39
2481_1,True,,2616.05617977528,39
2482_1,True,,2542.5625,39
2482_2,False,,2542.5625,39
2483_1,True,,2616.05617977528,39
2483_2,False,,2616.05617977528,39
2484_1,True,,2542.5625,39
2484_2,False,,2542.5625,39
2484_3,False,,2542.5625,39
2484_4,False,,2542.5625,39
2484_5,False,,2542.5625,39
2485_1,True,,2616.05617977528,39
2485_2,False,,2616.05617977528,39
2486_1,True,,2542.5625,39
2486_2,False,,2542.5625,39
2487_1,True,,2616.05617977528,39
2487_2,False,,2616.05617977528,39
2488_1,True,,2542.5625,39
2488_2,False,,2542.5625,39
2488_3,False,,2542.5625,39
2489_1,True,,2616.05617977528,39
2489_2,False,,2616.05617977528,39
2489_3,False,,2616.05617977528,39
2489_4,False,,2616.05617977528,39
2489_5,False,,2616.05617977528,39
2490_1,True,,2542.5625,39
2490_2,False,,2542.5625,39
2490_3,False,,2542.5625,39
2491_1,True,,2616.05617977528,39
2491_2,False,,2616.05617977528,39
2492_1,True,,2616.05617977528,39
2492_2,False,,2616.05617977528,39
2493_1,True,,2616.05617977528,39
2493_2,False,,2616.05617977528,39
2493_3,False,,2616.05617977528,39
2494_1,True,,2542.5625,39
2494_2,False,,2542.5625,39
2495_1,True,,2542.5625,39
2495_2,False,,2542.5625,39
2496_1,True,,2542.5625,39
2496_2,False,,2542.5625,39
2497_1,True,,2616.05617977528,39
2498_1,True,,2542.5625,39
2498_2,False,,2542.5625,39
2499_1,True,,2616.05617977528,39
2499_2,False,,2616.05617977528,39
2500_1,True,,2542.5625,39
2500_2,False,,2542.5625,39
2500_3,False,,2542.5625,39
2501_1,True,,2616.05617977528,39
2501_2,False,,2616.05617977528,39
2501_3,False,,2616.05617977528,39
2502_1,True,,2542.5625,39
2502_2,False,,2542.5625,39
2502_3,False,,2542.5625,39
2503_1,True,,2616.05617977528,39
2504_1,True,,2542.5625,39
2504_2,False,,2542.5625,39
2505_1,True,,2616.05617977528,39
2505_2,False,,2616.05617977528,39
2505_3,False,,2616.05617977528,39
2505_4,False,,2616.05617977528,39
2506_1,True,,2542.5625,39
2506_2,False,,2542.5625,39
2507_1,True,,2616.05617977528,39
2507_2,False,,2616.05617977528,39
2508_1,True,,2542.5625,39
2508_2,False,,2542.5625,39
2509_1,True,,2616.05617977528,39
2509_2,False,,2616.05617977528,39
2509_3,False,,2616.05617977528,39
2510_1,True,,2542.5625,39
2510_2,False,,2542.5625,39
2510_3,False,,2542.5625,39
2510_4,False,,2542.5625,39
2511_1,True,,2616.05617977528,39
2511_2,False,,2616.05617977528,39
2511_3,False,,2616.05617977528,39
2512_1,True,,2542.5625,39
2512_2,False,,2542.5625,39
2512_3,False,,2542.5625,39
2512_4,False,,2542.5625,39
2513_1,True,,2616.05617977528,39
2513_2,False,,2616.05617977528,39
2514_1,True,,2542.5625,39
2514_2,False,,2542.5625,39
2514_3,False,,2542.5625,39
2514_4,False,,2542.5625,39
2514_5,False,,2542.5625,39
2515_1,True,,2616.05617977528,39
2515_2,False,,2616.05617977528,39
2515_3,False,,2616.05617977528,39
2515_4,False,,2616.05617977528,39
2515_5,False,,2616.05617977528,39
2516_1,True,,2542.5625,39
2516_2,False,,2542.5625,39
2517_1,True,,2616.05617977528,39
2517_2,False,,2616.05617977528,39
2518_1,True,,2542.5625,39
2519_1,True,,2616.05617977528,39
2520_1,True,,2542.5625,39
2521_1,True,,2616.05617977528,39
2521_2,False,,2616.05617977528,39
2522_1,True,,2542.5625,39
2522_2,False,,2542.5625,39
2522_3,False,,2542.5625,39
2522_4,False,,2542.5625,39
2523_1,True,,2616.05617977528,39
2523_2,False,,2616.05617977528,39
2524_1,True,,2542.5625,39
2524_2,False,,2542.5625,39
2524_3,False,,2542.5625,39
2524_4,False,,2542.5625,39
2525_1,True,,2616.05617977528,39
2525_2,False,,2616.05617977528,39
2525_3,False,,2616.05617977528,39
2526_1,True,,2542.5625,39
2526_2,False,,2542.5625,39
2526_3,False,,2542.5625,39
2526_4,False,,2542.5625,39
2526_5,False,,2542.5625,39
2526_6,False,,2542.5625,39
2527_1,True,,2616.05617977528,39
2528_1,True,,2542.5625,39
2528_2,False,,2542.5625,39
2528_3,False,,2542.5625,39
2529_1,True,,2616.05617977528,39
2529_2,False,,2616.05617977528,39
2530_1,True,,2542.5625,39
2530_2,False,,2542.5625,39
2530_3,False,,2542.5625,39
2531_1,True,,2616.05617977528,39
2531_2,False,,2616.05617977528,39
2532_1,True,,2542.5625,39
2532_2,False,,2542.5625,39
2533_1,True,,2616.05617977528,39
2533_2,False,,2616.05617977528,39
2533_3,False,,2616.05617977528,39
2533_4,False,,2616.05617977528,39
2534_1,True,,2542.5625,39
2534_2,False,,2542.5625,39
2534_3,False,,2542.5625,39
2535_1,True,,2616.05617977528,39
2536_1,True,,2542.5625,39
2536_2,False,,2542.5625,39
2537_1,True,,2616.05617977528,39
2537_2,False,,2616.05617977528,39
2537_3,False,,2616.05617977528,39
2538_1,True,,2542.5625,39
2538_2,False,,2542.5625,39
2539_1,True,,2616.05617977528,39
2539_2,False,,2616.05617977528,39
2540_1,True,,2542.5625,39
2540_2,False,,2542.5625,39
2540_3,False,,2542.5625,39
2540_4,False,,2542.5625,39
2541_1,True,,2616.05617977528,39
2541_2,False,,2616.05617977528,39
2542_1,True,,2542.5625,39
2542_2,False,,2542.5625,39
2543_1,True,,2616.05617977528,39
2543_2,False,,2616.05617977528,39
2543_3,False,,2616.05617977528,39
2544_1,True,,2542.5625,39
2544_2,False,,2542.5625,39
2544_3,False,,2542.5625,39
2544_4,False,,2542.5625,39
2544_5,False,,2542.5625,39
2545_1,True,,2616.05617977528,39
2545_2,False,,2616.05617977528,39
2545_3,False,,2616.05617977528,39
2545_4,False,,2616.05617977528,39
2545_5,False,,2616.05617977528,39
2546_1,True,,2542.5625,39
2546_2,False,,2542.5625,39
2547_1,True,,2542.5625,39
2547_2,False,,2542.5625,39
2547_3,False,,2542.5625,39
2547_4,False,,2542.5625,39
2547_5,False,,2542.5625,39
2548_1,True,,2542.5625,39
2548_2,False,,2542.5625,39
2549_1,True,,2616.05617977528,39
2549_2,False,,2616.05617977528,39
2549_3,False,,2616.05617977528,39
2550_1,True,,2542.5625,39
2550_2,False,,2542.5625,39
2550_3,False,,2542.5625,39
2550_4,False,,2542.5625,39
2550_5,False,,2542.5625,39
2551_1,True,,2616.05617977528,39
2551_2,False,,2616.05617977528,39
2552_1,True,,2616.05617977528,39
2552_2,False,,2616.05617977528,39
2552_3,False,,2616.05617977528,39
2553_1,True,,2616.05617977528,39
2553_2,False,,2616.05617977528,39
2553_3,False,,2616.05617977528,39
2553_4,False,,2616.05617977528,39
2554_1,True,,2542.5625,39
2554_2,False,,2542.5625,39
2554_3,False,,2542.5625,39
2554_4,False,,2542.5625,39
2554_5,False,,2542.5625,39
2555_1,True,,2616.05617977528,39
2555_2,False,,2616.05617977528,39
2556_1,True,,2616.05617977528,39
2556_2,False,,2616.05617977528,39
2557_1,True,,2616.05617977528,39
2557_2,False,,2616.05617977528,39
2557_3,False,,2616.05617977528,39
2557_4,False,,2616.05617977528,39
2558_1,True,,2542.5625,39
2558_2,False,,2542.5625,39
2558_3,False,,2542.5625,39
2558_4,False,,2542.5625,39
2558_5,False,,2542.5625,39
2559_1,True,,2616.05617977528,39
2559_2,False,,2616.05617977528,39
2559_3,False,,2616.05617977528,39
2560_1,True,,2616.05617977528,39
2560_2,False,,2616.05617977528,39
2560_3,False,,2616.05617977528,39
2561_1,True,,2616.05617977528,39
2561_2,False,,2616.05617977528,39
2561_3,False,,2616.05617977528,39
2562_1,True,,2542.5625,39
2562_2,False,,2542.5625,39
2563_1,True,,2616.05617977528,39
2563_2,False,,2616.05617977528,39
2563_3,False,,2616.05617977528,39
2564_1,True,,2542.5625,39
2564_2,False,,2542.5625,39
2564_3,False,,2542.5625,39
2565_1,True,,2616.05617977528,39
2565_2,False,,2616.05617977528,39
2566_1,True,,2542.5625,39
2566_2,False,,2542.5625,39
2566_3,False,,2542.5625,39
2566_4,False,,2542.5625,39
2567_1,True,,2616.05617977528,39
2567_2,False,,2616.05617977528,39
2567_3,False,,2616.05617977528,39
2567_4,False,,2616.05617977528,39
2567_5,False,,2616.05617977528,39
2568_1,True,,2542.5625,39
2568_2,False,,2542.5625,39
2568_3,False,,2542.5625,39
2568_4,False,,2542.5625,39
2569_1,True,,2616.05617977528,39
2569_2,False,,2616.05617977528,39
2569_3,False,,2616.05617977528,39
2569_4,False,,2616.05617977528,39
2569_5,False,,2616.05617977528,39
2570_1,True,,2542.5625,39
2570_2,False,,2542.5625,39
2571_1,True,,2616.05617977528,39
2571_2,False,,2616.05617977528,39
2571_3,False,,2616.05617977528,39
2572_1,True,,2542.5625,39
2573_1,True,,2616.05617977528,39
2573_2,False,,2616.05617977528,39
2574_1,True,,2542.5625,39
2575_1,True,,2616.05617977528,39
2575_2,False,,2616.05617977528,39
2576_1,True,,2542.5625,39
2576_2,False,,2542.5625,39
2576_3,False,,2542.5625,39
2577_1,True,,2616.05617977528,39
2577_2,False,,2616.05617977528,39
2578_1,True,,2542.5625,39
2578_2,False,,2542.5625,39
2579_1,True,,2616.05617977528,39
2579_2,False,,2616.05617977528,39
2580_1,True,,2542.5625,39
2580_2,False,,2542.5625,39
2581_1,True,,2616.05617977528,39
2582_1,True,,2542.5625,39
2583_1,True,,2616.05617977528,39
2583_2,False,,2616.05617977528,39
2584_1,True,,2542.5625,39
2584_2,False,,2542.5625,39
2585_1,True,,2616.05617977528,39
2585_2,False,,2616.05617977528,39
2585_3,False,,2616.05617977528,39
2585_4,False,,2616.05617977528,39
2586_1,True,,2542.5625,39
2586_2,False,,2542.5625,39
2587_1,True,,2616.05617977528,39
2588_1,True,,2542.5625,39
2588_2,False,,2542.5625,39
2588_3,False,,2542.5625,39
2589_1,True,,2616.05617977528,39
2589_2,False,,2616.05617977528,39
2590_1,True,,2542.5625,39
2590_2,False,,2542.5625,39
2590_3,False,,2542.5625,39
2591_1,True,,2616.05617977528,39
2591_2,False,,2616.05617977528,39
2592_1,True,,2542.5625,39
2593_1,True,,2616.05617977528,39
2593_2,False,,2616.05617977528,39
2594_1,True,,2542.5625,39
2594_2,False,,2542.5625,39
2595_1,True,,2616.05617977528,39
2595_2,False,,2616.05617977528,39
2595_3,False,,2616.05617977528,39
2595_4,False,,2616.05617977528,39
2596_1,True,,2542.5625,39
2596_2,False,,2542.5625,39
2596_3,False,,2542.5625,39
2596_4,False,,2542.5625,39
2596_5,False,,2542.5625,39
2597_1,True,,2616.05617977528,39
2597_2,False,,2616.05617977528,39
2598_1,True,,2542.5625,39
2598_2,False,,2542.5625,39
2598_3,False,,2542.5625,39
2599_1,True,,2616.05617977528,39
2599_2,False,,2616.05617977528,39
2599_3,False,,2616.05617977528,39
2600_1,True,,2542.5625,39
2600_2,False,,2542.5625,39
2600_3,False,,2542.5625,39
2600_4,False,,2542.5625,39
2601_1,True,,2616.05617977528,39
2601_2,False,,2616.05617977528,39
2601_3,False,,2616.05617977528,39
2601_4,False,,2616.05617977528,39
2601_5,False,,2616.05617977528,39
2602_1,True,,2542.5625,39
2602_2,False,,2542.5625,39
2603_1,True,,2542.5625,39
2603_2,False,,2542.5625,39
2604_1,True,,2616.05617977528,39
2604_2,False,,2616.05617977528,39
2605_1,True,,2616.05617977528,39
2605_2,False,,2616.05617977528,39
2606_1,True,,2542.5625,39
2607_1,True,,2616.05617977528,39
2607_2,False,,2616.05617977528,39
2607_3,False,,2616.05617977528,39
2608_1,True,,2542.5625,39
2608_2,False,,2542.5625,39
2609_1,True,,2616.05617977528,39
2609_2,False,,2616.05617977528,39
2609_3,False,,2616.05617977528,39
2609_4,False,,2616.05617977528,39
2610_1,True,,2542.5625,39
2610_2,False,,2542.5625,39
2610_3,False,,2542.5625,39
2610_4,False,,2542.5625,39
2611_1,True,,2616.05617977528,39
2611_2,False,,2616.05617977528,39
2612_1,True,,2542.5625,39
2612_2,False,,2542.5625,39
2613_1,True,,2616.05617977528,39
2613_2,False,,2616.05617977528,39
2613_3,False,,2616.05617977528,39
2613_4,False,,2616.05617977528,39
2614_1,True,,2616.05617977528,39
2614_2,False,,2616.05617977528,39
2614_3,False,,2616.05617977528,39
2615_1,True,,2616.05617977528,39
2615_2,False,,2616.05617977528,39
2615_3,False,,2616.05617977528,39
2615_4,False,,2616.05617977528,39
2615_5,False,,2616.05617977528,39
2616_1,True,,2542.5625,39
2616_2,False,,2542.5625,39
2616_3,False,,2542.5625,39
2616_4,False,,2542.5625,39
2616_5,False,,2542.5625,39
2617_1,True,,2616.05617977528,39
2617_2,False,,2616.05617977528,39
2617_3,False,,2616.05617977528,39
2617_4,False,,2616.05617977528,39
2618_1,True,,2542.5625,39
2618_2,False,,2542.5625,39
2618_3,False,,2542.5625,39
2619_1,True,,2616.05617977528,39
2619_2,False,,2616.05617977528,39
2619_3,False,,2616.05617977528,39
2619_4,False,,2616.05617977528,39
2620_1,True,,2542.5625,39
2620_2,False,,2542.5625,39
2620_3,False,,2542.5625,39
2621_1,True,,2616.05617977528,39
2621_2,False,,2616.05617977528,39
2622_1,True,,2542.5625,39
2622_2,False,,2542.5625,39
2622_3,False,,2542.5625,39
2622_4,False,,2542.5625,39
2622_5,False,,2542.5625,39
2623_1,True,,2616.05617977528,39
2623_2,False,,2616.05617977528,39
2624_1,True,,2542.5625,39
2624_2,False,,2542.5625,39
2625_1,True,,2616.05617977528,39
2625_2,False,,2616.05617977528,39
2625_3,False,,2616.05617977528,39
2626_1,True,,2542.5625,39
2627_1,True,,2616.05617977528,39
2628_1,True,,2542.5625,39
2628_2,False,,2542.5625,39
2628_3,False,,2542.5625,39
2629_1,True,,2616.05617977528,39
2629_2,False,,2616.05617977528,39
2630_1,True,,2542.5625,39
2630_2,False,,2542.5625,39
2631_1,True,,2616.05617977528,39
2631_2,False,,2616.05617977528,39
2631_3,False,,2616.05617977528,39
2632_1,True,,2542.5625,39
2632_2,False,,2542.5625,39
2633_1,True,,2616.05617977528,39
2633_2,False,,2616.05617977528,39
2633_3,False,,2616.05617977528,39
2634_1,True,,2542.5625,39
2634_2,False,,2542.5625,39
2634_3,False,,2542.5625,39
2635_1,True,,2616.05617977528,39
2635_2,False,,2616.05617977528,39
2635_3,False,,2616.05617977528,39
2636_1,True,,2542.5625,39
2636_2,False,,2542.5625,39
2637_1,True,,2616.05617977528,39
2637_2,False,,2616.05617977528,39
2637_3,False,,2616.05617977528,39
2637_4,False,,2616.05617977528,39
2638_1,True,,2542.5625,39
2639_1,True,,2616.05617977528,39
2639_2,False,,2616.05617977528,39
2640_1,True,,2542.5625,39
2640_2,False,,2542.5625,39
2640_3,False,,2542.5625,39
2641_1,True,,2616.05617977528,39
2641_2,False,,2616.05617977528,39
2641_3,False,,2616.05617977528,39
2641_4,False,,2616.05617977528,39
2641_5,False,,2616.05617977528,39
2641_6,False,,2616.05617977528,39
2642_1,True,,2542.5625,39
2642_2,False,,2542.5625,39
2642_3,False,,2542.5625,39
2643_1,True,,2616.05617977528,39
2643_2,False,,2616.05617977528,39
2644_1,True,,2542.5625,39
2645_1,True,,2616.05617977528,39
2645_2,False,,2616.05617977528,39
2646_1,True,,2542.5625,39
2646_2,False,,2542.5625,39
2646_3,False,,2542.5625,39
2647_1,True,,2616.05617977528,39
2647_2,False,,2616.05617977528,39
2647_3,False,,2616.05617977528,39
2648_1,True,,2542.5625,39
2648_2,False,,2542.5625,39
2648_3,False,,2542.5625,39
2648_4,False,,2542.5625,39
2649_1,True,,2616.05617977528,39
2649_2,False,,2616.05617977528,39
2649_3,False,,2616.05617977528,39
2650_1,True,,2542.5625,39
2650_2,False,,2542.5625,39
2650_3,False,,2542.5625,39
2650_4,False,,2542.5625,39
2651_1,True,,2616.05617977528,39
2651_2,False,,2616.05617977528,39
2651_3,False,,2616.05617977528,39
2651_4,False,,2616.05617977528,39
2651_5,False,,2616.05617977528,39
2652_1,True,,2542.5625,39
2652_2,False,,2542.5625,39
2652_3,False,,2542.5625,39
2652_4,False,,2542.5625,39
2653_1,True,,2616.05617977528,39
2653_2,False,,2616.05617977528,39
2653_3,False,,2616.05617977528,39
2653_4,False,,2616.05617977528,39
2653_5,False,,2616.05617977528,39
2654_1,True,,2542.5625,39
2654_2,False,,2542.5625,39
2654_3,False,,2542.5625,39
2654_4,False,,2542.5625,39
2655_1,True,,2616.05617977528,39
2655_2,False,,2616.05617977528,39
2655_3,False,,2616.05617977528,39
2656_1,True,,2542.5625,39
2656_2,False,,2542.5625,39
2656_3,False,,2542.5625,39
2657_1,True,,2616.05617977528,39
2657_2,False,,2616.05617977528,39
2657_3,False,,2616.05617977528,39
2658_1,True,,2542.5625,39
2659_1,True,,2616.05617977528,39
2659_2,False,,2616.05617977528,39
2659_3,False,,2616.05617977528,39
2660_1,True,,2542.5625,39
2660_2,False,,2542.5625,39
2661_1,True,,2542.5625,39
2662_1,True,,2542.5625,39
2662_2,False,,2542.5625,39
2662_3,False,,2542.5625,39
2662_4,False,,2542.5625,39
2663_1,True,,2616.05617977528,39
2663_2,False,,2616.05617977528,39
2664_1,True,,2542.5625,39
2664_2,False,,2542.5625,39
2665_1,True,,2616.05617977528,39
2665_2,False,,2616.05617977528,39
2665_3,False,,2616.05617977528,39
2665_4,False,,2616.05617977528,39
2665_5,False,,2616.05617977528,39
2666_1,True,,2542.5625,39
2666_2,False,,2542.5625,39
2666_3,False,,2542.5625,39
2666_4,False,,2542.5625,39
2666_5,False,,2542.5625,39
2667_1,True,,2616.05617977528,39
2667_2,False,,2616.05617977528,39
2668_1,True,,2616.05617977528,39
2668_2,False,,2616.05617977528,39
2669_1,True,,2542.5625,39
2669_2,False,,2542.5625,39
2670_1,True,,2542.5625,39
2671_1,True,,2616.05617977528,39
2672_1,True,,2542.5625,39
2672_2,False,,2542.5625,39
2673_1,True,,2616.05617977528,39
2673_2,False,,2616.05617977528,39
2674_1,True,,2542.5625,39
2675_1,True,,2616.05617977528,39
2675_2,False,,2616.05617977528,39
2676_1,True,,2542.5625,39
2677_1,True,,2616.05617977528,39
2677_2,False,,2616.05617977528,39
2678_1,True,,2542.5625,39
2678_2,False,,2542.5625,39
2678_3,False,,2542.5625,39
2679_1,True,,2616.05617977528,39
2679_2,False,,2616.05617977528,39
2679_3,False,,2616.05617977528,39
2679_4,False,,2616.05617977528,39
2679_5,False,,2616.05617977528,39
2680_1,True,,2542.5625,39
2680_2,False,,2542.5625,39
2680_3,False,,2542.5625,39
2680_4,False,,2542.5625,39
2681_1,True,,2616.05617977528,39
2681_2,False,,2616.05617977528,39
2682_1,True,,2542.5625,39
2682_2,False,,2542.5625,39
2682_3,False,,2542.5625,39
2683_1,True,,2616.05617977528,39
2683_2,False,,2616.05617977528,39
2684_1,True,,2542.5625,39
2685_1,True,,2616.05617977528,39
2685_2,False,,2616.05617977528,39
2685_3,False,,2616.05617977528,39
2686_1,True,,2542.5625,39
2686_2,False,,2542.5625,39
2686_3,False,,2542.5625,39
2686_4,False,,2542.5625,39
2687_1,True,,2616.05617977528,39
2687_2,False,,2616.05617977528,39
2687_3,False,,2616.05617977528,39
2688_1,True,,2542.5625,39
2688_2,False,,2542.5625,39
2689_1,True,,2616.05617977528,39
2689_2,False,,2616.05617977528,39
2689_3,False,,2616.05617977528,39
2689_4,False,,2616.05617977528,39
2689_5,False,,2616.05617977528,39
2690_1,True,,2542.5625,39
2690_2,False,,2542.5625,39
2690_3,False,,2542.5625,39
2690_4,False,,2542.5625,39
2691_1,True,,2616.05617977528,39
2692_1,True,,2542.5625,39
2692_2,False,,2542.5625,39
2692_3,False,,2542.5625,39
2692_4,False,,2542.5625,39
2693_1,True,,2616.05617977528,39
2693_2,False,,2616.05617977528,39
2694_1,True,,2542.5625,39
2694_2,False,,2542.5625,39
2695_1,True,,2616.05617977528,39
2695_2,False,,2616.05617977528,39
2696_1,True,,2542.5625,39
2696_2,False,,2542.5625,39
2696_3,False,,2542.5625,39
2696_4,False,,2542.5625,39
2697_1,True,,2616.05617977528,39
2698_1,True,,2542.5625,39
2698_2,False,,2542.5625,39
2699_1,True,,2616.05617977528,39
2699_2,False,,2616.05617977528,39
2700_1,True,,2542.5625,39
2700_2,False,,2542.5625,39
2700_3,False,,2542.5625,39
2701_1,True,,2616.05617977528,39
2701_2,False,,2616.05617977528,39
2702_1,True,,2542.5625,39
2702_2,False,,2542.5625,39
2703_1,True,,2616.05617977528,39
2703_2,False,,2616.05617977528,39
2704_1,True,,2542.5625,39
2704_2,False,,2542.5625,39
2705_1,True,,2616.05617977528,39
2705_2,False,,2616.05617977528,39
2705_3,False,,2616.05617977528,39
2706_1,True,,2542.5625,39
2707_1,True,,2616.05617977528,39
2707_2,False,,2616.05617977528,39
2707_3,False,,2616.05617977528,39
2707_4,False,,2616.05617977528,39
2708_1,True,,2542.5625,39
2708_2,False,,2542.5625,39
2709_1,True,,2616.05617977528,39
2710_1,True,,2542.5625,39
2710_2,False,,2542.5625,39
2710_3,False,,2542.5625,39
2710_4,False,,2542.5625,39
2711_1,True,,2616.05617977528,39
2711_2,False,,2616.05617977528,39
2711_3,False,,2616.05617977528,39
2712_1,True,,2542.5625,39
2712_2,False,,2542.5625,39
2712_3,False,,2542.5625,39
2712_4,False,,2542.5625,39
2713_1,True,,2616.05617977528,39
2713_2,False,,2616.05617977528,39
2713_3,False,,2616.05617977528,39
2713_4,False,,2616.05617977528,39
2714_1,True,,2542.5625,39
2714_2,False,,2542.5625,39
2714_3,False,,2542.5625,39
2714_4,False,,2542.5625,39
2715_1,True,,2616.05617977528,39
2715_2,False,,2616.05617977528,39
2715_3,False,,2616.05617977528,39
2716_1,True,,2542.5625,39
2716_2,False,,2542.5625,39
2716_3,False,,2542.5625,39
2717_1,True,,2616.05617977528,39
2717_2,False,,2616.05617977528,39
2718_1,True,,2542.5625,39
2719_1,True,,2616.05617977528,39
2719_2,False,,2616.05617977528,39
2719_3,False,,2616.05617977528,39
2720_1,True,,2542.5625,39
2720_2,False,,2542.5625,39
2721_1,True,,2616.05617977528,39
2721_2,False,,2616.05617977528,39
2722_1,True,,2542.5625,39
2722_2,False,,2542.5625,39
2723_1,True,,2616.05617977528,39
2723_2,False,,2616.05617977528,39
2723_3,False,,2616.05617977528,39
2724_1,True,,2542.5625,39
2724_2,False,,2542.5625,39
2725_1,True,,2616.05617977528,39
2726_1,True,,2542.5625,39
2727_1,True,,2616.05617977528,39
2728_1,True,,2542.5625,39
2728_2,False,,2542.5625,39
2728_3,False,,2542.5625,39
2729_1,True,,2616.05617977528,39
2729_2,False,,2616.05617977528,39
2730_1,True,,2542.5625,39
2730_2,False,,2542.5625,39
2730_3,False,,2542.5625,39
2730_4,False,,2542.5625,39
2731_1,True,,2616.05617977528,39
2732_1,True,,2542.5625,39
2732_2,False,,2542.5625,39
2732_3,False,,2542.5625,39
2733_1,True,,2616.05617977528,39
2733_2,False,,2616.05617977528,39
2733_3,False,,2616.05617977528,39
2733_4,False,,2616.05617977528,39
2734_1,True,,2542.5625,39
2734_2,False,,2542.5625,39
2734_3,False,,2542.5625,39
2735_1,True,,2616.05617977528,39
2735_2,False,,2616.05617977528,39
2735_3,False,,2616.05617977528,39
2735_4,False,,2616.05617977528,39
2735_5,False,,2616.05617977528,39
2735_6,False,,2616.05617977528,39
2735_7,False,,2616.05617977528,39
2735_8,False,,2616.05617977528,39
2735_9,False,,2616.05617977528,39
2736_1,True,,2542.5625,39
2736_2,False,,2542.5625,39
2736_3,False,,2542.5625,39
2737_1,True,,2616.05617977528,39
2737_2,False,,2616.05617977528,39
2737_3,False,,2616.05617977528,39
2738_1,True,,2542.5625,39
2738_2,False,,2542.5625,39
2738_3,False,,2542.5625,39
2738_4,False,,2542.5625,39
2738_5,False,,2542.5625,39
2738_6,False,,2542.5625,39
2739_1,True,,2616.05617977528,39
2739_2,False,,2616.05617977528,39
2739_3,False,,2616.05617977528,39
2739_4,False,,2616.05617977528,39
2740_1,True,,2542.5625,39
2740_2,False,,2542.5625,39
2740_3,False,,2542.5625,39
2741_1,True,,2616.05617977528,39
2741_2,False,,2616.05617977528,39
2741_3,False,,2616.05617977528,39
2742_1,True,,2542.5625,39
2743_1,True,,2616.05617977528,39
2743_2,False,,2616.05617977528,39
2744_1,True,,2542.5625,39
2744_2,False,,2542.5625,39
2745_1,True,,2616.05617977528,39
2745_2,False,,2616.05617977528,39
2746_1,True,,2542.5625,39
2746_2,False,,2542.5625,39
2747_1,True,,2616.05617977528,39
2747_2,False,,2616.05617977528,39
2748_1,True,,2542.5625,39
2748_2,False,,2542.5625,39
2749_1,True,,2616.05617977528,39
2749_2,False,,2616.05617977528,39
2749_3,False,,2616.05617977528,39
2749_4,False,,2616.05617977528,39
2749_5,False,,2616.05617977528,39
2749_6,False,,2616.05617977528,39
2750_1,True,,2542.5625,39
2750_2,False,,2542.5625,39
2751_1,True,,2616.05617977528,39
2751_2,False,,2616.05617977528,39
2751_3,False,,2616.05617977528,39
2752_1,True,,2542.5625,39
2752_2,False,,2542.5625,39
2752_3,False,,2542.5625,39
2753_1,True,,2616.05617977528,39
2753_2,False,,2616.05617977528,39
2753_3,False,,2616.05617977528,39
2754_1,True,,2542.5625,39
2754_2,False,,2542.5625,39
2754_3,False,,2542.5625,39
2754_4,False,,2542.5625,39
2754_5,False,,2542.5625,39
2755_1,True,,2616.05617977528,39
2755_2,False,,2616.05617977528,39
2755_3,False,,2616.05617977528,39
2756_1,True,,2542.5625,39
2756_2,False,,2542.5625,39
2757_1,True,,2542.5625,39
2758_1,True,,2542.5625,39
2759_1,True,,2616.05617977528,39
2759_2,False,,2616.05617977528,39
2760_1,True,,2542.5625,39
2760_2,False,,2542.5625,39
2761_1,True,,2616.05617977528,39
2761_2,False,,2616.05617977528,39
2761_3,False,,2616.05617977528,39
2761_4,False,,2616.05617977528,39
2762_1,True,,2542.5625,39
2762_2,False,,2542.5625,39
2763_1,True,,2616.05617977528,39
2763_2,False,,2616.05617977528,39
2763_3,False,,2616.05617977528,39
2763_4,False,,2616.05617977528,39
2764_1,True,,2542.5625,39
2764_2,False,,2542.5625,39
2765_1,True,,2616.05617977528,39
2765_2,False,,2616.05617977528,39
2766_1,True,,2542.5625,39
2766_2,False,,2542.5625,39
2766_3,False,,2542.5625,39
2766_4,False,,2542.5625,39
2766_5,False,,2542.5625,39
2767_1,True,,2616.05617977528,39
2767_2,False,,2616.05617977528,39
2768_1,True,,2542.5625,39
2769_1,True,,2616.05617977528,39
2769_2,False,,2616.05617977528,39
2769_3,False,,2616.05617977528,39
2769_4,False,,2616.05617977528,39
2770_1,True,,2542.5625,39
2770_2,False,,2542.5625,39
2771_1,True,,2616.05617977528,39
2772_1,True,,2542.5625,39
2772_2,False,,2542.5625,39
2773_1,True,,2616.05617977528,39
2773_2,False,,2616.05617977528,39
2774_1,True,,2542.5625,39
2774_2,False,,2542.5625,39
2774_3,False,,2542.5625,39
2774_4,False,,2542.5625,39
2775_1,True,,2616.05617977528,39
2775_2,False,,2616.05617977528,39
2775_3,False,,2616.05617977528,39
2776_1,True,,2542.5625,39
2777_1,True,,2616.05617977528,39
2778_1,True,,2542.5625,39
2779_1,True,,2616.05617977528,39
2779_2,False,,2616.05617977528,39
2779_3,False,,2616.05617977528,39
2780_1,True,,2542.5625,39
2781_1,True,,2616.05617977528,39
2781_2,False,,2616.05617977528,39
2782_1,True,,2542.5625,39
2782_2,False,,2542.5625,39
2783_1,True,,2616.05617977528,39
2783_2,False,,2616.05617977528,39
2783_3,False,,2616.05617977528,39
2784_1,True,,2542.5625,39
2784_2,False,,2542.5625,39
2785_1,True,,2616.05617977528,39
2786_1,True,,2542.5625,39
2786_2,False,,2542.5625,39
2786_3,False,,2542.5625,39
2787_1,True,,2616.05617977528,39
2787_2,False,,2616.05617977528,39
2788_1,True,,2542.5625,39
2788_2,False,,2542.5625,39
2789_1,True,,2616.05617977528,39
2789_2,False,,2616.05617977528,39
2789_3,False,,2616.05617977528,39
2790_1,True,,2542.5625,39
2790_2,False,,2542.5625,39
2791_1,True,,2616.05617977528,39
2792_1,True,,2542.5625,39
2792_2,False,,2542.5625,39
2793_1,True,,2616.05617977528,39
2793_2,False,,2616.05617977528,39
2794_1,True,,2542.5625,39
2794_2,False,,2542.5625,39
2794_3,False,,2542.5625,39
2795_1,True,,2616.05617977528,39
2795_2,False,,2616.05617977528,39
2795_3,False,,2616.05617977528,39
2795_4,False,,2616.05617977528,39
2796_1,True,,2542.5625,39
2796_2,False,,2542.5625,39
2796_3,False,,2542.5625,39
2796_4,False,,2542.5625,39
2797_1,True,,2616.05617977528,39
2797_2,False,,2616.05617977528,39
2797_3,False,,2616.05617977528,39
2797_4,False,,2616.05617977528,39
2798_1,True,,2542.5625,39
2798_2,False,,2542.5625,39
2799_1,True,,2616.05617977528,39
2799_2,False,,2616.05617977528,39
2799_3,False,,2616.05617977528,39
2799_4,False,,2616.05617977528,39
2800_1,True,,2542.5625,39
2800_2,False,,2542.5625,39
2800_3,False,,2542.5625,39
2801_1,True,,2616.05617977528,39
2801_2,False,,2616.05617977528,39
2801_3,False,,2616.05617977528,39
2802_1,True,,2542.5625,39
2802_2,False,,2542.5625,39
2802_3,False,,2542.5625,39
2802_4,False,,2542.5625,39
2802_5,False,,2542.5625,39
2803_1,True,,2616.05617977528,39
2803_2,False,,2616.05617977528,39
2804_1,True,,2542.5625,39
2804_2,False,,2542.5625,39
2804_3,False,,2542.5625,39
2804_4,False,,2542.5625,39
2805_1,True,,2616.05617977528,39
2805_2,False,,2616.05617977528,39
2805_3,False,,2616.05617977528,39
2805_4,False,,2616.05617977528,39
2805_5,False,,2616.05617977528,39
2806_1,True,,2542.5625,39
2806_2,False,,2542.5625,39
2807_1,True,,2616.05617977528,39
2808_1,True,,2542.5625,39
2808_2,False,,2542.5625,39
2808_3,False,,2542.5625,39
2809_1,True,,2616.05617977528,39
2809_2,False,,2616.05617977528,39
2810_1,True,,2542.5625,39
2810_2,False,,2542.5625,39
2810_3,False,,2542.5625,39
2811_1,True,,2616.05617977528,39
2811_2,False,,2616.05617977528,39
2812_1,True,,2542.5625,39
2812_2,False,,2542.5625,39
2812_3,False,,2542.5625,39
2813_1,True,,2616.05617977528,39
2813_2,False,,2616.05617977528,39
2814_1,True,,2616.05617977528,39
2814_2,False,,2616.05617977528,39
2814_3,False,,2616.05617977528,39
2815_1,True,,2616.05617977528,39
2815_2,False,,2616.05617977528,39
2816_1,True,,2542.5625,39
2816_2,False,,2542.5625,39
2816_3,False,,2542.5625,39
2817_1,True,,2616.05617977528,39
2817_2,False,,2616.05617977528,39
2817_3,False,,2616.05617977528,39
2817_4,False,,2616.05617977528,39
2818_1,True,,2542.5625,39
2818_2,False,,2542.5625,39
2818_3,False,,2542.5625,39
2819_1,True,,2542.5625,39
2819_2,False,,2542.5625,39
2819_3,False,,2542.5625,39
2819_4,False,,2542.5625,39
2819_5,False,,2542.5625,39
2820_1,True,,2542.5625,39
2820_2,False,,2542.5625,39
2820_3,False,,2542.5625,39
2821_1,True,,2616.05617977528,39
2821_2,False,,2616.05617977528,39
2822_1,True,,2542.5625,39
2823_1,True,,2616.05617977528,39
2823_2,False,,2616.05617977528,39
2823_3,False,,2616.05617977528,39
2823_4,False,,2616.05617977528,39
2824_1,True,,2542.5625,39
2824_2,False,,2542.5625,39
2824_3,False,,2542.5625,39
2825_1,True,,2616.05617977528,39
2825_2,False,,2616.05617977528,39
2825_3,False,,2616.05617977528,39
2825_4,False,,2616.05617977528,39
2825_5,False,,2616.05617977528,39
2826_1,True,,2542.5625,39
2826_2,False,,2542.5625,39
2826_3,False,,2542.5625,39
2826_4,False,,2542.5625,39
2827_1,True,,2616.05617977528,39
2827_2,False,,2616.05617977528,39
2827_3,False,,2616.05617977528,39
2828_1,True,,2542.5625,39
2828_2,False,,2542.5625,39
2828_3,False,,2542.5625,39
2828_4,False,,2542.5625,39
2828_5,False,,2542.5625,39
2828_6,False,,2542.5625,39
2829_1,True,,1002.0,46
2829_2,False,,1002.0,46
2830_1,True,,947.949438202248,46
2830_2,False,,947.949438202248,46
2830_3,False,,947.949438202248,46
2830_4,False,,947.949438202248,46
2831_1,True,,1002.0,46
2831_2,False,,1002.0,46
2831_3,False,,1002.0,46
2832_1,True,,947.949438202248,46
2833_1,True,,1002.0,46
2833_2,False,,1002.0,46
2833_3,False,,1002.0,46
2833_4,False,,1002.0,46
2834_1,True,,947.949438202248,46
2835_1,True,,1002.0,46
2835_2,False,,1002.0,46
2835_3,False,,1002.0,46
2835_4,False,,1002.0,46
2836_1,True,,947.949438202248,46
2836_2,False,,947.949438202248,46
2837_1,True,,1002.0,46
2837_2,False,,1002.0,46
2838_1,True,,947.949438202248,46
2838_2,False,,947.949438202248,46
2839_1,True,,1002.0,46
2839_2,False,,1002.0,46
2839_3,False,,1002.0,46
2840_1,True,,947.949438202248,46
2840_2,False,,947.949438202248,46
2840_3,False,,947.949438202248,46
2841_1,True,,1002.0,46
2841_2,False,,1002.0,46
2841_3,False,,1002.0,46
2842_1,True,,947.949438202248,46
2843_1,True,,1002.0,46
2843_2,False,,1002.0,46
2843_3,False,,1002.0,46
2844_1,True,,947.949438202248,46
2844_2,False,,947.949438202248,46
2845_1,True,,1002.0,46
2845_2,False,,1002.0,46
2845_3,False,,1002.0,46
2845_4,False,,1002.0,46
2845_5,False,,1002.0,46
2845_6,False,,1002.0,46
2846_1,True,,947.949438202248,46
2846_2,False,,947.949438202248,46
2847_1,True,,1002.0,46
2847_2,False,,1002.0,46
2847_3,False,,1002.0,46
2848_1,True,,947.949438202248,46
2848_2,False,,947.949438202248,46
2849_1,True,,1002.0,46
2849_2,False,,1002.0,46
2849_3,False,,1002.0,46
2850_1,True,,947.949438202248,46
2850_2,False,,947.949438202248,46
2850_3,False,,947.949438202248,46
2851_1,True,,1002.0,46
2851_2,False,,1002.0,46
2852_1,True,,947.949438202249,46
2852_2,False,,947.949438202249,46
2852_3,False,,947.949438202249,46
2852_4,False,,947.949438202249,46
2853_1,True,,1002.0,46
2853_2,False,,1002.0,46
2853_3,False,,1002.0,46
2853_4,False,,1002.0,46
2854_1,True,,947.949438202248,46
2854_2,False,,947.949438202248,46
2855_1,True,,1002.0,46
2855_2,False,,1002.0,46
2856_1,True,,947.949438202248,46
2856_2,False,,947.949438202248,46
2856_3,False,,947.949438202248,46
2857_1,True,,1002.0,46
2857_2,False,,1002.0,46
2857_3,False,,1002.0,46
2858_1,True,,947.949438202248,46
2858_2,False,,947.949438202248,46
2859_1,True,,1002.0,46
2859_2,False,,1002.0,46
2860_1,True,,947.949438202248,46
2860_2,False,,947.949438202248,46
2860_3,False,,947.949438202248,46
2860_4,False,,947.949438202248,46
2861_1,True,,1002.0,46
2861_2,False,,1002.0,46
2861_3,False,,1002.0,46
2861_4,False,,1002.0,46
2862_1,True,,947.949438202248,46
2862_2,False,,947.949438202248,46
2863_1,True,,1002.0,46
2863_2,False,,1002.0,46
2863_3,False,,1002.0,46
2863_4,False,,1002.0,46
2863_5,False,,1002.0,46
2864_1,True,,947.949438202248,46
2864_2,False,,947.949438202248,46
2864_3,False,,947.949438202248,46
2865_1,True,,1002.0,46
2865_2,False,,1002.0,46
2865_3,False,,1002.0,46
2865_4,False,,1002.0,46
2866_1,True,,947.949438202248,46
2866_2,False,,947.949438202248,46
2866_3,False,,947.949438202248,46
2866_4,False,,947.949438202248,46
2867_1,True,,1002.0,46
2867_2,False,,1002.0,46
2867_3,False,,1002.0,46
2868_1,True,,947.949438202248,46
2868_2,False,,947.949438202248,46
2868_3,False,,947.949438202248,46
2868_4,False,,947.949438202248,46
2869_1,True,,1002.0,46
2869_2,False,,1002.0,46
2870_1,True,,947.949438202248,46
2870_2,False,,947.949438202248,46
2871_1,True,,1002.0,46
2871_2,False,,1002.0,46
2872_1,True,,947.949438202248,46
2873_1,True,,1002.0,46
2873_2,False,,1002.0,46
2874_1,True,,947.949438202248,46
2874_2,False,,947.949438202248,46
2875_1,True,,1002.0,46
2875_2,False,,1002.0,46
2875_3,False,,1002.0,46
2876_1,True,,947.949438202248,46
2876_2,False,,947.949438202248,46
2877_1,True,,1002.0,46
2877_2,False,,1002.0,46
2877_3,False,,1002.0,46
2877_4,False,,1002.0,46
2878_1,True,,947.949438202248,46
2879_1,True,,1002.0,46
2879_2,False,,1002.0,46
2879_3,False,,1002.0,46
2880_1,True,,947.949438202248,46
2880_2,False,,947.949438202248,46
2880_3,False,,947.949438202248,46
2880_4,False,,947.949438202248,46
2880_5,False,,947.949438202248,46
2881_1,True,,1002.0,46
2881_2,False,,1002.0,46
2882_1,True,,947.949438202248,46
2882_2,False,,947.949438202248,46
2883_1,True,,1002.0,46
2883_2,False,,1002.0,46
2884_1,True,,947.949438202248,46
2884_2,False,,947.949438202248,46
2884_3,False,,947.949438202248,46
2885_1,True,,1002.0,46
2885_2,False,,1002.0,46
2886_1,True,,947.949438202248,46
2886_2,False,,947.949438202248,46
2886_3,False,,947.949438202248,46
2887_1,True,,1002.0,46
2887_2,False,,1002.0,46
2887_3,False,,1002.0,46
2888_1,True,,947.949438202248,46
2888_2,False,,947.949438202248,46
2888_3,False,,947.949438202248,46
2889_1,True,,1002.0,46
2889_2,False,,1002.0,46
2889_3,False,,1002.0,46
2889_4,False,,1002.0,46
2890_1,True,,947.949438202248,46
2890_2,False,,947.949438202248,46
2890_3,False,,947.949438202248,46
2890_4,False,,947.949438202248,46
2891_1,True,,1002.0,46
2891_2,False,,1002.0,46
2891_3,False,,1002.0,46
2892_1,True,,947.949438202248,46
2892_2,False,,947.949438202248,46
2893_1,True,,1002.0,46
2893_2,False,,1002.0,46
2893_3,False,,1002.0,46
2893_4,False,,1002.0,46
2894_1,True,,947.949438202248,46
2894_2,False,,947.949438202248,46
2894_3,False,,947.949438202248,46
2895_1,True,,1002.0,46
2895_2,False,,1002.0,46
2896_1,True,,947.949438202248,46
2896_2,False,,947.949438202248,46
2896_3,False,,947.949438202248,46
2896_4,False,,947.949438202248,46
2897_1,True,,1002.0,46
2897_2,False,,1002.0,46
2897_3,False,,1002.0,46
2898_1,True,,947.949438202248,46
2899_1,True,,1002.0,46
2900_1,True,,947.949438202248,46
2900_2,False,,947.949438202248,46
2900_3,False,,947.949438202248,46
2901_1,True,,1002.0,46
2901_2,False,,1002.0,46
2901_3,False,,1002.0,46
2902_1,True,,947.949438202248,46
2902_2,False,,947.949438202248,46
2902_3,False,,947.949438202248,46
2903_1,True,,1002.0,46
2903_2,False,,1002.0,46
2903_3,False,,1002.0,46
2903_4,False,,1002.0,46
2904_1,True,,947.949438202248,46
2904_2,False,,947.949438202248,46
2904_3,False,,947.949438202248,46
2904_4,False,,947.949438202248,46
2905_1,True,,1002.0,46
2905_2,False,,1002.0,46
2905_3,False,,1002.0,46
2905_4,False,,1002.0,46
2906_1,True,,947.949438202248,46
2906_2,False,,947.949438202248,46
2906_3,False,,947.949438202248,46
2906_4,False,,947.949438202248,46
2907_1,True,,1002.0,46
2907_2,False,,1002.0,46
2908_1,True,,947.949438202249,46
2908_2,False,,947.949438202249,46
2908_3,False,,947.949438202249,46
2908_4,False,,947.949438202249,46
2909_1,True,,1002.0,46
2909_2,False,,1002.0,46
2910_1,True,,947.949438202249,46
2910_2,False,,947.949438202249,46
2911_1,True,,1002.0,46
2911_2,False,,1002.0,46
2911_3,False,,1002.0,46
2911_4,False,,1002.0,46
2912_1,True,,947.949438202248,46
2912_2,False,,947.949438202248,46
2912_3,False,,947.949438202248,46
2913_1,True,,1002.0,46
2913_2,False,,1002.0,46
2914_1,True,,947.949438202248,46
2914_2,False,,947.949438202248,46
2914_3,False,,947.949438202248,46
2915_1,True,,1002.0,46
2915_2,False,,1002.0,46
2916_1,True,,947.949438202249,46
2916_2,False,,947.949438202249,46
2916_3,False,,947.949438202249,46
2916_4,False,,947.949438202249,46
2917_1,True,,1002.0,46
2917_2,False,,1002.0,46
2917_3,False,,1002.0,46
2917_4,False,,1002.0,46
2918_1,True,,947.949438202248,46
2918_2,False,,947.949438202248,46
2919_1,True,,1002.0,46
2919_2,False,,1002.0,46
2920_1,True,,947.949438202248,46
2920_2,False,,947.949438202248,46
2920_3,False,,947.949438202248,46
2920_4,False,,947.949438202248,46
2921_1,True,,1002.0,46
2921_2,False,,1002.0,46
2922_1,True,,947.949438202248,46
2922_2,False,,947.949438202248,46
2923_1,True,,1002.0,46
2923_2,False,,1002.0,46
2924_1,True,,947.949438202249,46
2924_2,False,,947.949438202249,46
2924_3,False,,947.949438202249,46
2924_4,False,,947.949438202249,46
2925_1,True,,1002.0,46
2925_2,False,,1002.0,46
2926_1,True,,947.949438202248,46
2926_2,False,,947.949438202248,46
2926_3,False,,947.949438202248,46
2926_4,False,,947.949438202248,46
2926_5,False,,947.949438202248,46
2927_1,True,,1002.0,46
2927_2,False,,1002.0,46
2927_3,False,,1002.0,46
2927_4,False,,1002.0,46
2927_5,False,,1002.0,46
2928_1,True,,947.949438202248,46
2928_2,False,,947.949438202248,46
2928_3,False,,947.949438202248,46
2929_1,True,,1002.0,46
2929_2,False,,1002.0,46
2930_1,True,,947.949438202248,46
2930_2,False,,947.949438202248,46
2930_3,False,,947.949438202248,46
2930_4,False,,947.949438202248,46
2931_1,True,,1002.0,46
2932_1,True,,947.949438202249,46
2932_2,False,,947.949438202249,46
2933_1,True,,1002.0,46
2933_2,False,,1002.0,46
2934_1,True,,947.949438202248,46
2935_1,True,,1002.0,46
2935_2,False,,1002.0,46
2936_1,True,,947.949438202248,46
2936_2,False,,947.949438202248,46
2937_1,True,,1002.0,46
2937_2,False,,1002.0,46
2938_1,True,,947.949438202248,46
2939_1,True,,1002.0,46
2939_2,False,,1002.0,46
2940_1,True,,947.949438202248,46
2940_2,False,,947.949438202248,46
2940_3,False,,947.949438202248,46
2941_1,True,,1002.0,46
2942_1,True,,947.949438202248,46
2942_2,False,,947.949438202248,46
2942_3,False,,947.949438202248,46
2942_4,False,,947.949438202248,46
2943_1,True,,1002.0,46
2943_2,False,,1002.0,46
2943_3,False,,1002.0,46
2944_1,True,,947.949438202248,46
2944_2,False,,947.949438202248,46
2944_3,False,,947.949438202248,46
2944_4,False,,947.949438202248,46
2945_1,True,,1002.0,46
2945_2,False,,1002.0,46
2945_3,False,,1002.0,46
2945_4,False,,1002.0,46
2946_1,True,,947.949438202248,46
2946_2,False,,947.949438202248,46
2947_1,True,,1002.0,46
2947_2,False,,1002.0,46
2948_1,True,,947.949438202249,46
2948_2,False,,947.949438202249,46
2948_3,False,,947.949438202249,46
2949_1,True,,1002.0,46
2949_2,False,,1002.0,46
2950_1,True,,947.949438202248,46
2951_1,True,,1002.0,46
2951_2,False,,1002.0,46
2951_3,False,,1002.0,46
2951_4,False,,1002.0,46
2952_1,True,,947.949438202248,46
2952_2,False,,947.949438202248,46
2953_1,True,,1002.0,46
2954_1,True,,947.949438202248,46
2955_1,True,,1002.0,46
2955_2,False,,1002.0,46
2955_3,False,,1002.0,46
2955_4,False,,1002.0,46
2955_5,False,,1002.0,46
2956_1,True,,947.949438202248,46
2956_2,False,,947.949438202248,46
2957_1,True,,1002.0,46
2957_2,False,,1002.0,46
2958_1,True,,947.949438202248,46
2958_2,False,,947.949438202248,46
2959_1,True,,1002.0,46
2959_2,False,,1002.0,46
2959_3,False,,1002.0,46
2960_1,True,,947.949438202248,46
2960_2,False,,947.949438202248,46
2960_3,False,,947.949438202248,46
2961_1,True,,1002.0,46
2961_2,False,,1002.0,46
2961_3,False,,1002.0,46
2962_1,True,,947.949438202248,46
2962_2,False,,947.949438202248,46
2962_3,False,,947.949438202248,46
2963_1,True,,1002.0,46
2963_2,False,,1002.0,46
2963_3,False,,1002.0,46
2963_4,False,,1002.0,46
2964_1,True,,947.949438202248,46
2964_2,False,,947.949438202248,46
2965_1,True,,1002.0,46
2965_2,False,,1002.0,46
2965_3,False,,1002.0,46
2965_4,False,,1002.0,46
2966_1,True,,947.949438202248,46
2966_2,False,,947.949438202248,46
2967_1,True,,1002.0,46
2967_2,False,,1002.0,46
2968_1,True,,947.949438202248,46
2969_1,True,,1002.0,46
2969_2,False,,1002.0,46
2969_3,False,,1002.0,46
2969_4,False,,1002.0,46
2970_1,True,,947.949438202248,46
2970_2,False,,947.949438202248,46
2970_3,False,,947.949438202248,46
2971_1,True,,1002.0,46
2971_2,False,,1002.0,46
2971_3,False,,1002.0,46
2972_1,True,,947.949438202248,46
2972_2,False,,947.949438202248,46
2973_1,True,,1002.0,46
2973_2,False,,1002.0,46
2974_1,True,,947.949438202248,46
2974_2,False,,947.949438202248,46
2974_3,False,,947.949438202248,46
2975_1,True,,1002.0,46
2975_2,False,,1002.0,46
2976_1,True,,947.949438202248,46
2976_2,False,,947.949438202248,46
2976_3,False,,947.949438202248,46
2976_4,False,,947.949438202248,46
2977_1,True,,1002.0,46
2977_2,False,,1002.0,46
2977_3,False,,1002.0,46
2977_4,False,,1002.0,46
2977_5,False,,1002.0,46
2977_6,False,,1002.0,46
2978_1,True,,947.949438202248,46
2978_2,False,,947.949438202248,46
2978_3,False,,947.949438202248,46
2979_1,True,,1002.0,46
2979_2,False,,1002.0,46
2979_3,False,,1002.0,46
2979_4,False,,1002.0,46
2980_1,True,,947.949438202248,46
2980_2,False,,947.949438202248,46
2980_3,False,,947.949438202248,46
2981_1,True,,1002.0,46
2981_2,False,,1002.0,46
2982_1,True,,947.949438202248,46
2982_2,False,,947.949438202248,46
2982_3,False,,947.949438202248,46
2983_1,True,,1002.0,46
2983_2,False,,1002.0,46
2983_3,False,,1002.0,46
2984_1,True,,947.949438202248,46
2984_2,False,,947.949438202248,46
2985_1,True,,1002.0,46
2986_1,True,,947.949438202248,46
2986_2,False,,947.949438202248,46
2987_1,True,,1002.0,46
2987_2,False,,1002.0,46
2988_1,True,,947.949438202248,46
2988_2,False,,947.949438202248,46
2989_1,True,,1002.0,46
2989_2,False,,1002.0,46
2989_3,False,,1002.0,46
2990_1,True,,947.949438202248,46
2990_2,False,,947.949438202248,46
2990_3,False,,947.949438202248,46
2991_1,True,,1002.0,46
2991_2,False,,1002.0,46
2992_1,True,,947.949438202248,46
2992_2,False,,947.949438202248,46
2992_3,False,,947.949438202248,46
2993_1,True,,1002.0,46
2993_2,False,,1002.0,46
2993_3,False,,1002.0,46
2994_1,True,,947.949438202248,46
2994_2,False,,947.949438202248,46
2995_1,True,,1002.0,46
2995_2,False,,1002.0,46
2996_1,True,,947.949438202248,46
2996_2,False,,947.949438202248,46
2997_1,True,,1002.0,46
2997_2,False,,1002.0,46
2997_3,False,,1002.0,46
2998_1,True,,947.949438202249,46
2999_1,True,,1002.0,46
2999_2,False,,1002.0,46
3000_1,True,,947.949438202248,46
3000_2,False,,947.949438202248,46
3000_3,False,,947.949438202248,46
3001_1,True,,1002.0,46
3001_2,False,,1002.0,46
3001_3,False,,1002.0,46
3002_1,True,,947.949438202248,46
3002_2,False,,947.949438202248,46
3002_3,False,,947.949438202248,46
3002_4,False,,947.949438202248,46
3003_1,True,,1002.0,46
3003_2,False,,1002.0,46
3004_1,True,,947.949438202248,46
3004_2,False,,947.949438202248,46
3004_3,False,,947.949438202248,46
3005_1,True,,1002.0,46
3005_2,False,,1002.0,46
3005_3,False,,1002.0,46
3006_1,True,,947.949438202248,46
3006_2,False,,947.949438202248,46
3006_3,False,,947.949438202248,46
3006_4,False,,947.949438202248,46
3007_1,True,,1002.0,46
3007_2,False,,1002.0,46
3007_3,False,,1002.0,46
3007_4,False,,1002.0,46
3007_5,False,,1002.0,46
3008_1,True,,947.949438202248,46
3008_2,False,,947.949438202248,46
3008_3,False,,947.949438202248,46
3008_4,False,,947.949438202248,46
3008_5,False,,947.949438202248,46
3009_1,True,,1002.0,46
3009_2,False,,1002.0,46
3009_3,False,,1002.0,46
3010_1,True,,947.949438202248,46
3010_2,False,,947.949438202248,46
3010_3,False,,947.949438202248,46
3011_1,True,,1002.0,46
3011_2,False,,1002.0,46
3012_1,True,,947.949438202248,46
3012_2,False,,947.949438202248,46
3013_1,True,,1002.0,46
3013_2,False,,1002.0,46
3013_3,False,,1002.0,46
3013_4,False,,1002.0,46
3013_5,False,,1002.0,46
3013_6,False,,1002.0,46
3014_1,True,,947.949438202249,46
3014_2,False,,947.949438202249,46
3014_3,False,,947.949438202249,46
3014_4,False,,947.949438202249,46
3015_1,True,,1002.0,46
3015_2,False,,1002.0,46
3016_1,True,,947.949438202248,46
3016_2,False,,947.949438202248,46
3017_1,True,,1002.0,46
3017_2,False,,1002.0,46
3017_3,False,,1002.0,46
3017_4,False,,1002.0,46
3017_5,False,,1002.0,46
3018_1,True,,947.949438202248,46
3018_2,False,,947.949438202248,46
3019_1,True,,1002.0,46
3019_2,False,,1002.0,46
3020_1,True,,947.949438202248,46
3020_2,False,,947.949438202248,46
3021_1,True,,947.949438202248,46
3022_1,True,,947.949438202248,46
3022_2,False,,947.949438202248,46
3023_1,True,,1002.0,46
3023_2,False,,1002.0,46
3024_1,True,,947.949438202248,46
3024_2,False,,947.949438202248,46
3024_3,False,,947.949438202248,46
3024_4,False,,947.949438202248,46
3025_1,True,,1002.0,46
3025_2,False,,1002.0,46
3026_1,True,,947.949438202248,46
3026_2,False,,947.949438202248,46
3027_1,True,,1002.0,46
3027_2,False,,1002.0,46
3028_1,True,,947.949438202248,46
3028_2,False,,947.949438202248,46
3028_3,False,,947.949438202248,46
3029_1,True,,1002.0,46
3029_2,False,,1002.0,46
3029_3,False,,1002.0,46
3030_1,True,,947.949438202249,46
3030_2,False,,947.949438202249,46
3030_3,False,,947.949438202249,46
3030_4,False,,947.949438202249,46
3031_1,True,,1002.0,46
3032_1,True,,947.949438202248,46
3032_2,False,,947.949438202248,46
3033_1,True,,1002.0,46
3033_2,False,,1002.0,46
3033_3,False,,1002.0,46
3033_4,False,,1002.0,46
3034_1,True,,947.949438202248,46
3034_2,False,,947.949438202248,46
3034_3,False,,947.949438202248,46
3035_1,True,,1002.0,46
3035_2,False,,1002.0,46
3036_1,True,,947.949438202248,46
3036_2,False,,947.949438202248,46
3037_1,True,,1002.0,46
3037_2,False,,1002.0,46
3038_1,True,,947.949438202248,46
3038_2,False,,947.949438202248,46
3038_3,False,,947.949438202248,46
3038_4,False,,947.949438202248,46
3038_5,False,,947.949438202248,46
3039_1,True,,1002.0,46
3039_2,False,,1002.0,46
3039_3,False,,1002.0,46
3040_1,True,,947.949438202249,46
3040_2,False,,947.949438202249,46
3040_3,False,,947.949438202249,46
3040_4,False,,947.949438202249,46
3041_1,True,,1002.0,46
3041_2,False,,1002.0,46
3041_3,False,,1002.0,46
3042_1,True,,947.949438202248,46
3042_2,False,,947.949438202248,46
3042_3,False,,947.949438202248,46
3042_4,False,,947.949438202248,46
3042_5,False,,947.949438202248,46
3043_1,True,,1002.0,46
3043_2,False,,1002.0,46
3043_3,False,,1002.0,46
3043_4,False,,1002.0,46
3044_1,True,,947.949438202248,46
3044_2,False,,947.949438202248,46
3045_1,True,,1002.0,46
3045_2,False,,1002.0,46
3045_3,False,,1002.0,46
3045_4,False,,1002.0,46
3046_1,True,,947.949438202248,46
3046_2,False,,947.949438202248,46
3046_3,False,,947.949438202248,46
3046_4,False,,947.949438202248,46
3047_1,True,,1002.0,46
3047_2,False,,1002.0,46
3048_1,True,,947.949438202248,46
3049_1,True,,1002.0,46
3049_2,False,,1002.0,46
3049_3,False,,1002.0,46
3049_4,False,,1002.0,46
3050_1,True,,947.949438202249,46
3050_2,False,,947.949438202249,46
3050_3,False,,947.949438202249,46
3051_1,True,,1002.0,46
3051_2,False,,1002.0,46
3051_3,False,,1002.0,46
3051_4,False,,1002.0,46
3052_1,True,,947.949438202248,46
3053_1,True,,1002.0,46
3053_2,False,,1002.0,46
3053_3,False,,1002.0,46
3054_1,True,,947.949438202248,46
3054_2,False,,947.949438202248,46
3054_3,False,,947.949438202248,46
3054_4,False,,947.949438202248,46
3054_5,False,,947.949438202248,46
3055_1,True,,1002.0,46
3055_2,False,,1002.0,46
3055_3,False,,1002.0,46
3056_1,True,,947.949438202248,46
3056_2,False,,947.949438202248,46
3057_1,True,,1002.0,46
3057_2,False,,1002.0,46
3057_3,False,,1002.0,46
3057_4,False,,1002.0,46
3057_5,False,,1002.0,46
3058_1,True,,947.949438202248,46
3058_2,False,,947.949438202248,46
3059_1,True,,1002.0,46
3059_2,False,,1002.0,46
3060_1,True,,947.949438202248,46
3061_1,True,,1002.0,46
3061_2,False,,1002.0,46
3062_1,True,,947.949438202248,46
3062_2,False,,947.949438202248,46
3063_1,True,,1002.0,46
3063_2,False,,1002.0,46
3063_3,False,,1002.0,46
3063_4,False,,1002.0,46
3064_1,True,,947.949438202249,46
3064_2,False,,947.949438202249,46
3065_1,True,,1002.0,46
3065_2,False,,1002.0,46
3066_1,True,,947.949438202249,46
3066_2,False,,947.949438202249,46
3066_3,False,,947.949438202249,46
3067_1,True,,1002.0,46
3067_2,False,,1002.0,46
3068_1,True,,947.949438202249,46
3068_2,False,,947.949438202249,46
3069_1,True,,1002.0,46
3069_2,False,,1002.0,46
3069_3,False,,1002.0,46
3070_1,True,,947.949438202248,46
3070_2,False,,947.949438202248,46
3070_3,False,,947.949438202248,46
3070_4,False,,947.949438202248,46
3070_5,False,,947.949438202248,46
3070_6,False,,947.949438202248,46
3071_1,True,,1002.0,46
3071_2,False,,1002.0,46
3072_1,True,,947.949438202248,46
3072_2,False,,947.949438202248,46
3072_3,False,,947.949438202248,46
3072_4,False,,947.949438202248,46
3072_5,False,,947.949438202248,46
3073_1,True,,1002.0,46
3073_2,False,,1002.0,46
3073_3,False,,1002.0,46
3073_4,False,,1002.0,46
3073_5,False,,1002.0,46
3073_6,False,,1002.0,46
3074_1,True,,947.949438202248,46
3075_1,True,,1002.0,46
3075_2,False,,1002.0,46
3076_1,True,,947.949438202248,46
3076_2,False,,947.949438202248,46
3077_1,True,,1002.0,46
3077_2,False,,1002.0,46
3078_1,True,,947.949438202248,46
3078_2,False,,947.949438202248,46
3079_1,True,,1002.0,46
3080_1,True,,947.949438202248,46
3080_2,False,,947.949438202248,46
3080_3,False,,947.949438202248,46
3081_1,True,,1002.0,46
3081_2,False,,1002.0,46
3082_1,True,,947.949438202249,46
3082_2,False,,947.949438202249,46
3083_1,True,,1002.0,46
3083_2,False,,1002.0,46
3083_3,False,,1002.0,46
3084_1,True,,947.949438202248,46
3084_2,False,,947.949438202248,46
3084_3,False,,947.949438202248,46
3084_4,False,,947.949438202248,46
3085_1,True,,1002.0,46
3085_2,False,,1002.0,46
3086_1,True,,947.949438202248,46
3086_2,False,,947.949438202248,46
3086_3,False,,947.949438202248,46
3086_4,False,,947.949438202248,46
3086_5,False,,947.949438202248,46
3087_1,True,,1002.0,46
3087_2,False,,1002.0,46
3087_3,False,,1002.0,46
3088_1,True,,947.949438202248,46
3088_2,False,,947.949438202248,46
3088_3,False,,947.949438202248,46
3089_1,True,,1002.0,46
3089_2,False,,1002.0,46
3089_3,False,,1002.0,46
3089_4,False,,1002.0,46
3089_5,False,,1002.0,46
3090_1,True,,947.949438202248,46
3090_2,False,,947.949438202248,46
3091_1,True,,1002.0,46
3091_2,False,,1002.0,46
3092_1,True,,947.949438202248,46
3092_2,False,,947.949438202248,46
3092_3,False,,947.949438202248,46
3093_1,True,,1002.0,46
3093_2,False,,1002.0,46
3094_1,True,,947.949438202248,46
3094_2,False,,947.949438202248,46
3094_3,False,,947.949438202248,46
3094_4,False,,947.949438202248,46
3095_1,True,,1002.0,46
3095_2,False,,1002.0,46
3095_3,False,,1002.0,46
3096_1,True,,947.949438202248,46
3096_2,False,,947.949438202248,46
3096_3,False,,947.949438202248,46
3096_4,False,,947.949438202248,46
3097_1,True,,1002.0,46
3097_2,False,,1002.0,46
3098_1,True,,947.949438202248,46
3098_2,False,,947.949438202248,46
3098_3,False,,947.949438202248,46
3099_1,True,,1002.0,46
3099_2,False,,1002.0,46
3099_3,False,,1002.0,46
3100_1,True,,947.949438202248,46
3101_1,True,,1002.0,46
3101_2,False,,1002.0,46
3102_1,True,,947.949438202248,46
3102_2,False,,947.949438202248,46
3103_1,True,,1002.0,46
3103_2,False,,1002.0,46
3103_3,False,,1002.0,46
3104_1,True,,947.949438202248,46
3104_2,False,,947.949438202248,46
3104_3,False,,947.949438202248,46
3104_4,False,,947.949438202248,46
3105_1,True,,1002.0,46
3105_2,False,,1002.0,46
3105_3,False,,1002.0,46
3106_1,True,,947.949438202248,46
3106_2,False,,947.949438202248,46
3107_1,True,,1002.0,46
3107_2,False,,1002.0,46
3107_3,False,,1002.0,46
3108_1,True,,947.949438202248,46
3108_2,False,,947.949438202248,46
3108_3,False,,947.949438202248,46
3109_1,True,,1002.0,46
3109_2,False,,1002.0,46
3109_3,False,,1002.0,46
3109_4,False,,1002.0,46
3110_1,True,,947.949438202248,46
3110_2,False,,947.949438202248,46
3110_3,False,,947.949438202248,46
3110_4,False,,947.949438202248,46
3111_1,True,,1002.0,46
3111_2,False,,1002.0,46
3111_3,False,,1002.0,46
3111_4,False,,1002.0,46
3112_1,True,,947.949438202248,46
3112_2,False,,947.949438202248,46
3112_3,False,,947.949438202248,46
3112_4,False,,947.949438202248,46
3113_1,True,,1002.0,46
3113_2,False,,1002.0,46
3114_1,True,,947.949438202248,46
3115_1,True,,1002.0,46
3115_2,False,,1002.0,46
3115_3,False,,1002.0,46
3116_1,True,,947.949438202248,46
3116_2,False,,947.949438202248,46
3116_3,False,,947.949438202248,46
3117_1,True,,1002.0,46
3117_2,False,,1002.0,46
3118_1,True,,947.949438202248,46
3119_1,True,,1002.0,46
3120_1,True,,947.949438202249,46
3120_2,False,,947.949438202249,46
3120_3,False,,947.949438202249,46
3120_4,False,,947.949438202249,46
3120_5,False,,947.949438202249,46
3121_1,True,,1002.0,46
3121_2,False,,1002.0,46
3121_3,False,,1002.0,46
3121_4,False,,1002.0,46
3121_5,False,,1002.0,46
3122_1,True,,947.949438202248,46
3122_2,False,,947.949438202248,46
3122_3,False,,947.949438202248,46
3123_1,True,,1002.0,46
3123_2,False,,1002.0,46
3123_3,False,,1002.0,46
3124_1,True,,947.949438202248,46
3124_2,False,,947.949438202248,46
3124_3,False,,947.949438202248,46
3124_4,False,,947.949438202248,46
3125_1,True,,1002.0,46
3125_2,False,,1002.0,46
3125_3,False,,1002.0,46
3126_1,True,,947.949438202248,46
3126_2,False,,947.949438202248,46
3126_3,False,,947.949438202248,46
3126_4,False,,947.949438202248,46
3127_1,True,,1002.0,46
3127_2,False,,1002.0,46
3127_3,False,,1002.0,46
3127_4,False,,1002.0,46
3127_5,False,,1002.0,46
3127_6,False,,1002.0,46
3128_1,True,,947.949438202248,46
3129_1,True,,1002.0,46
3129_2,False,,1002.0,46
3130_1,True,,947.949438202248,46
3130_2,False,,947.949438202248,46
3130_3,False,,947.949438202248,46
3130_4,False,,947.949438202248,46
3130_5,False,,947.949438202248,46
3131_1,True,,1002.0,46
3131_2,False,,1002.0,46
3131_3,False,,1002.0,46
3132_1,True,,947.949438202248,46
3132_2,False,,947.949438202248,46
3132_3,False,,947.949438202248,46
3133_1,True,,1002.0,46
3133_2,False,,1002.0,46
3133_3,False,,1002.0,46
3134_1,True,,947.949438202248,46
3134_2,False,,947.949438202248,46
3135_1,True,,1002.0,46
3135_2,False,,1002.0,46
3135_3,False,,1002.0,46
3136_1,True,,947.949438202249,46
3137_1,True,,1002.0,46
3137_2,False,,1002.0,46
3138_1,True,,947.949438202248,46
3138_2,False,,947.949438202248,46
3138_3,False,,947.949438202248,46
3139_1,True,,1002.0,46
3139_2,False,,1002.0,46
3139_3,False,,1002.0,46
3140_1,True,,947.949438202248,46
3140_2,False,,947.949438202248,46
3140_3,False,,947.949438202248,46
3140_4,False,,947.949438202248,46
3141_1,True,,1002.0,46
3141_2,False,,1002.0,46
3141_3,False,,1002.0,46
3142_1,True,,947.949438202248,46
3142_2,False,,947.949438202248,46
3143_1,True,,1002.0,46
3143_2,False,,1002.0,46
3143_3,False,,1002.0,46
3143_4,False,,1002.0,46
3144_1,True,,947.949438202248,46
3144_2,False,,947.949438202248,46
3144_3,False,,947.949438202248,46
3144_4,False,,947.949438202248,46
3145_1,True,,1002.0,46
3145_2,False,,1002.0,46
3145_3,False,,1002.0,46
3146_1,True,,947.949438202248,46
3146_2,False,,947.949438202248,46
3147_1,True,,1002.0,46
3147_2,False,,1002.0,46
3148_1,True,,947.949438202248,46
3149_1,True,,1002.0,46
3149_2,False,,1002.0,46
3149_3,False,,1002.0,46
3149_4,False,,1002.0,46
3150_1,True,,947.949438202248,46
3150_2,False,,947.949438202248,46
3151_1,True,,1002.0,46
3152_1,True,,947.949438202248,46
3152_2,False,,947.949438202248,46
3153_1,True,,1002.0,46
3153_2,False,,1002.0,46
3153_3,False,,1002.0,46
3154_1,True,,947.949438202248,46
3155_1,True,,1002.0,46
3155_2,False,,1002.0,46
3155_3,False,,1002.0,46
3155_4,False,,1002.0,46
3156_1,True,,947.949438202248,46
3156_2,False,,947.949438202248,46
3156_3,False,,947.949438202248,46
3157_1,True,,1002.0,46
3157_2,False,,1002.0,46
3157_3,False,,1002.0,46
3158_1,True,,947.949438202248,46
3158_2,False,,947.949438202248,46
3158_3,False,,947.949438202248,46
3158_4,False,,947.949438202248,46
3159_1,True,,1002.0,46
3159_2,False,,1002.0,46
3159_3,False,,1002.0,46
3160_1,True,,947.949438202248,46
3160_2,False,,947.949438202248,46
3160_3,False,,947.949438202248,46
3160_4,False,,947.949438202248,46
3161_1,True,,1002.0,46
3161_2,False,,1002.0,46
3162_1,True,,947.949438202248,46
3162_2,False,,947.949438202248,46
3162_3,False,,947.949438202248,46
3162_4,False,,947.949438202248,46
3162_5,False,,947.949438202248,46
3162_6,False,,947.949438202248,46
3163_1,True,,1002.0,46
3163_2,False,,1002.0,46
3164_1,True,,947.949438202248,46
3164_2,False,,947.949438202248,46
3164_3,False,,947.949438202248,46
3165_1,True,,1002.0,46
3165_2,False,,1002.0,46
3166_1,True,,947.949438202248,46
3167_1,True,,1002.0,46
3167_2,False,,1002.0,46
3167_3,False,,1002.0,46
3168_1,True,,947.949438202248,46
3168_2,False,,947.949438202248,46
3169_1,True,,1002.0,46
3169_2,False,,1002.0,46
3170_1,True,,947.949438202248,46
3170_2,False,,947.949438202248,46
3170_3,False,,947.949438202248,46
3170_4,False,,947.949438202248,46
3171_1,True,,1002.0,46
3171_2,False,,1002.0,46
3171_3,False,,1002.0,46
3172_1,True,,947.949438202248,46
3172_2,False,,947.949438202248,46
3172_3,False,,947.949438202248,46
3173_1,True,,1002.0,46
3173_2,False,,1002.0,46
3174_1,True,,947.949438202248,46
3174_2,False,,947.949438202248,46
3175_1,True,,1002.0,46
3175_2,False,,1002.0,46
3176_1,True,,947.949438202248,46
3176_2,False,,947.949438202248,46
3176_3,False,,947.949438202248,46
3177_1,True,,1002.0,46
3177_2,False,,1002.0,46
3177_3,False,,1002.0,46
3178_1,True,,947.949438202248,46
3178_2,False,,947.949438202248,46
3179_1,True,,1002.0,46
3179_2,False,,1002.0,46
3180_1,True,,947.949438202248,46
3180_2,False,,947.949438202248,46
3180_3,False,,947.949438202248,46
3180_4,False,,947.949438202248,46
3181_1,True,,1002.0,46
3181_2,False,,1002.0,46
3182_1,True,,947.949438202248,46
3182_2,False,,947.949438202248,46
3182_3,False,,947.949438202248,46
3183_1,True,,663.282485875706,48
3183_2,False,,663.282485875706,48
3184_1,True,,651.994350282486,48
3184_2,False,,651.994350282486,48
3184_3,False,,651.994350282486,48
3185_1,True,,663.282485875706,48
3185_2,False,,663.282485875706,48
3185_3,False,,663.282485875706,48
3185_4,False,,663.282485875706,48
3186_1,True,,651.994350282486,48
3186_2,False,,651.994350282486,48
3186_3,False,,651.994350282486,48
3186_4,False,,651.994350282486,48
3186_5,False,,651.994350282486,48
3187_1,True,,663.282485875706,48
3187_2,False,,663.282485875706,48
3188_1,True,,651.994350282486,48
3188_2,False,,651.994350282486,48
3188_3,False,,651.994350282486,48
3188_4,False,,651.994350282486,48
3188_5,False,,651.994350282486,48
3189_1,True,,663.282485875706,48
3189_2,False,,663.282485875706,48
3190_1,True,,651.994350282486,48
3190_2,False,,651.994350282486,48
3191_1,True,,663.282485875706,48
3192_1,True,,651.994350282486,48
3192_2,False,,651.994350282486,48
3193_1,True,,663.282485875706,48
3193_2,False,,663.282485875706,48
3193_3,False,,663.282485875706,48
3193_4,False,,663.282485875706,48
3194_1,True,,651.994350282486,48
3194_2,False,,651.994350282486,48
3194_3,False,,651.994350282486,48
3194_4,False,,651.994350282486,48
3195_1,True,,663.282485875706,48
3195_2,False,,663.282485875706,48
3195_3,False,,663.282485875706,48
3195_4,False,,663.282485875706,48
3196_1,True,,651.994350282486,48
3197_1,True,,663.282485875706,48
3198_1,True,,651.994350282486,48
3198_2,False,,651.994350282486,48
3199_1,True,,663.282485875706,48
3199_2,False,,663.282485875706,48
3199_3,False,,663.282485875706,48
3199_4,False,,663.282485875706,48
3199_5,False,,663.282485875706,48
3199_6,False,,663.282485875706,48
3199_7,False,,663.282485875706,48
3200_1,True,,651.994350282486,48
3200_2,False,,651.994350282486,48
3200_3,False,,651.994350282486,48
3200_4,False,,651.994350282486,48
3200_5,False,,651.994350282486,48
3200_6,False,,651.994350282486,48
3201_1,True,,663.282485875706,48
3201_2,False,,663.282485875706,48
3202_1,True,,651.994350282486,48
3202_2,False,,651.994350282486,48
3202_3,False,,651.994350282486,48
3203_1,True,,663.282485875706,48
3203_2,False,,663.282485875706,48
3203_3,False,,663.282485875706,48
3203_4,False,,663.282485875706,48
3204_1,True,,651.994350282486,48
3204_2,False,,651.994350282486,48
3205_1,True,,663.282485875706,48
3205_2,False,,663.282485875706,48
3205_3,False,,663.282485875706,48
3205_4,False,,663.282485875706,48
3205_5,False,,663.282485875706,48
3206_1,True,,651.994350282486,48
3206_2,False,,651.994350282486,48
3207_1,True,,663.282485875706,48
3207_2,False,,663.282485875706,48
3208_1,True,,663.282485875706,48
3208_2,False,,663.282485875706,48
3208_3,False,,663.282485875706,48
3209_1,True,,651.994350282486,48
3209_2,False,,651.994350282486,48
3210_1,True,,651.994350282486,48
3210_2,False,,651.994350282486,48
3211_1,True,,663.282485875706,48
3211_2,False,,663.282485875706,48
3212_1,True,,651.994350282486,48
3212_2,False,,651.994350282486,48
3212_3,False,,651.994350282486,48
3213_1,True,,663.282485875706,48
3213_2,False,,663.282485875706,48
3214_1,True,,651.994350282486,48
3215_1,True,,663.282485875706,48
3216_1,True,,651.994350282486,48
3216_2,False,,651.994350282486,48
3216_3,False,,651.994350282486,48
3217_1,True,,663.282485875706,48
3217_2,False,,663.282485875706,48
3218_1,True,,651.994350282486,48
3218_2,False,,651.994350282486,48
3218_3,False,,651.994350282486,48
3219_1,True,,663.282485875706,48
3219_2,False,,663.282485875706,48
3219_3,False,,663.282485875706,48
3220_1,True,,651.994350282486,48
3220_2,False,,651.994350282486,48
3220_3,False,,651.994350282486,48
3221_1,True,,663.282485875706,48
3221_2,False,,663.282485875706,48
3221_3,False,,663.282485875706,48
3222_1,True,,651.994350282486,48
3222_2,False,,651.994350282486,48
3222_3,False,,651.994350282486,48
3223_1,True,,663.282485875706,48
3223_2,False,,663.282485875706,48
3224_1,True,,651.994350282486,48
3224_2,False,,651.994350282486,48
3224_3,False,,651.994350282486,48
3225_1,True,,663.282485875706,48
3225_2,False,,663.282485875706,48
3225_3,False,,663.282485875706,48
3225_4,False,,663.282485875706,48
3226_1,True,,651.994350282486,48
3226_2,False,,651.994350282486,48
3226_3,False,,651.994350282486,48
3227_1,True,,663.282485875706,48
3227_2,False,,663.282485875706,48
3227_3,False,,663.282485875706,48
3228_1,True,,651.994350282486,48
3228_2,False,,651.994350282486,48
3228_3,False,,651.994350282486,48
3229_1,True,,663.282485875706,48
3229_2,False,,663.282485875706,48
3229_3,False,,663.282485875706,48
3229_4,False,,663.282485875706,48
3230_1,True,,651.994350282486,48
3230_2,False,,651.994350282486,48
3231_1,True,,663.282485875706,48
3231_2,False,,663.282485875706,48
3231_3,False,,663.282485875706,48
3232_1,True,,651.994350282486,48
3232_2,False,,651.994350282486,48
3232_3,False,,651.994350282486,48
3232_4,False,,651.994350282486,48
3232_5,False,,651.994350282486,48
3233_1,True,,663.282485875706,48
3233_2,False,,663.282485875706,48
3233_3,False,,663.282485875706,48
3233_4,False,,663.282485875706,48
3234_1,True,,651.994350282486,48
3234_2,False,,651.994350282486,48
3234_3,False,,651.994350282486,48
3235_1,True,,663.282485875706,48
3235_2,False,,663.282485875706,48
3235_3,False,,663.282485875706,48
3235_4,False,,663.282485875706,48
3235_5,False,,663.282485875706,48
3236_1,True,,651.994350282486,48
3237_1,True,,663.282485875706,48
3237_2,False,,663.282485875706,48
3237_3,False,,663.282485875706,48
3237_4,False,,663.282485875706,48
3238_1,True,,651.994350282486,48
3238_2,False,,651.994350282486,48
3239_1,True,,663.282485875706,48
3239_2,False,,663.282485875706,48
3240_1,True,,651.994350282486,48
3241_1,True,,663.282485875706,48
3242_1,True,,651.994350282486,48
3242_2,False,,651.994350282486,48
3243_1,True,,663.282485875706,48
3243_2,False,,663.282485875706,48
3244_1,True,,651.994350282486,48
3244_2,False,,651.994350282486,48
3244_3,False,,651.994350282486,48
3245_1,True,,663.282485875706,48
3245_2,False,,663.282485875706,48
3245_3,False,,663.282485875706,48
3246_1,True,,651.994350282486,48
3246_2,False,,651.994350282486,48
3246_3,False,,651.994350282486,48
3246_4,False,,651.994350282486,48
3246_5,False,,651.994350282486,48
3247_1,True,,663.282485875706,48
3247_2,False,,663.282485875706,48
3247_3,False,,663.282485875706,48
3248_1,True,,651.994350282486,48
3248_2,False,,651.994350282486,48
3249_1,True,,663.282485875706,48
3249_2,False,,663.282485875706,48
3250_1,True,,651.994350282486,48
3250_2,False,,651.994350282486,48
3251_1,True,,663.282485875706,48
3251_2,False,,663.282485875706,48
3252_1,True,,651.994350282486,48
3253_1,True,,663.282485875706,48
3253_2,False,,663.282485875706,48
3253_3,False,,663.282485875706,48
3253_4,False,,663.282485875706,48
3253_5,False,,663.282485875706,48
3254_1,True,,651.994350282486,48
3255_1,True,,663.282485875706,48
3255_2,False,,663.282485875706,48
3255_3,False,,663.282485875706,48
3256_1,True,,651.994350282486,48
3256_2,False,,651.994350282486,48
3256_3,False,,651.994350282486,48
3257_1,True,,663.282485875706,48
3257_2,False,,663.282485875706,48
3258_1,True,,651.994350282486,48
3258_2,False,,651.994350282486,48
3258_3,False,,651.994350282486,48
3259_1,True,,663.282485875706,48
3259_2,False,,663.282485875706,48
3259_3,False,,663.282485875706,48
3259_4,False,,663.282485875706,48
3260_1,True,,651.994350282486,48
3260_2,False,,651.994350282486,48
3261_1,True,,663.282485875706,48
3261_2,False,,663.282485875706,48
3261_3,False,,663.282485875706,48
3261_4,False,,663.282485875706,48
3262_1,True,,651.994350282486,48
3262_2,False,,651.994350282486,48
3262_3,False,,651.994350282486,48
3262_4,False,,651.994350282486,48
3262_5,False,,651.994350282486,48
3263_1,True,,663.282485875706,48
3263_2,False,,663.282485875706,48
3263_3,False,,663.282485875706,48
3263_4,False,,663.282485875706,48
3263_5,False,,663.282485875706,48
3264_1,True,,651.994350282486,48
3264_2,False,,651.994350282486,48
3264_3,False,,651.994350282486,48
3264_4,False,,651.994350282486,48
3265_1,True,,663.282485875706,48
3265_2,False,,663.282485875706,48
3265_3,False,,663.282485875706,48
3265_4,False,,663.282485875706,48
3266_1,True,,651.994350282486,48
3266_2,False,,651.994350282486,48
3266_3,False,,651.994350282486,48
3266_4,False,,651.994350282486,48
3267_1,True,,663.282485875706,48
3267_2,False,,663.282485875706,48
3268_1,True,,651.994350282486,48
3268_2,False,,651.994350282486,48
3268_3,False,,651.994350282486,48
3269_1,True,,663.282485875706,48
3269_2,False,,663.282485875706,48
3269_3,False,,663.282485875706,48
3269_4,False,,663.282485875706,48
3270_1,True,,651.994350282486,48
3270_2,False,,651.994350282486,48
3270_3,False,,651.994350282486,48
3271_1,True,,663.282485875706,48
3271_2,False,,663.282485875706,48
3272_1,True,,651.994350282486,48
3272_2,False,,651.994350282486,48
3272_3,False,,651.994350282486,48
3272_4,False,,651.994350282486,48
3273_1,True,,663.282485875706,48
3273_2,False,,663.282485875706,48
3274_1,True,,651.994350282486,48
3274_2,False,,651.994350282486,48
3274_3,False,,651.994350282486,48
3274_4,False,,651.994350282486,48
3275_1,True,,663.282485875706,48
3275_2,False,,663.282485875706,48
3276_1,True,,651.994350282486,48
3276_2,False,,651.994350282486,48
3276_3,False,,651.994350282486,48
3277_1,True,,663.282485875706,48
3277_2,False,,663.282485875706,48
3277_3,False,,663.282485875706,48
3278_1,True,,651.994350282486,48
3278_2,False,,651.994350282486,48
3278_3,False,,651.994350282486,48
3279_1,True,,663.282485875706,48
3279_2,False,,663.282485875706,48
3280_1,True,,651.994350282486,48
3280_2,False,,651.994350282486,48
3280_3,False,,651.994350282486,48
3280_4,False,,651.994350282486,48
3280_5,False,,651.994350282486,48
3280_6,False,,651.994350282486,48
3280_7,False,,651.994350282486,48
3281_1,True,,663.282485875706,48
3281_2,False,,663.282485875706,48
3282_1,True,,651.994350282486,48
3282_2,False,,651.994350282486,48
3283_1,True,,663.282485875706,48
3283_2,False,,663.282485875706,48
3283_3,False,,663.282485875706,48
3283_4,False,,663.282485875706,48
3284_1,True,,651.994350282486,48
3284_2,False,,651.994350282486,48
3284_3,False,,651.994350282486,48
3284_4,False,,651.994350282486,48
3285_1,True,,663.282485875706,48
3285_2,False,,663.282485875706,48
3285_3,False,,663.282485875706,48
3286_1,True,,651.994350282486,48
3286_2,False,,651.994350282486,48
3286_3,False,,651.994350282486,48
3286_4,False,,651.994350282486,48
3287_1,True,,663.282485875706,48
3288_1,True,,651.994350282486,48
3288_2,False,,651.994350282486,48
3288_3,False,,651.994350282486,48
3288_4,False,,651.994350282486,48
3289_1,True,,663.282485875706,48
3289_2,False,,663.282485875706,48
3289_3,False,,663.282485875706,48
3289_4,False,,663.282485875706,48
3290_1,True,,651.994350282486,48
3290_2,False,,651.994350282486,48
3290_3,False,,651.994350282486,48
3290_4,False,,651.994350282486,48
3291_1,True,,663.282485875706,48
3291_2,False,,663.282485875706,48
3291_3,False,,663.282485875706,48
3291_4,False,,663.282485875706,48
3292_1,True,,651.994350282486,48
3292_2,False,,651.994350282486,48
3292_3,False,,651.994350282486,48
3293_1,True,,663.282485875706,48
3293_2,False,,663.282485875706,48
3294_1,True,,651.994350282486,48
3294_2,False,,651.994350282486,48
3295_1,True,,663.282485875706,48
3295_2,False,,663.282485875706,48
3295_3,False,,663.282485875706,48
3295_4,False,,663.282485875706,48
3296_1,True,,651.994350282486,48
3296_2,False,,651.994350282486,48
3296_3,False,,651.994350282486,48
3297_1,True,,663.282485875706,48
3297_2,False,,663.282485875706,48
3297_3,False,,663.282485875706,48
3297_4,False,,663.282485875706,48
3298_1,True,,651.994350282486,48
3298_2,False,,651.994350282486,48
3298_3,False,,651.994350282486,48
3298_4,False,,651.994350282486,48
3298_5,False,,651.994350282486,48
3299_1,True,,663.282485875706,48
3299_2,False,,663.282485875706,48
3299_3,False,,663.282485875706,48
3300_1,True,,651.994350282486,48
3300_2,False,,651.994350282486,48
3300_3,False,,651.994350282486,48
3300_4,False,,651.994350282486,48
3301_1,True,,663.282485875706,48
3301_2,False,,663.282485875706,48
3301_3,False,,663.282485875706,48
3302_1,True,,651.994350282486,48
3302_2,False,,651.994350282486,48
3302_3,False,,651.994350282486,48
3303_1,True,,663.282485875706,48
3303_2,False,,663.282485875706,48
3303_3,False,,663.282485875706,48
3304_1,True,,651.994350282486,48
3305_1,True,,663.282485875706,48
3305_2,False,,663.282485875706,48
3305_3,False,,663.282485875706,48
3305_4,False,,663.282485875706,48
3305_5,False,,663.282485875706,48
3306_1,True,,651.994350282486,48
3307_1,True,,663.282485875706,48
3307_2,False,,663.282485875706,48
3307_3,False,,663.282485875706,48
3307_4,False,,663.282485875706,48
3308_1,True,,651.994350282486,48
3308_2,False,,651.994350282486,48
3308_3,False,,651.994350282486,48
3308_4,False,,651.994350282486,48
3309_1,True,,663.282485875706,48
3309_2,False,,663.282485875706,48
3309_3,False,,663.282485875706,48
3310_1,True,,651.994350282486,48
3310_2,False,,651.994350282486,48
3310_3,False,,651.994350282486,48
3310_4,False,,651.994350282486,48
3311_1,True,,663.282485875706,48
3311_2,False,,663.282485875706,48
3311_3,False,,663.282485875706,48
3312_1,True,,651.994350282486,48
3312_2,False,,651.994350282486,48
3313_1,True,,663.282485875706,48
3313_2,False,,663.282485875706,48
3313_3,False,,663.282485875706,48
3313_4,False,,663.282485875706,48
3313_5,False,,663.282485875706,48
3314_1,True,,651.994350282486,48
3314_2,False,,651.994350282486,48
3314_3,False,,651.994350282486,48
3315_1,True,,663.282485875706,48
3315_2,False,,663.282485875706,48
3315_3,False,,663.282485875706,48
3316_1,True,,651.994350282486,48
3316_2,False,,651.994350282486,48
3316_3,False,,651.994350282486,48
3317_1,True,,663.282485875706,48
3317_2,False,,663.282485875706,48
3317_3,False,,663.282485875706,48
3318_1,True,,651.994350282486,48
3319_1,True,,663.282485875706,48
3319_2,False,,663.282485875706,48
3319_3,False,,663.282485875706,48
3319_4,False,,663.282485875706,48
3320_1,True,,651.994350282486,48
3320_2,False,,651.994350282486,48
3320_3,False,,651.994350282486,48
3321_1,True,,663.282485875706,48
3321_2,False,,663.282485875706,48
3321_3,False,,663.282485875706,48
3321_4,False,,663.282485875706,48
3321_5,False,,663.282485875706,48
3321_6,False,,663.282485875706,48
3322_1,True,,651.994350282486,48
3322_2,False,,651.994350282486,48
3322_3,False,,651.994350282486,48
3322_4,False,,651.994350282486,48
3322_5,False,,651.994350282486,48
3322_6,False,,651.994350282486,48
3323_1,True,,663.282485875706,48
3323_2,False,,663.282485875706,48
3324_1,True,,651.994350282486,48
3325_1,True,,663.282485875706,48
3325_2,False,,663.282485875706,48
3325_3,False,,663.282485875706,48
3326_1,True,,651.994350282486,48
3326_2,False,,651.994350282486,48
3326_3,False,,651.994350282486,48
3327_1,True,,663.282485875706,48
3328_1,True,,663.282485875706,48
3328_2,False,,663.282485875706,48
3328_3,False,,663.282485875706,48
3328_4,False,,663.282485875706,48
3328_5,False,,663.282485875706,48
3329_1,True,,651.994350282486,48
3329_2,False,,651.994350282486,48
3329_3,False,,651.994350282486,48
3330_1,True,,651.994350282486,48
3330_2,False,,651.994350282486,48
3331_1,True,,651.994350282486,48
3331_2,False,,651.994350282486,48
3332_1,True,,651.994350282486,48
3332_2,False,,651.994350282486,48
3333_1,True,,663.282485875706,48
3333_2,False,,663.282485875706,48
3333_3,False,,663.282485875706,48
3333_4,False,,663.282485875706,48
3334_1,True,,651.994350282486,48
3334_2,False,,651.994350282486,48
3335_1,True,,663.282485875706,48
3336_1,True,,651.994350282486,48
3337_1,True,,663.282485875706,48
3337_2,False,,663.282485875706,48
3338_1,True,,651.994350282486,48
3338_2,False,,651.994350282486,48
3339_1,True,,663.282485875706,48
3339_2,False,,663.282485875706,48
3339_3,False,,663.282485875706,48
3340_1,True,,651.994350282486,48
3340_2,False,,651.994350282486,48
3341_1,True,,663.282485875706,48
3341_2,False,,663.282485875706,48
3342_1,True,,651.994350282486,48
3342_2,False,,651.994350282486,48
3342_3,False,,651.994350282486,48
3342_4,False,,651.994350282486,48
3342_5,False,,651.994350282486,48
3343_1,True,,663.282485875706,48
3343_2,False,,663.282485875706,48
3343_3,False,,663.282485875706,48
3343_4,False,,663.282485875706,48
3344_1,True,,651.994350282486,48
3344_2,False,,651.994350282486,48
3345_1,True,,663.282485875706,48
3345_2,False,,663.282485875706,48
3345_3,False,,663.282485875706,48
3346_1,True,,651.994350282486,48
3346_2,False,,651.994350282486,48
3346_3,False,,651.994350282486,48
3347_1,True,,663.282485875706,48
3347_2,False,,663.282485875706,48
3347_3,False,,663.282485875706,48
3347_4,False,,663.282485875706,48
3348_1,True,,651.994350282486,48
3348_2,False,,651.994350282486,48
3348_3,False,,651.994350282486,48
3348_4,False,,651.994350282486,48
3349_1,True,,663.282485875706,48
3349_2,False,,663.282485875706,48
3349_3,False,,663.282485875706,48
3349_4,False,,663.282485875706,48
3349_5,False,,663.282485875706,48
3350_1,True,,651.994350282486,48
3350_2,False,,651.994350282486,48
3350_3,False,,651.994350282486,48
3350_4,False,,651.994350282486,48
3350_5,False,,651.994350282486,48
3351_1,True,,663.282485875706,48
3351_2,False,,663.282485875706,48
3351_3,False,,663.282485875706,48
3352_1,True,,651.994350282486,48
3352_2,False,,651.994350282486,48
3352_3,False,,651.994350282486,48
3353_1,True,,663.282485875706,48
3354_1,True,,651.994350282486,48
3354_2,False,,651.994350282486,48
3355_1,True,,663.282485875706,48
3355_2,False,,663.282485875706,48
3355_3,False,,663.282485875706,48
3355_4,False,,663.282485875706,48
3356_1,True,,651.994350282486,48
3356_2,False,,651.994350282486,48
3356_3,False,,651.994350282486,48
3357_1,True,,663.282485875706,48
3357_2,False,,663.282485875706,48
3357_3,False,,663.282485875706,48
3357_4,False,,663.282485875706,48
3358_1,True,,651.994350282486,48
3358_2,False,,651.994350282486,48
3358_3,False,,651.994350282486,48
3358_4,False,,651.994350282486,48
3358_5,False,,651.994350282486,48
3358_6,False,,651.994350282486,48
3359_1,True,,663.282485875706,48
3359_2,False,,663.282485875706,48
3359_3,False,,663.282485875706,48
3359_4,False,,663.282485875706,48
3360_1,True,,651.994350282486,48
3360_2,False,,651.994350282486,48
3360_3,False,,651.994350282486,48
3361_1,True,,663.282485875706,48
3361_2,False,,663.282485875706,48
3362_1,True,,651.994350282486,48
3362_2,False,,651.994350282486,48
3362_3,False,,651.994350282486,48
3363_1,True,,663.282485875706,48
3363_2,False,,663.282485875706,48
3363_3,False,,663.282485875706,48
3363_4,False,,663.282485875706,48
3364_1,True,,651.994350282486,48
3364_2,False,,651.994350282486,48
3365_1,True,,663.282485875706,48
3365_2,False,,663.282485875706,48
3365_3,False,,663.282485875706,48
3365_4,False,,663.282485875706,48
3366_1,True,,651.994350282486,48
3366_2,False,,651.994350282486,48
3366_3,False,,651.994350282486,48
3366_4,False,,651.994350282486,48
3367_1,True,,663.282485875706,48
3367_2,False,,663.282485875706,48
3367_3,False,,663.282485875706,48
3368_1,True,,651.994350282486,48
3368_2,False,,651.994350282486,48
3368_3,False,,651.994350282486,48
3368_4,False,,651.994350282486,48
3368_5,False,,651.994350282486,48
3369_1,True,,663.282485875706,48
3369_2,False,,663.282485875706,48
3369_3,False,,663.282485875706,48
3369_4,False,,663.282485875706,48
3370_1,True,,651.994350282486,48
3370_2,False,,651.994350282486,48
3370_3,False,,651.994350282486,48
3371_1,True,,663.282485875706,48
3371_2,False,,663.282485875706,48
3371_3,False,,663.282485875706,48
3371_4,False,,663.282485875706,48
3372_1,True,,651.994350282486,48
3372_2,False,,651.994350282486,48
3372_3,False,,651.994350282486,48
3373_1,True,,663.282485875706,48
3373_2,False,,663.282485875706,48
3373_3,False,,663.282485875706,48
3373_4,False,,663.282485875706,48
3374_1,True,,651.994350282486,48
3374_2,False,,651.994350282486,48
3375_1,True,,663.282485875706,48
3375_2,False,,663.282485875706,48
3375_3,False,,663.282485875706,48
3375_4,False,,663.282485875706,48
3376_1,True,,651.994350282486,48
3376_2,False,,651.994350282486,48
3376_3,False,,651.994350282486,48
3376_4,False,,651.994350282486,48
3377_1,True,,663.282485875706,48
3377_2,False,,663.282485875706,48
3377_3,False,,663.282485875706,48
3377_4,False,,663.282485875706,48
3378_1,True,,651.994350282486,48
3378_2,False,,651.994350282486,48
3378_3,False,,651.994350282486,48
3379_1,True,,663.282485875706,48
3379_2,False,,663.282485875706,48
3379_3,False,,663.282485875706,48
3379_4,False,,663.282485875706,48
3379_5,False,,663.282485875706,48
3380_1,True,,651.994350282486,48
3380_2,False,,651.994350282486,48
3381_1,True,,663.282485875706,48
3381_2,False,,663.282485875706,48
3381_3,False,,663.282485875706,48
3382_1,True,,651.994350282486,48
3382_2,False,,651.994350282486,48
3382_3,False,,651.994350282486,48
3383_1,True,,663.282485875706,48
3383_2,False,,663.282485875706,48
3383_3,False,,663.282485875706,48
3383_4,False,,663.282485875706,48
3384_1,True,,651.994350282486,48
3384_2,False,,651.994350282486,48
3384_3,False,,651.994350282486,48
3385_1,True,,663.282485875706,48
3385_2,False,,663.282485875706,48
3385_3,False,,663.282485875706,48
3385_4,False,,663.282485875706,48
3385_5,False,,663.282485875706,48
3386_1,True,,651.994350282486,48
3386_2,False,,651.994350282486,48
3386_3,False,,651.994350282486,48
3386_4,False,,651.994350282486,48
3387_1,True,,663.282485875706,48
3387_2,False,,663.282485875706,48
3387_3,False,,663.282485875706,48
3387_4,False,,663.282485875706,48
3387_5,False,,663.282485875706,48
3388_1,True,,651.994350282486,48
3388_2,False,,651.994350282486,48
3388_3,False,,651.994350282486,48
3389_1,True,,663.282485875706,48
3389_2,False,,663.282485875706,48
3389_3,False,,663.282485875706,48
3389_4,False,,663.282485875706,48
3389_5,False,,663.282485875706,48
3390_1,True,,651.994350282486,48
3391_1,True,,663.282485875706,48
3391_2,False,,663.282485875706,48
3391_3,False,,663.282485875706,48
3391_4,False,,663.282485875706,48
3392_1,True,,651.994350282486,48
3392_2,False,,651.994350282486,48
3392_3,False,,651.994350282486,48
3393_1,True,,663.282485875706,48
3393_2,False,,663.282485875706,48
3393_3,False,,663.282485875706,48
3394_1,True,,651.994350282486,48
3394_2,False,,651.994350282486,48
3394_3,False,,651.994350282486,48
3394_4,False,,651.994350282486,48
3395_1,True,,663.282485875706,48
3395_2,False,,663.282485875706,48
3395_3,False,,663.282485875706,48
3396_1,True,,651.994350282486,48
3396_2,False,,651.994350282486,48
3396_3,False,,651.994350282486,48
3397_1,True,,663.282485875706,48
3397_2,False,,663.282485875706,48
3397_3,False,,663.282485875706,48
3397_4,False,,663.282485875706,48
3398_1,True,,651.994350282486,48
3398_2,False,,651.994350282486,48
3398_3,False,,651.994350282486,48
3399_1,True,,663.282485875706,48
3399_2,False,,663.282485875706,48
3399_3,False,,663.282485875706,48
3399_4,False,,663.282485875706,48
3400_1,True,,651.994350282486,48
3400_2,False,,651.994350282486,48
3401_1,True,,663.282485875706,48
3401_2,False,,663.282485875706,48
3401_3,False,,663.282485875706,48
3401_4,False,,663.282485875706,48
3402_1,True,,651.994350282486,48
3402_2,False,,651.994350282486,48
3403_1,True,,663.282485875706,48
3403_2,False,,663.282485875706,48
3403_3,False,,663.282485875706,48
3403_4,False,,663.282485875706,48
3403_5,False,,663.282485875706,48
3404_1,True,,651.994350282486,48
3404_2,False,,651.994350282486,48
3404_3,False,,651.994350282486,48
3405_1,True,,663.282485875706,48
3405_2,False,,663.282485875706,48
3406_1,True,,651.994350282486,48
3406_2,False,,651.994350282486,48
3406_3,False,,651.994350282486,48
3406_4,False,,651.994350282486,48
3406_5,False,,651.994350282486,48
3407_1,True,,663.282485875706,48
3407_2,False,,663.282485875706,48
3407_3,False,,663.282485875706,48
3407_4,False,,663.282485875706,48
3408_1,True,,651.994350282486,48
3408_2,False,,651.994350282486,48
3409_1,True,,663.282485875706,48
3409_2,False,,663.282485875706,48
3409_3,False,,663.282485875706,48
3409_4,False,,663.282485875706,48
3409_5,False,,663.282485875706,48
3410_1,True,,651.994350282486,48
3410_2,False,,651.994350282486,48
3411_1,True,,663.282485875706,48
3411_2,False,,663.282485875706,48
3411_3,False,,663.282485875706,48
3412_1,True,,651.994350282486,48
3412_2,False,,651.994350282486,48
3412_3,False,,651.994350282486,48
3412_4,False,,651.994350282486,48
3412_5,False,,651.994350282486,48
3413_1,True,,663.282485875706,48
3413_2,False,,663.282485875706,48
3414_1,True,,651.994350282486,48
3414_2,False,,651.994350282486,48
3414_3,False,,651.994350282486,48
3414_4,False,,651.994350282486,48
3414_5,False,,651.994350282486,48
3415_1,True,,663.282485875706,48
3415_2,False,,663.282485875706,48
3416_1,True,,651.994350282486,48
3416_2,False,,651.994350282486,48
3416_3,False,,651.994350282486,48
3416_4,False,,651.994350282486,48
3416_5,False,,651.994350282486,48
3417_1,True,,663.282485875706,48
3417_2,False,,663.282485875706,48
3418_1,True,,651.994350282486,48
3418_2,False,,651.994350282486,48
3418_3,False,,651.994350282486,48
3418_4,False,,651.994350282486,48
3418_5,False,,651.994350282486,48
3419_1,True,,663.282485875706,48
3419_2,False,,663.282485875706,48
3419_3,False,,663.282485875706,48
3419_4,False,,663.282485875706,48
3419_5,False,,663.282485875706,48
3419_6,False,,663.282485875706,48
3419_7,False,,663.282485875706,48
3419_8,False,,663.282485875706,48
3420_1,True,,651.994350282486,48
3420_2,False,,651.994350282486,48
3420_3,False,,651.994350282486,48
3420_4,False,,651.994350282486,48
3420_5,False,,651.994350282486,48
3421_1,True,,663.282485875706,48
3421_2,False,,663.282485875706,48
3422_1,True,,651.994350282486,48
3422_2,False,,651.994350282486,48
3422_3,False,,651.994350282486,48
3422_4,False,,651.994350282486,48
3423_1,True,,663.282485875706,48
3423_2,False,,663.282485875706,48
3423_3,False,,663.282485875706,48
3423_4,False,,663.282485875706,48
3423_5,False,,663.282485875706,48
3424_1,True,,651.994350282486,48
3424_2,False,,651.994350282486,48
3424_3,False,,651.994350282486,48
3424_4,False,,651.994350282486,48
3425_1,True,,663.282485875706,48
3425_2,False,,663.282485875706,48
3425_3,False,,663.282485875706,48
3425_4,False,,663.282485875706,48
3425_5,False,,663.282485875706,48
3425_6,False,,663.282485875706,48
3426_1,True,,651.994350282486,48
3426_2,False,,651.994350282486,48
3426_3,False,,651.994350282486,48
3427_1,True,,663.282485875706,48
3427_2,False,,663.282485875706,48
3427_3,False,,663.282485875706,48
3428_1,True,,651.994350282486,48
3428_2,False,,651.994350282486,48
3428_3,False,,651.994350282486,48
3428_4,False,,651.994350282486,48
3428_5,False,,651.994350282486,48
3428_6,False,,651.994350282486,48
3428_7,False,,651.994350282486,48
3429_1,True,,663.282485875706,48
3429_2,False,,663.282485875706,48
3430_1,True,,651.994350282486,48
3430_2,False,,651.994350282486,48
3430_3,False,,651.994350282486,48
3430_4,False,,651.994350282486,48
3431_1,True,,663.282485875706,48
3431_2,False,,663.282485875706,48
3431_3,False,,663.282485875706,48
3431_4,False,,663.282485875706,48
3431_5,False,,663.282485875706,48
3432_1,True,,651.994350282486,48
3433_1,True,,663.282485875706,48
3433_2,False,,663.282485875706,48
3434_1,True,,651.994350282486,48
3434_2,False,,651.994350282486,48
3435_1,True,,663.282485875706,48
3435_2,False,,663.282485875706,48
3436_1,True,,651.994350282486,48
3436_2,False,,651.994350282486,48
3436_3,False,,651.994350282486,48
3437_1,True,,663.282485875706,48
3437_2,False,,663.282485875706,48
3437_3,False,,663.282485875706,48
3437_4,False,,663.282485875706,48
3438_1,True,,651.994350282486,48
3438_2,False,,651.994350282486,48
3438_3,False,,651.994350282486,48
3438_4,False,,651.994350282486,48
3438_5,False,,651.994350282486,48
3439_1,True,,663.282485875706,48
3440_1,True,,651.994350282486,48
3440_2,False,,651.994350282486,48
3441_1,True,,663.282485875706,48
3442_1,True,,651.994350282486,48
3442_2,False,,651.994350282486,48
3442_3,False,,651.994350282486,48
3443_1,True,,663.282485875706,48
3443_2,False,,663.282485875706,48
3443_3,False,,663.282485875706,48
3443_4,False,,663.282485875706,48
3444_1,True,,651.994350282486,48
3444_2,False,,651.994350282486,48
3445_1,True,,663.282485875706,48
3445_2,False,,663.282485875706,48
3445_3,False,,663.282485875706,48
3446_1,True,,651.994350282486,48
3446_2,False,,651.994350282486,48
3447_1,True,,663.282485875706,48
3447_2,False,,663.282485875706,48
3448_1,True,,651.994350282486,48
3448_2,False,,651.994350282486,48
3448_3,False,,651.994350282486,48
3448_4,False,,651.994350282486,48
3448_5,False,,651.994350282486,48
3449_1,True,,663.282485875706,48
3449_2,False,,663.282485875706,48
3450_1,True,,651.994350282486,48
3450_2,False,,651.994350282486,48
3451_1,True,,663.282485875706,48
3451_2,False,,663.282485875706,48
3451_3,False,,663.282485875706,48
3451_4,False,,663.282485875706,48
3452_1,True,,651.994350282486,48
3452_2,False,,651.994350282486,48
3452_3,False,,651.994350282486,48
3452_4,False,,651.994350282486,48
3452_5,False,,651.994350282486,48
3452_6,False,,651.994350282486,48
3453_1,True,,663.282485875706,48
3453_2,False,,663.282485875706,48
3453_3,False,,663.282485875706,48
3454_1,True,,651.994350282486,48
3454_2,False,,651.994350282486,48
3454_3,False,,651.994350282486,48
3454_4,False,,651.994350282486,48
3455_1,True,,663.282485875706,48
3455_2,False,,663.282485875706,48
3455_3,False,,663.282485875706,48
3455_4,False,,663.282485875706,48
3456_1,True,,651.994350282486,48
3456_2,False,,651.994350282486,48
3456_3,False,,651.994350282486,48
3456_4,False,,651.994350282486,48
3457_1,True,,663.282485875706,48
3457_2,False,,663.282485875706,48
3458_1,True,,651.994350282486,48
3458_2,False,,651.994350282486,48
3458_3,False,,651.994350282486,48
3458_4,False,,651.994350282486,48
3458_5,False,,651.994350282486,48
3459_1,True,,663.282485875706,48
3459_2,False,,663.282485875706,48
3459_3,False,,663.282485875706,48
3460_1,True,,651.994350282486,48
3460_2,False,,651.994350282486,48
3460_3,False,,651.994350282486,48
3460_4,False,,651.994350282486,48
3460_5,False,,651.994350282486,48
3461_1,True,,663.282485875706,48
3461_2,False,,663.282485875706,48
3461_3,False,,663.282485875706,48
3461_4,False,,663.282485875706,48
3462_1,True,,651.994350282486,48
3463_1,True,,663.282485875706,48
3463_2,False,,663.282485875706,48
3464_1,True,,651.994350282486,48
3464_2,False,,651.994350282486,48
3464_3,False,,651.994350282486,48
3464_4,False,,651.994350282486,48
3464_5,False,,651.994350282486,48
3465_1,True,,663.282485875706,48
3465_2,False,,663.282485875706,48
3465_3,False,,663.282485875706,48
3465_4,False,,663.282485875706,48
3466_1,True,,651.994350282486,48
3467_1,True,,663.282485875706,48
3468_1,True,,651.994350282486,48
3468_2,False,,651.994350282486,48
3469_1,True,,663.282485875706,48
3469_2,False,,663.282485875706,48
3470_1,True,,651.994350282486,48
3470_2,False,,651.994350282486,48
3470_3,False,,651.994350282486,48
3471_1,True,,663.282485875706,48
3471_2,False,,663.282485875706,48
3471_3,False,,663.282485875706,48
3471_4,False,,663.282485875706,48
3472_1,True,,651.994350282486,48
3472_2,False,,651.994350282486,48
3472_3,False,,651.994350282486,48
3472_4,False,,651.994350282486,48
3473_1,True,,663.282485875706,48
3473_2,False,,663.282485875706,48
3473_3,False,,663.282485875706,48
3473_4,False,,663.282485875706,48
3474_1,True,,651.994350282486,48
3474_2,False,,651.994350282486,48
3474_3,False,,651.994350282486,48
3474_4,False,,651.994350282486,48
3474_5,False,,651.994350282486,48
3475_1,True,,663.282485875706,48
3475_2,False,,663.282485875706,48
3475_3,False,,663.282485875706,48
3475_4,False,,663.282485875706,48
3475_5,False,,663.282485875706,48
3476_1,True,,651.994350282486,48
3476_2,False,,651.994350282486,48
3477_1,True,,663.282485875706,48
3477_2,False,,663.282485875706,48
3477_3,False,,663.282485875706,48
3477_4,False,,663.282485875706,48
3478_1,True,,651.994350282486,48
3478_2,False,,651.994350282486,48
3479_1,True,,663.282485875706,48
3479_2,False,,663.282485875706,48
3479_3,False,,663.282485875706,48
3480_1,True,,651.994350282486,48
3480_2,False,,651.994350282486,48
3480_3,False,,651.994350282486,48
3480_4,False,,651.994350282486,48
3480_5,False,,651.994350282486,48
3480_6,False,,651.994350282486,48
3480_7,False,,651.994350282486,48
3481_1,True,,663.282485875706,48
3481_2,False,,663.282485875706,48
3481_3,False,,663.282485875706,48
3482_1,True,,651.994350282486,48
3482_2,False,,651.994350282486,48
3482_3,False,,651.994350282486,48
3482_4,False,,651.994350282486,48
3483_1,True,,663.282485875706,48
3483_2,False,,663.282485875706,48
3483_3,False,,663.282485875706,48
3483_4,False,,663.282485875706,48
3484_1,True,,651.994350282486,48
3484_2,False,,651.994350282486,48
3484_3,False,,651.994350282486,48
3484_4,False,,651.994350282486,48
3484_5,False,,651.994350282486,48
3485_1,True,,663.282485875706,48
3485_2,False,,663.282485875706,48
3485_3,False,,663.282485875706,48
3486_1,True,,651.994350282486,48
3486_2,False,,651.994350282486,48
3486_3,False,,651.994350282486,48
3486_4,False,,651.994350282486,48
3487_1,True,,663.282485875706,48
3487_2,False,,663.282485875706,48
3487_3,False,,663.282485875706,48
3488_1,True,,651.994350282486,48
3488_2,False,,651.994350282486,48
3488_3,False,,651.994350282486,48
3489_1,True,,663.282485875706,48
3489_2,False,,663.282485875706,48
3490_1,True,,651.994350282486,48
3490_2,False,,651.994350282486,48
3490_3,False,,651.994350282486,48
3491_1,True,,663.282485875706,48
3491_2,False,,663.282485875706,48
3491_3,False,,663.282485875706,48
3491_4,False,,663.282485875706,48
3492_1,True,,651.994350282486,48
3492_2,False,,651.994350282486,48
3492_3,False,,651.994350282486,48
3492_4,False,,651.994350282486,48
3493_1,True,,663.282485875706,48
3493_2,False,,663.282485875706,48
3493_3,False,,663.282485875706,48
3494_1,True,,651.994350282486,48
3494_2,False,,651.994350282486,48
3494_3,False,,651.994350282486,48
3495_1,True,,663.282485875706,48
3495_2,False,,663.282485875706,48
3495_3,False,,663.282485875706,48
3495_4,False,,663.282485875706,48
3496_1,True,,651.994350282486,48
3496_2,False,,651.994350282486,48
3497_1,True,,663.282485875706,48
3497_2,False,,663.282485875706,48
3497_3,False,,663.282485875706,48
3498_1,True,,651.994350282486,48
3498_2,False,,651.994350282486,48
3498_3,False,,651.994350282486,48
3498_4,False,,651.994350282486,48
3499_1,True,,663.282485875706,48
3499_2,False,,663.282485875706,48
3499_3,False,,663.282485875706,48
3499_4,False,,663.282485875706,48
3500_1,True,,651.994350282486,48
3500_2,False,,651.994350282486,48
3500_3,False,,651.994350282486,48
3501_1,True,,663.282485875706,48
3501_2,False,,663.282485875706,48
3501_3,False,,663.282485875706,48
3501_4,False,,663.282485875706,48
3501_5,False,,663.282485875706,48
3502_1,True,,651.994350282486,48
3502_2,False,,651.994350282486,48
3503_1,True,,663.282485875706,48
3503_2,False,,663.282485875706,48
3503_3,False,,663.282485875706,48
3503_4,False,,663.282485875706,48
3503_5,False,,663.282485875706,48
3504_1,True,,651.994350282486,48
3504_2,False,,651.994350282486,48
3504_3,False,,651.994350282486,48
3504_4,False,,651.994350282486,48
3505_1,True,,663.282485875706,48
3505_2,False,,663.282485875706,48
3505_3,False,,663.282485875706,48
3505_4,False,,663.282485875706,48
3506_1,True,,651.994350282486,48
3506_2,False,,651.994350282486,48
3506_3,False,,651.994350282486,48
3506_4,False,,651.994350282486,48
3507_1,True,,663.282485875706,48
3507_2,False,,663.282485875706,48
3507_3,False,,663.282485875706,48
3507_4,False,,663.282485875706,48
3507_5,False,,663.282485875706,48
3508_1,True,,663.282485875706,48
3508_2,False,,663.282485875706,48
3508_3,False,,663.282485875706,48
3508_4,False,,663.282485875706,48
3509_1,True,,651.994350282486,48
3509_2,False,,651.994350282486,48
3510_1,True,,651.994350282486,48
3510_2,False,,651.994350282486,48
3510_3,False,,651.994350282486,48
3510_4,False,,651.994350282486,48
3511_1,True,,663.282485875706,48
3511_2,False,,663.282485875706,48
3511_3,False,,663.282485875706,48
3511_4,False,,663.282485875706,48
3512_1,True,,651.994350282486,48
3512_2,False,,651.994350282486,48
3512_3,False,,651.994350282486,48
3512_4,False,,651.994350282486,48
3513_1,True,,663.282485875706,48
3513_2,False,,663.282485875706,48
3513_3,False,,663.282485875706,48
3514_1,True,,651.994350282486,48
3514_2,False,,651.994350282486,48
3514_3,False,,651.994350282486,48
3515_1,True,,663.282485875706,48
3515_2,False,,663.282485875706,48
3516_1,True,,651.994350282486,48
3516_2,False,,651.994350282486,48
3516_3,False,,651.994350282486,48
3517_1,True,,663.282485875706,48
3517_2,False,,663.282485875706,48
3518_1,True,,651.994350282486,48
3519_1,True,,663.282485875706,48
3519_2,False,,663.282485875706,48
3519_3,False,,663.282485875706,48
3519_4,False,,663.282485875706,48
3520_1,True,,651.994350282486,48
3520_2,False,,651.994350282486,48
3520_3,False,,651.994350282486,48
3520_4,False,,651.994350282486,48
3520_5,False,,651.994350282486,48
3521_1,True,,663.282485875706,48
3521_2,False,,663.282485875706,48
3521_3,False,,663.282485875706,48
3522_1,True,,651.994350282486,48
3522_2,False,,651.994350282486,48
3522_3,False,,651.994350282486,48
3523_1,True,,663.282485875706,48
3523_2,False,,663.282485875706,48
3523_3,False,,663.282485875706,48
3524_1,True,,651.994350282486,48
3524_2,False,,651.994350282486,48
3524_3,False,,651.994350282486,48
3525_1,True,,663.282485875706,48
3525_2,False,,663.282485875706,48
3526_1,True,,651.994350282486,48
3526_2,False,,651.994350282486,48
3526_3,False,,651.994350282486,48
3526_4,False,,651.994350282486,48
3526_5,False,,651.994350282486,48
3526_6,False,,651.994350282486,48
3527_1,True,,663.282485875706,48
3527_2,False,,663.282485875706,48
3527_3,False,,663.282485875706,48
3527_4,False,,663.282485875706,48
3528_1,True,,651.994350282486,48
3528_2,False,,651.994350282486,48
3529_1,True,,663.282485875706,48
3529_2,False,,663.282485875706,48
3529_3,False,,663.282485875706,48
3529_4,False,,663.282485875706,48
3530_1,True,,651.994350282486,48
3531_1,True,,663.282485875706,48
3531_2,False,,663.282485875706,48
3531_3,False,,663.282485875706,48
3532_1,True,,651.994350282486,48
3532_2,False,,651.994350282486,48
3532_3,False,,651.994350282486,48
3533_1,True,,663.282485875706,48
3533_2,False,,663.282485875706,48
3533_3,False,,663.282485875706,48
3533_4,False,,663.282485875706,48
3534_1,True,,663.282485875706,48
3535_1,True,,663.282485875706,48
3535_2,False,,663.282485875706,48
3536_1,True,,651.994350282486,48
3536_2,False,,651.994350282486,48
3536_3,False,,651.994350282486,48
3537_1,True,,102.333333333333,49
3537_2,False,,102.333333333333,49
3537_3,False,,102.333333333333,49
3537_4,False,,102.333333333333,49
3538_1,True,,105.231213872832,49
3538_2,False,,105.231213872832,49
3538_3,False,,105.231213872832,49
3538_4,False,,105.231213872832,49
3538_5,False,,105.231213872832,49
3539_1,True,,102.333333333333,49
3539_2,False,,102.333333333333,49
3539_3,False,,102.333333333333,49
3539_4,False,,102.333333333333,49
3540_1,True,,105.231213872832,49
3540_2,False,,105.231213872832,49
3541_1,True,,102.333333333333,49
3541_2,False,,102.333333333333,49
3541_3,False,,102.333333333333,49
3541_4,False,,102.333333333333,49
3542_1,True,,105.231213872832,49
3542_2,False,,105.231213872832,49
3542_3,False,,105.231213872832,49
3543_1,True,,102.333333333333,49
3543_2,False,,102.333333333333,49
3543_3,False,,102.333333333333,49
3544_1,True,,105.231213872832,49
3544_2,False,,105.231213872832,49
3545_1,True,,102.333333333333,49
3545_2,False,,102.333333333333,49
3545_3,False,,102.333333333333,49
3545_4,False,,102.333333333333,49
3545_5,False,,102.333333333333,49
3546_1,True,,105.231213872832,49
3546_2,False,,105.231213872832,49
3546_3,False,,105.231213872832,49
3546_4,False,,105.231213872832,49
3547_1,True,,102.333333333333,49
3547_2,False,,102.333333333333,49
3547_3,False,,102.333333333333,49
3547_4,False,,102.333333333333,49
3547_5,False,,102.333333333333,49
3548_1,True,,105.231213872832,49
3548_2,False,,105.231213872832,49
3548_3,False,,105.231213872832,49
3548_4,False,,105.231213872832,49
3549_1,True,,102.333333333333,49
3549_2,False,,102.333333333333,49
3549_3,False,,102.333333333333,49
3549_4,False,,102.333333333333,49
3550_1,True,,105.231213872832,49
3550_2,False,,105.231213872832,49
3550_3,False,,105.231213872832,49
3551_1,True,,102.333333333333,49
3551_2,False,,102.333333333333,49
3551_3,False,,102.333333333333,49
3551_4,False,,102.333333333333,49
3552_1,True,,105.231213872832,49
3552_2,False,,105.231213872832,49
3553_1,True,,102.333333333333,49
3553_2,False,,102.333333333333,49
3553_3,False,,102.333333333333,49
3554_1,True,,105.231213872832,49
3555_1,True,,102.333333333333,49
3555_2,False,,102.333333333333,49
3555_3,False,,102.333333333333,49
3555_4,False,,102.333333333333,49
3555_5,False,,102.333333333333,49
3555_6,False,,102.333333333333,49
3556_1,True,,102.333333333333,49
3556_2,False,,102.333333333333,49
3557_1,True,,102.333333333333,49
3558_1,True,,105.231213872832,49
3558_2,False,,105.231213872832,49
3559_1,True,,102.333333333333,49
3559_2,False,,102.333333333333,49
3559_3,False,,102.333333333333,49
3560_1,True,,105.231213872832,49
3560_2,False,,105.231213872832,49
3560_3,False,,105.231213872832,49
3560_4,False,,105.231213872832,49
3560_5,False,,105.231213872832,49
3561_1,True,,102.333333333333,49
3561_2,False,,102.333333333333,49
3561_3,False,,102.333333333333,49
3561_4,False,,102.333333333333,49
3561_5,False,,102.333333333333,49
3562_1,True,,105.231213872832,49
3562_2,False,,105.231213872832,49
3563_1,True,,102.333333333333,49
3563_2,False,,102.333333333333,49
3563_3,False,,102.333333333333,49
3563_4,False,,102.333333333333,49
3564_1,True,,105.231213872832,49
3565_1,True,,102.333333333333,49
3565_2,False,,102.333333333333,49
3566_1,True,,105.231213872832,49
3566_2,False,,105.231213872832,49
3566_3,False,,105.231213872832,49
3567_1,True,,102.333333333333,49
3567_2,False,,102.333333333333,49
3567_3,False,,102.333333333333,49
3567_4,False,,102.333333333333,49
3567_5,False,,102.333333333333,49
3567_6,False,,102.333333333333,49
3568_1,True,,105.231213872832,49
3569_1,True,,102.333333333333,49
3569_2,False,,102.333333333333,49
3570_1,True,,105.231213872832,49
3571_1,True,,102.333333333333,49
3571_2,False,,102.333333333333,49
3571_3,False,,102.333333333333,49
3572_1,True,,105.231213872832,49
3572_2,False,,105.231213872832,49
3572_3,False,,105.231213872832,49
3573_1,True,,102.333333333333,49
3573_2,False,,102.333333333333,49
3573_3,False,,102.333333333333,49
3574_1,True,,105.231213872832,49
3574_2,False,,105.231213872832,49
3574_3,False,,105.231213872832,49
3575_1,True,,102.333333333333,49
3575_2,False,,102.333333333333,49
3575_3,False,,102.333333333333,49
3575_4,False,,102.333333333333,49
3575_5,False,,102.333333333333,49
3576_1,True,,105.231213872832,49
3577_1,True,,102.333333333333,49
3577_2,False,,102.333333333333,49
3577_3,False,,102.333333333333,49
3577_4,False,,102.333333333333,49
3578_1,True,,105.231213872832,49
3578_2,False,,105.231213872832,49
3578_3,False,,105.231213872832,49
3579_1,True,,102.333333333333,49
3579_2,False,,102.333333333333,49
3579_3,False,,102.333333333333,49
3579_4,False,,102.333333333333,49
3580_1,True,,105.231213872832,49
3580_2,False,,105.231213872832,49
3580_3,False,,105.231213872832,49
3580_4,False,,105.231213872832,49
3581_1,True,,102.333333333333,49
3581_2,False,,102.333333333333,49
3582_1,True,,105.231213872832,49
3582_2,False,,105.231213872832,49
3582_3,False,,105.231213872832,49
3582_4,False,,105.231213872832,49
3583_1,True,,102.333333333333,49
3583_2,False,,102.333333333333,49
3584_1,True,,105.231213872832,49
3584_2,False,,105.231213872832,49
3584_3,False,,105.231213872832,49
3585_1,True,,102.333333333333,49
3585_2,False,,102.333333333333,49
3585_3,False,,102.333333333333,49
3585_4,False,,102.333333333333,49
3585_5,False,,102.333333333333,49
3586_1,True,,105.231213872832,49
3586_2,False,,105.231213872832,49
3587_1,True,,102.333333333333,49
3587_2,False,,102.333333333333,49
3588_1,True,,105.231213872832,49
3588_2,False,,105.231213872832,49
3589_1,True,,102.333333333333,49
3589_2,False,,102.333333333333,49
3590_1,True,,105.231213872832,49
3590_2,False,,105.231213872832,49
3591_1,True,,102.333333333333,49
3592_1,True,,105.231213872832,49
3592_2,False,,105.231213872832,49
3592_3,False,,105.231213872832,49
3593_1,True,,102.333333333333,49
3593_2,False,,102.333333333333,49
3593_3,False,,102.333333333333,49
3593_4,False,,102.333333333333,49
3594_1,True,,105.231213872832,49
3594_2,False,,105.231213872832,49
3595_1,True,,102.333333333333,49
3595_2,False,,102.333333333333,49
3595_3,False,,102.333333333333,49
3596_1,True,,105.231213872832,49
3596_2,False,,105.231213872832,49
3596_3,False,,105.231213872832,49
3597_1,True,,102.333333333333,49
3597_2,False,,102.333333333333,49
3597_3,False,,102.333333333333,49
3598_1,True,,105.231213872832,49
3598_2,False,,105.231213872832,49
3599_1,True,,102.333333333333,49
3599_2,False,,102.333333333333,49
3599_3,False,,102.333333333333,49
3600_1,True,,105.231213872832,49
3601_1,True,,102.333333333333,49
3602_1,True,,105.231213872832,49
3602_2,False,,105.231213872832,49
3602_3,False,,105.231213872832,49
3603_1,True,,102.333333333333,49
3603_2,False,,102.333333333333,49
3604_1,True,,105.231213872832,49
3604_2,False,,105.231213872832,49
3604_3,False,,105.231213872832,49
3604_4,False,,105.231213872832,49
3605_1,True,,102.333333333333,49
3605_2,False,,102.333333333333,49
3606_1,True,,105.231213872832,49
3606_2,False,,105.231213872832,49
3606_3,False,,105.231213872832,49
3606_4,False,,105.231213872832,49
3607_1,True,,102.333333333333,49
3607_2,False,,102.333333333333,49
3607_3,False,,102.333333333333,49
3608_1,True,,105.231213872832,49
3608_2,False,,105.231213872832,49
3609_1,True,,102.333333333333,49
3610_1,True,,105.231213872832,49
3610_2,False,,105.231213872832,49
3611_1,True,,102.333333333333,49
3611_2,False,,102.333333333333,49
3612_1,True,,105.231213872832,49
3612_2,False,,105.231213872832,49
3613_1,True,,102.333333333333,49
3613_2,False,,102.333333333333,49
3613_3,False,,102.333333333333,49
3614_1,True,,105.231213872832,49
3614_2,False,,105.231213872832,49
3614_3,False,,105.231213872832,49
3614_4,False,,105.231213872832,49
3614_5,False,,105.231213872832,49
3615_1,True,,102.333333333333,49
3616_1,True,,105.231213872832,49
3616_2,False,,105.231213872832,49
3616_3,False,,105.231213872832,49
3617_1,True,,102.333333333333,49
3617_2,False,,102.333333333333,49
3618_1,True,,105.231213872832,49
3619_1,True,,102.333333333333,49
3619_2,False,,102.333333333333,49
3620_1,True,,105.231213872832,49
3620_2,False,,105.231213872832,49
3621_1,True,,102.333333333333,49
3621_2,False,,102.333333333333,49
3621_3,False,,102.333333333333,49
3622_1,True,,105.231213872832,49
3622_2,False,,105.231213872832,49
3623_1,True,,102.333333333333,49
3623_2,False,,102.333333333333,49
3623_3,False,,102.333333333333,49
3623_4,False,,102.333333333333,49
3623_5,False,,102.333333333333,49
3624_1,True,,105.231213872832,49
3624_2,False,,105.231213872832,49
3624_3,False,,105.231213872832,49
3625_1,True,,102.333333333333,49
3625_2,False,,102.333333333333,49
3625_3,False,,102.333333333333,49
3626_1,True,,105.231213872832,49
3626_2,False,,105.231213872832,49
3627_1,True,,102.333333333333,49
3627_2,False,,102.333333333333,49
3628_1,True,,105.231213872832,49
3628_2,False,,105.231213872832,49
3629_1,True,,102.333333333333,49
3629_2,False,,102.333333333333,49
3630_1,True,,105.231213872832,49
3630_2,False,,105.231213872832,49
3631_1,True,,102.333333333333,49
3631_2,False,,102.333333333333,49
3631_3,False,,102.333333333333,49
3632_1,True,,105.231213872832,49
3632_2,False,,105.231213872832,49
3632_3,False,,105.231213872832,49
3632_4,False,,105.231213872832,49
3633_1,True,,102.333333333333,49
3634_1,True,,105.231213872832,49
3634_2,False,,105.231213872832,49
3634_3,False,,105.231213872832,49
3634_4,False,,105.231213872832,49
3635_1,True,,102.333333333333,49
3635_2,False,,102.333333333333,49
3636_1,True,,105.231213872832,49
3636_2,False,,105.231213872832,49
3637_1,True,,102.333333333333,49
3637_2,False,,102.333333333333,49
3638_1,True,,105.231213872832,49
3639_1,True,,102.333333333333,49
3639_2,False,,102.333333333333,49
3639_3,False,,102.333333333333,49
3640_1,True,,105.231213872832,49
3640_2,False,,105.231213872832,49
3641_1,True,,102.333333333333,49
3641_2,False,,102.333333333333,49
3642_1,True,,105.231213872832,49
3642_2,False,,105.231213872832,49
3642_3,False,,105.231213872832,49
3642_4,False,,105.231213872832,49
3643_1,True,,102.333333333333,49
3643_2,False,,102.333333333333,49
3643_3,False,,102.333333333333,49
3644_1,True,,105.231213872832,49
3644_2,False,,105.231213872832,49
3644_3,False,,105.231213872832,49
3644_4,False,,105.231213872832,49
3645_1,True,,102.333333333333,49
3645_2,False,,102.333333333333,49
3645_3,False,,102.333333333333,49
3646_1,True,,105.231213872832,49
3646_2,False,,105.231213872832,49
3647_1,True,,102.333333333333,49
3647_2,False,,102.333333333333,49
3648_1,True,,105.231213872832,49
3648_2,False,,105.231213872832,49
3648_3,False,,105.231213872832,49
3649_1,True,,102.333333333333,49
3649_2,False,,102.333333333333,49
3650_1,True,,105.231213872832,49
3650_2,False,,105.231213872832,49
3650_3,False,,105.231213872832,49
3651_1,True,,102.333333333333,49
3651_2,False,,102.333333333333,49
3652_1,True,,105.231213872832,49
3652_2,False,,105.231213872832,49
3652_3,False,,105.231213872832,49
3653_1,True,,102.333333333333,49
3653_2,False,,102.333333333333,49
3653_3,False,,102.333333333333,49
3653_4,False,,102.333333333333,49
3654_1,True,,105.231213872832,49
3654_2,False,,105.231213872832,49
3654_3,False,,105.231213872832,49
3655_1,True,,102.333333333333,49
3655_2,False,,102.333333333333,49
3656_1,True,,105.231213872832,49
3656_2,False,,105.231213872832,49
3656_3,False,,105.231213872832,49
3656_4,False,,105.231213872832,49
3657_1,True,,102.333333333333,49
3657_2,False,,102.333333333333,49
3658_1,True,,105.231213872832,49
3658_2,False,,105.231213872832,49
3658_3,False,,105.231213872832,49
3659_1,True,,102.333333333333,49
3659_2,False,,102.333333333333,49
3659_3,False,,102.333333333333,49
3659_4,False,,102.333333333333,49
3659_5,False,,102.333333333333,49
3660_1,True,,105.231213872832,49
3661_1,True,,102.333333333333,49
3661_2,False,,102.333333333333,49
3661_3,False,,102.333333333333,49
3662_1,True,,105.231213872832,49
3662_2,False,,105.231213872832,49
3663_1,True,,102.333333333333,49
3663_2,False,,102.333333333333,49
3663_3,False,,102.333333333333,49
3663_4,False,,102.333333333333,49
3664_1,True,,105.231213872832,49
3664_2,False,,105.231213872832,49
3665_1,True,,102.333333333333,49
3665_2,False,,102.333333333333,49
3666_1,True,,105.231213872832,49
3666_2,False,,105.231213872832,49
3667_1,True,,102.333333333333,49
3667_2,False,,102.333333333333,49
3668_1,True,,105.231213872832,49
3668_2,False,,105.231213872832,49
3668_3,False,,105.231213872832,49
3668_4,False,,105.231213872832,49
3668_5,False,,105.231213872832,49
3669_1,True,,102.333333333333,49
3669_2,False,,102.333333333333,49
3670_1,True,,105.231213872832,49
3670_2,False,,105.231213872832,49
3670_3,False,,105.231213872832,49
3670_4,False,,105.231213872832,49
3671_1,True,,102.333333333333,49
3671_2,False,,102.333333333333,49
3671_3,False,,102.333333333333,49
3671_4,False,,102.333333333333,49
3671_5,False,,102.333333333333,49
3672_1,True,,105.231213872832,49
3672_2,False,,105.231213872832,49
3673_1,True,,102.333333333333,49
3673_2,False,,102.333333333333,49
3673_3,False,,102.333333333333,49
3673_4,False,,102.333333333333,49
3673_5,False,,102.333333333333,49
3674_1,True,,105.231213872832,49
3674_2,False,,105.231213872832,49
3674_3,False,,105.231213872832,49
3674_4,False,,105.231213872832,49
3675_1,True,,102.333333333333,49
3675_2,False,,102.333333333333,49
3675_3,False,,102.333333333333,49
3676_1,True,,105.231213872832,49
3676_2,False,,105.231213872832,49
3676_3,False,,105.231213872832,49
3676_4,False,,105.231213872832,49
3677_1,True,,102.333333333333,49
3677_2,False,,102.333333333333,49
3677_3,False,,102.333333333333,49
3677_4,False,,102.333333333333,49
3678_1,True,,105.231213872832,49
3678_2,False,,105.231213872832,49
3678_3,False,,105.231213872832,49
3679_1,True,,102.333333333333,49
3679_2,False,,102.333333333333,49
3679_3,False,,102.333333333333,49
3679_4,False,,102.333333333333,49
3680_1,True,,105.231213872832,49
3680_2,False,,105.231213872832,49
3680_3,False,,105.231213872832,49
3680_4,False,,105.231213872832,49
3680_5,False,,105.231213872832,49
3681_1,True,,102.333333333333,49
3681_2,False,,102.333333333333,49
3682_1,True,,105.231213872832,49
3682_2,False,,105.231213872832,49
3682_3,False,,105.231213872832,49
3682_4,False,,105.231213872832,49
3683_1,True,,102.333333333333,49
3683_2,False,,102.333333333333,49
3684_1,True,,105.231213872832,49
3684_2,False,,105.231213872832,49
3684_3,False,,105.231213872832,49
3684_4,False,,105.231213872832,49
3685_1,True,,102.333333333333,49
3685_2,False,,102.333333333333,49
3685_3,False,,102.333333333333,49
3686_1,True,,105.231213872832,49
3686_2,False,,105.231213872832,49
3687_1,True,,102.333333333333,49
3687_2,False,,102.333333333333,49
3687_3,False,,102.333333333333,49
3687_4,False,,102.333333333333,49
3688_1,True,,105.231213872832,49
3688_2,False,,105.231213872832,49
3688_3,False,,105.231213872832,49
3688_4,False,,105.231213872832,49
3689_1,True,,102.333333333333,49
3689_2,False,,102.333333333333,49
3690_1,True,,105.231213872832,49
3690_2,False,,105.231213872832,49
3690_3,False,,105.231213872832,49
3691_1,True,,102.333333333333,49
3691_2,False,,102.333333333333,49
3691_3,False,,102.333333333333,49
3691_4,False,,102.333333333333,49
3691_5,False,,102.333333333333,49
3692_1,True,,102.333333333333,49
3692_2,False,,102.333333333333,49
3692_3,False,,102.333333333333,49
3692_4,False,,102.333333333333,49
3693_1,True,,105.231213872832,49
3693_2,False,,105.231213872832,49
3693_3,False,,105.231213872832,49
3693_4,False,,105.231213872832,49
3694_1,True,,102.333333333333,49
3694_2,False,,102.333333333333,49
3694_3,False,,102.333333333333,49
3694_4,False,,102.333333333333,49
3695_1,True,,102.333333333333,49
3695_2,False,,102.333333333333,49
3695_3,False,,102.333333333333,49
3696_1,True,,105.231213872832,49
3696_2,False,,105.231213872832,49
3696_3,False,,105.231213872832,49
3697_1,True,,102.333333333333,49
3697_2,False,,102.333333333333,49
3697_3,False,,102.333333333333,49
3697_4,False,,102.333333333333,49
3698_1,True,,105.231213872832,49
3698_2,False,,105.231213872832,49
3698_3,False,,105.231213872832,49
3698_4,False,,105.231213872832,49
3699_1,True,,102.333333333333,49
3699_2,False,,102.333333333333,49
3699_3,False,,102.333333333333,49
3700_1,True,,105.231213872832,49
3701_1,True,,102.333333333333,49
3701_2,False,,102.333333333333,49
3702_1,True,,105.231213872832,49
3703_1,True,,102.333333333333,49
3703_2,False,,102.333333333333,49
3703_3,False,,102.333333333333,49
3703_4,False,,102.333333333333,49
3704_1,True,,105.231213872832,49
3704_2,False,,105.231213872832,49
3705_1,True,,102.333333333333,49
3705_2,False,,102.333333333333,49
3705_3,False,,102.333333333333,49
3706_1,True,,105.231213872832,49
3706_2,False,,105.231213872832,49
3706_3,False,,105.231213872832,49
3707_1,True,,102.333333333333,49
3707_2,False,,102.333333333333,49
3707_3,False,,102.333333333333,49
3708_1,True,,105.231213872832,49
3709_1,True,,102.333333333333,49
3709_2,False,,102.333333333333,49
3709_3,False,,102.333333333333,49
3710_1,True,,105.231213872832,49
3710_2,False,,105.231213872832,49
3711_1,True,,102.333333333333,49
3711_2,False,,102.333333333333,49
3712_1,True,,105.231213872832,49
3713_1,True,,102.333333333333,49
3713_2,False,,102.333333333333,49
3713_3,False,,102.333333333333,49
3714_1,True,,105.231213872832,49
3715_1,True,,102.333333333333,49
3715_2,False,,102.333333333333,49
3715_3,False,,102.333333333333,49
3716_1,True,,105.231213872832,49
3716_2,False,,105.231213872832,49
3717_1,True,,102.333333333333,49
3718_1,True,,105.231213872832,49
3718_2,False,,105.231213872832,49
3719_1,True,,102.333333333333,49
3719_2,False,,102.333333333333,49
3719_3,False,,102.333333333333,49
3719_4,False,,102.333333333333,49
3719_5,False,,102.333333333333,49
3720_1,True,,105.231213872832,49
3720_2,False,,105.231213872832,49
3721_1,True,,102.333333333333,49
3721_2,False,,102.333333333333,49
3721_3,False,,102.333333333333,49
3722_1,True,,105.231213872832,49
3722_2,False,,105.231213872832,49
3722_3,False,,105.231213872832,49
3723_1,True,,102.333333333333,49
3723_2,False,,102.333333333333,49
3723_3,False,,102.333333333333,49
3724_1,True,,105.231213872832,49
3724_2,False,,105.231213872832,49
3725_1,True,,102.333333333333,49
3725_2,False,,102.333333333333,49
3725_3,False,,102.333333333333,49
3725_4,False,,102.333333333333,49
3726_1,True,,105.231213872832,49
3726_2,False,,105.231213872832,49
3726_3,False,,105.231213872832,49
3727_1,True,,102.333333333333,49
3727_2,False,,102.333333333333,49
3727_3,False,,102.333333333333,49
3727_4,False,,102.333333333333,49
3727_5,False,,102.333333333333,49
3728_1,True,,105.231213872832,49
3728_2,False,,105.231213872832,49
3729_1,True,,102.333333333333,49
3729_2,False,,102.333333333333,49
3729_3,False,,102.333333333333,49
3730_1,True,,105.231213872832,49
3730_2,False,,105.231213872832,49
3731_1,True,,102.333333333333,49
3731_2,False,,102.333333333333,49
3731_3,False,,102.333333333333,49
3731_4,False,,102.333333333333,49
3731_5,False,,102.333333333333,49
3732_1,True,,105.231213872832,49
3732_2,False,,105.231213872832,49
3732_3,False,,105.231213872832,49
3733_1,True,,102.333333333333,49
3734_1,True,,105.231213872832,49
3734_2,False,,105.231213872832,49
3735_1,True,,102.333333333333,49
3735_2,False,,102.333333333333,49
3735_3,False,,102.333333333333,49
3736_1,True,,105.231213872832,49
3736_2,False,,105.231213872832,49
3737_1,True,,102.333333333333,49
3737_2,False,,102.333333333333,49
3738_1,True,,105.231213872832,49
3739_1,True,,102.333333333333,49
3739_2,False,,102.333333333333,49
3739_3,False,,102.333333333333,49
3739_4,False,,102.333333333333,49
3739_5,False,,102.333333333333,49
3740_1,True,,105.231213872832,49
3740_2,False,,105.231213872832,49
3741_1,True,,102.333333333333,49
3742_1,True,,105.231213872832,49
3742_2,False,,105.231213872832,49
3743_1,True,,102.333333333333,49
3743_2,False,,102.333333333333,49
3744_1,True,,105.231213872832,49
3744_2,False,,105.231213872832,49
3745_1,True,,102.333333333333,49
3745_2,False,,102.333333333333,49
3745_3,False,,102.333333333333,49
3745_4,False,,102.333333333333,49
3746_1,True,,105.231213872832,49
3747_1,True,,102.333333333333,49
3747_2,False,,102.333333333333,49
3747_3,False,,102.333333333333,49
3747_4,False,,102.333333333333,49
3748_1,True,,105.231213872832,49
3748_2,False,,105.231213872832,49
3749_1,True,,102.333333333333,49
3749_2,False,,102.333333333333,49
3750_1,True,,105.231213872832,49
3751_1,True,,102.333333333333,49
3751_2,False,,102.333333333333,49
3751_3,False,,102.333333333333,49
3751_4,False,,102.333333333333,49
3751_5,False,,102.333333333333,49
3752_1,True,,105.231213872832,49
3752_2,False,,105.231213872832,49
3752_3,False,,105.231213872832,49
3753_1,True,,102.333333333333,49
3753_2,False,,102.333333333333,49
3754_1,True,,105.231213872832,49
3754_2,False,,105.231213872832,49
3754_3,False,,105.231213872832,49
3755_1,True,,102.333333333333,49
3755_2,False,,102.333333333333,49
3755_3,False,,102.333333333333,49
3756_1,True,,105.231213872832,49
3756_2,False,,105.231213872832,49
3757_1,True,,102.333333333333,49
3757_2,False,,102.333333333333,49
3758_1,True,,105.231213872832,49
3759_1,True,,102.333333333333,49
3759_2,False,,102.333333333333,49
3759_3,False,,102.333333333333,49
3760_1,True,,105.231213872832,49
3760_2,False,,105.231213872832,49
3760_3,False,,105.231213872832,49
3760_4,False,,105.231213872832,49
3760_5,False,,105.231213872832,49
3761_1,True,,102.333333333333,49
3761_2,False,,102.333333333333,49
3761_3,False,,102.333333333333,49
3762_1,True,,105.231213872832,49
3762_2,False,,105.231213872832,49
3762_3,False,,105.231213872832,49
3763_1,True,,102.333333333333,49
3764_1,True,,105.231213872832,49
3764_2,False,,105.231213872832,49
3765_1,True,,102.333333333333,49
3765_2,False,,102.333333333333,49
3765_3,False,,102.333333333333,49
3766_1,True,,105.231213872832,49
3767_1,True,,102.333333333333,49
3767_2,False,,102.333333333333,49
3767_3,False,,102.333333333333,49
3768_1,True,,105.231213872832,49
3768_2,False,,105.231213872832,49
3769_1,True,,102.333333333333,49
3769_2,False,,102.333333333333,49
3770_1,True,,105.231213872832,49
3770_2,False,,105.231213872832,49
3771_1,True,,102.333333333333,49
3771_2,False,,102.333333333333,49
3771_3,False,,102.333333333333,49
3772_1,True,,105.231213872832,49
3773_1,True,,102.333333333333,49
3773_2,False,,102.333333333333,49
3773_3,False,,102.333333333333,49
3774_1,True,,102.333333333333,49
3774_2,False,,102.333333333333,49
3775_1,True,,102.333333333333,49
3776_1,True,,105.231213872832,49
3776_2,False,,105.231213872832,49
3777_1,True,,102.333333333333,49
3777_2,False,,102.333333333333,49
3778_1,True,,105.231213872832,49
3778_2,False,,105.231213872832,49
3778_3,False,,105.231213872832,49
3779_1,True,,102.333333333333,49
3780_1,True,,105.231213872832,49
3780_2,False,,105.231213872832,49
3781_1,True,,102.333333333333,49
3781_2,False,,102.333333333333,49
3781_3,False,,102.333333333333,49
3781_4,False,,102.333333333333,49
3781_5,False,,102.333333333333,49
3782_1,True,,105.231213872832,49
3782_2,False,,105.231213872832,49
3783_1,True,,102.333333333333,49
3783_2,False,,102.333333333333,49
3784_1,True,,105.231213872832,49
3784_2,False,,105.231213872832,49
3785_1,True,,102.333333333333,49
3785_2,False,,102.333333333333,49
3785_3,False,,102.333333333333,49
3785_4,False,,102.333333333333,49
3786_1,True,,105.231213872832,49
3786_2,False,,105.231213872832,49
3786_3,False,,105.231213872832,49
3787_1,True,,102.333333333333,49
3788_1,True,,105.231213872832,49
3788_2,False,,105.231213872832,49
3788_3,False,,105.231213872832,49
3788_4,False,,105.231213872832,49
3789_1,True,,102.333333333333,49
3789_2,False,,102.333333333333,49
3790_1,True,,105.231213872832,49
3791_1,True,,102.333333333333,49
3791_2,False,,102.333333333333,49
3792_1,True,,105.231213872832,49
3792_2,False,,105.231213872832,49
3793_1,True,,102.333333333333,49
3793_2,False,,102.333333333333,49
3793_3,False,,102.333333333333,49
3793_4,False,,102.333333333333,49
3793_5,False,,102.333333333333,49
3794_1,True,,105.231213872832,49
3795_1,True,,102.333333333333,49
3796_1,True,,105.231213872832,49
3796_2,False,,105.231213872832,49
3796_3,False,,105.231213872832,49
3797_1,True,,102.333333333333,49
3797_2,False,,102.333333333333,49
3797_3,False,,102.333333333333,49
3798_1,True,,105.231213872832,49
3798_2,False,,105.231213872832,49
3798_3,False,,105.231213872832,49
3798_4,False,,105.231213872832,49
3799_1,True,,102.333333333333,49
3799_2,False,,102.333333333333,49
3800_1,True,,105.231213872832,49
3800_2,False,,105.231213872832,49
3801_1,True,,102.333333333333,49
3801_2,False,,102.333333333333,49
3801_3,False,,102.333333333333,49
3802_1,True,,105.231213872832,49
3802_2,False,,105.231213872832,49
3802_3,False,,105.231213872832,49
3802_4,False,,105.231213872832,49
3803_1,True,,102.333333333333,49
3803_2,False,,102.333333333333,49
3803_3,False,,102.333333333333,49
3804_1,True,,105.231213872832,49
3805_1,True,,102.333333333333,49
3805_2,False,,102.333333333333,49
3806_1,True,,105.231213872832,49
3806_2,False,,105.231213872832,49
3807_1,True,,102.333333333333,49
3807_2,False,,102.333333333333,49
3808_1,True,,105.231213872832,49
3808_2,False,,105.231213872832,49
3808_3,False,,105.231213872832,49
3808_4,False,,105.231213872832,49
3808_5,False,,105.231213872832,49
3809_1,True,,102.333333333333,49
3809_2,False,,102.333333333333,49
3809_3,False,,102.333333333333,49
3810_1,True,,105.231213872832,49
3810_2,False,,105.231213872832,49
3811_1,True,,102.333333333333,49
3811_2,False,,102.333333333333,49
3811_3,False,,102.333333333333,49
3811_4,False,,102.333333333333,49
3812_1,True,,105.231213872832,49
3813_1,True,,102.333333333333,49
3813_2,False,,102.333333333333,49
3813_3,False,,102.333333333333,49
3813_4,False,,102.333333333333,49
3814_1,True,,105.231213872832,49
3814_2,False,,105.231213872832,49
3815_1,True,,102.333333333333,49
3815_2,False,,102.333333333333,49
3815_3,False,,102.333333333333,49
3816_1,True,,105.231213872832,49
3816_2,False,,105.231213872832,49
3817_1,True,,102.333333333333,49
3817_2,False,,102.333333333333,49
3817_3,False,,102.333333333333,49
3817_4,False,,102.333333333333,49
3818_1,True,,105.231213872832,49
3819_1,True,,102.333333333333,49
3819_2,False,,102.333333333333,49
3819_3,False,,102.333333333333,49
3820_1,True,,105.231213872832,49
3820_2,False,,105.231213872832,49
3821_1,True,,102.333333333333,49
3821_2,False,,102.333333333333,49
3822_1,True,,105.231213872832,49
3822_2,False,,105.231213872832,49
3822_3,False,,105.231213872832,49
3822_4,False,,105.231213872832,49
3823_1,True,,102.333333333333,49
3823_2,False,,102.333333333333,49
3823_3,False,,102.333333333333,49
3823_4,False,,102.333333333333,49
3824_1,True,,105.231213872832,49
3824_2,False,,105.231213872832,49
3824_3,False,,105.231213872832,49
3825_1,True,,102.333333333333,49
3826_1,True,,105.231213872832,49
3826_2,False,,105.231213872832,49
3827_1,True,,102.333333333333,49
3827_2,False,,102.333333333333,49
3827_3,False,,102.333333333333,49
3827_4,False,,102.333333333333,49
3828_1,True,,105.231213872832,49
3829_1,True,,102.333333333333,49
3829_2,False,,102.333333333333,49
3829_3,False,,102.333333333333,49
3829_4,False,,102.333333333333,49
3829_5,False,,102.333333333333,49
3830_1,True,,105.231213872832,49
3830_2,False,,105.231213872832,49
3830_3,False,,105.231213872832,49
3830_4,False,,105.231213872832,49
3830_5,False,,105.231213872832,49
3831_1,True,,102.333333333333,49
3831_2,False,,102.333333333333,49
3832_1,True,,105.231213872832,49
3832_2,False,,105.231213872832,49
3833_1,True,,102.333333333333,49
3833_2,False,,102.333333333333,49
3834_1,True,,105.231213872832,49
3834_2,False,,105.231213872832,49
3835_1,True,,102.333333333333,49
3835_2,False,,102.333333333333,49
3835_3,False,,102.333333333333,49
3835_4,False,,102.333333333333,49
3836_1,True,,105.231213872832,49
3836_2,False,,105.231213872832,49
3836_3,False,,105.231213872832,49
3836_4,False,,105.231213872832,49
3837_1,True,,102.333333333333,49
3837_2,False,,102.333333333333,49
3837_3,False,,102.333333333333,49
3837_4,False,,102.333333333333,49
3838_1,True,,105.231213872832,49
3838_2,False,,105.231213872832,49
3838_3,False,,105.231213872832,49
3838_4,False,,105.231213872832,49
3839_1,True,,102.333333333333,49
3839_2,False,,102.333333333333,49
3839_3,False,,102.333333333333,49
3840_1,True,,105.231213872832,49
3841_1,True,,102.333333333333,49
3841_2,False,,102.333333333333,49
3842_1,True,,105.231213872832,49
3842_2,False,,105.231213872832,49
3842_3,False,,105.231213872832,49
3842_4,False,,105.231213872832,49
3843_1,True,,102.333333333333,49
3843_2,False,,102.333333333333,49
3843_3,False,,102.333333333333,49
3843_4,False,,102.333333333333,49
3843_5,False,,102.333333333333,49
3844_1,True,,105.231213872832,49
3844_2,False,,105.231213872832,49
3845_1,True,,102.333333333333,49
3846_1,True,,105.231213872832,49
3846_2,False,,105.231213872832,49
3847_1,True,,102.333333333333,49
3847_2,False,,102.333333333333,49
3848_1,True,,105.231213872832,49
3848_2,False,,105.231213872832,49
3849_1,True,,102.333333333333,49
3849_2,False,,102.333333333333,49
3850_1,True,,105.231213872832,49
3850_2,False,,105.231213872832,49
3851_1,True,,102.333333333333,49
3851_2,False,,102.333333333333,49
3852_1,True,,105.231213872832,49
3852_2,False,,105.231213872832,49
3852_3,False,,105.231213872832,49
3853_1,True,,102.333333333333,49
3853_2,False,,102.333333333333,49
3854_1,True,,105.231213872832,49
3854_2,False,,105.231213872832,49
3854_3,False,,105.231213872832,49
3855_1,True,,105.231213872832,49
3855_2,False,,105.231213872832,49
3855_3,False,,105.231213872832,49
3856_1,True,,102.333333333333,49
3856_2,False,,102.333333333333,49
3856_3,False,,102.333333333333,49
3857_1,True,,105.231213872832,49
3857_2,False,,105.231213872832,49
3858_1,True,,102.333333333333,49
3858_2,False,,102.333333333333,49
3858_3,False,,102.333333333333,49
3859_1,True,,105.231213872832,49
3859_2,False,,105.231213872832,49
3859_3,False,,105.231213872832,49
3860_1,True,,102.333333333333,49
3860_2,False,,102.333333333333,49
3861_1,True,,105.231213872832,49
3862_1,True,,102.333333333333,49
3862_2,False,,102.333333333333,49
3863_1,True,,105.231213872832,49
3863_2,False,,105.231213872832,49
3864_1,True,,102.333333333333,49
3864_2,False,,102.333333333333,49
3864_3,False,,102.333333333333,49
3864_4,False,,102.333333333333,49
3864_5,False,,102.333333333333,49
3865_1,True,,105.231213872832,49
3865_2,False,,105.231213872832,49
3865_3,False,,105.231213872832,49
3865_4,False,,105.231213872832,49
3866_1,True,,102.333333333333,49
3866_2,False,,102.333333333333,49
3866_3,False,,102.333333333333,49
3866_4,False,,102.333333333333,49
3867_1,True,,105.231213872832,49
3867_2,False,,105.231213872832,49
3867_3,False,,105.231213872832,49
3867_4,False,,105.231213872832,49
3867_5,False,,105.231213872832,49
3868_1,True,,102.333333333333,49
3868_2,False,,102.333333333333,49
3869_1,True,,105.231213872832,49
3870_1,True,,105.231213872832,49
3870_2,False,,105.231213872832,49
3870_3,False,,105.231213872832,49
3870_4,False,,105.231213872832,49
3871_1,True,,105.231213872832,49
3871_2,False,,105.231213872832,49
3871_3,False,,105.231213872832,49
3872_1,True,,102.333333333333,49
3872_2,False,,102.333333333333,49
3873_1,True,,105.231213872832,49
3874_1,True,,102.333333333333,49
3874_2,False,,102.333333333333,49
3874_3,False,,102.333333333333,49
3875_1,True,,105.231213872832,49
3875_2,False,,105.231213872832,49
3875_3,False,,105.231213872832,49
3876_1,True,,102.333333333333,49
3876_2,False,,102.333333333333,49
3876_3,False,,102.333333333333,49
3877_1,True,,105.231213872832,49
3877_2,False,,105.231213872832,49
3877_3,False,,105.231213872832,49
3877_4,False,,105.231213872832,49
3878_1,True,,102.333333333333,49
3878_2,False,,102.333333333333,49
3878_3,False,,102.333333333333,49
3879_1,True,,105.231213872832,49
3879_2,False,,105.231213872832,49
3879_3,False,,105.231213872832,49
3880_1,True,,102.333333333333,49
3881_1,True,,105.231213872832,49
3881_2,False,,105.231213872832,49
3881_3,False,,105.231213872832,49
3881_4,False,,105.231213872832,49
3882_1,True,,105.231213872832,49
3882_2,False,,105.231213872832,49
3883_1,True,,102.333333333333,49
3883_2,False,,102.333333333333,49
3884_1,True,,102.333333333333,49
3884_2,False,,102.333333333333,49
3884_3,False,,102.333333333333,49
3884_4,False,,102.333333333333,49
3884_5,False,,102.333333333333,49
3884_6,False,,102.333333333333,49
3884_7,False,,102.333333333333,49
3885_1,True,,105.231213872832,49
3885_2,False,,105.231213872832,49
3885_3,False,,105.231213872832,49
3885_4,False,,105.231213872832,49
3886_1,True,,102.333333333333,49
3886_2,False,,102.333333333333,49
3886_3,False,,102.333333333333,49
3886_4,False,,102.333333333333,49
3886_5,False,,102.333333333333,49
3887_1,True,,641.606741573034,10
3887_2,False,,641.606741573034,10
3887_3,False,,641.606741573034,10
3888_1,True,,677.539622641509,10
3888_2,False,,677.539622641509,10
3888_3,False,,677.539622641509,10
3889_1,True,,641.606741573034,10
3889_2,False,,641.606741573034,10
3890_1,True,,677.539622641509,10
3890_2,False,,677.539622641509,10
3890_3,False,,677.539622641509,10
3891_1,True,,641.606741573034,10
3891_2,False,,641.606741573034,10
3891_3,False,,641.606741573034,10
3892_1,True,,677.539622641509,10
3892_2,False,,677.539622641509,10
3892_3,False,,677.539622641509,10
3892_4,False,,677.539622641509,10
3893_1,True,,641.606741573034,10
3893_2,False,,641.606741573034,10
3894_1,True,,677.539622641509,10
3894_2,False,,677.539622641509,10
3894_3,False,,677.539622641509,10
3894_4,False,,677.539622641509,10
3894_5,False,,677.539622641509,10
3895_1,True,,641.606741573034,10
3895_2,False,,641.606741573034,10
3895_3,False,,641.606741573034,10
3896_1,True,,677.539622641509,10
3896_2,False,,677.539622641509,10
3896_3,False,,677.539622641509,10
3897_1,True,,641.606741573034,10
3897_2,False,,641.606741573034,10
3897_3,False,,641.606741573034,10
3898_1,True,,677.539622641509,10
3898_2,False,,677.539622641509,10
3899_1,True,,641.606741573034,10
3899_2,False,,641.606741573034,10
3899_3,False,,641.606741573034,10
3899_4,False,,641.606741573034,10
3899_5,False,,641.606741573034,10
3900_1,True,,677.539622641509,10
3900_2,False,,677.539622641509,10
3900_3,False,,677.539622641509,10
3900_4,False,,677.539622641509,10
3901_1,True,,641.606741573034,10
3901_2,False,,641.606741573034,10
3901_3,False,,641.606741573034,10
3902_1,True,,677.539622641509,10
3902_2,False,,677.539622641509,10
3903_1,True,,641.606741573034,10
3903_2,False,,641.606741573034,10
3903_3,False,,641.606741573034,10
3903_4,False,,641.606741573034,10
3904_1,True,,677.539622641509,10
3904_2,False,,677.539622641509,10
3905_1,True,,641.606741573034,10
3905_2,False,,641.606741573034,10
3906_1,True,,677.539622641509,10
3906_2,False,,677.539622641509,10
3907_1,True,,641.606741573034,10
3907_2,False,,641.606741573034,10
3907_3,False,,641.606741573034,10
3908_1,True,,677.539622641509,10
3909_1,True,,641.606741573034,10
3909_2,False,,641.606741573034,10
3910_1,True,,677.539622641509,10
3910_2,False,,677.539622641509,10
3910_3,False,,677.539622641509,10
3911_1,True,,641.606741573034,10
3911_2,False,,641.606741573034,10
3911_3,False,,641.606741573034,10
3911_4,False,,641.606741573034,10
3912_1,True,,677.539622641509,10
3912_2,False,,677.539622641509,10
3912_3,False,,677.539622641509,10
3912_4,False,,677.539622641509,10
3913_1,True,,641.606741573034,10
3913_2,False,,641.606741573034,10
3914_1,True,,677.539622641509,10
3914_2,False,,677.539622641509,10
3915_1,True,,641.606741573034,10
3915_2,False,,641.606741573034,10
3915_3,False,,641.606741573034,10
3915_4,False,,641.606741573034,10
3916_1,True,,677.539622641509,10
3916_2,False,,677.539622641509,10
3917_1,True,,641.606741573034,10
3917_2,False,,641.606741573034,10
3918_1,True,,677.539622641509,10
3919_1,True,,641.606741573034,10
3919_2,False,,641.606741573034,10
3920_1,True,,677.539622641509,10
3920_2,False,,677.539622641509,10
3920_3,False,,677.539622641509,10
3921_1,True,,641.606741573034,10
3921_2,False,,641.606741573034,10
3922_1,True,,677.539622641509,10
3922_2,False,,677.539622641509,10
3922_3,False,,677.539622641509,10
3922_4,False,,677.539622641509,10
3923_1,True,,641.606741573034,10
3924_1,True,,677.539622641509,10
3924_2,False,,677.539622641509,10
3924_3,False,,677.539622641509,10
3925_1,True,,641.606741573034,10
3925_2,False,,641.606741573034,10
3925_3,False,,641.606741573034,10
3925_4,False,,641.606741573034,10
3926_1,True,,677.539622641509,10
3926_2,False,,677.539622641509,10
3927_1,True,,641.606741573034,10
3927_2,False,,641.606741573034,10
3927_3,False,,641.606741573034,10
3928_1,True,,677.539622641509,10
3928_2,False,,677.539622641509,10
3929_1,True,,641.606741573034,10
3929_2,False,,641.606741573034,10
3929_3,False,,641.606741573034,10
3930_1,True,,677.539622641509,10
3930_2,False,,677.539622641509,10
3930_3,False,,677.539622641509,10
3930_4,False,,677.539622641509,10
3931_1,True,,641.606741573034,10
3931_2,False,,641.606741573034,10
3931_3,False,,641.606741573034,10
3932_1,True,,677.539622641509,10
3933_1,True,,641.606741573034,10
3933_2,False,,641.606741573034,10
3934_1,True,,677.539622641509,10
3934_2,False,,677.539622641509,10
3934_3,False,,677.539622641509,10
3934_4,False,,677.539622641509,10
3935_1,True,,641.606741573034,10
3935_2,False,,641.606741573034,10
3935_3,False,,641.606741573034,10
3935_4,False,,641.606741573034,10
3936_1,True,,677.539622641509,10
3936_2,False,,677.539622641509,10
3937_1,True,,641.606741573034,10
3937_2,False,,641.606741573034,10
3938_1,True,,677.539622641509,10
3938_2,False,,677.539622641509,10
3938_3,False,,677.539622641509,10
3939_1,True,,641.606741573034,10
3940_1,True,,677.539622641509,10
3940_2,False,,677.539622641509,10
3940_3,False,,677.539622641509,10
3941_1,True,,641.606741573034,10
3941_2,False,,641.606741573034,10
3942_1,True,,677.539622641509,10
3942_2,False,,677.539622641509,10
3942_3,False,,677.539622641509,10
3943_1,True,,641.606741573034,10
3943_2,False,,641.606741573034,10
3943_3,False,,641.606741573034,10
3943_4,False,,641.606741573034,10
3944_1,True,,677.539622641509,10
3944_2,False,,677.539622641509,10
3944_3,False,,677.539622641509,10
3944_4,False,,677.539622641509,10
3944_5,False,,677.539622641509,10
3945_1,True,,641.606741573034,10
3945_2,False,,641.606741573034,10
3946_1,True,,677.539622641509,10
3946_2,False,,677.539622641509,10
3946_3,False,,677.539622641509,10
3947_1,True,,641.606741573034,10
3947_2,False,,641.606741573034,10
3947_3,False,,641.606741573034,10
3948_1,True,,677.539622641509,10
3948_2,False,,677.539622641509,10
3948_3,False,,677.539622641509,10
3949_1,True,,641.606741573034,10
3949_2,False,,641.606741573034,10
3949_3,False,,641.606741573034,10
3949_4,False,,641.606741573034,10
3950_1,True,,677.539622641509,10
3950_2,False,,677.539622641509,10
3950_3,False,,677.539622641509,10
3950_4,False,,677.539622641509,10
3951_1,True,,641.606741573034,10
3951_2,False,,641.606741573034,10
3951_3,False,,641.606741573034,10
3952_1,True,,677.539622641509,10
3952_2,False,,677.539622641509,10
3952_3,False,,677.539622641509,10
3953_1,True,,641.606741573034,10
3953_2,False,,641.606741573034,10
3954_1,True,,677.539622641509,10
3954_2,False,,677.539622641509,10
3955_1,True,,641.606741573034,10
3955_2,False,,641.606741573034,10
3956_1,True,,677.539622641509,10
3956_2,False,,677.539622641509,10
3956_3,False,,677.539622641509,10
3957_1,True,,641.606741573034,10
3957_2,False,,641.606741573034,10
3958_1,True,,677.539622641509,10
3958_2,False,,677.539622641509,10
3958_3,False,,677.539622641509,10
3958_4,False,,677.539622641509,10
3958_5,False,,677.539622641509,10
3959_1,True,,641.606741573034,10
3959_2,False,,641.606741573034,10
3959_3,False,,641.606741573034,10
3960_1,True,,677.539622641509,10
3961_1,True,,641.606741573034,10
3961_2,False,,641.606741573034,10
3961_3,False,,641.606741573034,10
3961_4,False,,641.606741573034,10
3961_5,False,,641.606741573034,10
3962_1,True,,677.539622641509,10
3963_1,True,,641.606741573034,10
3963_2,False,,641.606741573034,10
3963_3,False,,641.606741573034,10
3964_1,True,,677.539622641509,10
3964_2,False,,677.539622641509,10
3964_3,False,,677.539622641509,10
3964_4,False,,677.539622641509,10
3964_5,False,,677.539622641509,10
3964_6,False,,677.539622641509,10
3964_7,False,,677.539622641509,10
3965_1,True,,641.606741573034,10
3965_2,False,,641.606741573034,10
3965_3,False,,641.606741573034,10
3966_1,True,,677.539622641509,10
3966_2,False,,677.539622641509,10
3967_1,True,,641.606741573034,10
3967_2,False,,641.606741573034,10
3967_3,False,,641.606741573034,10
3967_4,False,,641.606741573034,10
3968_1,True,,677.539622641509,10
3968_2,False,,677.539622641509,10
3969_1,True,,641.606741573034,10
3969_2,False,,641.606741573034,10
3969_3,False,,641.606741573034,10
3970_1,True,,677.539622641509,10
3970_2,False,,677.539622641509,10
3970_3,False,,677.539622641509,10
3971_1,True,,641.606741573034,10
3971_2,False,,641.606741573034,10
3971_3,False,,641.606741573034,10
3971_4,False,,641.606741573034,10
3971_5,False,,641.606741573034,10
3972_1,True,,677.539622641509,10
3973_1,True,,641.606741573034,10
3973_2,False,,641.606741573034,10
3973_3,False,,641.606741573034,10
3973_4,False,,641.606741573034,10
3974_1,True,,677.539622641509,10
3974_2,False,,677.539622641509,10
3975_1,True,,641.606741573034,10
3975_2,False,,641.606741573034,10
3975_3,False,,641.606741573034,10
3975_4,False,,641.606741573034,10
3976_1,True,,677.539622641509,10
3976_2,False,,677.539622641509,10
3976_3,False,,677.539622641509,10
3976_4,False,,677.539622641509,10
3977_1,True,,641.606741573034,10
3977_2,False,,641.606741573034,10
3977_3,False,,641.606741573034,10
3978_1,True,,677.539622641509,10
3978_2,False,,677.539622641509,10
3978_3,False,,677.539622641509,10
3978_4,False,,677.539622641509,10
3979_1,True,,641.606741573034,10
3979_2,False,,641.606741573034,10
3979_3,False,,641.606741573034,10
3980_1,True,,677.539622641509,10
3980_2,False,,677.539622641509,10
3980_3,False,,677.539622641509,10
3981_1,True,,641.606741573034,10
3981_2,False,,641.606741573034,10
3981_3,False,,641.606741573034,10
3982_1,True,,677.539622641509,10
3982_2,False,,677.539622641509,10
3982_3,False,,677.539622641509,10
3983_1,True,,641.606741573034,10
3983_2,False,,641.606741573034,10
3983_3,False,,641.606741573034,10
3983_4,False,,641.606741573034,10
3984_1,True,,677.539622641509,10
3984_2,False,,677.539622641509,10
3984_3,False,,677.539622641509,10
3985_1,True,,641.606741573034,10
3985_2,False,,641.606741573034,10
3985_3,False,,641.606741573034,10
3986_1,True,,677.539622641509,10
3986_2,False,,677.539622641509,10
3986_3,False,,677.539622641509,10
3986_4,False,,677.539622641509,10
3987_1,True,,641.606741573034,10
3987_2,False,,641.606741573034,10
3987_3,False,,641.606741573034,10
3988_1,True,,677.539622641509,10
3988_2,False,,677.539622641509,10
3988_3,False,,677.539622641509,10
3988_4,False,,677.539622641509,10
3989_1,True,,641.606741573034,10
3989_2,False,,641.606741573034,10
3990_1,True,,677.539622641509,10
3990_2,False,,677.539622641509,10
3991_1,True,,641.606741573034,12
3991_2,False,,641.606741573034,12
3991_3,False,,641.606741573034,12
3991_4,False,,641.606741573034,12
3992_1,True,,677.539622641509,12
3992_2,False,,677.539622641509,12
3992_3,False,,677.539622641509,12
3993_1,True,,641.606741573034,12
3993_2,False,,641.606741573034,12
3993_3,False,,641.606741573034,12
3994_1,True,,677.539622641509,12
3994_2,False,,677.539622641509,12
3994_3,False,,677.539622641509,12
3995_1,True,,641.606741573034,12
3995_2,False,,641.606741573034,12
3995_3,False,,641.606741573034,12
3996_1,True,,677.539622641509,12
3996_2,False,,677.539622641509,12
3996_3,False,,677.539622641509,12
3996_4,False,,677.539622641509,12
3997_1,True,,641.606741573034,12
3997_2,False,,641.606741573034,12
3997_3,False,,641.606741573034,12
3998_1,True,,677.539622641509,12
3998_2,False,,677.539622641509,12
3998_3,False,,677.539622641509,12
3998_4,False,,677.539622641509,12
3999_1,True,,641.606741573034,12
3999_2,False,,641.606741573034,12
3999_3,False,,641.606741573034,12
3999_4,False,,641.606741573034,12
3999_5,False,,641.606741573034,12
4000_1,True,,677.539622641509,12
4000_2,False,,677.539622641509,12
4001_1,True,,641.606741573034,12
4001_2,False,,641.606741573034,12
4001_3,False,,641.606741573034,12
4001_4,False,,641.606741573034,12
4001_5,False,,641.606741573034,12
4002_1,True,,677.539622641509,12
4002_2,False,,677.539622641509,12
4002_3,False,,677.539622641509,12
4002_4,False,,677.539622641509,12
4002_5,False,,677.539622641509,12
4003_1,True,,641.606741573034,12
4003_2,False,,641.606741573034,12
4003_3,False,,641.606741573034,12
4003_4,False,,641.606741573034,12
4004_1,True,,677.539622641509,12
4004_2,False,,677.539622641509,12
4005_1,True,,641.606741573034,12
4005_2,False,,641.606741573034,12
4005_3,False,,641.606741573034,12
4005_4,False,,641.606741573034,12
4005_5,False,,641.606741573034,12
4006_1,True,,677.539622641509,12
4006_2,False,,677.539622641509,12
4007_1,True,,641.606741573034,12
4007_2,False,,641.606741573034,12
4007_3,False,,641.606741573034,12
4007_4,False,,641.606741573034,12
4008_1,True,,677.539622641509,12
4009_1,True,,641.606741573034,12
4009_2,False,,641.606741573034,12
4009_3,False,,641.606741573034,12
4010_1,True,,677.539622641509,12
4010_2,False,,677.539622641509,12
4010_3,False,,677.539622641509,12
4010_4,False,,677.539622641509,12
4011_1,True,,641.606741573034,12
4011_2,False,,641.606741573034,12
4011_3,False,,641.606741573034,12
4011_4,False,,641.606741573034,12
4011_5,False,,641.606741573034,12
4012_1,True,,677.539622641509,12
4012_2,False,,677.539622641509,12
4012_3,False,,677.539622641509,12
4013_1,True,,641.606741573034,12
4013_2,False,,641.606741573034,12
4013_3,False,,641.606741573034,12
4013_4,False,,641.606741573034,12
4014_1,True,,677.539622641509,12
4014_2,False,,677.539622641509,12
4014_3,False,,677.539622641509,12
4015_1,True,,641.606741573034,12
4015_2,False,,641.606741573034,12
4015_3,False,,641.606741573034,12
4015_4,False,,641.606741573034,12
4016_1,True,,677.539622641509,12
4016_2,False,,677.539622641509,12
4016_3,False,,677.539622641509,12
4016_4,False,,677.539622641509,12
4017_1,True,,641.606741573034,12
4017_2,False,,641.606741573034,12
4017_3,False,,641.606741573034,12
4017_4,False,,641.606741573034,12
4017_5,False,,641.606741573034,12
4018_1,True,,677.539622641509,12
4018_2,False,,677.539622641509,12
4019_1,True,,641.606741573034,12
4019_2,False,,641.606741573034,12
4019_3,False,,641.606741573034,12
4020_1,True,,677.539622641509,12
4020_2,False,,677.539622641509,12
4021_1,True,,641.606741573034,12
4021_2,False,,641.606741573034,12
4021_3,False,,641.606741573034,12
4022_1,True,,677.539622641509,12
4022_2,False,,677.539622641509,12
4022_3,False,,677.539622641509,12
4022_4,False,,677.539622641509,12
4023_1,True,,641.606741573034,12
4023_2,False,,641.606741573034,12
4023_3,False,,641.606741573034,12
4024_1,True,,677.539622641509,12
4024_2,False,,677.539622641509,12
4024_3,False,,677.539622641509,12
4024_4,False,,677.539622641509,12
4025_1,True,,641.606741573034,12
4025_2,False,,641.606741573034,12
4026_1,True,,677.539622641509,12
4026_2,False,,677.539622641509,12
4026_3,False,,677.539622641509,12
4027_1,True,,641.606741573034,12
4027_2,False,,641.606741573034,12
4027_3,False,,641.606741573034,12
4027_4,False,,641.606741573034,12
4028_1,True,,677.539622641509,12
4028_2,False,,677.539622641509,12
4029_1,True,,641.606741573034,12
4029_2,False,,641.606741573034,12
4029_3,False,,641.606741573034,12
4029_4,False,,641.606741573034,12
4029_5,False,,641.606741573034,12
4030_1,True,,677.539622641509,12
4030_2,False,,677.539622641509,12
4030_3,False,,677.539622641509,12
4030_4,False,,677.539622641509,12
4031_1,True,,641.606741573034,12
4031_2,False,,641.606741573034,12
4031_3,False,,641.606741573034,12
4031_4,False,,641.606741573034,12
4032_1,True,,677.539622641509,12
4032_2,False,,677.539622641509,12
4032_3,False,,677.539622641509,12
4033_1,True,,641.606741573034,12
4033_2,False,,641.606741573034,12
4033_3,False,,641.606741573034,12
4033_4,False,,641.606741573034,12
4034_1,True,,677.539622641509,12
4034_2,False,,677.539622641509,12
4034_3,False,,677.539622641509,12
4034_4,False,,677.539622641509,12
4034_5,False,,677.539622641509,12
4035_1,True,,641.606741573034,12
4035_2,False,,641.606741573034,12
4035_3,False,,641.606741573034,12
4035_4,False,,641.606741573034,12
4035_5,False,,641.606741573034,12
4036_1,True,,641.606741573034,12
4036_2,False,,641.606741573034,12
4036_3,False,,641.606741573034,12
4036_4,False,,641.606741573034,12
4037_1,True,,641.606741573034,12
4037_2,False,,641.606741573034,12
4038_1,True,,677.539622641509,12
4038_2,False,,677.539622641509,12
4038_3,False,,677.539622641509,12
4039_1,True,,641.606741573034,12
4039_2,False,,641.606741573034,12
4039_3,False,,641.606741573034,12
4039_4,False,,641.606741573034,12
4040_1,True,,677.539622641509,12
4040_2,False,,677.539622641509,12
4040_3,False,,677.539622641509,12
4041_1,True,,641.606741573034,12
4041_2,False,,641.606741573034,12
4042_1,True,,677.539622641509,12
4042_2,False,,677.539622641509,12
4042_3,False,,677.539622641509,12
4042_4,False,,677.539622641509,12
4043_1,True,,641.606741573034,12
4043_2,False,,641.606741573034,12
4043_3,False,,641.606741573034,12
4044_1,True,,677.539622641509,12
4044_2,False,,677.539622641509,12
4044_3,False,,677.539622641509,12
4045_1,True,,641.606741573034,12
4045_2,False,,641.606741573034,12
4045_3,False,,641.606741573034,12
4045_4,False,,641.606741573034,12
4046_1,True,,677.539622641509,12
4046_2,False,,677.539622641509,12
4046_3,False,,677.539622641509,12
4046_4,False,,677.539622641509,12
4047_1,True,,641.606741573034,12
4047_2,False,,641.606741573034,12
4047_3,False,,641.606741573034,12
4048_1,True,,677.539622641509,12
4048_2,False,,677.539622641509,12
4048_3,False,,677.539622641509,12
4048_4,False,,677.539622641509,12
4049_1,True,,641.606741573034,12
4049_2,False,,641.606741573034,12
4049_3,False,,641.606741573034,12
4049_4,False,,641.606741573034,12
4049_5,False,,641.606741573034,12
4050_1,True,,677.539622641509,12
4050_2,False,,677.539622641509,12
4050_3,False,,677.539622641509,12
4051_1,True,,641.606741573034,25
4051_2,False,,641.606741573034,25
4051_3,False,,641.606741573034,25
4051_4,False,,641.606741573034,25
4051_5,False,,641.606741573034,25
4052_1,True,,677.539622641509,25
4052_2,False,,677.539622641509,25
4052_3,False,,677.539622641509,25
4052_4,False,,677.539622641509,25
4053_1,True,,641.606741573034,25
4053_2,False,,641.606741573034,25
4053_3,False,,641.606741573034,25
4053_4,False,,641.606741573034,25
4054_1,True,,677.539622641509,25
4054_2,False,,677.539622641509,25
4054_3,False,,677.539622641509,25
4054_4,False,,677.539622641509,25
4054_5,False,,677.539622641509,25
4055_1,True,,641.606741573034,25
4055_2,False,,641.606741573034,25
4055_3,False,,641.606741573034,25
4055_4,False,,641.606741573034,25
4056_1,True,,677.539622641509,25
4056_2,False,,677.539622641509,25
4056_3,False,,677.539622641509,25
4056_4,False,,677.539622641509,25
4056_5,False,,677.539622641509,25
4057_1,True,,641.606741573034,25
4057_2,False,,641.606741573034,25
4057_3,False,,641.606741573034,25
4057_4,False,,641.606741573034,25
4057_5,False,,641.606741573034,25
4058_1,True,,677.539622641509,25
4058_2,False,,677.539622641509,25
4058_3,False,,677.539622641509,25
4059_1,True,,641.606741573034,25
4059_2,False,,641.606741573034,25
4059_3,False,,641.606741573034,25
4059_4,False,,641.606741573034,25
4059_5,False,,641.606741573034,25
4060_1,True,,677.539622641509,25
4060_2,False,,677.539622641509,25
4060_3,False,,677.539622641509,25
4061_1,True,,641.606741573034,25
4061_2,False,,641.606741573034,25
4062_1,True,,677.539622641509,25
4062_2,False,,677.539622641509,25
4062_3,False,,677.539622641509,25
4062_4,False,,677.539622641509,25
4062_5,False,,677.539622641509,25
4063_1,True,,641.606741573034,25
4063_2,False,,641.606741573034,25
4063_3,False,,641.606741573034,25
4064_1,True,,677.539622641509,25
4064_2,False,,677.539622641509,25
4064_3,False,,677.539622641509,25
4065_1,True,,641.606741573034,25
4065_2,False,,641.606741573034,25
4065_3,False,,641.606741573034,25
4065_4,False,,641.606741573034,25
4066_1,True,,677.539622641509,25
4066_2,False,,677.539622641509,25
4066_3,False,,677.539622641509,25
4066_4,False,,677.539622641509,25
4066_5,False,,677.539622641509,25
4066_6,False,,677.539622641509,25
4067_1,True,,641.606741573034,25
4067_2,False,,641.606741573034,25
4067_3,False,,641.606741573034,25
4067_4,False,,641.606741573034,25
4067_5,False,,641.606741573034,25
4068_1,True,,677.539622641509,25
4068_2,False,,677.539622641509,25
4068_3,False,,677.539622641509,25
4069_1,True,,641.606741573034,25
4069_2,False,,641.606741573034,25
4069_3,False,,641.606741573034,25
4070_1,True,,677.539622641509,25
4070_2,False,,677.539622641509,25
4070_3,False,,677.539622641509,25
4070_4,False,,677.539622641509,25
4070_5,False,,677.539622641509,25
4071_1,True,,641.606741573034,25
4071_2,False,,641.606741573034,25
4071_3,False,,641.606741573034,25
4071_4,False,,641.606741573034,25
4072_1,True,,677.539622641509,25
4072_2,False,,677.539622641509,25
4072_3,False,,677.539622641509,25
4072_4,False,,677.539622641509,25
4072_5,False,,677.539622641509,25
4073_1,True,,641.606741573034,25
4073_2,False,,641.606741573034,25
4074_1,True,,677.539622641509,25
4074_2,False,,677.539622641509,25
4074_3,False,,677.539622641509,25
4075_1,True,,641.606741573034,25
4075_2,False,,641.606741573034,25
4075_3,False,,641.606741573034,25
4075_4,False,,641.606741573034,25
4076_1,True,,677.539622641509,25
4076_2,False,,677.539622641509,25
4076_3,False,,677.539622641509,25
4076_4,False,,677.539622641509,25
4076_5,False,,677.539622641509,25
4076_6,False,,677.539622641509,25
4077_1,True,,641.606741573034,25
4077_2,False,,641.606741573034,25
4077_3,False,,641.606741573034,25
4078_1,True,,677.539622641509,25
4078_2,False,,677.539622641509,25
4078_3,False,,677.539622641509,25
4078_4,False,,677.539622641509,25
4078_5,False,,677.539622641509,25
4079_1,True,,641.606741573034,25
4079_2,False,,641.606741573034,25
4079_3,False,,641.606741573034,25
4079_4,False,,641.606741573034,25
4080_1,True,,677.539622641509,25
4080_2,False,,677.539622641509,25
4080_3,False,,677.539622641509,25
4080_4,False,,677.539622641509,25
4081_1,True,,641.606741573034,25
4081_2,False,,641.606741573034,25
4082_1,True,,677.539622641509,25
4082_2,False,,677.539622641509,25
4082_3,False,,677.539622641509,25
4082_4,False,,677.539622641509,25
4082_5,False,,677.539622641509,25
4082_6,False,,677.539622641509,25
4082_7,False,,677.539622641509,25
4083_1,True,,641.606741573034,25
4083_2,False,,641.606741573034,25
4083_3,False,,641.606741573034,25
4084_1,True,,677.539622641509,25
4084_2,False,,677.539622641509,25
4084_3,False,,677.539622641509,25
4085_1,True,,641.606741573034,25
4085_2,False,,641.606741573034,25
4085_3,False,,641.606741573034,25
4086_1,True,,677.539622641509,25
4086_2,False,,677.539622641509,25
4086_3,False,,677.539622641509,25
4087_1,True,,641.606741573034,25
4087_2,False,,641.606741573034,25
4087_3,False,,641.606741573034,25
4087_4,False,,641.606741573034,25
4088_1,True,,677.539622641509,25
4088_2,False,,677.539622641509,25
4088_3,False,,677.539622641509,25
4088_4,False,,677.539622641509,25
4088_5,False,,677.539622641509,25
4088_6,False,,677.539622641509,25
4089_1,True,,641.606741573034,25
4089_2,False,,641.606741573034,25
4089_3,False,,641.606741573034,25
4089_4,False,,641.606741573034,25
4089_5,False,,641.606741573034,25
4090_1,True,,677.539622641509,25
4091_1,True,,641.606741573034,25
4091_2,False,,641.606741573034,25
4092_1,True,,677.539622641509,25
4092_2,False,,677.539622641509,25
4092_3,False,,677.539622641509,25
4092_4,False,,677.539622641509,25
4093_1,True,,641.606741573034,25
4093_2,False,,641.606741573034,25
4093_3,False,,641.606741573034,25
4093_4,False,,641.606741573034,25
4094_1,True,,677.539622641509,25
4094_2,False,,677.539622641509,25
4095_1,True,,641.606741573034,25
4095_2,False,,641.606741573034,25
4095_3,False,,641.606741573034,25
4095_4,False,,641.606741573034,25
4095_5,False,,641.606741573034,25
4096_1,True,,677.539622641509,25
4096_2,False,,677.539622641509,25
4097_1,True,,641.606741573034,25
4097_2,False,,641.606741573034,25
4097_3,False,,641.606741573034,25
4097_4,False,,641.606741573034,25
4098_1,True,,677.539622641509,25
4099_1,True,,641.606741573034,25
4099_2,False,,641.606741573034,25
4100_1,True,,677.539622641509,25
4100_2,False,,677.539622641509,25
4100_3,False,,677.539622641509,25
4100_4,False,,677.539622641509,25
4101_1,True,,641.606741573034,25
4101_2,False,,641.606741573034,25
4101_3,False,,641.606741573034,25
4102_1,True,,677.539622641509,25
4102_2,False,,677.539622641509,25
4102_3,False,,677.539622641509,25
4102_4,False,,677.539622641509,25
4102_5,False,,677.539622641509,25
4102_6,False,,677.539622641509,25
4103_1,True,,641.606741573034,25
4103_2,False,,641.606741573034,25
4103_3,False,,641.606741573034,25
4103_4,False,,641.606741573034,25
4103_5,False,,641.606741573034,25
4104_1,True,,677.539622641509,25
4104_2,False,,677.539622641509,25
4105_1,True,,641.606741573034,25
4105_2,False,,641.606741573034,25
4105_3,False,,641.606741573034,25
4105_4,False,,641.606741573034,25
4105_5,False,,641.606741573034,25
4105_6,False,,641.606741573034,25
4106_1,True,,677.539622641509,25
4107_1,True,,641.606741573034,25
4107_2,False,,641.606741573034,25
4107_3,False,,641.606741573034,25
4107_4,False,,641.606741573034,25
4107_5,False,,641.606741573034,25
4108_1,True,,677.539622641509,25
4108_2,False,,677.539622641509,25
4108_3,False,,677.539622641509,25
4108_4,False,,677.539622641509,25
4109_1,True,,641.606741573034,25
4109_2,False,,641.606741573034,25
4109_3,False,,641.606741573034,25
4109_4,False,,641.606741573034,25
4110_1,True,,677.539622641509,25
4110_2,False,,677.539622641509,25
4110_3,False,,677.539622641509,25
4111_1,True,,641.606741573034,25
4111_2,False,,641.606741573034,25
4111_3,False,,641.606741573034,25
4111_4,False,,641.606741573034,25
4111_5,False,,641.606741573034,25
4112_1,True,,677.539622641509,25
4112_2,False,,677.539622641509,25
4112_3,False,,677.539622641509,25
4113_1,True,,641.606741573034,25
4113_2,False,,641.606741573034,25
4113_3,False,,641.606741573034,25
4113_4,False,,641.606741573034,25
4114_1,True,,677.539622641509,25
4114_2,False,,677.539622641509,25
4114_3,False,,677.539622641509,25
4114_4,False,,677.539622641509,25
4115_1,True,,641.606741573034,25
4115_2,False,,641.606741573034,25
4115_3,False,,641.606741573034,25
4115_4,False,,641.606741573034,25
4116_1,True,,677.539622641509,25
4116_2,False,,677.539622641509,25
4117_1,True,,641.606741573034,25
4117_2,False,,641.606741573034,25
4118_1,True,,677.539622641509,25
4118_2,False,,677.539622641509,25
4118_3,False,,677.539622641509,25
4119_1,True,,641.606741573034,25
4119_2,False,,641.606741573034,25
4119_3,False,,641.606741573034,25
4120_1,True,,677.539622641509,25
4120_2,False,,677.539622641509,25
4120_3,False,,677.539622641509,25
4121_1,True,,641.606741573034,25
4121_2,False,,641.606741573034,25
4121_3,False,,641.606741573034,25
4122_1,True,,677.539622641509,25
4122_2,False,,677.539622641509,25
4122_3,False,,677.539622641509,25
4122_4,False,,677.539622641509,25
4122_5,False,,677.539622641509,25
4123_1,True,,641.606741573034,25
4123_2,False,,641.606741573034,25
4124_1,True,,677.539622641509,25
4124_2,False,,677.539622641509,25
4124_3,False,,677.539622641509,25
4124_4,False,,677.539622641509,25
4124_5,False,,677.539622641509,25
4125_1,True,,641.606741573034,25
4125_2,False,,641.606741573034,25
4125_3,False,,641.606741573034,25
4125_4,False,,641.606741573034,25
4125_5,False,,641.606741573034,25
4126_1,True,,677.539622641509,25
4126_2,False,,677.539622641509,25
4126_3,False,,677.539622641509,25
4126_4,False,,677.539622641509,25
4126_5,False,,677.539622641509,25
4126_6,False,,677.539622641509,25
4126_7,False,,677.539622641509,25
4127_1,True,,641.606741573034,25
4127_2,False,,641.606741573034,25
4128_1,True,,677.539622641509,25
4128_2,False,,677.539622641509,25
4129_1,True,,641.606741573034,25
4129_2,False,,641.606741573034,25
4129_3,False,,641.606741573034,25
4130_1,True,,677.539622641509,25
4130_2,False,,677.539622641509,25
4130_3,False,,677.539622641509,25
4131_1,True,,641.606741573034,25
4131_2,False,,641.606741573034,25
4131_3,False,,641.606741573034,25
4131_4,False,,641.606741573034,25
4132_1,True,,677.539622641509,25
4132_2,False,,677.539622641509,25
4133_1,True,,641.606741573034,25
4133_2,False,,641.606741573034,25
4133_3,False,,641.606741573034,25
4133_4,False,,641.606741573034,25
4133_5,False,,641.606741573034,25
4134_1,True,,677.539622641509,25
4134_2,False,,677.539622641509,25
4134_3,False,,677.539622641509,25
4135_1,True,,641.606741573034,25
4135_2,False,,641.606741573034,25
4135_3,False,,641.606741573034,25
4135_4,False,,641.606741573034,25
4136_1,True,,677.539622641509,25
4136_2,False,,677.539622641509,25
4137_1,True,,641.606741573034,25
4137_2,False,,641.606741573034,25
4137_3,False,,641.606741573034,25
4138_1,True,,677.539622641509,25
4139_1,True,,641.606741573034,25
4139_2,False,,641.606741573034,25
4139_3,False,,641.606741573034,25
4139_4,False,,641.606741573034,25
4140_1,True,,677.539622641509,25
4140_2,False,,677.539622641509,25
4141_1,True,,641.606741573034,25
4141_2,False,,641.606741573034,25
4141_3,False,,641.606741573034,25
4141_4,False,,641.606741573034,25
4141_5,False,,641.606741573034,25
4142_1,True,,677.539622641509,25
4142_2,False,,677.539622641509,25
4142_3,False,,677.539622641509,25
4142_4,False,,677.539622641509,25
4143_1,True,,641.606741573034,25
4143_2,False,,641.606741573034,25
4143_3,False,,641.606741573034,25
4143_4,False,,641.606741573034,25
4144_1,True,,677.539622641509,25
4144_2,False,,677.539622641509,25
4144_3,False,,677.539622641509,25
4144_4,False,,677.539622641509,25
4145_1,True,,641.606741573034,25
4145_2,False,,641.606741573034,25
4145_3,False,,641.606741573034,25
4146_1,True,,677.539622641509,25
4146_2,False,,677.539622641509,25
4146_3,False,,677.539622641509,25
4147_1,True,,641.606741573034,25
4147_2,False,,641.606741573034,25
4147_3,False,,641.606741573034,25
4148_1,True,,677.539622641509,25
4149_1,True,,641.606741573034,25
4149_2,False,,641.606741573034,25
4150_1,True,,677.539622641509,25
4150_2,False,,677.539622641509,25
4150_3,False,,677.539622641509,25
4151_1,True,,641.606741573034,25
4151_2,False,,641.606741573034,25
4151_3,False,,641.606741573034,25
4151_4,False,,641.606741573034,25
4151_5,False,,641.606741573034,25
4152_1,True,,677.539622641509,25
4152_2,False,,677.539622641509,25
4153_1,True,,641.606741573034,25
4153_2,False,,641.606741573034,25
4153_3,False,,641.606741573034,25
4153_4,False,,641.606741573034,25
4153_5,False,,641.606741573034,25
4154_1,True,,677.539622641509,25
4154_2,False,,677.539622641509,25
4154_3,False,,677.539622641509,25
4154_4,False,,677.539622641509,25
4155_1,True,,641.606741573034,41
4155_2,False,,641.606741573034,41
4155_3,False,,641.606741573034,41
4156_1,True,,677.539622641509,41
4156_2,False,,677.539622641509,41
4157_1,True,,641.606741573034,41
4157_2,False,,641.606741573034,41
4157_3,False,,641.606741573034,41
4158_1,True,,677.539622641509,41
4158_2,False,,677.539622641509,41
4158_3,False,,677.539622641509,41
4158_4,False,,677.539622641509,41
4158_5,False,,677.539622641509,41
4158_6,False,,677.539622641509,41
4159_1,True,,641.606741573034,41
4159_2,False,,641.606741573034,41
4159_3,False,,641.606741573034,41
4159_4,False,,641.606741573034,41
4160_1,True,,677.539622641509,41
4161_1,True,,641.606741573034,41
4161_2,False,,641.606741573034,41
4161_3,False,,641.606741573034,41
4161_4,False,,641.606741573034,41
4161_5,False,,641.606741573034,41
4162_1,True,,677.539622641509,41
4162_2,False,,677.539622641509,41
4162_3,False,,677.539622641509,41
4162_4,False,,677.539622641509,41
4162_5,False,,677.539622641509,41
4163_1,True,,641.606741573034,41
4163_2,False,,641.606741573034,41
4163_3,False,,641.606741573034,41
4163_4,False,,641.606741573034,41
4163_5,False,,641.606741573034,41
4164_1,True,,677.539622641509,41
4164_2,False,,677.539622641509,41
4164_3,False,,677.539622641509,41
4164_4,False,,677.539622641509,41
4164_5,False,,677.539622641509,41
4164_6,False,,677.539622641509,41
4165_1,True,,641.606741573034,41
4165_2,False,,641.606741573034,41
4165_3,False,,641.606741573034,41
4165_4,False,,641.606741573034,41
4166_1,True,,677.539622641509,41
4166_2,False,,677.539622641509,41
4166_3,False,,677.539622641509,41
4167_1,True,,641.606741573034,41
4167_2,False,,641.606741573034,41
4167_3,False,,641.606741573034,41
4167_4,False,,641.606741573034,41
4168_1,True,,677.539622641509,41
4168_2,False,,677.539622641509,41
4169_1,True,,641.606741573034,41
4169_2,False,,641.606741573034,41
4169_3,False,,641.606741573034,41
4169_4,False,,641.606741573034,41
4170_1,True,,677.539622641509,41
4170_2,False,,677.539622641509,41
4170_3,False,,677.539622641509,41
4171_1,True,,641.606741573034,41
4171_2,False,,641.606741573034,41
4171_3,False,,641.606741573034,41
4171_4,False,,641.606741573034,41
4172_1,True,,677.539622641509,41
4173_1,True,,641.606741573034,41
4173_2,False,,641.606741573034,41
4173_3,False,,641.606741573034,41
4174_1,True,,677.539622641509,41
4174_2,False,,677.539622641509,41
4174_3,False,,677.539622641509,41
4174_4,False,,677.539622641509,41
4175_1,True,,641.606741573034,41
4175_2,False,,641.606741573034,41
4175_3,False,,641.606741573034,41
4176_1,True,,677.539622641509,41
4176_2,False,,677.539622641509,41
4176_3,False,,677.539622641509,41
4176_4,False,,677.539622641509,41
4177_1,True,,641.606741573034,41
4177_2,False,,641.606741573034,41
4177_3,False,,641.606741573034,41
4177_4,False,,641.606741573034,41
4178_1,True,,677.539622641509,41
4179_1,True,,641.606741573034,41
4179_2,False,,641.606741573034,41
4179_3,False,,641.606741573034,41
4179_4,False,,641.606741573034,41
4179_5,False,,641.606741573034,41
4180_1,True,,677.539622641509,41
4180_2,False,,677.539622641509,41
4180_3,False,,677.539622641509,41
4181_1,True,,641.606741573034,41
4181_2,False,,641.606741573034,41
4181_3,False,,641.606741573034,41
4181_4,False,,641.606741573034,41
4181_5,False,,641.606741573034,41
4181_6,False,,641.606741573034,41
4182_1,True,,677.539622641509,41
4182_2,False,,677.539622641509,41
4182_3,False,,677.539622641509,41
4183_1,True,,641.606741573034,41
4183_2,False,,641.606741573034,41
4183_3,False,,641.606741573034,41
4183_4,False,,641.606741573034,41
4183_5,False,,641.606741573034,41
4184_1,True,,677.539622641509,41
4184_2,False,,677.539622641509,41
4184_3,False,,677.539622641509,41
4184_4,False,,677.539622641509,41
4185_1,True,,641.606741573034,41
4185_2,False,,641.606741573034,41
4185_3,False,,641.606741573034,41
4185_4,False,,641.606741573034,41
4185_5,False,,641.606741573034,41
4186_1,True,,677.539622641509,41
4186_2,False,,677.539622641509,41
4187_1,True,,641.606741573034,41
4187_2,False,,641.606741573034,41
4187_3,False,,641.606741573034,41
4188_1,True,,677.539622641509,41
4188_2,False,,677.539622641509,41
4188_3,False,,677.539622641509,41
4188_4,False,,677.539622641509,41
4189_1,True,,641.606741573034,41
4189_2,False,,641.606741573034,41
4189_3,False,,641.606741573034,41
4189_4,False,,641.606741573034,41
4190_1,True,,677.539622641509,41
4190_2,False,,677.539622641509,41
4190_3,False,,677.539622641509,41
4190_4,False,,677.539622641509,41
4191_1,True,,641.606741573034,41
4191_2,False,,641.606741573034,41
4191_3,False,,641.606741573034,41
4191_4,False,,641.606741573034,41
4192_1,True,,677.539622641509,41
4192_2,False,,677.539622641509,41
4193_1,True,,641.606741573034,41
4193_2,False,,641.606741573034,41
4193_3,False,,641.606741573034,41
4193_4,False,,641.606741573034,41
4194_1,True,,677.539622641509,41
4194_2,False,,677.539622641509,41
4194_3,False,,677.539622641509,41
4195_1,True,,641.606741573034,41
4195_2,False,,641.606741573034,41
4195_3,False,,641.606741573034,41
4195_4,False,,641.606741573034,41
4196_1,True,,677.539622641509,41
4196_2,False,,677.539622641509,41
4196_3,False,,677.539622641509,41
4197_1,True,,641.606741573034,41
4197_2,False,,641.606741573034,41
4197_3,False,,641.606741573034,41
4198_1,True,,677.539622641509,41
4198_2,False,,677.539622641509,41
4198_3,False,,677.539622641509,41
4198_4,False,,677.539622641509,41
4198_5,False,,677.539622641509,41
4199_1,True,,641.606741573034,41
4199_2,False,,641.606741573034,41
4199_3,False,,641.606741573034,41
4199_4,False,,641.606741573034,41
4199_5,False,,641.606741573034,41
4199_6,False,,641.606741573034,41
4200_1,True,,677.539622641509,41
4200_2,False,,677.539622641509,41
4200_3,False,,677.539622641509,41
4200_4,False,,677.539622641509,41
4201_1,True,,641.606741573034,41
4201_2,False,,641.606741573034,41
4201_3,False,,641.606741573034,41
4201_4,False,,641.606741573034,41
4202_1,True,,677.539622641509,41
4202_2,False,,677.539622641509,41
4202_3,False,,677.539622641509,41
4203_1,True,,641.606741573034,41
4203_2,False,,641.606741573034,41
4203_3,False,,641.606741573034,41
4203_4,False,,641.606741573034,41
4204_1,True,,677.539622641509,41
4204_2,False,,677.539622641509,41
4204_3,False,,677.539622641509,41
4205_1,True,,641.606741573034,41
4205_2,False,,641.606741573034,41
4206_1,True,,677.539622641509,41
4206_2,False,,677.539622641509,41
4206_3,False,,677.539622641509,41
4207_1,True,,641.606741573034,41
4207_2,False,,641.606741573034,41
4207_3,False,,641.606741573034,41
4207_4,False,,641.606741573034,41
4207_5,False,,641.606741573034,41
4208_1,True,,677.539622641509,41
4208_2,False,,677.539622641509,41
4208_3,False,,677.539622641509,41
4208_4,False,,677.539622641509,41
4209_1,True,,641.606741573034,41
4209_2,False,,641.606741573034,41
4209_3,False,,641.606741573034,41
4210_1,True,,677.539622641509,41
4210_2,False,,677.539622641509,41
4210_3,False,,677.539622641509,41
4211_1,True,,641.606741573034,41
4211_2,False,,641.606741573034,41
4211_3,False,,641.606741573034,41
4212_1,True,,677.539622641509,41
4212_2,False,,677.539622641509,41
4212_3,False,,677.539622641509,41
4213_1,True,,641.606741573034,41
4213_2,False,,641.606741573034,41
4213_3,False,,641.606741573034,41
4213_4,False,,641.606741573034,41
4213_5,False,,641.606741573034,41
4213_6,False,,641.606741573034,41
4213_7,False,,641.606741573034,41
4214_1,True,,677.539622641509,41
4215_1,True,,641.606741573034,41
4215_2,False,,641.606741573034,41
4216_1,True,,677.539622641509,41
4216_2,False,,677.539622641509,41
4216_3,False,,677.539622641509,41
4216_4,False,,677.539622641509,41
4216_5,False,,677.539622641509,41
4216_6,False,,677.539622641509,41
4216_7,False,,677.539622641509,41
4217_1,True,,641.606741573034,41
4218_1,True,,677.539622641509,41
4219_1,True,,641.606741573034,41
4219_2,False,,641.606741573034,41
4220_1,True,,677.539622641509,41
4220_2,False,,677.539622641509,41
4220_3,False,,677.539622641509,41
4221_1,True,,641.606741573034,41
4221_2,False,,641.606741573034,41
4222_1,True,,677.539622641509,41
4222_2,False,,677.539622641509,41
4222_3,False,,677.539622641509,41
4222_4,False,,677.539622641509,41
4222_5,False,,677.539622641509,41
4222_6,False,,677.539622641509,41
4223_1,True,,641.606741573034,41
4223_2,False,,641.606741573034,41
4223_3,False,,641.606741573034,41
4223_4,False,,641.606741573034,41
4223_5,False,,641.606741573034,41
4224_1,True,,677.539622641509,41
4224_2,False,,677.539622641509,41
4224_3,False,,677.539622641509,41
4224_4,False,,677.539622641509,41
4225_1,True,,641.606741573034,41
4225_2,False,,641.606741573034,41
4225_3,False,,641.606741573034,41
4225_4,False,,641.606741573034,41
4226_1,True,,677.539622641509,41
4226_2,False,,677.539622641509,41
4226_3,False,,677.539622641509,41
4226_4,False,,677.539622641509,41
4227_1,True,,641.606741573034,41
4227_2,False,,641.606741573034,41
4227_3,False,,641.606741573034,41
4228_1,True,,677.539622641509,41
4228_2,False,,677.539622641509,41
4228_3,False,,677.539622641509,41
4229_1,True,,641.606741573034,41
4229_2,False,,641.606741573034,41
4229_3,False,,641.606741573034,41
4229_4,False,,641.606741573034,41
4229_5,False,,641.606741573034,41
4229_6,False,,641.606741573034,41
4229_7,False,,641.606741573034,41
4230_1,True,,677.539622641509,41
4230_2,False,,677.539622641509,41
4230_3,False,,677.539622641509,41
4230_4,False,,677.539622641509,41
4230_5,False,,677.539622641509,41
4231_1,True,,641.606741573034,41
4231_2,False,,641.606741573034,41
4232_1,True,,677.539622641509,41
4232_2,False,,677.539622641509,41
4232_3,False,,677.539622641509,41
4233_1,True,,641.606741573034,41
4233_2,False,,641.606741573034,41
4234_1,True,,677.539622641509,41
4234_2,False,,677.539622641509,41
4234_3,False,,677.539622641509,41
4234_4,False,,677.539622641509,41
4235_1,True,,641.606741573034,41
4235_2,False,,641.606741573034,41
4235_3,False,,641.606741573034,41
4235_4,False,,641.606741573034,41
4235_5,False,,641.606741573034,41
4236_1,True,,677.539622641509,41
4236_2,False,,677.539622641509,41
4237_1,True,,641.606741573034,41
4237_2,False,,641.606741573034,41
4237_3,False,,641.606741573034,41
4237_4,False,,641.606741573034,41
4238_1,True,,677.539622641509,41
4238_2,False,,677.539622641509,41
4238_3,False,,677.539622641509,41
4238_4,False,,677.539622641509,41
4239_1,True,,641.606741573034,41
4239_2,False,,641.606741573034,41
4239_3,False,,641.606741573034,41
4240_1,True,,677.539622641509,41
4240_2,False,,677.539622641509,41
4240_3,False,,677.539622641509,41
4240_4,False,,677.539622641509,41
4241_1,True,,641.606741573034,41
4241_2,False,,641.606741573034,41
4241_3,False,,641.606741573034,41
4242_1,True,,677.539622641509,41
4243_1,True,,641.606741573034,41
4243_2,False,,641.606741573034,41
4244_1,True,,677.539622641509,41
4245_1,True,,641.606741573034,41
4245_2,False,,641.606741573034,41
4245_3,False,,641.606741573034,41
4245_4,False,,641.606741573034,41
4245_5,False,,641.606741573034,41
4246_1,True,,677.539622641509,41
4246_2,False,,677.539622641509,41
4246_3,False,,677.539622641509,41
4247_1,True,,641.606741573034,41
4247_2,False,,641.606741573034,41
4247_3,False,,641.606741573034,41
4248_1,True,,677.539622641509,41
4249_1,True,,641.606741573034,41
4249_2,False,,641.606741573034,41
4249_3,False,,641.606741573034,41
4250_1,True,,677.539622641509,41
4250_2,False,,677.539622641509,41
4250_3,False,,677.539622641509,41
4250_4,False,,677.539622641509,41
4251_1,True,,641.606741573034,41
4251_2,False,,641.606741573034,41
4251_3,False,,641.606741573034,41
4251_4,False,,641.606741573034,41
4252_1,True,,677.539622641509,41
4252_2,False,,677.539622641509,41
4253_1,True,,641.606741573034,41
4253_2,False,,641.606741573034,41
4253_3,False,,641.606741573034,41
4253_4,False,,641.606741573034,41
4253_5,False,,641.606741573034,41
4254_1,True,,677.539622641509,41
4254_2,False,,677.539622641509,41
4254_3,False,,677.539622641509,41
4254_4,False,,677.539622641509,41
4255_1,True,,641.606741573034,41
4255_2,False,,641.606741573034,41
4255_3,False,,641.606741573034,41
4256_1,True,,677.539622641509,41
4256_2,False,,677.539622641509,41
4256_3,False,,677.539622641509,41
4256_4,False,,677.539622641509,41
4257_1,True,,641.606741573034,41
4257_2,False,,641.606741573034,41
4257_3,False,,641.606741573034,41
4257_4,False,,641.606741573034,41
4258_1,True,,677.539622641509,41
4258_2,False,,677.539622641509,41
4258_3,False,,677.539622641509,41
4258_4,False,,677.539622641509,41
4259_1,True,,641.606741573034,41
4259_2,False,,641.606741573034,41
4259_3,False,,641.606741573034,41
4259_4,False,,641.606741573034,41
4260_1,True,,677.539622641509,41
4260_2,False,,677.539622641509,41
4260_3,False,,677.539622641509,41
4260_4,False,,677.539622641509,41
4261_1,True,,641.606741573034,41
4261_2,False,,641.606741573034,41
4261_3,False,,641.606741573034,41
4261_4,False,,641.606741573034,41
4262_1,True,,677.539622641509,41
4262_2,False,,677.539622641509,41
4262_3,False,,677.539622641509,41
4262_4,False,,677.539622641509,41
4263_1,True,,641.606741573034,41
4263_2,False,,641.606741573034,41
4263_3,False,,641.606741573034,41
4264_1,True,,677.539622641509,41
4264_2,False,,677.539622641509,41
4264_3,False,,677.539622641509,41
4265_1,True,,641.606741573034,41
4265_2,False,,641.606741573034,41
4265_3,False,,641.606741573034,41
4265_4,False,,641.606741573034,41
4266_1,True,,677.539622641509,41
4266_2,False,,677.539622641509,41
4266_3,False,,677.539622641509,41
4266_4,False,,677.539622641509,41
4267_1,True,,641.606741573034,41
4267_2,False,,641.606741573034,41
4267_3,False,,641.606741573034,41
4268_1,True,,677.539622641509,41
4268_2,False,,677.539622641509,41
4269_1,True,,641.606741573034,41
4269_2,False,,641.606741573034,41
4269_3,False,,641.606741573034,41
4269_4,False,,641.606741573034,41
4269_5,False,,641.606741573034,41
4270_1,True,,677.539622641509,41
4270_2,False,,677.539622641509,41
4270_3,False,,677.539622641509,41
4271_1,True,,641.606741573034,41
4271_2,False,,641.606741573034,41
4271_3,False,,641.606741573034,41
4272_1,True,,677.539622641509,41
4273_1,True,,641.606741573034,41
4273_2,False,,641.606741573034,41
4273_3,False,,641.606741573034,41
4273_4,False,,641.606741573034,41
4274_1,True,,677.539622641509,41
4274_2,False,,677.539622641509,41
4275_1,True,,641.606741573034,41
4275_2,False,,641.606741573034,41
4275_3,False,,641.606741573034,41
4275_4,False,,641.606741573034,41
4275_5,False,,641.606741573034,41
4276_1,True,,677.539622641509,41
4276_2,False,,677.539622641509,41
4276_3,False,,677.539622641509,41
4276_4,False,,677.539622641509,41
4277_1,True,,641.606741573034,41
4277_2,False,,641.606741573034,41
4277_3,False,,641.606741573034,41
4277_4,False,,641.606741573034,41
4278_1,True,,677.539622641509,41
4278_2,False,,677.539622641509,41
4278_3,False,,677.539622641509,41
4279_1,True,,641.606741573034,41
4279_2,False,,641.606741573034,41
4279_3,False,,641.606741573034,41
4280_1,True,,677.539622641509,41
4280_2,False,,677.539622641509,41
4280_3,False,,677.539622641509,41
4281_1,True,,641.606741573034,41
4281_2,False,,641.606741573034,41
4281_3,False,,641.606741573034,41
4281_4,False,,641.606741573034,41
4281_5,False,,641.606741573034,41
4282_1,True,,677.539622641509,41
4282_2,False,,677.539622641509,41
4282_3,False,,677.539622641509,41
4283_1,True,,641.606741573034,41
4283_2,False,,641.606741573034,41
4283_3,False,,641.606741573034,41
4283_4,False,,641.606741573034,41
4283_5,False,,641.606741573034,41
4284_1,True,,677.539622641509,41
4285_1,True,,641.606741573034,41
4285_2,False,,641.606741573034,41
4285_3,False,,641.606741573034,41
4285_4,False,,641.606741573034,41
4286_1,True,,677.539622641509,41
4286_2,False,,677.539622641509,41
4286_3,False,,677.539622641509,41
4286_4,False,,677.539622641509,41
4286_5,False,,677.539622641509,41
4286_6,False,,677.539622641509,41
4287_1,True,,641.606741573034,41
4287_2,False,,641.606741573034,41
4287_3,False,,641.606741573034,41
4287_4,False,,641.606741573034,41
4288_1,True,,677.539622641509,41
4288_2,False,,677.539622641509,41
4288_3,False,,677.539622641509,41
4289_1,True,,641.606741573034,41
4289_2,False,,641.606741573034,41
4289_3,False,,641.606741573034,41
4290_1,True,,677.539622641509,41
4291_1,True,,641.606741573034,41
4291_2,False,,641.606741573034,41
4291_3,False,,641.606741573034,41
4291_4,False,,641.606741573034,41
4292_1,True,,677.539622641509,41
4292_2,False,,677.539622641509,41
4292_3,False,,677.539622641509,41
4292_4,False,,677.539622641509,41
4292_5,False,,677.539622641509,41
4292_6,False,,677.539622641509,41
4293_1,True,,641.606741573034,41
4293_2,False,,641.606741573034,41
4293_3,False,,641.606741573034,41
4293_4,False,,641.606741573034,41
4293_5,False,,641.606741573034,41
4294_1,True,,677.539622641509,41
4294_2,False,,677.539622641509,41
4294_3,False,,677.539622641509,41
4295_1,True,,641.606741573034,41
4295_2,False,,641.606741573034,41
4295_3,False,,641.606741573034,41
4295_4,False,,641.606741573034,41
4295_5,False,,641.606741573034,41
4296_1,True,,677.539622641509,41
4296_2,False,,677.539622641509,41
4296_3,False,,677.539622641509,41
4296_4,False,,677.539622641509,41
4296_5,False,,677.539622641509,41
4297_1,True,,641.606741573034,41
4297_2,False,,641.606741573034,41
4297_3,False,,641.606741573034,41
4297_4,False,,641.606741573034,41
4297_5,False,,641.606741573034,41
4298_1,True,,677.539622641509,41
4298_2,False,,677.539622641509,41
4298_3,False,,677.539622641509,41
4298_4,False,,677.539622641509,41
4298_5,False,,677.539622641509,41
4298_6,False,,677.539622641509,41
4299_1,True,,641.606741573034,41
4299_2,False,,641.606741573034,41
4299_3,False,,641.606741573034,41
4299_4,False,,641.606741573034,41
4300_1,True,,677.539622641509,41
4300_2,False,,677.539622641509,41
4301_1,True,,641.606741573034,41
4301_2,False,,641.606741573034,41
4302_1,True,,677.539622641509,41
4302_2,False,,677.539622641509,41
4302_3,False,,677.539622641509,41
4303_1,True,,641.606741573034,41
4303_2,False,,641.606741573034,41
4303_3,False,,641.606741573034,41
4303_4,False,,641.606741573034,41
4304_1,True,,677.539622641509,41
4304_2,False,,677.539622641509,41
4304_3,False,,677.539622641509,41
4304_4,False,,677.539622641509,41
4304_5,False,,677.539622641509,41
4305_1,True,,641.606741573034,41
4305_2,False,,641.606741573034,41
4305_3,False,,641.606741573034,41
4306_1,True,,677.539622641509,41
4306_2,False,,677.539622641509,41
4307_1,True,,641.606741573034,41
4307_2,False,,641.606741573034,41
4307_3,False,,641.606741573034,41
4307_4,False,,641.606741573034,41
4307_5,False,,641.606741573034,41
4308_1,True,,677.539622641509,41
4308_2,False,,677.539622641509,41
4309_1,True,,641.606741573034,41
4309_2,False,,641.606741573034,41
4309_3,False,,641.606741573034,41
4309_4,False,,641.606741573034,41
4310_1,True,,677.539622641509,41
4310_2,False,,677.539622641509,41
4311_1,True,,641.606741573034,45
4311_2,False,,641.606741573034,45
4311_3,False,,641.606741573034,45
4311_4,False,,641.606741573034,45
4312_1,True,,677.539622641509,45
4312_2,False,,677.539622641509,45
4312_3,False,,677.539622641509,45
4313_1,True,,641.606741573034,45
4313_2,False,,641.606741573034,45
4313_3,False,,641.606741573034,45
4314_1,True,,677.539622641509,45
4314_2,False,,677.539622641509,45
4314_3,False,,677.539622641509,45
4315_1,True,,641.606741573034,45
4315_2,False,,641.606741573034,45
4315_3,False,,641.606741573034,45
4316_1,True,,677.539622641509,45
4316_2,False,,677.539622641509,45
4316_3,False,,677.539622641509,45
4316_4,False,,677.539622641509,45
4317_1,True,,641.606741573034,45
4317_2,False,,641.606741573034,45
4317_3,False,,641.606741573034,45
4317_4,False,,641.606741573034,45
4318_1,True,,677.539622641509,45
4318_2,False,,677.539622641509,45
4318_3,False,,677.539622641509,45
4319_1,True,,641.606741573034,45
4319_2,False,,641.606741573034,45
4319_3,False,,641.606741573034,45
4320_1,True,,677.539622641509,45
4320_2,False,,677.539622641509,45
4321_1,True,,641.606741573034,45
4321_2,False,,641.606741573034,45
4321_3,False,,641.606741573034,45
4321_4,False,,641.606741573034,45
4322_1,True,,677.539622641509,45
4323_1,True,,641.606741573034,45
4324_1,True,,677.539622641509,45
4324_2,False,,677.539622641509,45
4324_3,False,,677.539622641509,45
4325_1,True,,641.606741573034,45
4325_2,False,,641.606741573034,45
4325_3,False,,641.606741573034,45
4326_1,True,,677.539622641509,45
4327_1,True,,641.606741573034,45
4327_2,False,,641.606741573034,45
4327_3,False,,641.606741573034,45
4327_4,False,,641.606741573034,45
4328_1,True,,677.539622641509,45
4328_2,False,,677.539622641509,45
4329_1,True,,641.606741573034,45
4329_2,False,,641.606741573034,45
4330_1,True,,677.539622641509,45
4330_2,False,,677.539622641509,45
4330_3,False,,677.539622641509,45
4330_4,False,,677.539622641509,45
4331_1,True,,641.606741573034,45
4331_2,False,,641.606741573034,45
4331_3,False,,641.606741573034,45
4332_1,True,,677.539622641509,45
4333_1,True,,641.606741573034,45
4333_2,False,,641.606741573034,45
4333_3,False,,641.606741573034,45
4334_1,True,,677.539622641509,45
4334_2,False,,677.539622641509,45
4334_3,False,,677.539622641509,45
4334_4,False,,677.539622641509,45
4334_5,False,,677.539622641509,45
4335_1,True,,641.606741573034,45
4335_2,False,,641.606741573034,45
4335_3,False,,641.606741573034,45
4335_4,False,,641.606741573034,45
4336_1,True,,677.539622641509,45
4336_2,False,,677.539622641509,45
4336_3,False,,677.539622641509,45
4337_1,True,,641.606741573034,45
4337_2,False,,641.606741573034,45
4337_3,False,,641.606741573034,45
4337_4,False,,641.606741573034,45
4338_1,True,,677.539622641509,45
4338_2,False,,677.539622641509,45
4338_3,False,,677.539622641509,45
4338_4,False,,677.539622641509,45
4339_1,True,,641.606741573034,45
4339_2,False,,641.606741573034,45
4339_3,False,,641.606741573034,45
4340_1,True,,677.539622641509,45
4340_2,False,,677.539622641509,45
4340_3,False,,677.539622641509,45
4340_4,False,,677.539622641509,45
4341_1,True,,641.606741573034,45
4341_2,False,,641.606741573034,45
4341_3,False,,641.606741573034,45
4341_4,False,,641.606741573034,45
4341_5,False,,641.606741573034,45
4342_1,True,,677.539622641509,45
4342_2,False,,677.539622641509,45
4342_3,False,,677.539622641509,45
4342_4,False,,677.539622641509,45
4343_1,True,,641.606741573034,45
4343_2,False,,641.606741573034,45
4343_3,False,,641.606741573034,45
4343_4,False,,641.606741573034,45
4344_1,True,,677.539622641509,45
4344_2,False,,677.539622641509,45
4344_3,False,,677.539622641509,45
4345_1,True,,641.606741573034,45
4345_2,False,,641.606741573034,45
4345_3,False,,641.606741573034,45
4346_1,True,,677.539622641509,45
4346_2,False,,677.539622641509,45
4347_1,True,,641.606741573034,45
4347_2,False,,641.606741573034,45
4347_3,False,,641.606741573034,45
4348_1,True,,677.539622641509,45
4348_2,False,,677.539622641509,45
4348_3,False,,677.539622641509,45
4348_4,False,,677.539622641509,45
4349_1,True,,641.606741573034,45
4349_2,False,,641.606741573034,45
4350_1,True,,677.539622641509,45
4350_2,False,,677.539622641509,45
4350_3,False,,677.539622641509,45
4351_1,True,,641.606741573034,45
4351_2,False,,641.606741573034,45
4351_3,False,,641.606741573034,45
4351_4,False,,641.606741573034,45
4352_1,True,,677.539622641509,45
4352_2,False,,677.539622641509,45
4352_3,False,,677.539622641509,45
4353_1,True,,641.606741573034,45
4353_2,False,,641.606741573034,45
4354_1,True,,677.539622641509,45
4354_2,False,,677.539622641509,45
4355_1,True,,641.606741573034,45
4355_2,False,,641.606741573034,45
4355_3,False,,641.606741573034,45
4356_1,True,,677.539622641509,45
4356_2,False,,677.539622641509,45
4356_3,False,,677.539622641509,45
4356_4,False,,677.539622641509,45
4357_1,True,,641.606741573034,45
4357_2,False,,641.606741573034,45
4357_3,False,,641.606741573034,45
4358_1,True,,677.539622641509,45
4358_2,False,,677.539622641509,45
4359_1,True,,641.606741573034,45
4359_2,False,,641.606741573034,45
4359_3,False,,641.606741573034,45
4359_4,False,,641.606741573034,45
4360_1,True,,677.539622641509,45
4360_2,False,,677.539622641509,45
4361_1,True,,641.606741573034,45
4361_2,False,,641.606741573034,45
4361_3,False,,641.606741573034,45
4361_4,False,,641.606741573034,45
4361_5,False,,641.606741573034,45
4361_6,False,,641.606741573034,45
4362_1,True,,677.539622641509,45
4362_2,False,,677.539622641509,45
4363_1,True,,641.606741573034,45
4363_2,False,,641.606741573034,45
4363_3,False,,641.606741573034,45
4364_1,True,,677.539622641509,45
4364_2,False,,677.539622641509,45
4364_3,False,,677.539622641509,45
4365_1,True,,641.606741573034,45
4365_2,False,,641.606741573034,45
4365_3,False,,641.606741573034,45
4365_4,False,,641.606741573034,45
4366_1,True,,677.539622641509,45
4366_2,False,,677.539622641509,45
4366_3,False,,677.539622641509,45
4366_4,False,,677.539622641509,45
4367_1,True,,641.606741573034,45
4367_2,False,,641.606741573034,45
4367_3,False,,641.606741573034,45
4367_4,False,,641.606741573034,45
4368_1,True,,677.539622641509,45
4368_2,False,,677.539622641509,45
4368_3,False,,677.539622641509,45
4369_1,True,,641.606741573034,45
4369_2,False,,641.606741573034,45
4370_1,True,,677.539622641509,45
4370_2,False,,677.539622641509,45
4370_3,False,,677.539622641509,45
4371_1,True,,641.606741573034,45
4371_2,False,,641.606741573034,45
4371_3,False,,641.606741573034,45
4372_1,True,,677.539622641509,45
4373_1,True,,641.606741573034,45
4373_2,False,,641.606741573034,45
4373_3,False,,641.606741573034,45
4373_4,False,,641.606741573034,45
4373_5,False,,641.606741573034,45
4373_6,False,,641.606741573034,45
4374_1,True,,677.539622641509,45
4374_2,False,,677.539622641509,45
4374_3,False,,677.539622641509,45
4375_1,True,,641.606741573034,45
4375_2,False,,641.606741573034,45
4375_3,False,,641.606741573034,45
4375_4,False,,641.606741573034,45
4376_1,True,,677.539622641509,45
4376_2,False,,677.539622641509,45
4376_3,False,,677.539622641509,45
4376_4,False,,677.539622641509,45
4377_1,True,,641.606741573034,45
4377_2,False,,641.606741573034,45
4377_3,False,,641.606741573034,45
4377_4,False,,641.606741573034,45
4377_5,False,,641.606741573034,45
4378_1,True,,677.539622641509,45
4378_2,False,,677.539622641509,45
4378_3,False,,677.539622641509,45
4378_4,False,,677.539622641509,45
4378_5,False,,677.539622641509,45
4379_1,True,,641.606741573034,45
4379_2,False,,641.606741573034,45
4380_1,True,,677.539622641509,45
4380_2,False,,677.539622641509,45
4381_1,True,,641.606741573034,45
4381_2,False,,641.606741573034,45
4381_3,False,,641.606741573034,45
4381_4,False,,641.606741573034,45
4381_5,False,,641.606741573034,45
4382_1,True,,677.539622641509,45
4382_2,False,,677.539622641509,45
4382_3,False,,677.539622641509,45
4382_4,False,,677.539622641509,45
4382_5,False,,677.539622641509,45
4383_1,True,,641.606741573034,45
4383_2,False,,641.606741573034,45
4383_3,False,,641.606741573034,45
4383_4,False,,641.606741573034,45
4384_1,True,,677.539622641509,45
4384_2,False,,677.539622641509,45
4384_3,False,,677.539622641509,45
4385_1,True,,641.606741573034,45
4385_2,False,,641.606741573034,45
4385_3,False,,641.606741573034,45
4385_4,False,,641.606741573034,45
4385_5,False,,641.606741573034,45
4386_1,True,,677.539622641509,45
4386_2,False,,677.539622641509,45
4386_3,False,,677.539622641509,45
4386_4,False,,677.539622641509,45
4387_1,True,,641.606741573034,45
4387_2,False,,641.606741573034,45
4387_3,False,,641.606741573034,45
4387_4,False,,641.606741573034,45
4387_5,False,,641.606741573034,45
4387_6,False,,641.606741573034,45
4387_7,False,,641.606741573034,45
4388_1,True,,677.539622641509,45
4388_2,False,,677.539622641509,45
4389_1,True,,641.606741573034,45
4389_2,False,,641.606741573034,45
4389_3,False,,641.606741573034,45
4389_4,False,,641.606741573034,45
4390_1,True,,677.539622641509,45
4390_2,False,,677.539622641509,45
4390_3,False,,677.539622641509,45
4390_4,False,,677.539622641509,45
4391_1,True,,641.606741573034,45
4391_2,False,,641.606741573034,45
4391_3,False,,641.606741573034,45
4391_4,False,,641.606741573034,45
4391_5,False,,641.606741573034,45
4391_6,False,,641.606741573034,45
4391_7,False,,641.606741573034,45
4392_1,True,,677.539622641509,45
4392_2,False,,677.539622641509,45
4392_3,False,,677.539622641509,45
4393_1,True,,641.606741573034,45
4393_2,False,,641.606741573034,45
4393_3,False,,641.606741573034,45
4394_1,True,,677.539622641509,45
4395_1,True,,641.606741573034,45
4395_2,False,,641.606741573034,45
4395_3,False,,641.606741573034,45
4396_1,True,,677.539622641509,45
4397_1,True,,641.606741573034,45
4397_2,False,,641.606741573034,45
4397_3,False,,641.606741573034,45
4397_4,False,,641.606741573034,45
4397_5,False,,641.606741573034,45
4397_6,False,,641.606741573034,45
4398_1,True,,677.539622641509,45
4399_1,True,,641.606741573034,45
4399_2,False,,641.606741573034,45
4399_3,False,,641.606741573034,45
4400_1,True,,677.539622641509,45
4400_2,False,,677.539622641509,45
4400_3,False,,677.539622641509,45
4400_4,False,,677.539622641509,45
4400_5,False,,677.539622641509,45
4401_1,True,,641.606741573034,45
4401_2,False,,641.606741573034,45
4401_3,False,,641.606741573034,45
4402_1,True,,677.539622641509,45
4403_1,True,,641.606741573034,45
4403_2,False,,641.606741573034,45
4403_3,False,,641.606741573034,45
4403_4,False,,641.606741573034,45
4404_1,True,,677.539622641509,45
4404_2,False,,677.539622641509,45
4404_3,False,,677.539622641509,45
4405_1,True,,641.606741573034,45
4405_2,False,,641.606741573034,45
4405_3,False,,641.606741573034,45
4405_4,False,,641.606741573034,45
4406_1,True,,677.539622641509,45
4406_2,False,,677.539622641509,45
4406_3,False,,677.539622641509,45
4406_4,False,,677.539622641509,45
4406_5,False,,677.539622641509,45
4407_1,True,,641.606741573034,45
4407_2,False,,641.606741573034,45
4407_3,False,,641.606741573034,45
4407_4,False,,641.606741573034,45
4407_5,False,,641.606741573034,45
4408_1,True,,677.539622641509,45
4408_2,False,,677.539622641509,45
4409_1,True,,641.606741573034,45
4409_2,False,,641.606741573034,45
4410_1,True,,677.539622641509,45
4410_2,False,,677.539622641509,45
4410_3,False,,677.539622641509,45
4410_4,False,,677.539622641509,45
4411_1,True,,641.606741573034,45
4411_2,False,,641.606741573034,45
4411_3,False,,641.606741573034,45
4411_4,False,,641.606741573034,45
4411_5,False,,641.606741573034,45
4412_1,True,,677.539622641509,45
4412_2,False,,677.539622641509,45
4412_3,False,,677.539622641509,45
4412_4,False,,677.539622641509,45
4413_1,True,,641.606741573034,45
4413_2,False,,641.606741573034,45
4413_3,False,,641.606741573034,45
4413_4,False,,641.606741573034,45
4413_5,False,,641.606741573034,45
4414_1,True,,677.539622641509,45
4414_2,False,,677.539622641509,45
4414_3,False,,677.539622641509,45
4414_4,False,,677.539622641509,45
4415_1,True,,641.606741573034,45
4415_2,False,,641.606741573034,45
4415_3,False,,641.606741573034,45
4415_4,False,,641.606741573034,45
4415_5,False,,641.606741573034,45
4415_6,False,,641.606741573034,45
4416_1,True,,677.539622641509,45
4416_2,False,,677.539622641509,45
4416_3,False,,677.539622641509,45
4416_4,False,,677.539622641509,45
4417_1,True,,641.606741573034,45
4417_2,False,,641.606741573034,45
4417_3,False,,641.606741573034,45
4417_4,False,,641.606741573034,45
4418_1,True,,677.539622641509,45
4418_2,False,,677.539622641509,45
4418_3,False,,677.539622641509,45
4419_1,True,,651.169172932331,1
4419_2,False,,651.169172932331,1
4420_1,True,,646.932330827068,1
4420_2,False,,646.932330827068,1
4420_3,False,,646.932330827068,1
4420_4,False,,646.932330827068,1
4420_5,False,,646.932330827068,1
4421_1,True,,651.169172932331,1
4421_2,False,,651.169172932331,1
4421_3,False,,651.169172932331,1
4422_1,True,,646.932330827068,1
4422_2,False,,646.932330827068,1
4422_3,False,,646.932330827068,1
4422_4,False,,646.932330827068,1
4423_1,True,,651.169172932331,2
4423_2,False,,651.169172932331,2
4424_1,True,,646.932330827068,2
4424_2,False,,646.932330827068,2
4424_3,False,,646.932330827068,2
4425_1,True,,651.169172932331,2
4425_2,False,,651.169172932331,2
4426_1,True,,646.932330827068,2
4427_1,True,,651.169172932331,3
4427_2,False,,651.169172932331,3
4427_3,False,,651.169172932331,3
4428_1,True,,646.932330827068,3
4429_1,True,,651.169172932331,3
4429_2,False,,651.169172932331,3
4429_3,False,,651.169172932331,3
4430_1,True,,646.932330827068,3
4430_2,False,,646.932330827068,3
4431_1,True,,651.169172932331,3
4431_2,False,,651.169172932331,3
4431_3,False,,651.169172932331,3
4431_4,False,,651.169172932331,3
4431_5,False,,651.169172932331,3
4431_6,False,,651.169172932331,3
4432_1,True,,646.932330827068,3
4432_2,False,,646.932330827068,3
4432_3,False,,646.932330827068,3
4433_1,True,,651.169172932331,3
4433_2,False,,651.169172932331,3
4433_3,False,,651.169172932331,3
4434_1,True,,646.932330827068,3
4434_2,False,,646.932330827068,3
4434_3,False,,646.932330827068,3
4435_1,True,,651.169172932331,4
4435_2,False,,651.169172932331,4
4436_1,True,,646.932330827068,4
4436_2,False,,646.932330827068,4
4436_3,False,,646.932330827068,4
4437_1,True,,651.169172932331,4
4437_2,False,,651.169172932331,4
4438_1,True,,646.932330827068,4
4438_2,False,,646.932330827068,4
4438_3,False,,646.932330827068,4
4438_4,False,,646.932330827068,4
4439_1,True,,651.169172932331,4
4439_2,False,,651.169172932331,4
4439_3,False,,651.169172932331,4
4439_4,False,,651.169172932331,4
4439_5,False,,651.169172932331,4
4440_1,True,,646.932330827068,4
4441_1,True,,651.169172932331,4
4441_2,False,,651.169172932331,4
4442_1,True,,646.932330827068,4
4442_2,False,,646.932330827068,4
4442_3,False,,646.932330827068,4
4442_4,False,,646.932330827068,4
4443_1,True,,651.169172932331,4
4443_2,False,,651.169172932331,4
4443_3,False,,651.169172932331,4
4444_1,True,,646.932330827068,4
4444_2,False,,646.932330827068,4
4444_3,False,,646.932330827068,4
4445_1,True,,651.169172932331,4
4445_2,False,,651.169172932331,4
4445_3,False,,651.169172932331,4
4446_1,True,,646.932330827068,4
4446_2,False,,646.932330827068,4
4446_3,False,,646.932330827068,4
4447_1,True,,651.169172932331,4
4447_2,False,,651.169172932331,4
4447_3,False,,651.169172932331,4
4447_4,False,,651.169172932331,4
4448_1,True,,646.932330827068,4
4448_2,False,,646.932330827068,4
4448_3,False,,646.932330827068,4
4448_4,False,,646.932330827068,4
4449_1,True,,651.169172932331,4
4449_2,False,,651.169172932331,4
4449_3,False,,651.169172932331,4
4449_4,False,,651.169172932331,4
4450_1,True,,646.932330827068,4
4450_2,False,,646.932330827068,4
4450_3,False,,646.932330827068,4
4451_1,True,,651.169172932331,4
4451_2,False,,651.169172932331,4
4451_3,False,,651.169172932331,4
4452_1,True,,646.932330827068,4
4452_2,False,,646.932330827068,4
4452_3,False,,646.932330827068,4
4453_1,True,,651.169172932331,4
4454_1,True,,646.932330827068,4
4454_2,False,,646.932330827068,4
4454_3,False,,646.932330827068,4
4455_1,True,,651.169172932331,4
4455_2,False,,651.169172932331,4
4455_3,False,,651.169172932331,4
4456_1,True,,646.932330827068,4
4456_2,False,,646.932330827068,4
4457_1,True,,651.169172932331,4
4457_2,False,,651.169172932331,4
4457_3,False,,651.169172932331,4
4457_4,False,,651.169172932331,4
4458_1,True,,646.932330827068,4
4458_2,False,,646.932330827068,4
4458_3,False,,646.932330827068,4
4459_1,True,,651.169172932331,4
4459_2,False,,651.169172932331,4
4459_3,False,,651.169172932331,4
4460_1,True,,646.932330827068,4
4460_2,False,,646.932330827068,4
4460_3,False,,646.932330827068,4
4460_4,False,,646.932330827068,4
4460_5,False,,646.932330827068,4
4460_6,False,,646.932330827068,4
4461_1,True,,651.169172932331,4
4462_1,True,,646.932330827068,4
4463_1,True,,651.169172932331,4
4464_1,True,,646.932330827068,4
4464_2,False,,646.932330827068,4
4464_3,False,,646.932330827068,4
4464_4,False,,646.932330827068,4
4465_1,True,,651.169172932331,4
4465_2,False,,651.169172932331,4
4465_3,False,,651.169172932331,4
4466_1,True,,646.932330827068,4
4466_2,False,,646.932330827068,4
4466_3,False,,646.932330827068,4
4466_4,False,,646.932330827068,4
4467_1,True,,651.169172932331,4
4468_1,True,,646.932330827068,4
4468_2,False,,646.932330827068,4
4469_1,True,,651.169172932331,4
4470_1,True,,646.932330827068,4
4471_1,True,,651.169172932331,4
4472_1,True,,646.932330827068,4
4472_2,False,,646.932330827068,4
4473_1,True,,651.169172932331,4
4473_2,False,,651.169172932331,4
4473_3,False,,651.169172932331,4
4474_1,True,,646.932330827068,4
4474_2,False,,646.932330827068,4
4475_1,True,,651.169172932331,4
4476_1,True,,646.932330827068,4
4477_1,True,,651.169172932331,4
4478_1,True,,646.932330827068,4
4478_2,False,,646.932330827068,4
4479_1,True,,651.169172932331,5
4479_2,False,,651.169172932331,5
4480_1,True,,646.932330827068,5
4480_2,False,,646.932330827068,5
4480_3,False,,646.932330827068,5
4481_1,True,,651.169172932331,5
4481_2,False,,651.169172932331,5
4481_3,False,,651.169172932331,5
4482_1,True,,646.932330827068,5
4483_1,True,,651.169172932331,5
4483_2,False,,651.169172932331,5
4484_1,True,,646.932330827068,5
4485_1,True,,651.169172932331,5
4485_2,False,,651.169172932331,5
4485_3,False,,651.169172932331,5
4485_4,False,,651.169172932331,5
4486_1,True,,646.932330827068,5
4487_1,True,,651.169172932331,5
4487_2,False,,651.169172932331,5
4488_1,True,,646.932330827068,5
4488_2,False,,646.932330827068,5
4488_3,False,,646.932330827068,5
4488_4,False,,646.932330827068,5
4489_1,True,,651.169172932331,5
4489_2,False,,651.169172932331,5
4489_3,False,,651.169172932331,5
4489_4,False,,651.169172932331,5
4490_1,True,,646.932330827068,5
4491_1,True,,651.169172932331,5
4491_2,False,,651.169172932331,5
4491_3,False,,651.169172932331,5
4492_1,True,,646.932330827068,5
4492_2,False,,646.932330827068,5
4492_3,False,,646.932330827068,5
4492_4,False,,646.932330827068,5
4493_1,True,,651.169172932331,5
4493_2,False,,651.169172932331,5
4493_3,False,,651.169172932331,5
4494_1,True,,646.932330827068,5
4495_1,True,,651.169172932331,5
4495_2,False,,651.169172932331,5
4495_3,False,,651.169172932331,5
4495_4,False,,651.169172932331,5
4496_1,True,,646.932330827068,5
4497_1,True,,651.169172932331,5
4497_2,False,,651.169172932331,5
4497_3,False,,651.169172932331,5
4497_4,False,,651.169172932331,5
4498_1,True,,646.932330827068,5
4499_1,True,,651.169172932331,5
4499_2,False,,651.169172932331,5
4499_3,False,,651.169172932331,5
4499_4,False,,651.169172932331,5
4500_1,True,,646.932330827068,5
4500_2,False,,646.932330827068,5
4501_1,True,,651.169172932331,5
4501_2,False,,651.169172932331,5
4501_3,False,,651.169172932331,5
4502_1,True,,646.932330827068,5
4502_2,False,,646.932330827068,5
4503_1,True,,651.169172932331,5
4503_2,False,,651.169172932331,5
4503_3,False,,651.169172932331,5
4504_1,True,,646.932330827068,5
4504_2,False,,646.932330827068,5
4504_3,False,,646.932330827068,5
4505_1,True,,651.169172932331,5
4506_1,True,,646.932330827068,5
4506_2,False,,646.932330827068,5
4506_3,False,,646.932330827068,5
4507_1,True,,651.169172932331,7
4507_2,False,,651.169172932331,7
4508_1,True,,646.932330827068,7
4508_2,False,,646.932330827068,7
4508_3,False,,646.932330827068,7
4509_1,True,,651.169172932331,7
4509_2,False,,651.169172932331,7
4509_3,False,,651.169172932331,7
4510_1,True,,646.932330827068,7
4510_2,False,,646.932330827068,7
4511_1,True,,651.169172932331,11
4511_2,False,,651.169172932331,11
4512_1,True,,646.932330827068,11
4513_1,True,,651.169172932331,11
4513_2,False,,651.169172932331,11
4513_3,False,,651.169172932331,11
4514_1,True,,646.932330827068,11
4515_1,True,,651.169172932331,11
4515_2,False,,651.169172932331,11
4515_3,False,,651.169172932331,11
4515_4,False,,651.169172932331,11
4516_1,True,,646.932330827068,11
4517_1,True,,651.169172932331,11
4517_2,False,,651.169172932331,11
4518_1,True,,646.932330827068,11
4518_2,False,,646.932330827068,11
4518_3,False,,646.932330827068,11
4518_4,False,,646.932330827068,11
4519_1,True,,651.169172932331,11
4519_2,False,,651.169172932331,11
4520_1,True,,646.932330827068,11
4520_2,False,,646.932330827068,11
4520_3,False,,646.932330827068,11
4521_1,True,,651.169172932331,11
4522_1,True,,646.932330827068,11
4522_2,False,,646.932330827068,11
4522_3,False,,646.932330827068,11
4523_1,True,,651.169172932331,11
4523_2,False,,651.169172932331,11
4524_1,True,,646.932330827068,11
4524_2,False,,646.932330827068,11
4524_3,False,,646.932330827068,11
4525_1,True,,651.169172932331,11
4525_2,False,,651.169172932331,11
4526_1,True,,646.932330827068,11
4527_1,True,,651.169172932331,13
4527_2,False,,651.169172932331,13
4527_3,False,,651.169172932331,13
4528_1,True,,646.932330827068,13
4529_1,True,,651.169172932331,13
4529_2,False,,651.169172932331,13
4529_3,False,,651.169172932331,13
4529_4,False,,651.169172932331,13
4530_1,True,,646.932330827068,13
4530_2,False,,646.932330827068,13
4531_1,True,,651.169172932331,13
4531_2,False,,651.169172932331,13
4531_3,False,,651.169172932331,13
4531_4,False,,651.169172932331,13
4531_5,False,,651.169172932331,13
4532_1,True,,646.932330827068,13
4532_2,False,,646.932330827068,13
4533_1,True,,651.169172932331,13
4533_2,False,,651.169172932331,13
4533_3,False,,651.169172932331,13
4534_1,True,,646.932330827068,13
4535_1,True,,651.169172932331,14
4535_2,False,,651.169172932331,14
4536_1,True,,646.932330827068,14
4536_2,False,,646.932330827068,14
4536_3,False,,646.932330827068,14
4537_1,True,,651.169172932331,14
4537_2,False,,651.169172932331,14
4538_1,True,,646.932330827068,14
4538_2,False,,646.932330827068,14
4538_3,False,,646.932330827068,14
4539_1,True,,651.169172932331,14
4539_2,False,,651.169172932331,14
4539_3,False,,651.169172932331,14
4539_4,False,,651.169172932331,14
4540_1,True,,646.932330827068,14
4540_2,False,,646.932330827068,14
4540_3,False,,646.932330827068,14
4540_4,False,,646.932330827068,14
4541_1,True,,651.169172932331,14
4541_2,False,,651.169172932331,14
4541_3,False,,651.169172932331,14
4541_4,False,,651.169172932331,14
4541_5,False,,651.169172932331,14
4541_6,False,,651.169172932331,14
4541_7,False,,651.169172932331,14
4542_1,True,,646.932330827068,14
4543_1,True,,651.169172932331,14
4543_2,False,,651.169172932331,14
4543_3,False,,651.169172932331,14
4544_1,True,,646.932330827068,14
4544_2,False,,646.932330827068,14
4544_3,False,,646.932330827068,14
4544_4,False,,646.932330827068,14
4545_1,True,,651.169172932331,14
4546_1,True,,646.932330827068,14
4546_2,False,,646.932330827068,14
4546_3,False,,646.932330827068,14
4546_4,False,,646.932330827068,14
4547_1,True,,651.169172932331,14
4548_1,True,,646.932330827068,14
4548_2,False,,646.932330827068,14
4548_3,False,,646.932330827068,14
4548_4,False,,646.932330827068,14
4549_1,True,,651.169172932331,14
4549_2,False,,651.169172932331,14
4549_3,False,,651.169172932331,14
4550_1,True,,646.932330827068,14
4550_2,False,,646.932330827068,14
4550_3,False,,646.932330827068,14
4550_4,False,,646.932330827068,14
4551_1,True,,651.169172932331,15
4551_2,False,,651.169172932331,15
4551_3,False,,651.169172932331,15
4551_4,False,,651.169172932331,15
4552_1,True,,646.932330827068,15
4552_2,False,,646.932330827068,15
4553_1,True,,651.169172932331,15
4553_2,False,,651.169172932331,15
4553_3,False,,651.169172932331,15
4553_4,False,,651.169172932331,15
4554_1,True,,646.932330827068,15
4555_1,True,,651.169172932331,15
4555_2,False,,651.169172932331,15
4556_1,True,,646.932330827068,15
4556_2,False,,646.932330827068,15
4556_3,False,,646.932330827068,15
4557_1,True,,651.169172932331,15
4557_2,False,,651.169172932331,15
4557_3,False,,651.169172932331,15
4558_1,True,,646.932330827068,15
4559_1,True,,651.169172932331,17
4559_2,False,,651.169172932331,17
4559_3,False,,651.169172932331,17
4560_1,True,,646.932330827068,17
4560_2,False,,646.932330827068,17
4561_1,True,,651.169172932331,17
4561_2,False,,651.169172932331,17
4561_3,False,,651.169172932331,17
4561_4,False,,651.169172932331,17
4562_1,True,,646.932330827068,17
4562_2,False,,646.932330827068,17
4562_3,False,,646.932330827068,17
4562_4,False,,646.932330827068,17
4563_1,True,,651.169172932331,17
4563_2,False,,651.169172932331,17
4563_3,False,,651.169172932331,17
4564_1,True,,646.932330827068,17
4564_2,False,,646.932330827068,17
4564_3,False,,646.932330827068,17
4565_1,True,,651.169172932331,17
4565_2,False,,651.169172932331,17
4566_1,True,,646.932330827068,17
4566_2,False,,646.932330827068,17
4567_1,True,,651.169172932331,17
4567_2,False,,651.169172932331,17
4568_1,True,,646.932330827068,17
4568_2,False,,646.932330827068,17
4568_3,False,,646.932330827068,17
4569_1,True,,651.169172932331,17
4569_2,False,,651.169172932331,17
4570_1,True,,646.932330827068,17
4570_2,False,,646.932330827068,17
4570_3,False,,646.932330827068,17
4570_4,False,,646.932330827068,17
4571_1,True,,651.169172932331,17
4571_2,False,,651.169172932331,17
4571_3,False,,651.169172932331,17
4571_4,False,,651.169172932331,17
4571_5,False,,651.169172932331,17
4572_1,True,,646.932330827068,17
4572_2,False,,646.932330827068,17
4573_1,True,,651.169172932331,17
4573_2,False,,651.169172932331,17
4573_3,False,,651.169172932331,17
4573_4,False,,651.169172932331,17
4573_5,False,,651.169172932331,17
4574_1,True,,646.932330827068,17
4574_2,False,,646.932330827068,17
4574_3,False,,646.932330827068,17
4575_1,True,,651.169172932331,17
4575_2,False,,651.169172932331,17
4575_3,False,,651.169172932331,17
4575_4,False,,651.169172932331,17
4575_5,False,,651.169172932331,17
4576_1,True,,646.932330827068,17
4576_2,False,,646.932330827068,17
4576_3,False,,646.932330827068,17
4577_1,True,,651.169172932331,17
4577_2,False,,651.169172932331,17
4578_1,True,,646.932330827068,17
4578_2,False,,646.932330827068,17
4578_3,False,,646.932330827068,17
4579_1,True,,651.169172932331,20
4579_2,False,,651.169172932331,20
4579_3,False,,651.169172932331,20
4580_1,True,,646.932330827068,20
4581_1,True,,651.169172932331,20
4582_1,True,,646.932330827068,20
4582_2,False,,646.932330827068,20
4582_3,False,,646.932330827068,20
4582_4,False,,646.932330827068,20
4583_1,True,,651.169172932331,23
4583_2,False,,651.169172932331,23
4583_3,False,,651.169172932331,23
4583_4,False,,651.169172932331,23
4584_1,True,,646.932330827068,23
4585_1,True,,651.169172932331,23
4585_2,False,,651.169172932331,23
4585_3,False,,651.169172932331,23
4586_1,True,,646.932330827068,23
4587_1,True,,651.169172932331,23
4587_2,False,,651.169172932331,23
4587_3,False,,651.169172932331,23
4588_1,True,,646.932330827068,23
4589_1,True,,651.169172932331,23
4589_2,False,,651.169172932331,23
4590_1,True,,646.932330827068,23
4590_2,False,,646.932330827068,23
4591_1,True,,651.169172932331,29
4591_2,False,,651.169172932331,29
4592_1,True,,646.932330827068,29
4592_2,False,,646.932330827068,29
4592_3,False,,646.932330827068,29
4592_4,False,,646.932330827068,29
4592_5,False,,646.932330827068,29
4593_1,True,,651.169172932331,29
4593_2,False,,651.169172932331,29
4594_1,True,,646.932330827068,29
4595_1,True,,651.169172932331,30
4595_2,False,,651.169172932331,30
4596_1,True,,646.932330827068,30
4596_2,False,,646.932330827068,30
4596_3,False,,646.932330827068,30
4596_4,False,,646.932330827068,30
4597_1,True,,651.169172932331,30
4597_2,False,,651.169172932331,30
4597_3,False,,651.169172932331,30
4598_1,True,,646.932330827068,30
4598_2,False,,646.932330827068,30
4599_1,True,,651.169172932331,32
4599_2,False,,651.169172932331,32
4599_3,False,,651.169172932331,32
4600_1,True,,646.932330827068,32
4601_1,True,,651.169172932331,32
4601_2,False,,651.169172932331,32
4601_3,False,,651.169172932331,32
4602_1,True,,646.932330827068,32
4602_2,False,,646.932330827068,32
4602_3,False,,646.932330827068,32
4603_1,True,,651.169172932331,33
4603_2,False,,651.169172932331,33
4603_3,False,,651.169172932331,33
4603_4,False,,651.169172932331,33
4604_1,True,,646.932330827068,33
4604_2,False,,646.932330827068,33
4605_1,True,,651.169172932331,33
4605_2,False,,651.169172932331,33
4605_3,False,,651.169172932331,33
4605_4,False,,651.169172932331,33
4606_1,True,,646.932330827068,33
4606_2,False,,646.932330827068,33
4607_1,True,,651.169172932331,33
4607_2,False,,651.169172932331,33
4608_1,True,,646.932330827068,33
4608_2,False,,646.932330827068,33
4608_3,False,,646.932330827068,33
4608_4,False,,646.932330827068,33
4609_1,True,,651.169172932331,33
4609_2,False,,651.169172932331,33
4609_3,False,,651.169172932331,33
4610_1,True,,646.932330827068,33
4610_2,False,,646.932330827068,33
4611_1,True,,651.169172932331,33
4612_1,True,,646.932330827068,33
4613_1,True,,651.169172932331,33
4613_2,False,,651.169172932331,33
4613_3,False,,651.169172932331,33
4614_1,True,,646.932330827068,33
4614_2,False,,646.932330827068,33
4615_1,True,,651.169172932331,33
4616_1,True,,646.932330827068,33
4616_2,False,,646.932330827068,33
4617_1,True,,651.169172932331,33
4617_2,False,,651.169172932331,33
4617_3,False,,651.169172932331,33
4617_4,False,,651.169172932331,33
4618_1,True,,646.932330827068,33
4618_2,False,,646.932330827068,33
4618_3,False,,646.932330827068,33
4619_1,True,,651.169172932331,33
4619_2,False,,651.169172932331,33
4619_3,False,,651.169172932331,33
4620_1,True,,646.932330827068,33
4620_2,False,,646.932330827068,33
4621_1,True,,651.169172932331,33
4621_2,False,,651.169172932331,33
4621_3,False,,651.169172932331,33
4621_4,False,,651.169172932331,33
4622_1,True,,646.932330827068,33
4622_2,False,,646.932330827068,33
4622_3,False,,646.932330827068,33
4622_4,False,,646.932330827068,33
4623_1,True,,651.169172932331,33
4623_2,False,,651.169172932331,33
4623_3,False,,651.169172932331,33
4624_1,True,,646.932330827068,33
4624_2,False,,646.932330827068,33
4625_1,True,,651.169172932331,33
4625_2,False,,651.169172932331,33
4625_3,False,,651.169172932331,33
4625_4,False,,651.169172932331,33
4626_1,True,,646.932330827068,33
4626_2,False,,646.932330827068,33
4627_1,True,,651.169172932331,33
4628_1,True,,646.932330827068,33
4628_2,False,,646.932330827068,33
4629_1,True,,651.169172932331,33
4629_2,False,,651.169172932331,33
4629_3,False,,651.169172932331,33
4630_1,True,,646.932330827068,33
4631_1,True,,651.169172932331,33
4631_2,False,,651.169172932331,33
4631_3,False,,651.169172932331,33
4631_4,False,,651.169172932331,33
4632_1,True,,646.932330827068,33
4633_1,True,,651.169172932331,33
4633_2,False,,651.169172932331,33
4634_1,True,,646.932330827068,33
4635_1,True,,651.169172932331,33
4635_2,False,,651.169172932331,33
4635_3,False,,651.169172932331,33
4635_4,False,,651.169172932331,33
4636_1,True,,646.932330827068,33
4636_2,False,,646.932330827068,33
4636_3,False,,646.932330827068,33
4636_4,False,,646.932330827068,33
4637_1,True,,651.169172932331,33
4637_2,False,,651.169172932331,33
4638_1,True,,646.932330827068,33
4638_2,False,,646.932330827068,33
4639_1,True,,651.169172932331,33
4639_2,False,,651.169172932331,33
4639_3,False,,651.169172932331,33
4640_1,True,,646.932330827068,33
4641_1,True,,651.169172932331,33
4641_2,False,,651.169172932331,33
4641_3,False,,651.169172932331,33
4641_4,False,,651.169172932331,33
4642_1,True,,646.932330827068,33
4642_2,False,,646.932330827068,33
4642_3,False,,646.932330827068,33
4642_4,False,,646.932330827068,33
4643_1,True,,651.169172932331,33
4643_2,False,,651.169172932331,33
4644_1,True,,646.932330827068,33
4644_2,False,,646.932330827068,33
4645_1,True,,651.169172932331,33
4645_2,False,,651.169172932331,33
4646_1,True,,646.932330827068,33
4646_2,False,,646.932330827068,33
4646_3,False,,646.932330827068,33
4647_1,True,,651.169172932331,33
4647_2,False,,651.169172932331,33
4647_3,False,,651.169172932331,33
4648_1,True,,646.932330827068,33
4648_2,False,,646.932330827068,33
4649_1,True,,651.169172932331,33
4649_2,False,,651.169172932331,33
4649_3,False,,651.169172932331,33
4650_1,True,,646.932330827068,33
4650_2,False,,646.932330827068,33
4650_3,False,,646.932330827068,33
4650_4,False,,646.932330827068,33
4651_1,True,,651.169172932331,33
4651_2,False,,651.169172932331,33
4651_3,False,,651.169172932331,33
4652_1,True,,646.932330827068,33
4652_2,False,,646.932330827068,33
4652_3,False,,646.932330827068,33
4653_1,True,,651.169172932331,33
4653_2,False,,651.169172932331,33
4653_3,False,,651.169172932331,33
4653_4,False,,651.169172932331,33
4653_5,False,,651.169172932331,33
4654_1,True,,646.932330827068,33
4654_2,False,,646.932330827068,33
4655_1,True,,651.169172932331,33
4655_2,False,,651.169172932331,33
4655_3,False,,651.169172932331,33
4655_4,False,,651.169172932331,33
4655_5,False,,651.169172932331,33
4655_6,False,,651.169172932331,33
4656_1,True,,646.932330827068,33
4656_2,False,,646.932330827068,33
4656_3,False,,646.932330827068,33
4657_1,True,,651.169172932331,33
4658_1,True,,646.932330827068,33
4659_1,True,,651.169172932331,33
4659_2,False,,651.169172932331,33
4659_3,False,,651.169172932331,33
4659_4,False,,651.169172932331,33
4660_1,True,,646.932330827068,33
4660_2,False,,646.932330827068,33
4660_3,False,,646.932330827068,33
4661_1,True,,651.169172932331,33
4661_2,False,,651.169172932331,33
4661_3,False,,651.169172932331,33
4662_1,True,,646.932330827068,33
4663_1,True,,651.169172932331,33
4663_2,False,,651.169172932331,33
4663_3,False,,651.169172932331,33
4664_1,True,,646.932330827068,33
4664_2,False,,646.932330827068,33
4665_1,True,,651.169172932331,33
4665_2,False,,651.169172932331,33
4666_1,True,,646.932330827068,33
4666_2,False,,646.932330827068,33
4666_3,False,,646.932330827068,33
4667_1,True,,651.169172932331,33
4667_2,False,,651.169172932331,33
4667_3,False,,651.169172932331,33
4667_4,False,,651.169172932331,33
4668_1,True,,646.932330827068,33
4668_2,False,,646.932330827068,33
4669_1,True,,651.169172932331,33
4669_2,False,,651.169172932331,33
4670_1,True,,646.932330827068,33
4670_2,False,,646.932330827068,33
4670_3,False,,646.932330827068,33
4670_4,False,,646.932330827068,33
4670_5,False,,646.932330827068,33
4671_1,True,,651.169172932331,33
4671_2,False,,651.169172932331,33
4671_3,False,,651.169172932331,33
4672_1,True,,646.932330827068,33
4672_2,False,,646.932330827068,33
4672_3,False,,646.932330827068,33
4672_4,False,,646.932330827068,33
4673_1,True,,651.169172932331,33
4673_2,False,,651.169172932331,33
4674_1,True,,646.932330827068,33
4674_2,False,,646.932330827068,33
4674_3,False,,646.932330827068,33
4675_1,True,,651.169172932331,33
4675_2,False,,651.169172932331,33
4675_3,False,,651.169172932331,33
4675_4,False,,651.169172932331,33
4675_5,False,,651.169172932331,33
4676_1,True,,646.932330827068,33
4676_2,False,,646.932330827068,33
4676_3,False,,646.932330827068,33
4676_4,False,,646.932330827068,33
4677_1,True,,651.169172932331,33
4677_2,False,,651.169172932331,33
4677_3,False,,651.169172932331,33
4678_1,True,,646.932330827068,33
4678_2,False,,646.932330827068,33
4679_1,True,,651.169172932331,33
4679_2,False,,651.169172932331,33
4679_3,False,,651.169172932331,33
4680_1,True,,646.932330827068,33
4680_2,False,,646.932330827068,33
4680_3,False,,646.932330827068,33
4681_1,True,,651.169172932331,33
4681_2,False,,651.169172932331,33
4682_1,True,,646.932330827068,33
4682_2,False,,646.932330827068,33
4682_3,False,,646.932330827068,33
4683_1,True,,651.169172932331,33
4683_2,False,,651.169172932331,33
4684_1,True,,646.932330827068,33
4684_2,False,,646.932330827068,33
4684_3,False,,646.932330827068,33
4685_1,True,,651.169172932331,33
4685_2,False,,651.169172932331,33
4685_3,False,,651.169172932331,33
4686_1,True,,646.932330827068,33
4686_2,False,,646.932330827068,33
4686_3,False,,646.932330827068,33
4686_4,False,,646.932330827068,33
4687_1,True,,651.169172932331,33
4687_2,False,,651.169172932331,33
4687_3,False,,651.169172932331,33
4687_4,False,,651.169172932331,33
4688_1,True,,646.932330827068,33
4688_2,False,,646.932330827068,33
4689_1,True,,651.169172932331,33
4690_1,True,,646.932330827068,33
4690_2,False,,646.932330827068,33
4690_3,False,,646.932330827068,33
4691_1,True,,651.169172932331,33
4691_2,False,,651.169172932331,33
4691_3,False,,651.169172932331,33
4691_4,False,,651.169172932331,33
4692_1,True,,646.932330827068,33
4692_2,False,,646.932330827068,33
4692_3,False,,646.932330827068,33
4693_1,True,,651.169172932331,33
4694_1,True,,646.932330827068,33
4695_1,True,,651.169172932331,33
4695_2,False,,651.169172932331,33
4695_3,False,,651.169172932331,33
4696_1,True,,646.932330827068,33
4696_2,False,,646.932330827068,33
4696_3,False,,646.932330827068,33
4697_1,True,,651.169172932331,33
4697_2,False,,651.169172932331,33
4697_3,False,,651.169172932331,33
4698_1,True,,646.932330827068,33
4698_2,False,,646.932330827068,33
4699_1,True,,651.169172932331,33
4699_2,False,,651.169172932331,33
4699_3,False,,651.169172932331,33
4700_1,True,,646.932330827068,33
4700_2,False,,646.932330827068,33
4700_3,False,,646.932330827068,33
4701_1,True,,651.169172932331,33
4701_2,False,,651.169172932331,33
4702_1,True,,646.932330827068,33
4702_2,False,,646.932330827068,33
4702_3,False,,646.932330827068,33
4703_1,True,,651.169172932331,33
4703_2,False,,651.169172932331,33
4704_1,True,,646.932330827068,33
4704_2,False,,646.932330827068,33
4704_3,False,,646.932330827068,33
4705_1,True,,651.169172932331,33
4705_2,False,,651.169172932331,33
4705_3,False,,651.169172932331,33
4705_4,False,,651.169172932331,33
4706_1,True,,646.932330827068,33
4706_2,False,,646.932330827068,33
4706_3,False,,646.932330827068,33
4706_4,False,,646.932330827068,33
4707_1,True,,651.169172932331,33
4707_2,False,,651.169172932331,33
4707_3,False,,651.169172932331,33
4707_4,False,,651.169172932331,33
4708_1,True,,646.932330827068,33
4708_2,False,,646.932330827068,33
4709_1,True,,651.169172932331,33
4709_2,False,,651.169172932331,33
4710_1,True,,646.932330827068,33
4710_2,False,,646.932330827068,33
4710_3,False,,646.932330827068,33
4711_1,True,,651.169172932331,33
4711_2,False,,651.169172932331,33
4711_3,False,,651.169172932331,33
4712_1,True,,646.932330827068,33
4712_2,False,,646.932330827068,33
4712_3,False,,646.932330827068,33
4713_1,True,,651.169172932331,33
4713_2,False,,651.169172932331,33
4714_1,True,,646.932330827068,33
4714_2,False,,646.932330827068,33
4714_3,False,,646.932330827068,33
4714_4,False,,646.932330827068,33
4715_1,True,,651.169172932331,33
4716_1,True,,646.932330827068,33
4716_2,False,,646.932330827068,33
4716_3,False,,646.932330827068,33
4716_4,False,,646.932330827068,33
4717_1,True,,651.169172932331,33
4718_1,True,,646.932330827068,33
4718_2,False,,646.932330827068,33
4719_1,True,,651.169172932331,33
4719_2,False,,651.169172932331,33
4719_3,False,,651.169172932331,33
4720_1,True,,646.932330827068,33
4721_1,True,,651.169172932331,33
4721_2,False,,651.169172932331,33
4721_3,False,,651.169172932331,33
4722_1,True,,646.932330827068,33
4723_1,True,,651.169172932331,34
4723_2,False,,651.169172932331,34
4723_3,False,,651.169172932331,34
4723_4,False,,651.169172932331,34
4724_1,True,,646.932330827068,34
4724_2,False,,646.932330827068,34
4725_1,True,,651.169172932331,34
4726_1,True,,646.932330827068,34
4726_2,False,,646.932330827068,34
4727_1,True,,651.169172932331,34
4727_2,False,,651.169172932331,34
4728_1,True,,646.932330827068,34
4728_2,False,,646.932330827068,34
4728_3,False,,646.932330827068,34
4728_4,False,,646.932330827068,34
4729_1,True,,651.169172932331,34
4729_2,False,,651.169172932331,34
4729_3,False,,651.169172932331,34
4729_4,False,,651.169172932331,34
4730_1,True,,646.932330827068,34
4730_2,False,,646.932330827068,34
4730_3,False,,646.932330827068,34
4730_4,False,,646.932330827068,34
4730_5,False,,646.932330827068,34
4731_1,True,,651.169172932331,36
4731_2,False,,651.169172932331,36
4731_3,False,,651.169172932331,36
4731_4,False,,651.169172932331,36
4731_5,False,,651.169172932331,36
4731_6,False,,651.169172932331,36
4732_1,True,,646.932330827068,36
4732_2,False,,646.932330827068,36
4732_3,False,,646.932330827068,36
4732_4,False,,646.932330827068,36
4732_5,False,,646.932330827068,36
4733_1,True,,651.169172932331,36
4733_2,False,,651.169172932331,36
4733_3,False,,651.169172932331,36
4733_4,False,,651.169172932331,36
4734_1,True,,646.932330827068,36
4734_2,False,,646.932330827068,36
4735_1,True,,651.169172932331,36
4735_2,False,,651.169172932331,36
4735_3,False,,651.169172932331,36
4735_4,False,,651.169172932331,36
4736_1,True,,646.932330827068,36
4736_2,False,,646.932330827068,36
4736_3,False,,646.932330827068,36
4736_4,False,,646.932330827068,36
4736_5,False,,646.932330827068,36
4736_6,False,,646.932330827068,36
4737_1,True,,651.169172932331,36
4737_2,False,,651.169172932331,36
4737_3,False,,651.169172932331,36
4738_1,True,,646.932330827068,36
4738_2,False,,646.932330827068,36
4739_1,True,,651.169172932331,37
4739_2,False,,651.169172932331,37
4740_1,True,,646.932330827068,37
4741_1,True,,651.169172932331,37
4741_2,False,,651.169172932331,37
4741_3,False,,651.169172932331,37
4741_4,False,,651.169172932331,37
4742_1,True,,646.932330827068,37
4743_1,True,,651.169172932331,37
4743_2,False,,651.169172932331,37
4743_3,False,,651.169172932331,37
4743_4,False,,651.169172932331,37
4744_1,True,,646.932330827068,37
4745_1,True,,651.169172932331,37
4745_2,False,,651.169172932331,37
4745_3,False,,651.169172932331,37
4746_1,True,,646.932330827068,37
4747_1,True,,651.169172932331,38
4747_2,False,,651.169172932331,38
4747_3,False,,651.169172932331,38
4748_1,True,,646.932330827068,38
4748_2,False,,646.932330827068,38
4748_3,False,,646.932330827068,38
4749_1,True,,651.169172932331,38
4749_2,False,,651.169172932331,38
4749_3,False,,651.169172932331,38
4749_4,False,,651.169172932331,38
4750_1,True,,646.932330827068,38
4750_2,False,,646.932330827068,38
4750_3,False,,646.932330827068,38
4751_1,True,,651.169172932331,38
4751_2,False,,651.169172932331,38
4751_3,False,,651.169172932331,38
4751_4,False,,651.169172932331,38
4752_1,True,,646.932330827068,38
4753_1,True,,651.169172932331,38
4753_2,False,,651.169172932331,38
4753_3,False,,651.169172932331,38
4753_4,False,,651.169172932331,38
4753_5,False,,651.169172932331,38
4754_1,True,,646.932330827068,38
4754_2,False,,646.932330827068,38
4755_1,True,,651.169172932331,38
4755_2,False,,651.169172932331,38
4755_3,False,,651.169172932331,38
4755_4,False,,651.169172932331,38
4756_1,True,,646.932330827068,38
4756_2,False,,646.932330827068,38
4756_3,False,,646.932330827068,38
4756_4,False,,646.932330827068,38
4757_1,True,,651.169172932331,38
4757_2,False,,651.169172932331,38
4757_3,False,,651.169172932331,38
4758_1,True,,646.932330827068,38
4758_2,False,,646.932330827068,38
4759_1,True,,651.169172932331,38
4759_2,False,,651.169172932331,38
4760_1,True,,646.932330827068,38
4760_2,False,,646.932330827068,38
4760_3,False,,646.932330827068,38
4761_1,True,,651.169172932331,38
4761_2,False,,651.169172932331,38
4761_3,False,,651.169172932331,38
4761_4,False,,651.169172932331,38
4762_1,True,,646.932330827068,38
4762_2,False,,646.932330827068,38
4763_1,True,,651.169172932331,38
4763_2,False,,651.169172932331,38
4763_3,False,,651.169172932331,38
4764_1,True,,646.932330827068,38
4764_2,False,,646.932330827068,38
4764_3,False,,646.932330827068,38
4765_1,True,,651.169172932331,38
4765_2,False,,651.169172932331,38
4765_3,False,,651.169172932331,38
4766_1,True,,646.932330827068,38
4766_2,False,,646.932330827068,38
4766_3,False,,646.932330827068,38
4767_1,True,,651.169172932331,38
4767_2,False,,651.169172932331,38
4768_1,True,,646.932330827068,38
4768_2,False,,646.932330827068,38
4769_1,True,,651.169172932331,38
4769_2,False,,651.169172932331,38
4769_3,False,,651.169172932331,38
4769_4,False,,651.169172932331,38
4770_1,True,,646.932330827068,38
4770_2,False,,646.932330827068,38
4770_3,False,,646.932330827068,38
4771_1,True,,651.169172932331,38
4771_2,False,,651.169172932331,38
4771_3,False,,651.169172932331,38
4772_1,True,,646.932330827068,38
4772_2,False,,646.932330827068,38
4772_3,False,,646.932330827068,38
4772_4,False,,646.932330827068,38
4772_5,False,,646.932330827068,38
4773_1,True,,651.169172932331,38
4773_2,False,,651.169172932331,38
4774_1,True,,646.932330827068,38
4774_2,False,,646.932330827068,38
4775_1,True,,651.169172932331,38
4775_2,False,,651.169172932331,38
4775_3,False,,651.169172932331,38
4776_1,True,,646.932330827068,38
4776_2,False,,646.932330827068,38
4776_3,False,,646.932330827068,38
4777_1,True,,651.169172932331,38
4777_2,False,,651.169172932331,38
4777_3,False,,651.169172932331,38
4778_1,True,,646.932330827068,38
4778_2,False,,646.932330827068,38
4778_3,False,,646.932330827068,38
4779_1,True,,651.169172932331,38
4779_2,False,,651.169172932331,38
4780_1,True,,646.932330827068,38
4780_2,False,,646.932330827068,38
4780_3,False,,646.932330827068,38
4781_1,True,,651.169172932331,38
4781_2,False,,651.169172932331,38
4781_3,False,,651.169172932331,38
4781_4,False,,651.169172932331,38
4781_5,False,,651.169172932331,38
4782_1,True,,646.932330827068,38
4782_2,False,,646.932330827068,38
4782_3,False,,646.932330827068,38
4783_1,True,,651.169172932331,38
4783_2,False,,651.169172932331,38
4783_3,False,,651.169172932331,38
4783_4,False,,651.169172932331,38
4784_1,True,,646.932330827068,38
4784_2,False,,646.932330827068,38
4784_3,False,,646.932330827068,38
4785_1,True,,651.169172932331,38
4785_2,False,,651.169172932331,38
4785_3,False,,651.169172932331,38
4786_1,True,,646.932330827068,38
4786_2,False,,646.932330827068,38
4786_3,False,,646.932330827068,38
4787_1,True,,651.169172932331,38
4787_2,False,,651.169172932331,38
4787_3,False,,651.169172932331,38
4787_4,False,,651.169172932331,38
4788_1,True,,646.932330827068,38
4788_2,False,,646.932330827068,38
4788_3,False,,646.932330827068,38
4789_1,True,,651.169172932331,38
4789_2,False,,651.169172932331,38
4789_3,False,,651.169172932331,38
4790_1,True,,646.932330827068,38
4790_2,False,,646.932330827068,38
4791_1,True,,651.169172932331,38
4791_2,False,,651.169172932331,38
4791_3,False,,651.169172932331,38
4792_1,True,,646.932330827068,38
4792_2,False,,646.932330827068,38
4792_3,False,,646.932330827068,38
4793_1,True,,651.169172932331,38
4793_2,False,,651.169172932331,38
4793_3,False,,651.169172932331,38
4794_1,True,,646.932330827068,38
4794_2,False,,646.932330827068,38
4794_3,False,,646.932330827068,38
4794_4,False,,646.932330827068,38
4794_5,False,,646.932330827068,38
4795_1,True,,651.169172932331,38
4795_2,False,,651.169172932331,38
4796_1,True,,646.932330827068,38
4796_2,False,,646.932330827068,38
4796_3,False,,646.932330827068,38
4796_4,False,,646.932330827068,38
4797_1,True,,651.169172932331,38
4797_2,False,,651.169172932331,38
4797_3,False,,651.169172932331,38
4797_4,False,,651.169172932331,38
4798_1,True,,646.932330827068,38
4798_2,False,,646.932330827068,38
4799_1,True,,651.169172932331,38
4799_2,False,,651.169172932331,38
4799_3,False,,651.169172932331,38
4799_4,False,,651.169172932331,38
4800_1,True,,646.932330827068,38
4800_2,False,,646.932330827068,38
4801_1,True,,651.169172932331,38
4801_2,False,,651.169172932331,38
4802_1,True,,646.932330827068,38
4802_2,False,,646.932330827068,38
4802_3,False,,646.932330827068,38
4803_1,True,,651.169172932331,38
4804_1,True,,646.932330827068,38
4804_2,False,,646.932330827068,38
4805_1,True,,651.169172932331,38
4805_2,False,,651.169172932331,38
4806_1,True,,646.932330827068,38
4807_1,True,,651.169172932331,38
4807_2,False,,651.169172932331,38
4807_3,False,,651.169172932331,38
4808_1,True,,646.932330827068,38
4808_2,False,,646.932330827068,38
4808_3,False,,646.932330827068,38
4809_1,True,,651.169172932331,38
4809_2,False,,651.169172932331,38
4810_1,True,,646.932330827068,38
4810_2,False,,646.932330827068,38
4810_3,False,,646.932330827068,38
4811_1,True,,651.169172932331,38
4811_2,False,,651.169172932331,38
4812_1,True,,646.932330827068,38
4812_2,False,,646.932330827068,38
4812_3,False,,646.932330827068,38
4813_1,True,,651.169172932331,38
4813_2,False,,651.169172932331,38
4813_3,False,,651.169172932331,38
4814_1,True,,646.932330827068,38
4814_2,False,,646.932330827068,38
4814_3,False,,646.932330827068,38
4815_1,True,,651.169172932331,38
4815_2,False,,651.169172932331,38
4816_1,True,,646.932330827068,38
4816_2,False,,646.932330827068,38
4816_3,False,,646.932330827068,38
4817_1,True,,651.169172932331,38
4817_2,False,,651.169172932331,38
4817_3,False,,651.169172932331,38
4818_1,True,,646.932330827068,38
4818_2,False,,646.932330827068,38
4819_1,True,,651.169172932331,38
4819_2,False,,651.169172932331,38
4820_1,True,,646.932330827068,38
4820_2,False,,646.932330827068,38
4820_3,False,,646.932330827068,38
4821_1,True,,651.169172932331,38
4821_2,False,,651.169172932331,38
4821_3,False,,651.169172932331,38
4822_1,True,,646.932330827068,38
4822_2,False,,646.932330827068,38
4822_3,False,,646.932330827068,38
4822_4,False,,646.932330827068,38
4823_1,True,,651.169172932331,38
4823_2,False,,651.169172932331,38
4823_3,False,,651.169172932331,38
4824_1,True,,646.932330827068,38
4824_2,False,,646.932330827068,38
4824_3,False,,646.932330827068,38
4825_1,True,,651.169172932331,38
4825_2,False,,651.169172932331,38
4825_3,False,,651.169172932331,38
4826_1,True,,646.932330827068,38
4826_2,False,,646.932330827068,38
4826_3,False,,646.932330827068,38
4827_1,True,,651.169172932331,38
4827_2,False,,651.169172932331,38
4827_3,False,,651.169172932331,38
4827_4,False,,651.169172932331,38
4828_1,True,,646.932330827068,38
4828_2,False,,646.932330827068,38
4829_1,True,,651.169172932331,38
4829_2,False,,651.169172932331,38
4829_3,False,,651.169172932331,38
4830_1,True,,646.932330827068,38
4831_1,True,,651.169172932331,38
4831_2,False,,651.169172932331,38
4831_3,False,,651.169172932331,38
4832_1,True,,646.932330827068,38
4832_2,False,,646.932330827068,38
4833_1,True,,651.169172932331,38
4833_2,False,,651.169172932331,38
4833_3,False,,651.169172932331,38
4833_4,False,,651.169172932331,38
4833_5,False,,651.169172932331,38
4834_1,True,,646.932330827068,38
4835_1,True,,651.169172932331,38
4835_2,False,,651.169172932331,38
4835_3,False,,651.169172932331,38
4836_1,True,,646.932330827068,38
4836_2,False,,646.932330827068,38
4837_1,True,,651.169172932331,38
4837_2,False,,651.169172932331,38
4837_3,False,,651.169172932331,38
4838_1,True,,646.932330827068,38
4838_2,False,,646.932330827068,38
4838_3,False,,646.932330827068,38
4839_1,True,,651.169172932331,38
4839_2,False,,651.169172932331,38
4840_1,True,,646.932330827068,38
4840_2,False,,646.932330827068,38
4840_3,False,,646.932330827068,38
4841_1,True,,651.169172932331,38
4841_2,False,,651.169172932331,38
4841_3,False,,651.169172932331,38
4842_1,True,,646.932330827068,38
4842_2,False,,646.932330827068,38
4843_1,True,,651.169172932331,38
4843_2,False,,651.169172932331,38
4843_3,False,,651.169172932331,38
4843_4,False,,651.169172932331,38
4844_1,True,,646.932330827068,38
4844_2,False,,646.932330827068,38
4844_3,False,,646.932330827068,38
4845_1,True,,651.169172932331,38
4845_2,False,,651.169172932331,38
4845_3,False,,651.169172932331,38
4846_1,True,,646.932330827068,38
4847_1,True,,651.169172932331,44
4847_2,False,,651.169172932331,44
4847_3,False,,651.169172932331,44
4847_4,False,,651.169172932331,44
4848_1,True,,646.932330827068,44
4849_1,True,,651.169172932331,44
4850_1,True,,646.932330827068,44
4850_2,False,,646.932330827068,44
4850_3,False,,646.932330827068,44
4851_1,True,,651.169172932331,44
4851_2,False,,651.169172932331,44
4851_3,False,,651.169172932331,44
4852_1,True,,646.932330827068,44
4853_1,True,,651.169172932331,44
4853_2,False,,651.169172932331,44
4854_1,True,,646.932330827068,44
4854_2,False,,646.932330827068,44
4854_3,False,,646.932330827068,44
4855_1,True,,651.169172932331,44
4855_2,False,,651.169172932331,44
4855_3,False,,651.169172932331,44
4856_1,True,,646.932330827068,44
4856_2,False,,646.932330827068,44
4856_3,False,,646.932330827068,44
4857_1,True,,651.169172932331,44
4857_2,False,,651.169172932331,44
4857_3,False,,651.169172932331,44
4857_4,False,,651.169172932331,44
4858_1,True,,646.932330827068,44
4858_2,False,,646.932330827068,44
4858_3,False,,646.932330827068,44
4859_1,True,,651.169172932331,44
4859_2,False,,651.169172932331,44
4859_3,False,,651.169172932331,44
4859_4,False,,651.169172932331,44
4860_1,True,,646.932330827068,44
4860_2,False,,646.932330827068,44
4861_1,True,,651.169172932331,44
4862_1,True,,646.932330827068,44
4863_1,True,,651.169172932331,44
4863_2,False,,651.169172932331,44
4863_3,False,,651.169172932331,44
4864_1,True,,646.932330827068,44
4864_2,False,,646.932330827068,44
4864_3,False,,646.932330827068,44
4865_1,True,,651.169172932331,44
4866_1,True,,646.932330827068,44
4866_2,False,,646.932330827068,44
4866_3,False,,646.932330827068,44
4867_1,True,,651.169172932331,44
4867_2,False,,651.169172932331,44
4867_3,False,,651.169172932331,44
4867_4,False,,651.169172932331,44
4868_1,True,,646.932330827068,44
4868_2,False,,646.932330827068,44
4868_3,False,,646.932330827068,44
4869_1,True,,651.169172932331,44
4869_2,False,,651.169172932331,44
4869_3,False,,651.169172932331,44
4870_1,True,,646.932330827068,44
4870_2,False,,646.932330827068,44
4870_3,False,,646.932330827068,44
4871_1,True,,651.169172932331,44
4871_2,False,,651.169172932331,44
4871_3,False,,651.169172932331,44
4872_1,True,,646.932330827068,44
4872_2,False,,646.932330827068,44
4872_3,False,,646.932330827068,44
4873_1,True,,651.169172932331,44
4873_2,False,,651.169172932331,44
4874_1,True,,646.932330827068,44
4874_2,False,,646.932330827068,44
4875_1,True,,651.169172932331,44
4875_2,False,,651.169172932331,44
4875_3,False,,651.169172932331,44
4875_4,False,,651.169172932331,44
4876_1,True,,646.932330827068,44
4876_2,False,,646.932330827068,44
4876_3,False,,646.932330827068,44
4876_4,False,,646.932330827068,44
4877_1,True,,651.169172932331,44
4877_2,False,,651.169172932331,44
4877_3,False,,651.169172932331,44
4877_4,False,,651.169172932331,44
4878_1,True,,646.932330827068,44
4878_2,False,,646.932330827068,44
4879_1,True,,651.169172932331,44
4879_2,False,,651.169172932331,44
4880_1,True,,646.932330827068,44
4880_2,False,,646.932330827068,44
4881_1,True,,651.169172932331,44
4881_2,False,,651.169172932331,44
4881_3,False,,651.169172932331,44
4882_1,True,,646.932330827068,44
4883_1,True,,651.169172932331,44
4883_2,False,,651.169172932331,44
4883_3,False,,651.169172932331,44
4883_4,False,,651.169172932331,44
4884_1,True,,646.932330827068,44
4884_2,False,,646.932330827068,44
4885_1,True,,651.169172932331,44
4886_1,True,,646.932330827068,44
4886_2,False,,646.932330827068,44
4886_3,False,,646.932330827068,44
4887_1,True,,651.169172932331,44
4887_2,False,,651.169172932331,44
4887_3,False,,651.169172932331,44
4888_1,True,,646.932330827068,44
4888_2,False,,646.932330827068,44
4889_1,True,,651.169172932331,44
4889_2,False,,651.169172932331,44
4890_1,True,,646.932330827068,44
4890_2,False,,646.932330827068,44
4890_3,False,,646.932330827068,44
4891_1,True,,651.169172932331,44
4891_2,False,,651.169172932331,44
4891_3,False,,651.169172932331,44
4891_4,False,,651.169172932331,44
4891_5,False,,651.169172932331,44
4892_1,True,,646.932330827068,44
4892_2,False,,646.932330827068,44
4892_3,False,,646.932330827068,44
4892_4,False,,646.932330827068,44
4893_1,True,,651.169172932331,44
4894_1,True,,646.932330827068,44
4895_1,True,,651.169172932331,44
4895_2,False,,651.169172932331,44
4895_3,False,,651.169172932331,44
4896_1,True,,646.932330827068,44
4896_2,False,,646.932330827068,44
4896_3,False,,646.932330827068,44
4896_4,False,,646.932330827068,44
4897_1,True,,651.169172932331,44
4897_2,False,,651.169172932331,44
4898_1,True,,646.932330827068,44
4898_2,False,,646.932330827068,44
4898_3,False,,646.932330827068,44
4899_1,True,,651.169172932331,44
4899_2,False,,651.169172932331,44
4899_3,False,,651.169172932331,44
4900_1,True,,646.932330827068,44
4900_2,False,,646.932330827068,44
4901_1,True,,651.169172932331,44
4901_2,False,,651.169172932331,44
4901_3,False,,651.169172932331,44
4902_1,True,,646.932330827068,44
4902_2,False,,646.932330827068,44
4902_3,False,,646.932330827068,44
4902_4,False,,646.932330827068,44
4903_1,True,,651.169172932331,44
4904_1,True,,646.932330827068,44
4904_2,False,,646.932330827068,44
4904_3,False,,646.932330827068,44
4904_4,False,,646.932330827068,44
4905_1,True,,651.169172932331,44
4905_2,False,,651.169172932331,44
4905_3,False,,651.169172932331,44
4906_1,True,,646.932330827068,44
4907_1,True,,651.169172932331,47
4907_2,False,,651.169172932331,47
4907_3,False,,651.169172932331,47
4908_1,True,,646.932330827068,47
4908_2,False,,646.932330827068,47
4909_1,True,,651.169172932331,47
4909_2,False,,651.169172932331,47
4910_1,True,,646.932330827068,47
4910_2,False,,646.932330827068,47
4910_3,False,,646.932330827068,47
4911_1,True,,651.169172932331,47
4911_2,False,,651.169172932331,47
4911_3,False,,651.169172932331,47
4911_4,False,,651.169172932331,47
4912_1,True,,646.932330827068,47
4912_2,False,,646.932330827068,47
4913_1,True,,651.169172932331,47
4913_2,False,,651.169172932331,47
4914_1,True,,646.932330827068,47
4914_2,False,,646.932330827068,47
4915_1,True,,651.169172932331,47
4915_2,False,,651.169172932331,47
4915_3,False,,651.169172932331,47
4916_1,True,,646.932330827068,47
4917_1,True,,651.169172932331,47
4917_2,False,,651.169172932331,47
4917_3,False,,651.169172932331,47
4917_4,False,,651.169172932331,47
4918_1,True,,646.932330827068,47
4918_2,False,,646.932330827068,47
4918_3,False,,646.932330827068,47
4919_1,True,,651.169172932331,47
4919_2,False,,651.169172932331,47
4920_1,True,,646.932330827068,47
4920_2,False,,646.932330827068,47
4920_3,False,,646.932330827068,47
4920_4,False,,646.932330827068,47
4921_1,True,,651.169172932331,47
4921_2,False,,651.169172932331,47
4921_3,False,,651.169172932331,47
4921_4,False,,651.169172932331,47
4922_1,True,,646.932330827068,47
4922_2,False,,646.932330827068,47
4923_1,True,,651.169172932331,47
4923_2,False,,651.169172932331,47
4923_3,False,,651.169172932331,47
4924_1,True,,646.932330827068,47
4924_2,False,,646.932330827068,47
4924_3,False,,646.932330827068,47
4925_1,True,,651.169172932331,47
4925_2,False,,651.169172932331,47
4925_3,False,,651.169172932331,47
4926_1,True,,646.932330827068,47
4926_2,False,,646.932330827068,47
4926_3,False,,646.932330827068,47
4927_1,True,,651.169172932331,47
4928_1,True,,646.932330827068,47
4928_2,False,,646.932330827068,47
4929_1,True,,651.169172932331,47
4929_2,False,,651.169172932331,47
4929_3,False,,651.169172932331,47
4929_4,False,,651.169172932331,47
4930_1,True,,646.932330827068,47
4930_2,False,,646.932330827068,47
4931_1,True,,651.169172932331,47
4931_2,False,,651.169172932331,47
4931_3,False,,651.169172932331,47
4932_1,True,,646.932330827068,47
4932_2,False,,646.932330827068,47
4933_1,True,,651.169172932331,47
4933_2,False,,651.169172932331,47
4934_1,True,,646.932330827068,47
4934_2,False,,646.932330827068,47
4934_3,False,,646.932330827068,47
4934_4,False,,646.932330827068,47
4934_5,False,,646.932330827068,47
4934_6,False,,646.932330827068,47
4935_1,True,,651.169172932331,47
4935_2,False,,651.169172932331,47
4935_3,False,,651.169172932331,47
4935_4,False,,651.169172932331,47
4935_5,False,,651.169172932331,47
4936_1,True,,646.932330827068,47
4936_2,False,,646.932330827068,47
4936_3,False,,646.932330827068,47
4936_4,False,,646.932330827068,47
4937_1,True,,651.169172932331,47
4937_2,False,,651.169172932331,47
4938_1,True,,646.932330827068,47
4938_2,False,,646.932330827068,47
4938_3,False,,646.932330827068,47
4938_4,False,,646.932330827068,47
4939_1,True,,651.169172932331,47
4939_2,False,,651.169172932331,47
4939_3,False,,651.169172932331,47
4940_1,True,,646.932330827068,47
4940_2,False,,646.932330827068,47
4940_3,False,,646.932330827068,47
4940_4,False,,646.932330827068,47
4941_1,True,,651.169172932331,47
4941_2,False,,651.169172932331,47
4941_3,False,,651.169172932331,47
4942_1,True,,646.932330827068,47
4943_1,True,,651.169172932331,47
4943_2,False,,651.169172932331,47
4943_3,False,,651.169172932331,47
4944_1,True,,646.932330827068,47
4944_2,False,,646.932330827068,47
4944_3,False,,646.932330827068,47
4945_1,True,,651.169172932331,47
4945_2,False,,651.169172932331,47
4946_1,True,,646.932330827068,47
4946_2,False,,646.932330827068,47
4947_1,True,,651.169172932331,51
4948_1,True,,646.932330827068,51
4948_2,False,,646.932330827068,51
4949_1,True,,651.169172932331,51
4949_2,False,,651.169172932331,51
4949_3,False,,651.169172932331,51
4950_1,True,,646.932330827068,51
4950_2,False,,646.932330827068,51
