respondent_id,is_initial_respondent,nombre,factor_cvnl,city_id
1_1,True,,893.288147,31
1_2,False,,893.288147,31
1_3,False,,893.288147,31
1_4,False,,893.288147,31
2_1,True,,632.7542725,48
2_2,False,,632.7542725,48
2_3,False,,632.7542725,48
2_4,False,,632.7542725,48
3_1,True,,938.2555542,21
3_2,False,,938.2555542,21
3_3,False,,938.2555542,21
4_1,True,,262.3351746,19
5_1,True,,262.3351746,19
5_2,False,,262.3351746,19
6_1,True,,938.2555542,21
7_1,True,,247.9388885,9
7_2,False,,247.9388885,9
7_3,False,,247.9388885,9
8_1,True,,247.9388885,9
8_2,False,,247.9388885,9
8_3,False,,247.9388885,9
8_4,False,,247.9388885,9
8_5,False,,247.9388885,9
8_6,False,,247.9388885,9
9_1,True,,923.9660645,46
9_2,False,,923.9660645,46
10_1,True,,1265.607544,41
10_2,False,,1265.607544,41
10_3,False,,1265.607544,41
10_4,False,,1265.607544,41
10_5,False,,1265.607544,41
11_1,True,,1367.826782,26
11_2,False,,1367.826782,26
11_3,False,,1367.826782,26
11_4,False,,1367.826782,26
11_5,False,,1367.826782,26
11_6,False,,1367.826782,26
12_1,True,,923.9660645,46
12_2,False,,923.9660645,46
12_3,False,,923.9660645,46
13_1,True,,102.3274841,49
13_2,False,,102.3274841,49
13_3,False,,102.3274841,49
13_4,False,,102.3274841,49
13_5,False,,102.3274841,49
14_1,True,,938.2556152,21
14_2,False,,938.2556152,21
14_3,False,,938.2556152,21
14_4,False,,938.2556152,21
15_1,True,,938.2555542,21
15_2,False,,938.2555542,21
15_3,False,,938.2555542,21
15_4,False,,938.2555542,21
16_1,True,,262.3351746,19
17_1,True,,247.9388885,9
18_1,True,,262.335144,19
18_2,False,,262.335144,19
18_3,False,,262.335144,19
19_1,True,,1265.607544,10
19_2,False,,1265.607544,10
19_3,False,,1265.607544,10
19_4,False,,1265.607544,10
20_1,True,,893.2880859,31
20_2,False,,893.2880859,31
20_3,False,,893.2880859,31
20_4,False,,893.2880859,31
21_1,True,,1265.607544,20
21_2,False,,1265.607544,20
21_3,False,,1265.607544,20
22_1,True,,1338.738647,6
22_2,False,,1338.738647,6
22_3,False,,1338.738647,6
22_4,False,,1338.738647,6
22_5,False,,1338.738647,6
22_6,False,,1338.738647,6
23_1,True,,262.3351746,19
23_2,False,,262.3351746,19
24_1,True,,2465.571289,39
24_2,False,,2465.571289,39
24_3,False,,2465.571289,39
25_1,True,,735.4269409,18
25_2,False,,735.4269409,18
26_1,True,,938.2555542,21
26_2,False,,938.2555542,21
26_3,False,,938.2555542,21
26_4,False,,938.2555542,21
26_5,False,,938.2555542,21
26_6,False,,938.2555542,21
27_1,True,,893.2880859,31
27_2,False,,893.2880859,31
27_3,False,,893.2880859,31
28_1,True,,632.7542725,48
28_2,False,,632.7542725,48
28_3,False,,632.7542725,48
28_4,False,,632.7542725,48
29_1,True,,735.4269409,18
29_2,False,,735.4269409,18
30_1,True,,923.9661255,46
30_2,False,,923.9661255,46
30_3,False,,923.9661255,46
30_4,False,,923.9661255,46
30_5,False,,923.9661255,46
31_1,True,,1367.826782,26
31_2,False,,1367.826782,26
31_3,False,,1367.826782,26
32_1,True,,735.427002,18
32_2,False,,735.427002,18
33_1,True,,262.335144,19
33_2,False,,262.335144,19
33_3,False,,262.335144,19
34_1,True,,938.2555542,21
34_2,False,,938.2555542,21
34_3,False,,938.2555542,21
34_4,False,,938.2555542,21
35_1,True,,735.4269409,18
35_2,False,,735.4269409,18
36_1,True,,247.9389038,9
36_2,False,,247.9389038,9
37_1,True,,247.9388885,9
38_1,True,,262.3351746,19
38_2,False,,262.3351746,19
38_3,False,,262.3351746,19
38_4,False,,262.3351746,19
38_5,False,,262.3351746,19
39_1,True,,262.3351746,19
40_1,True,,1265.607544,12
40_2,False,,1265.607544,12
40_3,False,,1265.607544,12
40_4,False,,1265.607544,12
41_1,True,,1265.607544,47
42_1,True,,735.4269409,18
43_1,True,,102.3274841,49
43_2,False,,102.3274841,49
43_3,False,,102.3274841,49
43_4,False,,102.3274841,49
44_1,True,,923.9661255,46
44_2,False,,923.9661255,46
44_3,False,,923.9661255,46
45_1,True,,102.3274841,49
45_2,False,,102.3274841,49
45_3,False,,102.3274841,49
46_1,True,,735.4269409,18
46_2,False,,735.4269409,18
46_3,False,,735.4269409,18
46_4,False,,735.4269409,18
46_5,False,,735.4269409,18
46_6,False,,735.4269409,18
47_1,True,,262.3351746,19
47_2,False,,262.3351746,19
47_3,False,,262.3351746,19
48_1,True,,923.9660645,46
48_2,False,,923.9660645,46
49_1,True,,938.2555542,21
49_2,False,,938.2555542,21
49_3,False,,938.2555542,21
49_4,False,,938.2555542,21
50_1,True,,632.7542725,48
50_2,False,,632.7542725,48
50_3,False,,632.7542725,48
50_4,False,,632.7542725,48
50_5,False,,632.7542725,48
50_6,False,,632.7542725,48
51_1,True,,1338.738525,6
51_2,False,,1338.738525,6
52_1,True,,1367.826782,26
52_2,False,,1367.826782,26
52_3,False,,1367.826782,26
53_1,True,,938.2555542,21
54_1,True,,923.9661255,46
54_2,False,,923.9661255,46
54_3,False,,923.9661255,46
54_4,False,,923.9661255,46
54_5,False,,923.9661255,46
54_6,False,,923.9661255,46
55_1,True,,2465.571289,39
55_2,False,,2465.571289,39
56_1,True,,1338.738525,6
56_2,False,,1338.738525,6
57_1,True,,632.7542725,48
57_2,False,,632.7542725,48
58_1,True,,632.7543335,48
58_2,False,,632.7543335,48
58_3,False,,632.7543335,48
59_1,True,,938.2555542,21
59_2,False,,938.2555542,21
59_3,False,,938.2555542,21
60_1,True,,2465.571533,39
60_2,False,,2465.571533,39
61_1,True,,735.427002,18
62_1,True,,1265.607544,8
63_1,True,,1338.738647,6
63_2,False,,1338.738647,6
63_3,False,,1338.738647,6
64_1,True,,1265.607544,33
64_2,False,,1265.607544,33
65_1,True,,735.4269409,18
65_2,False,,735.4269409,18
65_3,False,,735.4269409,18
65_4,False,,735.4269409,18
66_1,True,,893.2880859,31
66_2,False,,893.2880859,31
66_3,False,,893.2880859,31
66_4,False,,893.2880859,31
67_1,True,,632.7543335,48
67_2,False,,632.7543335,48
67_3,False,,632.7543335,48
68_1,True,,1367.826782,26
69_1,True,,247.9389038,9
69_2,False,,247.9389038,9
69_3,False,,247.9389038,9
69_4,False,,247.9389038,9
70_1,True,,1265.607544,45
70_2,False,,1265.607544,45
70_3,False,,1265.607544,45
70_4,False,,1265.607544,45
71_1,True,,893.288147,31
71_2,False,,893.288147,31
71_3,False,,893.288147,31
72_1,True,,735.427002,18
72_2,False,,735.427002,18
73_1,True,,102.3274841,49
73_2,False,,102.3274841,49
74_1,True,,735.4269409,18
74_2,False,,735.4269409,18
74_3,False,,735.4269409,18
75_1,True,,632.7542725,48
75_2,False,,632.7542725,48
75_3,False,,632.7542725,48
75_4,False,,632.7542725,48
76_1,True,,893.2880859,31
76_2,False,,893.2880859,31
77_1,True,,1265.607544,17
77_2,False,,1265.607544,17
77_3,False,,1265.607544,17
77_4,False,,1265.607544,17
77_5,False,,1265.607544,17
77_6,False,,1265.607544,17
77_7,False,,1265.607544,17
78_1,True,,262.3351746,19
79_1,True,,923.9660645,46
79_2,False,,923.9660645,46
80_1,True,,1265.607544,41
80_2,False,,1265.607544,41
80_3,False,,1265.607544,41
81_1,True,,262.3351746,19
81_2,False,,262.3351746,19
81_3,False,,262.3351746,19
81_4,False,,262.3351746,19
82_1,True,,735.4269409,18
82_2,False,,735.4269409,18
82_3,False,,735.4269409,18
83_1,True,,632.7542725,48
83_2,False,,632.7542725,48
83_3,False,,632.7542725,48
83_4,False,,632.7542725,48
84_1,True,,2465.571533,39
84_2,False,,2465.571533,39
84_3,False,,2465.571533,39
85_1,True,,2465.571533,39
85_2,False,,2465.571533,39
86_1,True,,735.4269409,18
86_2,False,,735.4269409,18
87_1,True,,735.427002,18
87_2,False,,735.427002,18
88_1,True,,632.7542725,48
88_2,False,,632.7542725,48
88_3,False,,632.7542725,48
89_1,True,,1265.607666,41
89_2,False,,1265.607666,41
89_3,False,,1265.607666,41
89_4,False,,1265.607666,41
89_5,False,,1265.607666,41
90_1,True,,1265.607544,12
91_1,True,,923.9661255,46
91_2,False,,923.9661255,46
91_3,False,,923.9661255,46
91_4,False,,923.9661255,46
92_1,True,,938.2555542,21
92_2,False,,938.2555542,21
92_3,False,,938.2555542,21
92_4,False,,938.2555542,21
93_1,True,,262.3351746,19
94_1,True,,735.427002,18
94_2,False,,735.427002,18
94_3,False,,735.427002,18
95_1,True,,735.4269409,18
95_2,False,,735.4269409,18
95_3,False,,735.4269409,18
96_1,True,,2465.571533,39
96_2,False,,2465.571533,39
96_3,False,,2465.571533,39
96_4,False,,2465.571533,39
97_1,True,,735.427002,18
97_2,False,,735.427002,18
97_3,False,,735.427002,18
97_4,False,,735.427002,18
98_1,True,,1338.738647,6
98_2,False,,1338.738647,6
98_3,False,,1338.738647,6
98_4,False,,1338.738647,6
98_5,False,,1338.738647,6
99_1,True,,102.3274841,49
100_1,True,,735.427002,18
100_2,False,,735.427002,18
100_3,False,,735.427002,18
100_4,False,,735.427002,18
101_1,True,,1338.738647,6
102_1,True,,893.288147,31
102_2,False,,893.288147,31
103_1,True,,938.2555542,21
103_2,False,,938.2555542,21
103_3,False,,938.2555542,21
103_4,False,,938.2555542,21
103_5,False,,938.2555542,21
103_6,False,,938.2555542,21
104_1,True,,2465.571533,39
104_2,False,,2465.571533,39
104_3,False,,2465.571533,39
105_1,True,,1265.607544,17
106_1,True,,893.288147,31
106_2,False,,893.288147,31
106_3,False,,893.288147,31
106_4,False,,893.288147,31
106_5,False,,893.288147,31
107_1,True,,735.4269409,18
107_2,False,,735.4269409,18
107_3,False,,735.4269409,18
108_1,True,,1367.826904,26
108_2,False,,1367.826904,26
108_3,False,,1367.826904,26
108_4,False,,1367.826904,26
109_1,True,,262.335144,19
110_1,True,,923.9661255,46
110_2,False,,923.9661255,46
110_3,False,,923.9661255,46
110_4,False,,923.9661255,46
110_5,False,,923.9661255,46
111_1,True,,102.3274841,49
111_2,False,,102.3274841,49
111_3,False,,102.3274841,49
112_1,True,,2465.571533,39
112_2,False,,2465.571533,39
112_3,False,,2465.571533,39
113_1,True,,247.9388885,9
113_2,False,,247.9388885,9
114_1,True,,632.7542725,48
114_2,False,,632.7542725,48
115_1,True,,735.4269409,18
115_2,False,,735.4269409,18
115_3,False,,735.4269409,18
116_1,True,,1265.607544,45
116_2,False,,1265.607544,45
116_3,False,,1265.607544,45
116_4,False,,1265.607544,45
116_5,False,,1265.607544,45
117_1,True,,923.9660645,46
117_2,False,,923.9660645,46
117_3,False,,923.9660645,46
117_4,False,,923.9660645,46
118_1,True,,893.288147,31
118_2,False,,893.288147,31
118_3,False,,893.288147,31
118_4,False,,893.288147,31
119_1,True,,923.9660645,46
119_2,False,,923.9660645,46
119_3,False,,923.9660645,46
119_4,False,,923.9660645,46
120_1,True,,735.4269409,18
120_2,False,,735.4269409,18
120_3,False,,735.4269409,18
121_1,True,,938.2556152,21
121_2,False,,938.2556152,21
121_3,False,,938.2556152,21
122_1,True,,1338.738647,6
122_2,False,,1338.738647,6
123_1,True,,262.3351746,19
123_2,False,,262.3351746,19
124_1,True,,893.288147,31
124_2,False,,893.288147,31
125_1,True,,632.7542725,48
125_2,False,,632.7542725,48
125_3,False,,632.7542725,48
125_4,False,,632.7542725,48
125_5,False,,632.7542725,48
126_1,True,,1367.826782,26
126_2,False,,1367.826782,26
126_3,False,,1367.826782,26
127_1,True,,735.427002,18
127_2,False,,735.427002,18
128_1,True,,735.4269409,18
128_2,False,,735.4269409,18
129_1,True,,938.2555542,21
129_2,False,,938.2555542,21
129_3,False,,938.2555542,21
129_4,False,,938.2555542,21
130_1,True,,1367.826782,26
130_2,False,,1367.826782,26
130_3,False,,1367.826782,26
130_4,False,,1367.826782,26
130_5,False,,1367.826782,26
130_6,False,,1367.826782,26
131_1,True,,1338.738647,6
131_2,False,,1338.738647,6
131_3,False,,1338.738647,6
131_4,False,,1338.738647,6
131_5,False,,1338.738647,6
132_1,True,,938.2555542,21
132_2,False,,938.2555542,21
132_3,False,,938.2555542,21
132_4,False,,938.2555542,21
133_1,True,,247.9389038,9
133_2,False,,247.9389038,9
134_1,True,,1367.826782,26
134_2,False,,1367.826782,26
134_3,False,,1367.826782,26
134_4,False,,1367.826782,26
134_5,False,,1367.826782,26
135_1,True,,632.7542725,48
135_2,False,,632.7542725,48
135_3,False,,632.7542725,48
135_4,False,,632.7542725,48
136_1,True,,262.335144,19
136_2,False,,262.335144,19
136_3,False,,262.335144,19
136_4,False,,262.335144,19
136_5,False,,262.335144,19
136_6,False,,262.335144,19
136_7,False,,262.335144,19
136_8,False,,262.335144,19
136_9,False,,262.335144,19
136_10,False,,262.335144,19
137_1,True,,1338.738647,6
137_2,False,,1338.738647,6
138_1,True,,102.3274918,49
138_2,False,,102.3274918,49
138_3,False,,102.3274918,49
139_1,True,,923.9661255,46
139_2,False,,923.9661255,46
140_1,True,,262.335144,19
140_2,False,,262.335144,19
140_3,False,,262.335144,19
140_4,False,,262.335144,19
140_5,False,,262.335144,19
141_1,True,,938.2556152,21
141_2,False,,938.2556152,21
141_3,False,,938.2556152,21
142_1,True,,102.3274841,49
142_2,False,,102.3274841,49
143_1,True,,735.427002,18
143_2,False,,735.427002,18
143_3,False,,735.427002,18
144_1,True,,893.288147,31
144_2,False,,893.288147,31
144_3,False,,893.288147,31
144_4,False,,893.288147,31
144_5,False,,893.288147,31
145_1,True,,735.4269409,18
145_2,False,,735.4269409,18
146_1,True,,632.7542725,48
146_2,False,,632.7542725,48
146_3,False,,632.7542725,48
146_4,False,,632.7542725,48
146_5,False,,632.7542725,48
147_1,True,,923.9661255,46
147_2,False,,923.9661255,46
147_3,False,,923.9661255,46
147_4,False,,923.9661255,46
148_1,True,,735.4269409,18
148_2,False,,735.4269409,18
149_1,True,,938.2554932,21
149_2,False,,938.2554932,21
149_3,False,,938.2554932,21
149_4,False,,938.2554932,21
150_1,True,,247.9388885,9
150_2,False,,247.9388885,9
151_1,True,,2465.571289,39
151_2,False,,2465.571289,39
152_1,True,,1338.738647,6
152_2,False,,1338.738647,6
152_3,False,,1338.738647,6
152_4,False,,1338.738647,6
153_1,True,,102.3274841,49
153_2,False,,102.3274841,49
153_3,False,,102.3274841,49
153_4,False,,102.3274841,49
154_1,True,,735.4269409,18
154_2,False,,735.4269409,18
154_3,False,,735.4269409,18
154_4,False,,735.4269409,18
155_1,True,,893.288147,31
155_2,False,,893.288147,31
155_3,False,,893.288147,31
155_4,False,,893.288147,31
156_1,True,,1367.826904,26
156_2,False,,1367.826904,26
156_3,False,,1367.826904,26
157_1,True,,247.9388885,9
157_2,False,,247.9388885,9
158_1,True,,735.427002,18
158_2,False,,735.427002,18
158_3,False,,735.427002,18
158_4,False,,735.427002,18
158_5,False,,735.427002,18
159_1,True,,938.2555542,21
159_2,False,,938.2555542,21
159_3,False,,938.2555542,21
159_4,False,,938.2555542,21
159_5,False,,938.2555542,21
160_1,True,,1265.607544,38
160_2,False,,1265.607544,38
161_1,True,,262.335144,19
161_2,False,,262.335144,19
161_3,False,,262.335144,19
162_1,True,,735.4269409,18
162_2,False,,735.4269409,18
162_3,False,,735.4269409,18
162_4,False,,735.4269409,18
163_1,True,,2465.571289,39
164_1,True,,1338.738647,6
164_2,False,,1338.738647,6
164_3,False,,1338.738647,6
164_4,False,,1338.738647,6
164_5,False,,1338.738647,6
164_6,False,,1338.738647,6
165_1,True,,102.3274918,49
165_2,False,,102.3274918,49
166_1,True,,632.7542725,48
166_2,False,,632.7542725,48
166_3,False,,632.7542725,48
167_1,True,,102.3274841,49
167_2,False,,102.3274841,49
168_1,True,,247.9388885,9
168_2,False,,247.9388885,9
168_3,False,,247.9388885,9
168_4,False,,247.9388885,9
169_1,True,,2465.571533,39
169_2,False,,2465.571533,39
169_3,False,,2465.571533,39
169_4,False,,2465.571533,39
170_1,True,,2465.571289,39
171_1,True,,735.4269409,18
172_1,True,,1367.826782,26
172_2,False,,1367.826782,26
173_1,True,,1265.607544,22
173_2,False,,1265.607544,22
174_1,True,,735.4269409,18
175_1,True,,1338.738647,6
175_2,False,,1338.738647,6
175_3,False,,1338.738647,6
175_4,False,,1338.738647,6
176_1,True,,923.9661255,46
176_2,False,,923.9661255,46
176_3,False,,923.9661255,46
176_4,False,,923.9661255,46
177_1,True,,102.3274841,49
177_2,False,,102.3274841,49
178_1,True,,1367.826904,26
178_2,False,,1367.826904,26
179_1,True,,938.2555542,21
179_2,False,,938.2555542,21
179_3,False,,938.2555542,21
179_4,False,,938.2555542,21
180_1,True,,1338.738647,6
180_2,False,,1338.738647,6
180_3,False,,1338.738647,6
180_4,False,,1338.738647,6
181_1,True,,632.7543335,48
181_2,False,,632.7543335,48
182_1,True,,735.427002,18
182_2,False,,735.427002,18
183_1,True,,262.335144,19
183_2,False,,262.335144,19
183_3,False,,262.335144,19
183_4,False,,262.335144,19
184_1,True,,102.3274918,49
184_2,False,,102.3274918,49
185_1,True,,735.427002,18
185_2,False,,735.427002,18
186_1,True,,2465.571289,39
186_2,False,,2465.571289,39
187_1,True,,2465.571533,39
187_2,False,,2465.571533,39
188_1,True,,893.288147,31
188_2,False,,893.288147,31
188_3,False,,893.288147,31
189_1,True,,262.335144,19
190_1,True,,735.427002,18
190_2,False,,735.427002,18
190_3,False,,735.427002,18
190_4,False,,735.427002,18
191_1,True,,102.3274918,49
192_1,True,,262.3351746,19
193_1,True,,102.3274918,49
193_2,False,,102.3274918,49
193_3,False,,102.3274918,49
193_4,False,,102.3274918,49
193_5,False,,102.3274918,49
194_1,True,,1367.826782,26
194_2,False,,1367.826782,26
194_3,False,,1367.826782,26
194_4,False,,1367.826782,26
195_1,True,,1265.607544,25
195_2,False,,1265.607544,25
196_1,True,,1265.607544,38
196_2,False,,1265.607544,38
197_1,True,,893.288147,31
197_2,False,,893.288147,31
197_3,False,,893.288147,31
198_1,True,,247.9388885,9
198_2,False,,247.9388885,9
198_3,False,,247.9388885,9
199_1,True,,247.9388885,9
199_2,False,,247.9388885,9
200_1,True,,2465.571289,39
200_2,False,,2465.571289,39
201_1,True,,938.2556152,21
201_2,False,,938.2556152,21
201_3,False,,938.2556152,21
202_1,True,,735.4269409,18
202_2,False,,735.4269409,18
202_3,False,,735.4269409,18
202_4,False,,735.4269409,18
203_1,True,,938.2555542,21
203_2,False,,938.2555542,21
204_1,True,,1265.607544,12
204_2,False,,1265.607544,12
205_1,True,,247.9388885,9
205_2,False,,247.9388885,9
205_3,False,,247.9388885,9
206_1,True,,923.9661255,46
206_2,False,,923.9661255,46
206_3,False,,923.9661255,46
206_4,False,,923.9661255,46
207_1,True,,247.9388885,9
207_2,False,,247.9388885,9
208_1,True,,262.335144,19
209_1,True,,262.3351746,19
209_2,False,,262.3351746,19
209_3,False,,262.3351746,19
209_4,False,,262.3351746,19
210_1,True,,735.4269409,18
210_2,False,,735.4269409,18
211_1,True,,102.3274918,49
211_2,False,,102.3274918,49
211_3,False,,102.3274918,49
211_4,False,,102.3274918,49
212_1,True,,2465.571533,39
212_2,False,,2465.571533,39
212_3,False,,2465.571533,39
212_4,False,,2465.571533,39
212_5,False,,2465.571533,39
213_1,True,,735.4269409,18
213_2,False,,735.4269409,18
213_3,False,,735.4269409,18
213_4,False,,735.4269409,18
213_5,False,,735.4269409,18
214_1,True,,735.427002,18
214_2,False,,735.427002,18
214_3,False,,735.427002,18
215_1,True,,1338.738647,6
215_2,False,,1338.738647,6
215_3,False,,1338.738647,6
215_4,False,,1338.738647,6
216_1,True,,1367.826904,26
216_2,False,,1367.826904,26
216_3,False,,1367.826904,26
216_4,False,,1367.826904,26
216_5,False,,1367.826904,26
217_1,True,,893.288147,31
217_2,False,,893.288147,31
217_3,False,,893.288147,31
218_1,True,,1265.607544,45
218_2,False,,1265.607544,45
218_3,False,,1265.607544,45
219_1,True,,247.9388885,9
220_1,True,,1265.607544,41
220_2,False,,1265.607544,41
220_3,False,,1265.607544,41
221_1,True,,1367.826782,26
222_1,True,,923.9661255,46
222_2,False,,923.9661255,46
222_3,False,,923.9661255,46
222_4,False,,923.9661255,46
222_5,False,,923.9661255,46
223_1,True,,735.427002,18
223_2,False,,735.427002,18
224_1,True,,247.9388885,9
224_2,False,,247.9388885,9
224_3,False,,247.9388885,9
224_4,False,,247.9388885,9
224_5,False,,247.9388885,9
225_1,True,,1367.826904,26
225_2,False,,1367.826904,26
225_3,False,,1367.826904,26
225_4,False,,1367.826904,26
225_5,False,,1367.826904,26
226_1,True,,247.9388885,9
226_2,False,,247.9388885,9
226_3,False,,247.9388885,9
226_4,False,,247.9388885,9
227_1,True,,1367.826782,26
228_1,True,,1367.826782,26
228_2,False,,1367.826782,26
228_3,False,,1367.826782,26
229_1,True,,1338.738647,6
229_2,False,,1338.738647,6
229_3,False,,1338.738647,6
229_4,False,,1338.738647,6
230_1,True,,1265.607544,5
230_2,False,,1265.607544,5
230_3,False,,1265.607544,5
231_1,True,,102.3274841,49
232_1,True,,247.9388733,9
232_2,False,,247.9388733,9
233_1,True,,262.3351746,19
233_2,False,,262.3351746,19
233_3,False,,262.3351746,19
234_1,True,,938.2554932,21
234_2,False,,938.2554932,21
234_3,False,,938.2554932,21
234_4,False,,938.2554932,21
234_5,False,,938.2554932,21
235_1,True,,938.2555542,21
235_2,False,,938.2555542,21
235_3,False,,938.2555542,21
235_4,False,,938.2555542,21
235_5,False,,938.2555542,21
236_1,True,,893.288147,31
236_2,False,,893.288147,31
236_3,False,,893.288147,31
237_1,True,,923.9660645,46
237_2,False,,923.9660645,46
237_3,False,,923.9660645,46
238_1,True,,923.9661255,46
239_1,True,,1367.826904,26
239_2,False,,1367.826904,26
240_1,True,,632.7542725,48
241_1,True,,735.427002,18
241_2,False,,735.427002,18
241_3,False,,735.427002,18
242_1,True,,923.9661255,46
242_2,False,,923.9661255,46
242_3,False,,923.9661255,46
242_4,False,,923.9661255,46
242_5,False,,923.9661255,46
243_1,True,,102.3274841,49
243_2,False,,102.3274841,49
244_1,True,,1338.738647,6
244_2,False,,1338.738647,6
244_3,False,,1338.738647,6
244_4,False,,1338.738647,6
245_1,True,,632.7542725,48
245_2,False,,632.7542725,48
245_3,False,,632.7542725,48
245_4,False,,632.7542725,48
245_5,False,,632.7542725,48
245_6,False,,632.7542725,48
246_1,True,,632.7542725,48
246_2,False,,632.7542725,48
246_3,False,,632.7542725,48
246_4,False,,632.7542725,48
247_1,True,,247.9388885,9
247_2,False,,247.9388885,9
248_1,True,,247.9388885,9
248_2,False,,247.9388885,9
249_1,True,,1265.607544,12
249_2,False,,1265.607544,12
249_3,False,,1265.607544,12
250_1,True,,893.288147,31
250_2,False,,893.288147,31
250_3,False,,893.288147,31
251_1,True,,735.4269409,18
251_2,False,,735.4269409,18
251_3,False,,735.4269409,18
252_1,True,,247.9388733,9
252_2,False,,247.9388733,9
252_3,False,,247.9388733,9
253_1,True,,1265.607544,10
253_2,False,,1265.607544,10
254_1,True,,2465.571289,39
254_2,False,,2465.571289,39
255_1,True,,735.4269409,18
255_2,False,,735.4269409,18
256_1,True,,632.7542725,48
257_1,True,,2465.571289,39
258_1,True,,262.3351746,19
258_2,False,,262.3351746,19
259_1,True,,2465.571289,39
259_2,False,,2465.571289,39
260_1,True,,247.9388885,9
260_2,False,,247.9388885,9
260_3,False,,247.9388885,9
260_4,False,,247.9388885,9
260_5,False,,247.9388885,9
261_1,True,,102.3274841,49
261_2,False,,102.3274841,49
262_1,True,,2465.571533,39
262_2,False,,2465.571533,39
262_3,False,,2465.571533,39
262_4,False,,2465.571533,39
263_1,True,,262.3351746,19
263_2,False,,262.3351746,19
264_1,True,,938.2556152,21
264_2,False,,938.2556152,21
264_3,False,,938.2556152,21
264_4,False,,938.2556152,21
265_1,True,,1338.738647,6
265_2,False,,1338.738647,6
265_3,False,,1338.738647,6
265_4,False,,1338.738647,6
266_1,True,,262.3351746,19
267_1,True,,1265.607544,33
267_2,False,,1265.607544,33
267_3,False,,1265.607544,33
267_4,False,,1265.607544,33
268_1,True,,2465.571533,39
269_1,True,,102.3274841,49
270_1,True,,1367.826904,26
270_2,False,,1367.826904,26
270_3,False,,1367.826904,26
270_4,False,,1367.826904,26
270_5,False,,1367.826904,26
271_1,True,,247.9388885,9
271_2,False,,247.9388885,9
271_3,False,,247.9388885,9
272_1,True,,632.7542725,48
272_2,False,,632.7542725,48
272_3,False,,632.7542725,48
272_4,False,,632.7542725,48
273_1,True,,1367.826782,26
273_2,False,,1367.826782,26
273_3,False,,1367.826782,26
273_4,False,,1367.826782,26
273_5,False,,1367.826782,26
274_1,True,,262.3351746,19
275_1,True,,1265.607544,33
275_2,False,,1265.607544,33
275_3,False,,1265.607544,33
276_1,True,,1265.607666,10
276_2,False,,1265.607666,10
276_3,False,,1265.607666,10
276_4,False,,1265.607666,10
277_1,True,,1265.607544,12
277_2,False,,1265.607544,12
277_3,False,,1265.607544,12
277_4,False,,1265.607544,12
278_1,True,,735.427002,18
278_2,False,,735.427002,18
278_3,False,,735.427002,18
278_4,False,,735.427002,18
279_1,True,,938.2555542,21
279_2,False,,938.2555542,21
279_3,False,,938.2555542,21
279_4,False,,938.2555542,21
280_1,True,,2465.571533,39
280_2,False,,2465.571533,39
280_3,False,,2465.571533,39
280_4,False,,2465.571533,39
281_1,True,,247.9388885,9
281_2,False,,247.9388885,9
282_1,True,,632.7542725,48
282_2,False,,632.7542725,48
283_1,True,,1367.826782,26
283_2,False,,1367.826782,26
283_3,False,,1367.826782,26
283_4,False,,1367.826782,26
284_1,True,,735.427002,18
284_2,False,,735.427002,18
284_3,False,,735.427002,18
284_4,False,,735.427002,18
285_1,True,,735.4269409,18
285_2,False,,735.4269409,18
285_3,False,,735.4269409,18
285_4,False,,735.4269409,18
285_5,False,,735.4269409,18
285_6,False,,735.4269409,18
286_1,True,,247.9389038,9
286_2,False,,247.9389038,9
287_1,True,,247.9388885,9
287_2,False,,247.9388885,9
287_3,False,,247.9388885,9
287_4,False,,247.9388885,9
288_1,True,,247.9388885,9
288_2,False,,247.9388885,9
288_3,False,,247.9388885,9
288_4,False,,247.9388885,9
289_1,True,,923.9661255,46
289_2,False,,923.9661255,46
290_1,True,,247.9388885,9
290_2,False,,247.9388885,9
290_3,False,,247.9388885,9
290_4,False,,247.9388885,9
290_5,False,,247.9388885,9
291_1,True,,893.288147,31
291_2,False,,893.288147,31
291_3,False,,893.288147,31
291_4,False,,893.288147,31
292_1,True,,893.288147,31
292_2,False,,893.288147,31
292_3,False,,893.288147,31
293_1,True,,938.2555542,21
293_2,False,,938.2555542,21
293_3,False,,938.2555542,21
294_1,True,,247.9388885,9
294_2,False,,247.9388885,9
295_1,True,,938.2556152,21
296_1,True,,735.4269409,18
296_2,False,,735.4269409,18
296_3,False,,735.4269409,18
296_4,False,,735.4269409,18
297_1,True,,1338.738647,6
297_2,False,,1338.738647,6
297_3,False,,1338.738647,6
297_4,False,,1338.738647,6
298_1,True,,893.288147,31
298_2,False,,893.288147,31
298_3,False,,893.288147,31
298_4,False,,893.288147,31
298_5,False,,893.288147,31
299_1,True,,938.2555542,21
299_2,False,,938.2555542,21
299_3,False,,938.2555542,21
299_4,False,,938.2555542,21
300_1,True,,1367.826782,26
301_1,True,,632.7542725,48
301_2,False,,632.7542725,48
301_3,False,,632.7542725,48
302_1,True,,247.9388885,9
302_2,False,,247.9388885,9
303_1,True,,1367.826904,26
303_2,False,,1367.826904,26
303_3,False,,1367.826904,26
304_1,True,,632.7542725,48
304_2,False,,632.7542725,48
305_1,True,,735.4269409,18
305_2,False,,735.4269409,18
306_1,True,,247.9388885,9
306_2,False,,247.9388885,9
306_3,False,,247.9388885,9
307_1,True,,102.3274841,49
307_2,False,,102.3274841,49
308_1,True,,247.9388885,9
308_2,False,,247.9388885,9
308_3,False,,247.9388885,9
308_4,False,,247.9388885,9
309_1,True,,735.4269409,18
310_1,True,,632.7543335,48
310_2,False,,632.7543335,48
310_3,False,,632.7543335,48
310_4,False,,632.7543335,48
311_1,True,,247.9388733,9
311_2,False,,247.9388733,9
311_3,False,,247.9388733,9
312_1,True,,2465.571533,39
312_2,False,,2465.571533,39
312_3,False,,2465.571533,39
312_4,False,,2465.571533,39
313_1,True,,1367.826782,26
313_2,False,,1367.826782,26
313_3,False,,1367.826782,26
313_4,False,,1367.826782,26
313_5,False,,1367.826782,26
313_6,False,,1367.826782,26
314_1,True,,1265.607544,12
314_2,False,,1265.607544,12
315_1,True,,102.3274918,49
315_2,False,,102.3274918,49
315_3,False,,102.3274918,49
315_4,False,,102.3274918,49
316_1,True,,2465.571533,39
316_2,False,,2465.571533,39
316_3,False,,2465.571533,39
316_4,False,,2465.571533,39
317_1,True,,1265.607544,12
317_2,False,,1265.607544,12
318_1,True,,102.3274918,49
318_2,False,,102.3274918,49
318_3,False,,102.3274918,49
318_4,False,,102.3274918,49
318_5,False,,102.3274918,49
318_6,False,,102.3274918,49
319_1,True,,923.9660645,46
319_2,False,,923.9660645,46
319_3,False,,923.9660645,46
319_4,False,,923.9660645,46
320_1,True,,938.2554932,21
320_2,False,,938.2554932,21
320_3,False,,938.2554932,21
321_1,True,,247.9388885,9
321_2,False,,247.9388885,9
322_1,True,,1265.607544,25
323_1,True,,2465.571289,39
323_2,False,,2465.571289,39
323_3,False,,2465.571289,39
323_4,False,,2465.571289,39
324_1,True,,247.9388885,9
324_2,False,,247.9388885,9
324_3,False,,247.9388885,9
325_1,True,,938.2554932,21
325_2,False,,938.2554932,21
325_3,False,,938.2554932,21
326_1,True,,923.9660645,46
326_2,False,,923.9660645,46
326_3,False,,923.9660645,46
326_4,False,,923.9660645,46
327_1,True,,247.9388885,9
327_2,False,,247.9388885,9
327_3,False,,247.9388885,9
328_1,True,,735.4269409,18
328_2,False,,735.4269409,18
328_3,False,,735.4269409,18
328_4,False,,735.4269409,18
329_1,True,,247.9388885,9
329_2,False,,247.9388885,9
329_3,False,,247.9388885,9
329_4,False,,247.9388885,9
329_5,False,,247.9388885,9
330_1,True,,632.7542725,48
330_2,False,,632.7542725,48
330_3,False,,632.7542725,48
331_1,True,,1367.826904,26
331_2,False,,1367.826904,26
331_3,False,,1367.826904,26
332_1,True,,1265.607544,38
332_2,False,,1265.607544,38
332_3,False,,1265.607544,38
333_1,True,,1265.607544,33
333_2,False,,1265.607544,33
333_3,False,,1265.607544,33
334_1,True,,923.9661255,46
334_2,False,,923.9661255,46
334_3,False,,923.9661255,46
335_1,True,,2465.571289,39
335_2,False,,2465.571289,39
336_1,True,,1338.738647,6
336_2,False,,1338.738647,6
336_3,False,,1338.738647,6
337_1,True,,247.9389038,9
337_2,False,,247.9389038,9
338_1,True,,735.427002,18
338_2,False,,735.427002,18
338_3,False,,735.427002,18
338_4,False,,735.427002,18
339_1,True,,1338.738647,6
339_2,False,,1338.738647,6
339_3,False,,1338.738647,6
339_4,False,,1338.738647,6
340_1,True,,247.9389038,9
340_2,False,,247.9389038,9
340_3,False,,247.9389038,9
340_4,False,,247.9389038,9
341_1,True,,262.3351746,19
341_2,False,,262.3351746,19
341_3,False,,262.3351746,19
342_1,True,,938.2556152,21
342_2,False,,938.2556152,21
343_1,True,,1265.607544,14
344_1,True,,1338.738647,6
344_2,False,,1338.738647,6
344_3,False,,1338.738647,6
345_1,True,,923.9660645,46
345_2,False,,923.9660645,46
345_3,False,,923.9660645,46
345_4,False,,923.9660645,46
346_1,True,,1367.826782,26
346_2,False,,1367.826782,26
346_3,False,,1367.826782,26
347_1,True,,247.9388885,9
347_2,False,,247.9388885,9
347_3,False,,247.9388885,9
347_4,False,,247.9388885,9
347_5,False,,247.9388885,9
348_1,True,,247.9388885,9
348_2,False,,247.9388885,9
348_3,False,,247.9388885,9
349_1,True,,735.427002,18
349_2,False,,735.427002,18
349_3,False,,735.427002,18
350_1,True,,938.2555542,21
350_2,False,,938.2555542,21
350_3,False,,938.2555542,21
350_4,False,,938.2555542,21
351_1,True,,2465.571289,39
351_2,False,,2465.571289,39
352_1,True,,247.9388885,9
352_2,False,,247.9388885,9
352_3,False,,247.9388885,9
352_4,False,,247.9388885,9
353_1,True,,247.9389038,9
353_2,False,,247.9389038,9
353_3,False,,247.9389038,9
353_4,False,,247.9389038,9
353_5,False,,247.9389038,9
353_6,False,,247.9389038,9
354_1,True,,735.4269409,18
354_2,False,,735.4269409,18
354_3,False,,735.4269409,18
354_4,False,,735.4269409,18
355_1,True,,247.9388733,9
355_2,False,,247.9388733,9
355_3,False,,247.9388733,9
355_4,False,,247.9388733,9
356_1,True,,1338.738647,6
356_2,False,,1338.738647,6
357_1,True,,735.427002,18
357_2,False,,735.427002,18
358_1,True,,735.4269409,18
358_2,False,,735.4269409,18
358_3,False,,735.4269409,18
358_4,False,,735.4269409,18
358_5,False,,735.4269409,18
359_1,True,,632.7542725,48
359_2,False,,632.7542725,48
359_3,False,,632.7542725,48
359_4,False,,632.7542725,48
360_1,True,,262.335144,19
360_2,False,,262.335144,19
360_3,False,,262.335144,19
360_4,False,,262.335144,19
361_1,True,,247.9388885,9
361_2,False,,247.9388885,9
362_1,True,,262.3351746,19
362_2,False,,262.3351746,19
362_3,False,,262.3351746,19
363_1,True,,102.3274841,49
364_1,True,,262.335144,19
364_2,False,,262.335144,19
365_1,True,,262.3351746,19
365_2,False,,262.3351746,19
365_3,False,,262.3351746,19
366_1,True,,1265.607544,41
366_2,False,,1265.607544,41
366_3,False,,1265.607544,41
366_4,False,,1265.607544,41
366_5,False,,1265.607544,41
367_1,True,,1265.607544,33
368_1,True,,893.288147,31
369_1,True,,1367.826782,26
369_2,False,,1367.826782,26
369_3,False,,1367.826782,26
370_1,True,,102.3274841,49
370_2,False,,102.3274841,49
371_1,True,,893.288147,31
371_2,False,,893.288147,31
371_3,False,,893.288147,31
371_4,False,,893.288147,31
371_5,False,,893.288147,31
372_1,True,,1265.607544,38
372_2,False,,1265.607544,38
373_1,True,,938.2555542,21
373_2,False,,938.2555542,21
373_3,False,,938.2555542,21
373_4,False,,938.2555542,21
374_1,True,,938.2555542,21
374_2,False,,938.2555542,21
375_1,True,,923.9661255,46
375_2,False,,923.9661255,46
376_1,True,,923.9661255,46
376_2,False,,923.9661255,46
376_3,False,,923.9661255,46
377_1,True,,1338.738647,6
377_2,False,,1338.738647,6
377_3,False,,1338.738647,6
378_1,True,,735.4269409,18
378_2,False,,735.4269409,18
378_3,False,,735.4269409,18
378_4,False,,735.4269409,18
379_1,True,,262.3351746,19
379_2,False,,262.3351746,19
379_3,False,,262.3351746,19
380_1,True,,735.427002,18
380_2,False,,735.427002,18
381_1,True,,1265.607544,17
381_2,False,,1265.607544,17
381_3,False,,1265.607544,17
381_4,False,,1265.607544,17
381_5,False,,1265.607544,17
382_1,True,,893.288147,31
382_2,False,,893.288147,31
383_1,True,,938.2554932,21
383_2,False,,938.2554932,21
384_1,True,,247.9388885,9
384_2,False,,247.9388885,9
384_3,False,,247.9388885,9
385_1,True,,1265.607544,51
385_2,False,,1265.607544,51
386_1,True,,2465.571533,39
386_2,False,,2465.571533,39
386_3,False,,2465.571533,39
387_1,True,,1338.738647,6
387_2,False,,1338.738647,6
388_1,True,,1338.738647,6
388_2,False,,1338.738647,6
388_3,False,,1338.738647,6
389_1,True,,262.3351746,19
390_1,True,,893.288147,31
390_2,False,,893.288147,31
390_3,False,,893.288147,31
390_4,False,,893.288147,31
391_1,True,,1265.607544,17
391_2,False,,1265.607544,17
391_3,False,,1265.607544,17
392_1,True,,2465.571533,39
392_2,False,,2465.571533,39
392_3,False,,2465.571533,39
393_1,True,,1338.738647,6
393_2,False,,1338.738647,6
393_3,False,,1338.738647,6
393_4,False,,1338.738647,6
394_1,True,,632.7542725,48
394_2,False,,632.7542725,48
394_3,False,,632.7542725,48
395_1,True,,247.9388733,9
396_1,True,,893.288147,31
396_2,False,,893.288147,31
396_3,False,,893.288147,31
396_4,False,,893.288147,31
396_5,False,,893.288147,31
396_6,False,,893.288147,31
396_7,False,,893.288147,31
396_8,False,,893.288147,31
397_1,True,,1338.738647,6
397_2,False,,1338.738647,6
398_1,True,,247.9389038,9
398_2,False,,247.9389038,9
399_1,True,,1265.607544,41
400_1,True,,1367.826904,26
400_2,False,,1367.826904,26
400_3,False,,1367.826904,26
400_4,False,,1367.826904,26
400_5,False,,1367.826904,26
401_1,True,,735.427002,18
401_2,False,,735.427002,18
401_3,False,,735.427002,18
402_1,True,,923.9661255,46
402_2,False,,923.9661255,46
402_3,False,,923.9661255,46
403_1,True,,1338.738647,6
403_2,False,,1338.738647,6
403_3,False,,1338.738647,6
403_4,False,,1338.738647,6
403_5,False,,1338.738647,6
403_6,False,,1338.738647,6
403_7,False,,1338.738647,6
403_8,False,,1338.738647,6
403_9,False,,1338.738647,6
404_1,True,,938.2555542,21
404_2,False,,938.2555542,21
405_1,True,,938.2555542,21
405_2,False,,938.2555542,21
405_3,False,,938.2555542,21
406_1,True,,1265.607544,47
407_1,True,,1367.826782,26
407_2,False,,1367.826782,26
407_3,False,,1367.826782,26
407_4,False,,1367.826782,26
407_5,False,,1367.826782,26
408_1,True,,2465.571289,39
408_2,False,,2465.571289,39
408_3,False,,2465.571289,39
408_4,False,,2465.571289,39
409_1,True,,1338.738647,6
409_2,False,,1338.738647,6
409_3,False,,1338.738647,6
409_4,False,,1338.738647,6
410_1,True,,1265.607544,45
410_2,False,,1265.607544,45
410_3,False,,1265.607544,45
410_4,False,,1265.607544,45
411_1,True,,262.3351746,19
411_2,False,,262.3351746,19
411_3,False,,262.3351746,19
411_4,False,,262.3351746,19
412_1,True,,262.3351746,19
412_2,False,,262.3351746,19
412_3,False,,262.3351746,19
413_1,True,,938.2555542,21
414_1,True,,735.4269409,18
414_2,False,,735.4269409,18
415_1,True,,247.9388885,9
416_1,True,,1338.738647,6
416_2,False,,1338.738647,6
416_3,False,,1338.738647,6
416_4,False,,1338.738647,6
417_1,True,,632.7542725,48
417_2,False,,632.7542725,48
418_1,True,,1265.607544,10
418_2,False,,1265.607544,10
418_3,False,,1265.607544,10
419_1,True,,102.3274841,49
419_2,False,,102.3274841,49
419_3,False,,102.3274841,49
420_1,True,,1367.826782,26
420_2,False,,1367.826782,26
420_3,False,,1367.826782,26
421_1,True,,102.3274841,49
421_2,False,,102.3274841,49
421_3,False,,102.3274841,49
422_1,True,,1265.607544,41
422_2,False,,1265.607544,41
423_1,True,,1338.738647,6
423_2,False,,1338.738647,6
423_3,False,,1338.738647,6
423_4,False,,1338.738647,6
424_1,True,,938.2555542,21
424_2,False,,938.2555542,21
424_3,False,,938.2555542,21
424_4,False,,938.2555542,21
425_1,True,,247.9388885,9
425_2,False,,247.9388885,9
426_1,True,,1338.738647,6
426_2,False,,1338.738647,6
427_1,True,,1367.826904,26
427_2,False,,1367.826904,26
428_1,True,,247.9388885,9
428_2,False,,247.9388885,9
428_3,False,,247.9388885,9
428_4,False,,247.9388885,9
429_1,True,,923.9661255,46
429_2,False,,923.9661255,46
429_3,False,,923.9661255,46
429_4,False,,923.9661255,46
430_1,True,,632.7542725,48
430_2,False,,632.7542725,48
430_3,False,,632.7542725,48
430_4,False,,632.7542725,48
431_1,True,,247.9388733,9
431_2,False,,247.9388733,9
432_1,True,,1265.607544,41
432_2,False,,1265.607544,41
432_3,False,,1265.607544,41
433_1,True,,923.9661255,46
434_1,True,,247.9388885,9
434_2,False,,247.9388885,9
434_3,False,,247.9388885,9
435_1,True,,262.335144,19
435_2,False,,262.335144,19
435_3,False,,262.335144,19
435_4,False,,262.335144,19
435_5,False,,262.335144,19
436_1,True,,262.3351746,19
436_2,False,,262.3351746,19
437_1,True,,1367.826904,26
437_2,False,,1367.826904,26
437_3,False,,1367.826904,26
437_4,False,,1367.826904,26
438_1,True,,2531.215088,45
438_2,False,,2531.215088,45
438_3,False,,2531.215088,45
439_1,True,,247.9388733,9
439_2,False,,247.9388733,9
440_1,True,,1265.607544,12
440_2,False,,1265.607544,12
440_3,False,,1265.607544,12
441_1,True,,1338.738647,6
442_1,True,,2465.571533,39
442_2,False,,2465.571533,39
443_1,True,,923.9660645,46
443_2,False,,923.9660645,46
443_3,False,,923.9660645,46
443_4,False,,923.9660645,46
443_5,False,,923.9660645,46
443_6,False,,923.9660645,46
443_7,False,,923.9660645,46
444_1,True,,247.9388885,9
444_2,False,,247.9388885,9
444_3,False,,247.9388885,9
445_1,True,,1338.738647,6
445_2,False,,1338.738647,6
445_3,False,,1338.738647,6
446_1,True,,247.9388885,9
446_2,False,,247.9388885,9
446_3,False,,247.9388885,9
446_4,False,,247.9388885,9
446_5,False,,247.9388885,9
447_1,True,,102.3274841,49
447_2,False,,102.3274841,49
447_3,False,,102.3274841,49
448_1,True,,1367.826782,26
448_2,False,,1367.826782,26
449_1,True,,2465.571289,39
449_2,False,,2465.571289,39
449_3,False,,2465.571289,39
450_1,True,,1338.738647,6
450_2,False,,1338.738647,6
450_3,False,,1338.738647,6
450_4,False,,1338.738647,6
451_1,True,,1338.738647,6
452_1,True,,2465.571533,39
452_2,False,,2465.571533,39
452_3,False,,2465.571533,39
452_4,False,,2465.571533,39
453_1,True,,923.9660645,46
453_2,False,,923.9660645,46
453_3,False,,923.9660645,46
453_4,False,,923.9660645,46
453_5,False,,923.9660645,46
453_6,False,,923.9660645,46
454_1,True,,1338.738525,6
454_2,False,,1338.738525,6
454_3,False,,1338.738525,6
454_4,False,,1338.738525,6
455_1,True,,893.288147,31
455_2,False,,893.288147,31
455_3,False,,893.288147,31
455_4,False,,893.288147,31
456_1,True,,1338.738647,6
456_2,False,,1338.738647,6
456_3,False,,1338.738647,6
456_4,False,,1338.738647,6
456_5,False,,1338.738647,6
457_1,True,,735.4269409,18
457_2,False,,735.4269409,18
458_1,True,,1338.738647,6
459_1,True,,938.2555542,21
459_2,False,,938.2555542,21
460_1,True,,262.335144,19
460_2,False,,262.335144,19
460_3,False,,262.335144,19
460_4,False,,262.335144,19
461_1,True,,262.3351746,19
461_2,False,,262.3351746,19
462_1,True,,923.9660645,46
462_2,False,,923.9660645,46
462_3,False,,923.9660645,46
463_1,True,,102.3274841,49
463_2,False,,102.3274841,49
463_3,False,,102.3274841,49
463_4,False,,102.3274841,49
464_1,True,,247.9388885,9
464_2,False,,247.9388885,9
465_1,True,,632.7543335,48
465_2,False,,632.7543335,48
465_3,False,,632.7543335,48
465_4,False,,632.7543335,48
465_5,False,,632.7543335,48
466_1,True,,247.9388885,9
466_2,False,,247.9388885,9
467_1,True,,1338.738647,6
467_2,False,,1338.738647,6
467_3,False,,1338.738647,6
467_4,False,,1338.738647,6
468_1,True,,893.288147,31
468_2,False,,893.288147,31
468_3,False,,893.288147,31
468_4,False,,893.288147,31
469_1,True,,262.335144,19
470_1,True,,262.3351746,19
470_2,False,,262.3351746,19
470_3,False,,262.3351746,19
471_1,True,,1265.607544,33
471_2,False,,1265.607544,33
472_1,True,,735.4269409,18
472_2,False,,735.4269409,18
472_3,False,,735.4269409,18
472_4,False,,735.4269409,18
472_5,False,,735.4269409,18
472_6,False,,735.4269409,18
473_1,True,,893.288147,31
473_2,False,,893.288147,31
474_1,True,,2465.571289,39
474_2,False,,2465.571289,39
475_1,True,,1265.607544,12
476_1,True,,632.7543335,48
476_2,False,,632.7543335,48
476_3,False,,632.7543335,48
477_1,True,,102.3274918,49
477_2,False,,102.3274918,49
477_3,False,,102.3274918,49
477_4,False,,102.3274918,49
478_1,True,,893.288147,31
478_2,False,,893.288147,31
479_1,True,,632.7542725,48
479_2,False,,632.7542725,48
479_3,False,,632.7542725,48
479_4,False,,632.7542725,48
480_1,True,,1265.607544,41
481_1,True,,938.2555542,21
481_2,False,,938.2555542,21
482_1,True,,1367.826782,26
482_2,False,,1367.826782,26
482_3,False,,1367.826782,26
483_1,True,,893.2880859,31
483_2,False,,893.2880859,31
483_3,False,,893.2880859,31
484_1,True,,1338.738647,6
484_2,False,,1338.738647,6
484_3,False,,1338.738647,6
485_1,True,,1367.826904,26
485_2,False,,1367.826904,26
486_1,True,,923.9660645,46
487_1,True,,1338.738647,6
487_2,False,,1338.738647,6
487_3,False,,1338.738647,6
488_1,True,,1338.738647,6
488_2,False,,1338.738647,6
488_3,False,,1338.738647,6
489_1,True,,102.3274918,49
489_2,False,,102.3274918,49
490_1,True,,1338.738647,6
490_2,False,,1338.738647,6
490_3,False,,1338.738647,6
490_4,False,,1338.738647,6
490_5,False,,1338.738647,6
490_6,False,,1338.738647,6
490_7,False,,1338.738647,6
490_8,False,,1338.738647,6
491_1,True,,2465.571533,39
491_2,False,,2465.571533,39
491_3,False,,2465.571533,39
491_4,False,,2465.571533,39
492_1,True,,893.288147,31
492_2,False,,893.288147,31
492_3,False,,893.288147,31
492_4,False,,893.288147,31
493_1,True,,1338.738647,6
493_2,False,,1338.738647,6
493_3,False,,1338.738647,6
493_4,False,,1338.738647,6
493_5,False,,1338.738647,6
494_1,True,,632.7542725,48
494_2,False,,632.7542725,48
494_3,False,,632.7542725,48
495_1,True,,632.7542725,48
495_2,False,,632.7542725,48
496_1,True,,735.4269409,18
496_2,False,,735.4269409,18
496_3,False,,735.4269409,18
497_1,True,,1338.738647,6
497_2,False,,1338.738647,6
497_3,False,,1338.738647,6
498_1,True,,893.2880859,31
498_2,False,,893.2880859,31
499_1,True,,923.9661255,46
499_2,False,,923.9661255,46
500_1,True,,1338.738647,6
500_2,False,,1338.738647,6
500_3,False,,1338.738647,6
500_4,False,,1338.738647,6
500_5,False,,1338.738647,6
500_6,False,,1338.738647,6
501_1,True,,632.7542725,48
501_2,False,,632.7542725,48
502_1,True,,102.3274841,49
502_2,False,,102.3274841,49
503_1,True,,247.9388885,9
503_2,False,,247.9388885,9
503_3,False,,247.9388885,9
504_1,True,,923.9661255,46
504_2,False,,923.9661255,46
504_3,False,,923.9661255,46
504_4,False,,923.9661255,46
505_1,True,,262.335144,19
505_2,False,,262.335144,19
506_1,True,,247.9388885,9
506_2,False,,247.9388885,9
506_3,False,,247.9388885,9
507_1,True,,1338.738647,6
507_2,False,,1338.738647,6
508_1,True,,735.427002,18
508_2,False,,735.427002,18
508_3,False,,735.427002,18
509_1,True,,1265.607544,12
510_1,True,,923.9660645,46
510_2,False,,923.9660645,46
510_3,False,,923.9660645,46
511_1,True,,102.3274841,49
511_2,False,,102.3274841,49
512_1,True,,632.7543335,48
512_2,False,,632.7543335,48
512_3,False,,632.7543335,48
512_4,False,,632.7543335,48
512_5,False,,632.7543335,48
513_1,True,,893.2880859,31
513_2,False,,893.2880859,31
513_3,False,,893.2880859,31
513_4,False,,893.2880859,31
513_5,False,,893.2880859,31
514_1,True,,938.2555542,21
514_2,False,,938.2555542,21
514_3,False,,938.2555542,21
514_4,False,,938.2555542,21
515_1,True,,923.9660645,46
515_2,False,,923.9660645,46
515_3,False,,923.9660645,46
516_1,True,,735.4269409,18
516_2,False,,735.4269409,18
516_3,False,,735.4269409,18
516_4,False,,735.4269409,18
517_1,True,,1338.738647,6
517_2,False,,1338.738647,6
517_3,False,,1338.738647,6
518_1,True,,2465.571289,39
518_2,False,,2465.571289,39
518_3,False,,2465.571289,39
519_1,True,,1338.738647,6
519_2,False,,1338.738647,6
519_3,False,,1338.738647,6
519_4,False,,1338.738647,6
519_5,False,,1338.738647,6
519_6,False,,1338.738647,6
519_7,False,,1338.738647,6
520_1,True,,923.9660645,46
520_2,False,,923.9660645,46
520_3,False,,923.9660645,46
520_4,False,,923.9660645,46
521_1,True,,893.288147,31
521_2,False,,893.288147,31
521_3,False,,893.288147,31
522_1,True,,632.7543335,48
522_2,False,,632.7543335,48
522_3,False,,632.7543335,48
522_4,False,,632.7543335,48
523_1,True,,1265.607544,45
523_2,False,,1265.607544,45
523_3,False,,1265.607544,45
523_4,False,,1265.607544,45
524_1,True,,247.9388885,9
524_2,False,,247.9388885,9
524_3,False,,247.9388885,9
524_4,False,,247.9388885,9
524_5,False,,247.9388885,9
525_1,True,,1338.738647,6
525_2,False,,1338.738647,6
525_3,False,,1338.738647,6
525_4,False,,1338.738647,6
526_1,True,,923.9661255,46
526_2,False,,923.9661255,46
527_1,True,,1338.738647,6
527_2,False,,1338.738647,6
527_3,False,,1338.738647,6
528_1,True,,1338.738525,6
529_1,True,,632.7542725,48
529_2,False,,632.7542725,48
529_3,False,,632.7542725,48
530_1,True,,262.3351746,19
530_2,False,,262.3351746,19
531_1,True,,262.335144,19
532_1,True,,1367.826782,26
532_2,False,,1367.826782,26
532_3,False,,1367.826782,26
533_1,True,,102.3274841,49
533_2,False,,102.3274841,49
533_3,False,,102.3274841,49
533_4,False,,102.3274841,49
534_1,True,,938.2555542,21
534_2,False,,938.2555542,21
534_3,False,,938.2555542,21
534_4,False,,938.2555542,21
535_1,True,,1338.738647,6
535_2,False,,1338.738647,6
535_3,False,,1338.738647,6
536_1,True,,102.3274918,49
536_2,False,,102.3274918,49
536_3,False,,102.3274918,49
536_4,False,,102.3274918,49
537_1,True,,735.427002,18
537_2,False,,735.427002,18
537_3,False,,735.427002,18
537_4,False,,735.427002,18
538_1,True,,938.2555542,21
538_2,False,,938.2555542,21
538_3,False,,938.2555542,21
538_4,False,,938.2555542,21
538_5,False,,938.2555542,21
539_1,True,,1265.607544,34
539_2,False,,1265.607544,34
540_1,True,,938.2555542,21
541_1,True,,102.3274841,49
541_2,False,,102.3274841,49
542_1,True,,1338.738647,6
542_2,False,,1338.738647,6
542_3,False,,1338.738647,6
542_4,False,,1338.738647,6
542_5,False,,1338.738647,6
543_1,True,,1265.607544,33
543_2,False,,1265.607544,33
543_3,False,,1265.607544,33
543_4,False,,1265.607544,33
544_1,True,,735.4269409,18
544_2,False,,735.4269409,18
544_3,False,,735.4269409,18
544_4,False,,735.4269409,18
544_5,False,,735.4269409,18
545_1,True,,893.288147,31
545_2,False,,893.288147,31
545_3,False,,893.288147,31
546_1,True,,632.7542725,48
546_2,False,,632.7542725,48
546_3,False,,632.7542725,48
546_4,False,,632.7542725,48
547_1,True,,2465.571533,39
547_2,False,,2465.571533,39
547_3,False,,2465.571533,39
548_1,True,,2465.571289,39
548_2,False,,2465.571289,39
548_3,False,,2465.571289,39
549_1,True,,1265.607544,33
549_2,False,,1265.607544,33
549_3,False,,1265.607544,33
550_1,True,,893.288147,31
550_2,False,,893.288147,31
550_3,False,,893.288147,31
550_4,False,,893.288147,31
550_5,False,,893.288147,31
551_1,True,,735.427002,18
551_2,False,,735.427002,18
551_3,False,,735.427002,18
552_1,True,,735.4269409,18
552_2,False,,735.4269409,18
553_1,True,,893.2880859,31
553_2,False,,893.2880859,31
554_1,True,,735.4269409,18
554_2,False,,735.4269409,18
554_3,False,,735.4269409,18
555_1,True,,893.288147,31
555_2,False,,893.288147,31
556_1,True,,923.9661255,46
556_2,False,,923.9661255,46
556_3,False,,923.9661255,46
556_4,False,,923.9661255,46
557_1,True,,1265.607544,41
557_2,False,,1265.607544,41
558_1,True,,893.288147,31
559_1,True,,102.3274841,49
559_2,False,,102.3274841,49
559_3,False,,102.3274841,49
560_1,True,,735.4269409,18
560_2,False,,735.4269409,18
560_3,False,,735.4269409,18
560_4,False,,735.4269409,18
560_5,False,,735.4269409,18
561_1,True,,893.288147,31
561_2,False,,893.288147,31
561_3,False,,893.288147,31
562_1,True,,247.9388885,9
562_2,False,,247.9388885,9
562_3,False,,247.9388885,9
562_4,False,,247.9388885,9
563_1,True,,102.3274841,49
564_1,True,,102.3274841,49
564_2,False,,102.3274841,49
565_1,True,,893.288147,31
565_2,False,,893.288147,31
565_3,False,,893.288147,31
565_4,False,,893.288147,31
566_1,True,,923.9660645,46
566_2,False,,923.9660645,46
567_1,True,,247.9388885,9
567_2,False,,247.9388885,9
567_3,False,,247.9388885,9
567_4,False,,247.9388885,9
567_5,False,,247.9388885,9
567_6,False,,247.9388885,9
568_1,True,,1265.607544,33
568_2,False,,1265.607544,33
568_3,False,,1265.607544,33
569_1,True,,1265.607544,45
569_2,False,,1265.607544,45
570_1,True,,893.288147,31
570_2,False,,893.288147,31
570_3,False,,893.288147,31
570_4,False,,893.288147,31
571_1,True,,923.9661255,46
571_2,False,,923.9661255,46
571_3,False,,923.9661255,46
571_4,False,,923.9661255,46
572_1,True,,632.7542725,48
572_2,False,,632.7542725,48
573_1,True,,938.2555542,21
573_2,False,,938.2555542,21
573_3,False,,938.2555542,21
573_4,False,,938.2555542,21
574_1,True,,893.288147,31
575_1,True,,893.288147,31
575_2,False,,893.288147,31
575_3,False,,893.288147,31
575_4,False,,893.288147,31
575_5,False,,893.288147,31
576_1,True,,1338.738525,6
576_2,False,,1338.738525,6
576_3,False,,1338.738525,6
576_4,False,,1338.738525,6
577_1,True,,262.3351746,19
577_2,False,,262.3351746,19
578_1,True,,247.9388885,9
578_2,False,,247.9388885,9
578_3,False,,247.9388885,9
578_4,False,,247.9388885,9
579_1,True,,102.3274918,49
580_1,True,,102.3274841,49
581_1,True,,632.7542725,48
581_2,False,,632.7542725,48
582_1,True,,893.288147,31
582_2,False,,893.288147,31
582_3,False,,893.288147,31
582_4,False,,893.288147,31
583_1,True,,632.7542725,48
583_2,False,,632.7542725,48
583_3,False,,632.7542725,48
583_4,False,,632.7542725,48
584_1,True,,632.7542725,48
584_2,False,,632.7542725,48
585_1,True,,1265.607544,25
586_1,True,,1265.607544,45
586_2,False,,1265.607544,45
586_3,False,,1265.607544,45
586_4,False,,1265.607544,45
587_1,True,,1265.607544,44
587_2,False,,1265.607544,44
587_3,False,,1265.607544,44
588_1,True,,735.427002,18
588_2,False,,735.427002,18
588_3,False,,735.427002,18
588_4,False,,735.427002,18
588_5,False,,735.427002,18
589_1,True,,1367.826782,26
589_2,False,,1367.826782,26
590_1,True,,1265.607544,36
590_2,False,,1265.607544,36
591_1,True,,735.4269409,18
591_2,False,,735.4269409,18
591_3,False,,735.4269409,18
591_4,False,,735.4269409,18
591_5,False,,735.4269409,18
592_1,True,,1265.607666,29
592_2,False,,1265.607666,29
592_3,False,,1265.607666,29
592_4,False,,1265.607666,29
592_5,False,,1265.607666,29
593_1,True,,893.288147,31
593_2,False,,893.288147,31
593_3,False,,893.288147,31
594_1,True,,1367.826904,26
594_2,False,,1367.826904,26
594_3,False,,1367.826904,26
595_1,True,,1367.826782,26
595_2,False,,1367.826782,26
595_3,False,,1367.826782,26
596_1,True,,923.9661255,46
596_2,False,,923.9661255,46
596_3,False,,923.9661255,46
597_1,True,,102.3274841,49
597_2,False,,102.3274841,49
598_1,True,,262.3351746,19
599_1,True,,1367.826782,26
599_2,False,,1367.826782,26
599_3,False,,1367.826782,26
600_1,True,,632.7542725,48
600_2,False,,632.7542725,48
600_3,False,,632.7542725,48
600_4,False,,632.7542725,48
600_5,False,,632.7542725,48
601_1,True,,632.7542725,48
601_2,False,,632.7542725,48
602_1,True,,1367.826782,26
602_2,False,,1367.826782,26
603_1,True,,247.9389038,9
603_2,False,,247.9389038,9
603_3,False,,247.9389038,9
604_1,True,,893.288147,31
604_2,False,,893.288147,31
604_3,False,,893.288147,31
604_4,False,,893.288147,31
604_5,False,,893.288147,31
605_1,True,,1367.826782,26
605_2,False,,1367.826782,26
605_3,False,,1367.826782,26
605_4,False,,1367.826782,26
606_1,True,,1338.738647,6
606_2,False,,1338.738647,6
606_3,False,,1338.738647,6
607_1,True,,1367.826904,26
607_2,False,,1367.826904,26
607_3,False,,1367.826904,26
607_4,False,,1367.826904,26
608_1,True,,2465.571533,39
608_2,False,,2465.571533,39
608_3,False,,2465.571533,39
609_1,True,,247.9388885,9
609_2,False,,247.9388885,9
610_1,True,,893.288208,31
610_2,False,,893.288208,31
611_1,True,,1367.826904,26
611_2,False,,1367.826904,26
611_3,False,,1367.826904,26
612_1,True,,923.9660645,46
612_2,False,,923.9660645,46
612_3,False,,923.9660645,46
612_4,False,,923.9660645,46
612_5,False,,923.9660645,46
612_6,False,,923.9660645,46
613_1,True,,262.335144,19
613_2,False,,262.335144,19
613_3,False,,262.335144,19
614_1,True,,1367.826782,26
614_2,False,,1367.826782,26
615_1,True,,262.335144,19
615_2,False,,262.335144,19
615_3,False,,262.335144,19
615_4,False,,262.335144,19
615_5,False,,262.335144,19
615_6,False,,262.335144,19
616_1,True,,1367.826904,26
616_2,False,,1367.826904,26
616_3,False,,1367.826904,26
616_4,False,,1367.826904,26
617_1,True,,247.9388885,9
617_2,False,,247.9388885,9
617_3,False,,247.9388885,9
617_4,False,,247.9388885,9
618_1,True,,938.2555542,21
618_2,False,,938.2555542,21
618_3,False,,938.2555542,21
618_4,False,,938.2555542,21
618_5,False,,938.2555542,21
618_6,False,,938.2555542,21
619_1,True,,923.9661255,46
619_2,False,,923.9661255,46
619_3,False,,923.9661255,46
620_1,True,,1265.607544,41
620_2,False,,1265.607544,41
620_3,False,,1265.607544,41
621_1,True,,1367.826904,26
621_2,False,,1367.826904,26
621_3,False,,1367.826904,26
621_4,False,,1367.826904,26
622_1,True,,262.3351746,19
622_2,False,,262.3351746,19
622_3,False,,262.3351746,19
623_1,True,,923.9661255,46
623_2,False,,923.9661255,46
623_3,False,,923.9661255,46
624_1,True,,262.3351746,19
624_2,False,,262.3351746,19
624_3,False,,262.3351746,19
624_4,False,,262.3351746,19
625_1,True,,632.7542725,48
625_2,False,,632.7542725,48
625_3,False,,632.7542725,48
626_1,True,,1338.738647,6
626_2,False,,1338.738647,6
627_1,True,,2465.571289,39
627_2,False,,2465.571289,39
627_3,False,,2465.571289,39
628_1,True,,102.3274841,49
628_2,False,,102.3274841,49
628_3,False,,102.3274841,49
628_4,False,,102.3274841,49
628_5,False,,102.3274841,49
629_1,True,,247.9389038,9
629_2,False,,247.9389038,9
629_3,False,,247.9389038,9
629_4,False,,247.9389038,9
629_5,False,,247.9389038,9
630_1,True,,1367.826904,26
630_2,False,,1367.826904,26
630_3,False,,1367.826904,26
630_4,False,,1367.826904,26
631_1,True,,1367.826904,26
631_2,False,,1367.826904,26
631_3,False,,1367.826904,26
631_4,False,,1367.826904,26
632_1,True,,102.3274918,49
632_2,False,,102.3274918,49
632_3,False,,102.3274918,49
632_4,False,,102.3274918,49
633_1,True,,1367.826904,26
633_2,False,,1367.826904,26
633_3,False,,1367.826904,26
633_4,False,,1367.826904,26
633_5,False,,1367.826904,26
633_6,False,,1367.826904,26
634_1,True,,247.9389038,9
635_1,True,,1265.607544,25
635_2,False,,1265.607544,25
636_1,True,,1367.826782,26
636_2,False,,1367.826782,26
636_3,False,,1367.826782,26
636_4,False,,1367.826782,26
636_5,False,,1367.826782,26
637_1,True,,2465.571533,39
637_2,False,,2465.571533,39
637_3,False,,2465.571533,39
638_1,True,,632.7542725,48
638_2,False,,632.7542725,48
638_3,False,,632.7542725,48
638_4,False,,632.7542725,48
638_5,False,,632.7542725,48
639_1,True,,1338.738647,6
639_2,False,,1338.738647,6
639_3,False,,1338.738647,6
640_1,True,,632.7542725,48
640_2,False,,632.7542725,48
641_1,True,,1367.826782,26
641_2,False,,1367.826782,26
641_3,False,,1367.826782,26
642_1,True,,632.7543335,48
642_2,False,,632.7543335,48
642_3,False,,632.7543335,48
642_4,False,,632.7543335,48
643_1,True,,923.9661255,46
643_2,False,,923.9661255,46
643_3,False,,923.9661255,46
643_4,False,,923.9661255,46
644_1,True,,1338.738647,6
644_2,False,,1338.738647,6
644_3,False,,1338.738647,6
644_4,False,,1338.738647,6
644_5,False,,1338.738647,6
645_1,True,,1265.607544,10
645_2,False,,1265.607544,10
646_1,True,,262.3351746,19
647_1,True,,247.9388885,9
647_2,False,,247.9388885,9
647_3,False,,247.9388885,9
648_1,True,,262.3351746,19
649_1,True,,247.9389038,9
650_1,True,,262.3351746,19
650_2,False,,262.3351746,19
651_1,True,,247.9388733,9
651_2,False,,247.9388733,9
652_1,True,,1338.738647,6
652_2,False,,1338.738647,6
652_3,False,,1338.738647,6
653_1,True,,1265.607544,45
653_2,False,,1265.607544,45
654_1,True,,247.9388885,9
654_2,False,,247.9388885,9
654_3,False,,247.9388885,9
654_4,False,,247.9388885,9
654_5,False,,247.9388885,9
654_6,False,,247.9388885,9
655_1,True,,1367.826904,26
655_2,False,,1367.826904,26
656_1,True,,632.7543335,48
656_2,False,,632.7543335,48
657_1,True,,262.3351746,19
657_2,False,,262.3351746,19
657_3,False,,262.3351746,19
657_4,False,,262.3351746,19
658_1,True,,923.9661255,46
658_2,False,,923.9661255,46
658_3,False,,923.9661255,46
659_1,True,,102.3274918,49
659_2,False,,102.3274918,49
660_1,True,,1367.826782,26
660_2,False,,1367.826782,26
660_3,False,,1367.826782,26
660_4,False,,1367.826782,26
660_5,False,,1367.826782,26
660_6,False,,1367.826782,26
661_1,True,,102.3274841,49
661_2,False,,102.3274841,49
662_1,True,,735.4269409,18
662_2,False,,735.4269409,18
662_3,False,,735.4269409,18
663_1,True,,102.3274841,49
663_2,False,,102.3274841,49
663_3,False,,102.3274841,49
664_1,True,,1367.826782,26
664_2,False,,1367.826782,26
665_1,True,,102.3274841,49
665_2,False,,102.3274841,49
666_1,True,,893.288147,31
666_2,False,,893.288147,31
667_1,True,,262.3351746,19
667_2,False,,262.3351746,19
667_3,False,,262.3351746,19
667_4,False,,262.3351746,19
667_5,False,,262.3351746,19
667_6,False,,262.3351746,19
668_1,True,,735.4269409,18
669_1,True,,938.2555542,21
670_1,True,,247.9388885,9
670_2,False,,247.9388885,9
670_3,False,,247.9388885,9
670_4,False,,247.9388885,9
671_1,True,,1367.826782,26
671_2,False,,1367.826782,26
671_3,False,,1367.826782,26
671_4,False,,1367.826782,26
672_1,True,,893.288208,31
672_2,False,,893.288208,31
672_3,False,,893.288208,31
672_4,False,,893.288208,31
673_1,True,,262.3351746,19
673_2,False,,262.3351746,19
674_1,True,,102.3274918,49
674_2,False,,102.3274918,49
675_1,True,,262.335144,19
675_2,False,,262.335144,19
676_1,True,,735.4269409,18
676_2,False,,735.4269409,18
676_3,False,,735.4269409,18
676_4,False,,735.4269409,18
677_1,True,,1367.826782,26
677_2,False,,1367.826782,26
678_1,True,,2465.571289,39
678_2,False,,2465.571289,39
679_1,True,,735.4269409,18
679_2,False,,735.4269409,18
680_1,True,,632.7542725,48
680_2,False,,632.7542725,48
680_3,False,,632.7542725,48
680_4,False,,632.7542725,48
681_1,True,,1265.607544,22
682_1,True,,893.2880859,31
682_2,False,,893.2880859,31
683_1,True,,262.3351746,19
683_2,False,,262.3351746,19
684_1,True,,1265.607544,41
684_2,False,,1265.607544,41
684_3,False,,1265.607544,41
685_1,True,,893.288147,31
685_2,False,,893.288147,31
685_3,False,,893.288147,31
686_1,True,,1367.826904,26
686_2,False,,1367.826904,26
687_1,True,,893.2880859,31
687_2,False,,893.2880859,31
688_1,True,,1367.826782,26
688_2,False,,1367.826782,26
689_1,True,,632.7542725,48
689_2,False,,632.7542725,48
689_3,False,,632.7542725,48
689_4,False,,632.7542725,48
690_1,True,,1367.826904,26
690_2,False,,1367.826904,26
691_1,True,,102.3274841,49
691_2,False,,102.3274841,49
692_1,True,,247.9389038,9
692_2,False,,247.9389038,9
693_1,True,,938.2555542,21
693_2,False,,938.2555542,21
694_1,True,,938.2555542,21
694_2,False,,938.2555542,21
695_1,True,,1367.826904,26
695_2,False,,1367.826904,26
695_3,False,,1367.826904,26
695_4,False,,1367.826904,26
695_5,False,,1367.826904,26
696_1,True,,1265.607544,45
696_2,False,,1265.607544,45
696_3,False,,1265.607544,45
697_1,True,,247.9388885,9
697_2,False,,247.9388885,9
698_1,True,,1265.607544,44
698_2,False,,1265.607544,44
698_3,False,,1265.607544,44
699_1,True,,1338.738647,6
700_1,True,,1338.738647,6
700_2,False,,1338.738647,6
700_3,False,,1338.738647,6
701_1,True,,735.4269409,18
701_2,False,,735.4269409,18
701_3,False,,735.4269409,18
702_1,True,,938.2555542,21
702_2,False,,938.2555542,21
702_3,False,,938.2555542,21
702_4,False,,938.2555542,21
702_5,False,,938.2555542,21
702_6,False,,938.2555542,21
702_7,False,,938.2555542,21
703_1,True,,2465.571289,39
703_2,False,,2465.571289,39
703_3,False,,2465.571289,39
703_4,False,,2465.571289,39
703_5,False,,2465.571289,39
704_1,True,,1338.738647,6
704_2,False,,1338.738647,6
704_3,False,,1338.738647,6
704_4,False,,1338.738647,6
705_1,True,,1338.738647,6
706_1,True,,938.2554932,21
706_2,False,,938.2554932,21
706_3,False,,938.2554932,21
707_1,True,,1338.738647,6
707_2,False,,1338.738647,6
708_1,True,,1367.826782,26
708_2,False,,1367.826782,26
709_1,True,,2465.571289,39
709_2,False,,2465.571289,39
709_3,False,,2465.571289,39
709_4,False,,2465.571289,39
710_1,True,,1265.607544,45
710_2,False,,1265.607544,45
711_1,True,,2465.571533,39
711_2,False,,2465.571533,39
711_3,False,,2465.571533,39
711_4,False,,2465.571533,39
712_1,True,,1265.607544,33
712_2,False,,1265.607544,33
712_3,False,,1265.607544,33
712_4,False,,1265.607544,33
712_5,False,,1265.607544,33
712_6,False,,1265.607544,33
712_7,False,,1265.607544,33
712_8,False,,1265.607544,33
712_9,False,,1265.607544,33
713_1,True,,632.7542725,48
713_2,False,,632.7542725,48
714_1,True,,1367.826782,26
714_2,False,,1367.826782,26
714_3,False,,1367.826782,26
714_4,False,,1367.826782,26
714_5,False,,1367.826782,26
714_6,False,,1367.826782,26
715_1,True,,1367.826782,26
715_2,False,,1367.826782,26
716_1,True,,735.427002,18
716_2,False,,735.427002,18
716_3,False,,735.427002,18
717_1,True,,938.2555542,21
717_2,False,,938.2555542,21
717_3,False,,938.2555542,21
717_4,False,,938.2555542,21
717_5,False,,938.2555542,21
718_1,True,,1367.826782,26
718_2,False,,1367.826782,26
719_1,True,,1367.826782,26
719_2,False,,1367.826782,26
719_3,False,,1367.826782,26
719_4,False,,1367.826782,26
719_5,False,,1367.826782,26
720_1,True,,1367.826782,26
720_2,False,,1367.826782,26
720_3,False,,1367.826782,26
720_4,False,,1367.826782,26
721_1,True,,1265.607544,45
721_2,False,,1265.607544,45
721_3,False,,1265.607544,45
721_4,False,,1265.607544,45
722_1,True,,893.288147,31
722_2,False,,893.288147,31
722_3,False,,893.288147,31
722_4,False,,893.288147,31
723_1,True,,102.3274841,49
723_2,False,,102.3274841,49
723_3,False,,102.3274841,49
723_4,False,,102.3274841,49
724_1,True,,1367.826904,26
724_2,False,,1367.826904,26
724_3,False,,1367.826904,26
724_4,False,,1367.826904,26
725_1,True,,2465.571533,39
726_1,True,,632.7543335,48
726_2,False,,632.7543335,48
726_3,False,,632.7543335,48
726_4,False,,632.7543335,48
726_5,False,,632.7543335,48
727_1,True,,2465.571533,39
727_2,False,,2465.571533,39
727_3,False,,2465.571533,39
728_1,True,,893.2880859,31
729_1,True,,2465.571533,39
729_2,False,,2465.571533,39
730_1,True,,1367.826782,26
730_2,False,,1367.826782,26
730_3,False,,1367.826782,26
730_4,False,,1367.826782,26
731_1,True,,247.9388885,9
731_2,False,,247.9388885,9
732_1,True,,735.4269409,18
732_2,False,,735.4269409,18
732_3,False,,735.4269409,18
732_4,False,,735.4269409,18
732_5,False,,735.4269409,18
732_6,False,,735.4269409,18
733_1,True,,893.288147,31
733_2,False,,893.288147,31
733_3,False,,893.288147,31
733_4,False,,893.288147,31
734_1,True,,1367.826904,26
734_2,False,,1367.826904,26
735_1,True,,1367.826782,26
735_2,False,,1367.826782,26
735_3,False,,1367.826782,26
736_1,True,,893.288147,31
736_2,False,,893.288147,31
736_3,False,,893.288147,31
736_4,False,,893.288147,31
736_5,False,,893.288147,31
736_6,False,,893.288147,31
736_7,False,,893.288147,31
737_1,True,,1338.738647,6
737_2,False,,1338.738647,6
738_1,True,,1367.826904,26
738_2,False,,1367.826904,26
738_3,False,,1367.826904,26
738_4,False,,1367.826904,26
738_5,False,,1367.826904,26
739_1,True,,1367.826782,26
739_2,False,,1367.826782,26
739_3,False,,1367.826782,26
739_4,False,,1367.826782,26
739_5,False,,1367.826782,26
739_6,False,,1367.826782,26
740_1,True,,923.9661255,46
740_2,False,,923.9661255,46
740_3,False,,923.9661255,46
740_4,False,,923.9661255,46
741_1,True,,938.2555542,21
741_2,False,,938.2555542,21
741_3,False,,938.2555542,21
742_1,True,,1265.607544,10
742_2,False,,1265.607544,10
742_3,False,,1265.607544,10
742_4,False,,1265.607544,10
743_1,True,,1367.826782,26
743_2,False,,1367.826782,26
744_1,True,,1367.826782,26
744_2,False,,1367.826782,26
744_3,False,,1367.826782,26
745_1,True,,938.2555542,21
745_2,False,,938.2555542,21
745_3,False,,938.2555542,21
745_4,False,,938.2555542,21
745_5,False,,938.2555542,21
745_6,False,,938.2555542,21
745_7,False,,938.2555542,21
746_1,True,,1265.607544,5
747_1,True,,632.7542725,48
747_2,False,,632.7542725,48
747_3,False,,632.7542725,48
748_1,True,,923.9660645,46
748_2,False,,923.9660645,46
749_1,True,,923.9660645,46
749_2,False,,923.9660645,46
749_3,False,,923.9660645,46
750_1,True,,2465.571289,39
750_2,False,,2465.571289,39
750_3,False,,2465.571289,39
750_4,False,,2465.571289,39
751_1,True,,893.288147,31
751_2,False,,893.288147,31
751_3,False,,893.288147,31
752_1,True,,735.4269409,18
752_2,False,,735.4269409,18
752_3,False,,735.4269409,18
752_4,False,,735.4269409,18
752_5,False,,735.4269409,18
752_6,False,,735.4269409,18
752_7,False,,735.4269409,18
753_1,True,,923.9660645,46
754_1,True,,632.7542725,48
754_2,False,,632.7542725,48
754_3,False,,632.7542725,48
754_4,False,,632.7542725,48
754_5,False,,632.7542725,48
755_1,True,,1338.738647,6
756_1,True,,1367.826782,26
756_2,False,,1367.826782,26
756_3,False,,1367.826782,26
756_4,False,,1367.826782,26
757_1,True,,1265.607544,10
757_2,False,,1265.607544,10
757_3,False,,1265.607544,10
758_1,True,,632.7542725,48
758_2,False,,632.7542725,48
758_3,False,,632.7542725,48
759_1,True,,938.2555542,21
759_2,False,,938.2555542,21
759_3,False,,938.2555542,21
759_4,False,,938.2555542,21
759_5,False,,938.2555542,21
759_6,False,,938.2555542,21
760_1,True,,938.2555542,21
760_2,False,,938.2555542,21
760_3,False,,938.2555542,21
761_1,True,,1265.607544,10
762_1,True,,938.2555542,21
762_2,False,,938.2555542,21
762_3,False,,938.2555542,21
763_1,True,,102.3274918,49
764_1,True,,938.2555542,21
764_2,False,,938.2555542,21
765_1,True,,2465.571533,39
765_2,False,,2465.571533,39
765_3,False,,2465.571533,39
765_4,False,,2465.571533,39
765_5,False,,2465.571533,39
766_1,True,,938.2554932,21
766_2,False,,938.2554932,21
766_3,False,,938.2554932,21
766_4,False,,938.2554932,21
766_5,False,,938.2554932,21
767_1,True,,262.3351746,19
767_2,False,,262.3351746,19
767_3,False,,262.3351746,19
768_1,True,,102.3274918,49
768_2,False,,102.3274918,49
768_3,False,,102.3274918,49
769_1,True,,735.4269409,18
769_2,False,,735.4269409,18
769_3,False,,735.4269409,18
769_4,False,,735.4269409,18
770_1,True,,938.2556152,21
770_2,False,,938.2556152,21
770_3,False,,938.2556152,21
770_4,False,,938.2556152,21
771_1,True,,735.427002,18
771_2,False,,735.427002,18
772_1,True,,735.427002,18
772_2,False,,735.427002,18
773_1,True,,102.3274918,49
774_1,True,,1338.738647,6
774_2,False,,1338.738647,6
774_3,False,,1338.738647,6
774_4,False,,1338.738647,6
774_5,False,,1338.738647,6
774_6,False,,1338.738647,6
775_1,True,,938.2555542,21
775_2,False,,938.2555542,21
775_3,False,,938.2555542,21
775_4,False,,938.2555542,21
776_1,True,,262.3351746,19
776_2,False,,262.3351746,19
776_3,False,,262.3351746,19
777_1,True,,923.9660645,46
777_2,False,,923.9660645,46
777_3,False,,923.9660645,46
777_4,False,,923.9660645,46
778_1,True,,938.2555542,21
778_2,False,,938.2555542,21
778_3,False,,938.2555542,21
778_4,False,,938.2555542,21
778_5,False,,938.2555542,21
779_1,True,,893.288147,31
779_2,False,,893.288147,31
780_1,True,,1367.826782,26
780_2,False,,1367.826782,26
780_3,False,,1367.826782,26
781_1,True,,938.2555542,21
781_2,False,,938.2555542,21
781_3,False,,938.2555542,21
782_1,True,,893.2880859,31
782_2,False,,893.2880859,31
782_3,False,,893.2880859,31
783_1,True,,102.3274841,49
783_2,False,,102.3274841,49
784_1,True,,2465.571289,39
784_2,False,,2465.571289,39
784_3,False,,2465.571289,39
785_1,True,,247.9388885,9
785_2,False,,247.9388885,9
785_3,False,,247.9388885,9
785_4,False,,247.9388885,9
786_1,True,,893.288147,31
786_2,False,,893.288147,31
787_1,True,,247.9388885,9
787_2,False,,247.9388885,9
787_3,False,,247.9388885,9
787_4,False,,247.9388885,9
787_5,False,,247.9388885,9
788_1,True,,1367.826782,26
788_2,False,,1367.826782,26
788_3,False,,1367.826782,26
788_4,False,,1367.826782,26
788_5,False,,1367.826782,26
789_1,True,,938.2556152,21
789_2,False,,938.2556152,21
789_3,False,,938.2556152,21
789_4,False,,938.2556152,21
790_1,True,,923.9661255,46
790_2,False,,923.9661255,46
791_1,True,,247.9388885,9
792_1,True,,1367.826904,26
792_2,False,,1367.826904,26
792_3,False,,1367.826904,26
793_1,True,,938.2555542,21
793_2,False,,938.2555542,21
793_3,False,,938.2555542,21
794_1,True,,938.2555542,21
795_1,True,,735.4269409,18
795_2,False,,735.4269409,18
795_3,False,,735.4269409,18
795_4,False,,735.4269409,18
795_5,False,,735.4269409,18
796_1,True,,938.2555542,21
796_2,False,,938.2555542,21
796_3,False,,938.2555542,21
796_4,False,,938.2555542,21
796_5,False,,938.2555542,21
797_1,True,,923.9661255,46
797_2,False,,923.9661255,46
797_3,False,,923.9661255,46
798_1,True,,923.9660645,46
798_2,False,,923.9660645,46
798_3,False,,923.9660645,46
799_1,True,,938.2556152,21
799_2,False,,938.2556152,21
799_3,False,,938.2556152,21
800_1,True,,1367.826782,26
800_2,False,,1367.826782,26
800_3,False,,1367.826782,26
801_1,True,,247.9388885,9
801_2,False,,247.9388885,9
801_3,False,,247.9388885,9
801_4,False,,247.9388885,9
802_1,True,,923.9660645,46
802_2,False,,923.9660645,46
802_3,False,,923.9660645,46
802_4,False,,923.9660645,46
802_5,False,,923.9660645,46
803_1,True,,735.427002,18
803_2,False,,735.427002,18
803_3,False,,735.427002,18
803_4,False,,735.427002,18
804_1,True,,632.7542725,48
804_2,False,,632.7542725,48
804_3,False,,632.7542725,48
804_4,False,,632.7542725,48
805_1,True,,102.3274841,49
805_2,False,,102.3274841,49
805_3,False,,102.3274841,49
805_4,False,,102.3274841,49
805_5,False,,102.3274841,49
806_1,True,,735.4269409,18
806_2,False,,735.4269409,18
806_3,False,,735.4269409,18
807_1,True,,262.335144,19
807_2,False,,262.335144,19
807_3,False,,262.335144,19
808_1,True,,247.9388733,9
808_2,False,,247.9388733,9
809_1,True,,1265.607544,33
810_1,True,,938.2556152,21
810_2,False,,938.2556152,21
811_1,True,,938.2555542,21
811_2,False,,938.2555542,21
811_3,False,,938.2555542,21
811_4,False,,938.2555542,21
812_1,True,,1265.607544,8
812_2,False,,1265.607544,8
812_3,False,,1265.607544,8
813_1,True,,938.2555542,21
813_2,False,,938.2555542,21
813_3,False,,938.2555542,21
813_4,False,,938.2555542,21
814_1,True,,247.9388733,9
814_2,False,,247.9388733,9
814_3,False,,247.9388733,9
814_4,False,,247.9388733,9
815_1,True,,735.4269409,18
815_2,False,,735.4269409,18
815_3,False,,735.4269409,18
816_1,True,,938.2555542,21
816_2,False,,938.2555542,21
816_3,False,,938.2555542,21
816_4,False,,938.2555542,21
817_1,True,,893.288147,31
817_2,False,,893.288147,31
818_1,True,,1265.607544,25
818_2,False,,1265.607544,25
818_3,False,,1265.607544,25
819_1,True,,923.9661255,46
819_2,False,,923.9661255,46
819_3,False,,923.9661255,46
819_4,False,,923.9661255,46
819_5,False,,923.9661255,46
820_1,True,,247.9389038,9
820_2,False,,247.9389038,9
821_1,True,,102.3274841,49
822_1,True,,923.9661255,46
822_2,False,,923.9661255,46
823_1,True,,735.4269409,18
823_2,False,,735.4269409,18
824_1,True,,923.9660645,46
824_2,False,,923.9660645,46
825_1,True,,247.9389038,9
825_2,False,,247.9389038,9
825_3,False,,247.9389038,9
826_1,True,,1367.826904,26
826_2,False,,1367.826904,26
826_3,False,,1367.826904,26
826_4,False,,1367.826904,26
827_1,True,,923.9661255,46
827_2,False,,923.9661255,46
827_3,False,,923.9661255,46
828_1,True,,938.2555542,21
828_2,False,,938.2555542,21
828_3,False,,938.2555542,21
828_4,False,,938.2555542,21
829_1,True,,938.2555542,21
829_2,False,,938.2555542,21
830_1,True,,1367.826782,26
830_2,False,,1367.826782,26
830_3,False,,1367.826782,26
831_1,True,,632.7542725,48
831_2,False,,632.7542725,48
831_3,False,,632.7542725,48
831_4,False,,632.7542725,48
831_5,False,,632.7542725,48
831_6,False,,632.7542725,48
832_1,True,,2465.571289,39
832_2,False,,2465.571289,39
833_1,True,,938.2556152,21
833_2,False,,938.2556152,21
834_1,True,,893.288147,31
834_2,False,,893.288147,31
834_3,False,,893.288147,31
834_4,False,,893.288147,31
835_1,True,,2465.571533,39
835_2,False,,2465.571533,39
835_3,False,,2465.571533,39
835_4,False,,2465.571533,39
836_1,True,,1265.607666,45
836_2,False,,1265.607666,45
837_1,True,,632.7542725,48
837_2,False,,632.7542725,48
838_1,True,,1265.607544,12
838_2,False,,1265.607544,12
838_3,False,,1265.607544,12
838_4,False,,1265.607544,12
839_1,True,,262.3351746,19
840_1,True,,1338.738525,6
840_2,False,,1338.738525,6
841_1,True,,735.427002,18
841_2,False,,735.427002,18
841_3,False,,735.427002,18
841_4,False,,735.427002,18
842_1,True,,247.9388733,9
842_2,False,,247.9388733,9
842_3,False,,247.9388733,9
842_4,False,,247.9388733,9
842_5,False,,247.9388733,9
842_6,False,,247.9388733,9
843_1,True,,735.4269409,18
843_2,False,,735.4269409,18
844_1,True,,1265.607544,41
844_2,False,,1265.607544,41
845_1,True,,102.3274918,49
845_2,False,,102.3274918,49
845_3,False,,102.3274918,49
846_1,True,,632.7542725,48
846_2,False,,632.7542725,48
846_3,False,,632.7542725,48
846_4,False,,632.7542725,48
847_1,True,,1265.607544,25
847_2,False,,1265.607544,25
848_1,True,,1265.607544,4
848_2,False,,1265.607544,4
848_3,False,,1265.607544,4
849_1,True,,938.2555542,21
849_2,False,,938.2555542,21
850_1,True,,262.3351746,19
851_1,True,,938.2556152,21
851_2,False,,938.2556152,21
851_3,False,,938.2556152,21
851_4,False,,938.2556152,21
852_1,True,,938.2556152,21
852_2,False,,938.2556152,21
852_3,False,,938.2556152,21
852_4,False,,938.2556152,21
853_1,True,,938.2555542,21
854_1,True,,262.3351746,19
854_2,False,,262.3351746,19
854_3,False,,262.3351746,19
855_1,True,,102.3274918,49
855_2,False,,102.3274918,49
855_3,False,,102.3274918,49
855_4,False,,102.3274918,49
855_5,False,,102.3274918,49
856_1,True,,735.427002,18
856_2,False,,735.427002,18
856_3,False,,735.427002,18
856_4,False,,735.427002,18
856_5,False,,735.427002,18
856_6,False,,735.427002,18
856_7,False,,735.427002,18
857_1,True,,247.9388885,9
857_2,False,,247.9388885,9
858_1,True,,262.3351746,19
858_2,False,,262.3351746,19
858_3,False,,262.3351746,19
859_1,True,,938.2555542,21
859_2,False,,938.2555542,21
860_1,True,,1265.607544,41
860_2,False,,1265.607544,41
860_3,False,,1265.607544,41
861_1,True,,262.335144,19
861_2,False,,262.335144,19
861_3,False,,262.335144,19
861_4,False,,262.335144,19
861_5,False,,262.335144,19
861_6,False,,262.335144,19
862_1,True,,1367.826904,26
862_2,False,,1367.826904,26
863_1,True,,938.2556152,21
863_2,False,,938.2556152,21
863_3,False,,938.2556152,21
864_1,True,,247.9388733,9
864_2,False,,247.9388733,9
864_3,False,,247.9388733,9
865_1,True,,632.7543335,48
865_2,False,,632.7543335,48
865_3,False,,632.7543335,48
865_4,False,,632.7543335,48
866_1,True,,102.3274918,49
867_1,True,,247.9388733,9
867_2,False,,247.9388733,9
867_3,False,,247.9388733,9
868_1,True,,893.288208,31
868_2,False,,893.288208,31
869_1,True,,1265.607544,25
869_2,False,,1265.607544,25
869_3,False,,1265.607544,25
869_4,False,,1265.607544,25
869_5,False,,1265.607544,25
869_6,False,,1265.607544,25
870_1,True,,1265.607544,4
870_2,False,,1265.607544,4
870_3,False,,1265.607544,4
871_1,True,,1338.738647,6
871_2,False,,1338.738647,6
871_3,False,,1338.738647,6
871_4,False,,1338.738647,6
871_5,False,,1338.738647,6
871_6,False,,1338.738647,6
872_1,True,,2465.571533,39
873_1,True,,247.9388885,9
873_2,False,,247.9388885,9
873_3,False,,247.9388885,9
873_4,False,,247.9388885,9
874_1,True,,632.7542725,48
874_2,False,,632.7542725,48
875_1,True,,247.9388885,9
875_2,False,,247.9388885,9
876_1,True,,2465.571289,39
876_2,False,,2465.571289,39
877_1,True,,938.2556152,21
877_2,False,,938.2556152,21
877_3,False,,938.2556152,21
878_1,True,,735.4269409,18
878_2,False,,735.4269409,18
878_3,False,,735.4269409,18
878_4,False,,735.4269409,18
878_5,False,,735.4269409,18
879_1,True,,938.2555542,21
879_2,False,,938.2555542,21
880_1,True,,938.2555542,21
880_2,False,,938.2555542,21
881_1,True,,1265.607544,33
881_2,False,,1265.607544,33
881_3,False,,1265.607544,33
882_1,True,,632.7542725,48
882_2,False,,632.7542725,48
882_3,False,,632.7542725,48
883_1,True,,1338.738647,6
883_2,False,,1338.738647,6
884_1,True,,247.9388733,9
884_2,False,,247.9388733,9
884_3,False,,247.9388733,9
884_4,False,,247.9388733,9
885_1,True,,735.427002,18
885_2,False,,735.427002,18
885_3,False,,735.427002,18
885_4,False,,735.427002,18
886_1,True,,247.9388885,9
886_2,False,,247.9388885,9
886_3,False,,247.9388885,9
887_1,True,,2465.571289,39
887_2,False,,2465.571289,39
888_1,True,,938.2555542,21
888_2,False,,938.2555542,21
888_3,False,,938.2555542,21
888_4,False,,938.2555542,21
888_5,False,,938.2555542,21
889_1,True,,735.4269409,18
889_2,False,,735.4269409,18
889_3,False,,735.4269409,18
890_1,True,,893.288147,31
890_2,False,,893.288147,31
890_3,False,,893.288147,31
890_4,False,,893.288147,31
890_5,False,,893.288147,31
891_1,True,,102.3274841,49
891_2,False,,102.3274841,49
892_1,True,,923.9661255,46
892_2,False,,923.9661255,46
892_3,False,,923.9661255,46
892_4,False,,923.9661255,46
893_1,True,,735.4269409,18
893_2,False,,735.4269409,18
893_3,False,,735.4269409,18
893_4,False,,735.4269409,18
893_5,False,,735.4269409,18
894_1,True,,262.3351746,19
894_2,False,,262.3351746,19
894_3,False,,262.3351746,19
894_4,False,,262.3351746,19
894_5,False,,262.3351746,19
895_1,True,,923.9661255,46
895_2,False,,923.9661255,46
895_3,False,,923.9661255,46
895_4,False,,923.9661255,46
895_5,False,,923.9661255,46
896_1,True,,923.9661255,46
897_1,True,,735.427002,18
897_2,False,,735.427002,18
897_3,False,,735.427002,18
898_1,True,,102.3274841,49
898_2,False,,102.3274841,49
898_3,False,,102.3274841,49
899_1,True,,102.3274918,49
899_2,False,,102.3274918,49
899_3,False,,102.3274918,49
900_1,True,,938.2555542,21
900_2,False,,938.2555542,21
900_3,False,,938.2555542,21
901_1,True,,893.288147,31
901_2,False,,893.288147,31
901_3,False,,893.288147,31
901_4,False,,893.288147,31
902_1,True,,938.2555542,21
902_2,False,,938.2555542,21
902_3,False,,938.2555542,21
902_4,False,,938.2555542,21
903_1,True,,1265.607544,33
903_2,False,,1265.607544,33
903_3,False,,1265.607544,33
904_1,True,,938.2554932,21
904_2,False,,938.2554932,21
904_3,False,,938.2554932,21
905_1,True,,102.3274841,49
906_1,True,,1265.607544,10
906_2,False,,1265.607544,10
906_3,False,,1265.607544,10
906_4,False,,1265.607544,10
907_1,True,,938.2555542,21
907_2,False,,938.2555542,21
907_3,False,,938.2555542,21
907_4,False,,938.2555542,21
908_1,True,,102.3274918,49
909_1,True,,1265.607544,25
910_1,True,,1367.826782,26
910_2,False,,1367.826782,26
910_3,False,,1367.826782,26
910_4,False,,1367.826782,26
910_5,False,,1367.826782,26
910_6,False,,1367.826782,26
910_7,False,,1367.826782,26
910_8,False,,1367.826782,26
911_1,True,,893.2880859,31
911_2,False,,893.2880859,31
912_1,True,,923.9661255,46
912_2,False,,923.9661255,46
913_1,True,,923.9661255,46
913_2,False,,923.9661255,46
914_1,True,,2465.571533,39
914_2,False,,2465.571533,39
914_3,False,,2465.571533,39
915_1,True,,262.3351746,19
915_2,False,,262.3351746,19
915_3,False,,262.3351746,19
916_1,True,,1367.826782,26
916_2,False,,1367.826782,26
917_1,True,,735.4269409,18
917_2,False,,735.4269409,18
918_1,True,,735.4269409,18
918_2,False,,735.4269409,18
919_1,True,,923.9661255,46
919_2,False,,923.9661255,46
920_1,True,,262.335144,19
920_2,False,,262.335144,19
921_1,True,,1367.826782,26
921_2,False,,1367.826782,26
921_3,False,,1367.826782,26
921_4,False,,1367.826782,26
921_5,False,,1367.826782,26
922_1,True,,262.335144,19
922_2,False,,262.335144,19
923_1,True,,1367.826782,26
923_2,False,,1367.826782,26
924_1,True,,893.288147,31
924_2,False,,893.288147,31
925_1,True,,247.9388885,9
925_2,False,,247.9388885,9
926_1,True,,1265.607544,20
926_2,False,,1265.607544,20
926_3,False,,1265.607544,20
927_1,True,,938.2556152,21
927_2,False,,938.2556152,21
927_3,False,,938.2556152,21
928_1,True,,735.427002,18
928_2,False,,735.427002,18
929_1,True,,735.427002,18
929_2,False,,735.427002,18
929_3,False,,735.427002,18
929_4,False,,735.427002,18
930_1,True,,262.3351746,19
931_1,True,,1367.826904,26
931_2,False,,1367.826904,26
931_3,False,,1367.826904,26
931_4,False,,1367.826904,26
931_5,False,,1367.826904,26
931_6,False,,1367.826904,26
932_1,True,,938.2555542,21
932_2,False,,938.2555542,21
933_1,True,,102.3274841,49
933_2,False,,102.3274841,49
934_1,True,,247.9388733,9
934_2,False,,247.9388733,9
934_3,False,,247.9388733,9
934_4,False,,247.9388733,9
934_5,False,,247.9388733,9
935_1,True,,262.3351746,19
935_2,False,,262.3351746,19
936_1,True,,247.9388885,9
936_2,False,,247.9388885,9
937_1,True,,1265.607544,5
937_2,False,,1265.607544,5
937_3,False,,1265.607544,5
937_4,False,,1265.607544,5
938_1,True,,1338.738647,6
938_2,False,,1338.738647,6
938_3,False,,1338.738647,6
939_1,True,,102.3274841,49
940_1,True,,1367.826782,26
941_1,True,,938.2554932,21
941_2,False,,938.2554932,21
941_3,False,,938.2554932,21
942_1,True,,247.9388885,9
942_2,False,,247.9388885,9
942_3,False,,247.9388885,9
943_1,True,,1338.738647,6
943_2,False,,1338.738647,6
943_3,False,,1338.738647,6
943_4,False,,1338.738647,6
944_1,True,,1265.607544,41
945_1,True,,247.9388885,9
945_2,False,,247.9388885,9
945_3,False,,247.9388885,9
946_1,True,,938.2555542,21
946_2,False,,938.2555542,21
946_3,False,,938.2555542,21
946_4,False,,938.2555542,21
947_1,True,,247.9388885,9
947_2,False,,247.9388885,9
947_3,False,,247.9388885,9
947_4,False,,247.9388885,9
947_5,False,,247.9388885,9
948_1,True,,247.9388885,9
948_2,False,,247.9388885,9
948_3,False,,247.9388885,9
949_1,True,,735.4269409,18
949_2,False,,735.4269409,18
949_3,False,,735.4269409,18
949_4,False,,735.4269409,18
950_1,True,,262.335144,19
950_2,False,,262.335144,19
951_1,True,,262.3351746,19
951_2,False,,262.3351746,19
951_3,False,,262.3351746,19
951_4,False,,262.3351746,19
952_1,True,,2465.571533,39
953_1,True,,735.427002,18
953_2,False,,735.427002,18
953_3,False,,735.427002,18
953_4,False,,735.427002,18
953_5,False,,735.427002,18
954_1,True,,1338.73877,6
954_2,False,,1338.73877,6
955_1,True,,247.9388885,9
955_2,False,,247.9388885,9
955_3,False,,247.9388885,9
955_4,False,,247.9388885,9
956_1,True,,262.335144,19
956_2,False,,262.335144,19
956_3,False,,262.335144,19
956_4,False,,262.335144,19
957_1,True,,262.3351746,19
957_2,False,,262.3351746,19
957_3,False,,262.3351746,19
957_4,False,,262.3351746,19
958_1,True,,262.335144,19
958_2,False,,262.335144,19
958_3,False,,262.335144,19
958_4,False,,262.335144,19
958_5,False,,262.335144,19
958_6,False,,262.335144,19
959_1,True,,247.9389038,9
959_2,False,,247.9389038,9
959_3,False,,247.9389038,9
959_4,False,,247.9389038,9
959_5,False,,247.9389038,9
960_1,True,,1338.738647,6
960_2,False,,1338.738647,6
961_1,True,,262.335144,19
961_2,False,,262.335144,19
961_3,False,,262.335144,19
961_4,False,,262.335144,19
961_5,False,,262.335144,19
962_1,True,,923.9661255,46
963_1,True,,1367.826904,26
963_2,False,,1367.826904,26
964_1,True,,1265.607544,7
965_1,True,,632.7542725,48
965_2,False,,632.7542725,48
965_3,False,,632.7542725,48
966_1,True,,938.2555542,21
966_2,False,,938.2555542,21
966_3,False,,938.2555542,21
967_1,True,,2465.571533,39
967_2,False,,2465.571533,39
967_3,False,,2465.571533,39
968_1,True,,2465.571533,39
968_2,False,,2465.571533,39
968_3,False,,2465.571533,39
968_4,False,,2465.571533,39
969_1,True,,262.3351746,19
969_2,False,,262.3351746,19
970_1,True,,735.4269409,18
970_2,False,,735.4269409,18
971_1,True,,1338.738525,6
971_2,False,,1338.738525,6
971_3,False,,1338.738525,6
971_4,False,,1338.738525,6
972_1,True,,2465.571289,39
972_2,False,,2465.571289,39
972_3,False,,2465.571289,39
973_1,True,,893.288147,31
974_1,True,,262.3351746,19
974_2,False,,262.3351746,19
975_1,True,,262.3351746,19
975_2,False,,262.3351746,19
976_1,True,,262.3351746,19
976_2,False,,262.3351746,19
977_1,True,,632.7542725,48
977_2,False,,632.7542725,48
977_3,False,,632.7542725,48
978_1,True,,735.4269409,18
978_2,False,,735.4269409,18
978_3,False,,735.4269409,18
979_1,True,,102.3274841,49
980_1,True,,893.2880859,31
980_2,False,,893.2880859,31
981_1,True,,893.288147,31
982_1,True,,102.3274841,49
982_2,False,,102.3274841,49
983_1,True,,262.3351746,19
983_2,False,,262.3351746,19
983_3,False,,262.3351746,19
983_4,False,,262.3351746,19
984_1,True,,735.427002,18
984_2,False,,735.427002,18
985_1,True,,735.4269409,18
985_2,False,,735.4269409,18
985_3,False,,735.4269409,18
985_4,False,,735.4269409,18
985_5,False,,735.4269409,18
986_1,True,,1265.607544,38
987_1,True,,247.9388885,9
987_2,False,,247.9388885,9
987_3,False,,247.9388885,9
988_1,True,,923.9661255,46
988_2,False,,923.9661255,46
988_3,False,,923.9661255,46
989_1,True,,1265.607544,25
989_2,False,,1265.607544,25
989_3,False,,1265.607544,25
989_4,False,,1265.607544,25
990_1,True,,2465.571533,39
990_2,False,,2465.571533,39
991_1,True,,102.3274918,49
991_2,False,,102.3274918,49
991_3,False,,102.3274918,49
991_4,False,,102.3274918,49
991_5,False,,102.3274918,49
992_1,True,,262.3351746,19
992_2,False,,262.3351746,19
992_3,False,,262.3351746,19
992_4,False,,262.3351746,19
992_5,False,,262.3351746,19
993_1,True,,923.9661255,46
993_2,False,,923.9661255,46
993_3,False,,923.9661255,46
994_1,True,,735.4269409,18
994_2,False,,735.4269409,18
994_3,False,,735.4269409,18
995_1,True,,632.7542725,48
995_2,False,,632.7542725,48
995_3,False,,632.7542725,48
995_4,False,,632.7542725,48
996_1,True,,1265.607544,10
996_2,False,,1265.607544,10
996_3,False,,1265.607544,10
997_1,True,,938.2556152,21
997_2,False,,938.2556152,21
997_3,False,,938.2556152,21
997_4,False,,938.2556152,21
997_5,False,,938.2556152,21
998_1,True,,102.3274918,49
998_2,False,,102.3274918,49
998_3,False,,102.3274918,49
999_1,True,,1367.826904,26
999_2,False,,1367.826904,26
999_3,False,,1367.826904,26
999_4,False,,1367.826904,26
999_5,False,,1367.826904,26
1000_1,True,,102.3274841,49
1000_2,False,,102.3274841,49
1000_3,False,,102.3274841,49
1000_4,False,,102.3274841,49
1001_1,True,,632.7543335,48
1001_2,False,,632.7543335,48
1001_3,False,,632.7543335,48
1001_4,False,,632.7543335,48
1001_5,False,,632.7543335,48
1001_6,False,,632.7543335,48
1002_1,True,,1338.738647,6
1002_2,False,,1338.738647,6
1003_1,True,,102.3274841,49
1003_2,False,,102.3274841,49
1004_1,True,,1338.738525,6
1004_2,False,,1338.738525,6
1004_3,False,,1338.738525,6
1005_1,True,,632.7542725,48
1005_2,False,,632.7542725,48
1006_1,True,,1367.826904,26
1007_1,True,,2465.571289,39
1007_2,False,,2465.571289,39
1007_3,False,,2465.571289,39
1007_4,False,,2465.571289,39
1008_1,True,,262.3351746,19
1009_1,True,,893.288147,31
1009_2,False,,893.288147,31
1010_1,True,,2465.571289,39
1010_2,False,,2465.571289,39
1011_1,True,,632.7542725,48
1012_1,True,,262.335144,19
1013_1,True,,893.288147,31
1013_2,False,,893.288147,31
1014_1,True,,102.3274918,49
1014_2,False,,102.3274918,49
1014_3,False,,102.3274918,49
1015_1,True,,1338.738647,6
1015_2,False,,1338.738647,6
1016_1,True,,262.3351746,19
1016_2,False,,262.3351746,19
1016_3,False,,262.3351746,19
1016_4,False,,262.3351746,19
1017_1,True,,1265.607544,43
1017_2,False,,1265.607544,43
1018_1,True,,262.335144,19
1018_2,False,,262.335144,19
1018_3,False,,262.335144,19
1018_4,False,,262.335144,19
1018_5,False,,262.335144,19
1018_6,False,,262.335144,19
1019_1,True,,632.7542725,48
1019_2,False,,632.7542725,48
1019_3,False,,632.7542725,48
1019_4,False,,632.7542725,48
1020_1,True,,262.3351746,19
1021_1,True,,1367.826904,26
1021_2,False,,1367.826904,26
1022_1,True,,262.3351746,19
1022_2,False,,262.3351746,19
1022_3,False,,262.3351746,19
1022_4,False,,262.3351746,19
1023_1,True,,262.3351746,19
1023_2,False,,262.3351746,19
1024_1,True,,1338.738647,6
1024_2,False,,1338.738647,6
1025_1,True,,735.427002,18
1026_1,True,,1367.826782,26
1026_2,False,,1367.826782,26
1026_3,False,,1367.826782,26
1026_4,False,,1367.826782,26
1026_5,False,,1367.826782,26
1026_6,False,,1367.826782,26
1026_7,False,,1367.826782,26
1027_1,True,,1367.826904,26
1027_2,False,,1367.826904,26
1027_3,False,,1367.826904,26
1027_4,False,,1367.826904,26
1027_5,False,,1367.826904,26
1028_1,True,,1367.826904,26
1028_2,False,,1367.826904,26
1028_3,False,,1367.826904,26
1028_4,False,,1367.826904,26
1028_5,False,,1367.826904,26
1029_1,True,,1265.607544,34
1029_2,False,,1265.607544,34
1029_3,False,,1265.607544,34
1029_4,False,,1265.607544,34
1030_1,True,,923.9661255,46
1030_2,False,,923.9661255,46
1030_3,False,,923.9661255,46
1030_4,False,,923.9661255,46
1031_1,True,,893.2880859,31
1032_1,True,,262.3351746,19
1032_2,False,,262.3351746,19
1032_3,False,,262.3351746,19
1032_4,False,,262.3351746,19
1033_1,True,,735.4269409,18
1033_2,False,,735.4269409,18
1033_3,False,,735.4269409,18
1033_4,False,,735.4269409,18
1034_1,True,,262.3351746,19
1034_2,False,,262.3351746,19
1035_1,True,,923.9660645,46
1035_2,False,,923.9660645,46
1035_3,False,,923.9660645,46
1036_1,True,,1265.607544,35
1036_2,False,,1265.607544,35
1036_3,False,,1265.607544,35
1037_1,True,,262.3351746,19
1037_2,False,,262.3351746,19
1037_3,False,,262.3351746,19
1037_4,False,,262.3351746,19
1038_1,True,,923.9661255,46
1038_2,False,,923.9661255,46
1038_3,False,,923.9661255,46
1038_4,False,,923.9661255,46
1038_5,False,,923.9661255,46
1039_1,True,,1265.607544,5
1040_1,True,,938.2556152,21
1040_2,False,,938.2556152,21
1040_3,False,,938.2556152,21
1040_4,False,,938.2556152,21
1040_5,False,,938.2556152,21
1041_1,True,,1265.607544,44
1041_2,False,,1265.607544,44
1042_1,True,,2465.571533,39
1042_2,False,,2465.571533,39
1042_3,False,,2465.571533,39
1042_4,False,,2465.571533,39
1042_5,False,,2465.571533,39
1042_6,False,,2465.571533,39
1043_1,True,,1265.607544,10
1043_2,False,,1265.607544,10
1043_3,False,,1265.607544,10
1043_4,False,,1265.607544,10
1043_5,False,,1265.607544,10
1044_1,True,,632.7542725,48
1044_2,False,,632.7542725,48
1044_3,False,,632.7542725,48
1044_4,False,,632.7542725,48
1045_1,True,,1338.738647,6
1045_2,False,,1338.738647,6
1045_3,False,,1338.738647,6
1045_4,False,,1338.738647,6
1045_5,False,,1338.738647,6
1046_1,True,,1265.607544,44
1046_2,False,,1265.607544,44
1047_1,True,,262.3351746,19
1047_2,False,,262.3351746,19
1048_1,True,,923.9660645,46
1048_2,False,,923.9660645,46
1048_3,False,,923.9660645,46
1049_1,True,,938.2554932,21
1049_2,False,,938.2554932,21
1049_3,False,,938.2554932,21
1050_1,True,,262.3351746,19
1050_2,False,,262.3351746,19
1050_3,False,,262.3351746,19
1050_4,False,,262.3351746,19
1051_1,True,,1338.73877,6
1051_2,False,,1338.73877,6
1051_3,False,,1338.73877,6
1051_4,False,,1338.73877,6
1052_1,True,,1367.826782,26
1052_2,False,,1367.826782,26
1052_3,False,,1367.826782,26
1052_4,False,,1367.826782,26
1053_1,True,,1265.607544,10
1053_2,False,,1265.607544,10
1053_3,False,,1265.607544,10
1054_1,True,,938.2556152,21
1054_2,False,,938.2556152,21
1054_3,False,,938.2556152,21
1055_1,True,,1338.738647,6
1055_2,False,,1338.738647,6
1055_3,False,,1338.738647,6
1055_4,False,,1338.738647,6
1056_1,True,,1367.826782,26
1057_1,True,,262.3351746,19
1057_2,False,,262.3351746,19
1057_3,False,,262.3351746,19
1058_1,True,,102.3274841,49
1059_1,True,,632.7543335,48
1059_2,False,,632.7543335,48
1060_1,True,,262.335144,19
1060_2,False,,262.335144,19
1061_1,True,,1265.607544,36
1061_2,False,,1265.607544,36
1062_1,True,,938.2555542,21
1062_2,False,,938.2555542,21
1062_3,False,,938.2555542,21
1063_1,True,,262.3351746,19
1063_2,False,,262.3351746,19
1064_1,True,,102.3274841,49
1065_1,True,,735.427002,18
1065_2,False,,735.427002,18
1065_3,False,,735.427002,18
1065_4,False,,735.427002,18
1066_1,True,,247.9388885,9
1066_2,False,,247.9388885,9
1066_3,False,,247.9388885,9
1066_4,False,,247.9388885,9
1067_1,True,,247.9388885,9
1067_2,False,,247.9388885,9
1067_3,False,,247.9388885,9
1068_1,True,,262.335144,19
1068_2,False,,262.335144,19
1068_3,False,,262.335144,19
1068_4,False,,262.335144,19
1069_1,True,,632.7542725,48
1069_2,False,,632.7542725,48
1069_3,False,,632.7542725,48
1069_4,False,,632.7542725,48
1070_1,True,,247.9388885,9
1070_2,False,,247.9388885,9
1070_3,False,,247.9388885,9
1070_4,False,,247.9388885,9
1071_1,True,,735.427002,18
1071_2,False,,735.427002,18
1071_3,False,,735.427002,18
1072_1,True,,1338.738647,6
1072_2,False,,1338.738647,6
1072_3,False,,1338.738647,6
1073_1,True,,1338.738647,6
1073_2,False,,1338.738647,6
1073_3,False,,1338.738647,6
1073_4,False,,1338.738647,6
1073_5,False,,1338.738647,6
1074_1,True,,938.2555542,21
1074_2,False,,938.2555542,21
1074_3,False,,938.2555542,21
1074_4,False,,938.2555542,21
1075_1,True,,2465.571289,39
1076_1,True,,1265.607544,33
1076_2,False,,1265.607544,33
1076_3,False,,1265.607544,33
1077_1,True,,1265.607544,12
1077_2,False,,1265.607544,12
1078_1,True,,2465.571533,39
1078_2,False,,2465.571533,39
1078_3,False,,2465.571533,39
1079_1,True,,262.335144,19
1079_2,False,,262.335144,19
1079_3,False,,262.335144,19
1079_4,False,,262.335144,19
1080_1,True,,262.335144,19
1081_1,True,,2465.571533,39
1081_2,False,,2465.571533,39
1082_1,True,,938.2555542,21
1082_2,False,,938.2555542,21
1082_3,False,,938.2555542,21
1082_4,False,,938.2555542,21
1083_1,True,,1367.826782,26
1083_2,False,,1367.826782,26
1084_1,True,,923.9661255,46
1084_2,False,,923.9661255,46
1085_1,True,,2465.571289,39
1085_2,False,,2465.571289,39
1085_3,False,,2465.571289,39
1085_4,False,,2465.571289,39
1086_1,True,,1367.826782,26
1087_1,True,,1367.826782,26
1087_2,False,,1367.826782,26
1087_3,False,,1367.826782,26
1088_1,True,,247.9388885,9
1088_2,False,,247.9388885,9
1088_3,False,,247.9388885,9
1088_4,False,,247.9388885,9
1088_5,False,,247.9388885,9
1089_1,True,,2465.571289,39
1089_2,False,,2465.571289,39
1090_1,True,,102.3274841,49
1090_2,False,,102.3274841,49
1091_1,True,,938.2555542,21
1091_2,False,,938.2555542,21
1091_3,False,,938.2555542,21
1091_4,False,,938.2555542,21
1091_5,False,,938.2555542,21
1092_1,True,,1338.738647,6
1092_2,False,,1338.738647,6
1093_1,True,,262.3351746,19
1093_2,False,,262.3351746,19
1093_3,False,,262.3351746,19
1093_4,False,,262.3351746,19
1093_5,False,,262.3351746,19
1094_1,True,,893.288208,31
1094_2,False,,893.288208,31
1094_3,False,,893.288208,31
1095_1,True,,247.9388885,9
1095_2,False,,247.9388885,9
1095_3,False,,247.9388885,9
1095_4,False,,247.9388885,9
1096_1,True,,923.9661255,46
1096_2,False,,923.9661255,46
1097_1,True,,735.427002,18
1097_2,False,,735.427002,18
1097_3,False,,735.427002,18
1097_4,False,,735.427002,18
1097_5,False,,735.427002,18
1098_1,True,,923.9661255,46
1098_2,False,,923.9661255,46
1099_1,True,,2465.571533,39
1100_1,True,,247.9388885,9
1100_2,False,,247.9388885,9
1101_1,True,,1265.607544,12
1101_2,False,,1265.607544,12
1101_3,False,,1265.607544,12
1101_4,False,,1265.607544,12
1102_1,True,,893.288147,31
1102_2,False,,893.288147,31
1102_3,False,,893.288147,31
1103_1,True,,2465.571533,39
1103_2,False,,2465.571533,39
1104_1,True,,247.9389038,9
1104_2,False,,247.9389038,9
1104_3,False,,247.9389038,9
1105_1,True,,2465.571533,39
1105_2,False,,2465.571533,39
1106_1,True,,262.3351746,19
1107_1,True,,102.3274841,49
1107_2,False,,102.3274841,49
1108_1,True,,2465.571533,39
1108_2,False,,2465.571533,39
1108_3,False,,2465.571533,39
1109_1,True,,632.7543335,48
1109_2,False,,632.7543335,48
1109_3,False,,632.7543335,48
1109_4,False,,632.7543335,48
1110_1,True,,938.2555542,21
1110_2,False,,938.2555542,21
1110_3,False,,938.2555542,21
1110_4,False,,938.2555542,21
1110_5,False,,938.2555542,21
1110_6,False,,938.2555542,21
1111_1,True,,923.9661255,46
1111_2,False,,923.9661255,46
1111_3,False,,923.9661255,46
1111_4,False,,923.9661255,46
1111_5,False,,923.9661255,46
1112_1,True,,1265.607544,25
1112_2,False,,1265.607544,25
1112_3,False,,1265.607544,25
1113_1,True,,632.7542725,48
1113_2,False,,632.7542725,48
1113_3,False,,632.7542725,48
1113_4,False,,632.7542725,48
1113_5,False,,632.7542725,48
1113_6,False,,632.7542725,48
1114_1,True,,2465.571289,39
1114_2,False,,2465.571289,39
1114_3,False,,2465.571289,39
1114_4,False,,2465.571289,39
1115_1,True,,1338.738525,6
1115_2,False,,1338.738525,6
1115_3,False,,1338.738525,6
1116_1,True,,2465.571533,39
1116_2,False,,2465.571533,39
1116_3,False,,2465.571533,39
1116_4,False,,2465.571533,39
1117_1,True,,102.3274841,49
1118_1,True,,2465.571533,39
1118_2,False,,2465.571533,39
1119_1,True,,1265.607544,12
1119_2,False,,1265.607544,12
1119_3,False,,1265.607544,12
1119_4,False,,1265.607544,12
1119_5,False,,1265.607544,12
1120_1,True,,632.7542725,48
1120_2,False,,632.7542725,48
1121_1,True,,262.3351746,19
1121_2,False,,262.3351746,19
1121_3,False,,262.3351746,19
1121_4,False,,262.3351746,19
1122_1,True,,893.288147,31
1122_2,False,,893.288147,31
1122_3,False,,893.288147,31
1122_4,False,,893.288147,31
1123_1,True,,247.9389038,9
1123_2,False,,247.9389038,9
1123_3,False,,247.9389038,9
1123_4,False,,247.9389038,9
1123_5,False,,247.9389038,9
1124_1,True,,1338.738647,6
1124_2,False,,1338.738647,6
1124_3,False,,1338.738647,6
1125_1,True,,2465.571533,39
1125_2,False,,2465.571533,39
1125_3,False,,2465.571533,39
1125_4,False,,2465.571533,39
1125_5,False,,2465.571533,39
1126_1,True,,1338.738525,6
1126_2,False,,1338.738525,6
1126_3,False,,1338.738525,6
1127_1,True,,102.3274841,49
1127_2,False,,102.3274841,49
1128_1,True,,2465.571289,39
1128_2,False,,2465.571289,39
1129_1,True,,735.4269409,18
1130_1,True,,1265.607544,41
1130_2,False,,1265.607544,41
1130_3,False,,1265.607544,41
1130_4,False,,1265.607544,41
1130_5,False,,1265.607544,41
1131_1,True,,102.3274841,49
1131_2,False,,102.3274841,49
1131_3,False,,102.3274841,49
1132_1,True,,1265.607544,41
1132_2,False,,1265.607544,41
1132_3,False,,1265.607544,41
1133_1,True,,632.7542725,48
1133_2,False,,632.7542725,48
1133_3,False,,632.7542725,48
1133_4,False,,632.7542725,48
1134_1,True,,735.4269409,18
1134_2,False,,735.4269409,18
1134_3,False,,735.4269409,18
1135_1,True,,2465.571533,39
1135_2,False,,2465.571533,39
1136_1,True,,938.2555542,21
1136_2,False,,938.2555542,21
1136_3,False,,938.2555542,21
1136_4,False,,938.2555542,21
1137_1,True,,1367.826782,26
1137_2,False,,1367.826782,26
1138_1,True,,2465.571289,39
1138_2,False,,2465.571289,39
1139_1,True,,262.3351746,19
1139_2,False,,262.3351746,19
1140_1,True,,1265.607544,51
1140_2,False,,1265.607544,51
1141_1,True,,632.7542725,48
1141_2,False,,632.7542725,48
1142_1,True,,1367.826782,26
1142_2,False,,1367.826782,26
1142_3,False,,1367.826782,26
1142_4,False,,1367.826782,26
1142_5,False,,1367.826782,26
1143_1,True,,1265.607544,41
1143_2,False,,1265.607544,41
1144_1,True,,2465.571289,39
1144_2,False,,2465.571289,39
1144_3,False,,2465.571289,39
1145_1,True,,923.9661255,46
1145_2,False,,923.9661255,46
1146_1,True,,2465.571289,39
1146_2,False,,2465.571289,39
1146_3,False,,2465.571289,39
1146_4,False,,2465.571289,39
1147_1,True,,2465.571289,39
1147_2,False,,2465.571289,39
1147_3,False,,2465.571289,39
1147_4,False,,2465.571289,39
1148_1,True,,1367.826782,26
1148_2,False,,1367.826782,26
1149_1,True,,2465.571533,39
1149_2,False,,2465.571533,39
1149_3,False,,2465.571533,39
1149_4,False,,2465.571533,39
1150_1,True,,2465.571533,39
1151_1,True,,262.3351746,19
1151_2,False,,262.3351746,19
1152_1,True,,938.2555542,21
1152_2,False,,938.2555542,21
1152_3,False,,938.2555542,21
1153_1,True,,893.288147,31
1153_2,False,,893.288147,31
1154_1,True,,2465.571533,39
1154_2,False,,2465.571533,39
1154_3,False,,2465.571533,39
1155_1,True,,247.9388885,9
1155_2,False,,247.9388885,9
1156_1,True,,2465.571533,39
1156_2,False,,2465.571533,39
1156_3,False,,2465.571533,39
1157_1,True,,923.9660645,46
1157_2,False,,923.9660645,46
1157_3,False,,923.9660645,46
1158_1,True,,102.3274841,49
1158_2,False,,102.3274841,49
1159_1,True,,247.9388733,9
1160_1,True,,923.9661255,46
1160_2,False,,923.9661255,46
1160_3,False,,923.9661255,46
1160_4,False,,923.9661255,46
1160_5,False,,923.9661255,46
1161_1,True,,262.3351746,19
1161_2,False,,262.3351746,19
1161_3,False,,262.3351746,19
1162_1,True,,632.7542725,48
1162_2,False,,632.7542725,48
1163_1,True,,262.335144,19
1163_2,False,,262.335144,19
1163_3,False,,262.335144,19
1163_4,False,,262.335144,19
1164_1,True,,632.7542725,48
1165_1,True,,262.335144,19
1165_2,False,,262.335144,19
1166_1,True,,2465.571533,39
1166_2,False,,2465.571533,39
1166_3,False,,2465.571533,39
1167_1,True,,893.288147,31
1167_2,False,,893.288147,31
1168_1,True,,938.2555542,21
1168_2,False,,938.2555542,21
1168_3,False,,938.2555542,21
1168_4,False,,938.2555542,21
1169_1,True,,923.9660645,46
1169_2,False,,923.9660645,46
1170_1,True,,247.9388733,9
1170_2,False,,247.9388733,9
1170_3,False,,247.9388733,9
1171_1,True,,2465.571533,39
1171_2,False,,2465.571533,39
1171_3,False,,2465.571533,39
1171_4,False,,2465.571533,39
1172_1,True,,923.9660645,46
1172_2,False,,923.9660645,46
1172_3,False,,923.9660645,46
1172_4,False,,923.9660645,46
1172_5,False,,923.9660645,46
1172_6,False,,923.9660645,46
1172_7,False,,923.9660645,46
1173_1,True,,2465.571289,39
1173_2,False,,2465.571289,39
1173_3,False,,2465.571289,39
1173_4,False,,2465.571289,39
1174_1,True,,102.3274841,49
1174_2,False,,102.3274841,49
1175_1,True,,2465.571533,39
1175_2,False,,2465.571533,39
1175_3,False,,2465.571533,39
1176_1,True,,735.427002,18
1176_2,False,,735.427002,18
1176_3,False,,735.427002,18
1176_4,False,,735.427002,18
1177_1,True,,2465.571289,39
1178_1,True,,1338.738647,6
1178_2,False,,1338.738647,6
1178_3,False,,1338.738647,6
1179_1,True,,247.9388733,9
1179_2,False,,247.9388733,9
1180_1,True,,632.7543335,48
1180_2,False,,632.7543335,48
1180_3,False,,632.7543335,48
1180_4,False,,632.7543335,48
1180_5,False,,632.7543335,48
1181_1,True,,2465.571533,39
1181_2,False,,2465.571533,39
1181_3,False,,2465.571533,39
1181_4,False,,2465.571533,39
1182_1,True,,1367.826782,26
1182_2,False,,1367.826782,26
1182_3,False,,1367.826782,26
1183_1,True,,938.2555542,21
1183_2,False,,938.2555542,21
1184_1,True,,2465.571533,39
1184_2,False,,2465.571533,39
1184_3,False,,2465.571533,39
1184_4,False,,2465.571533,39
1184_5,False,,2465.571533,39
1185_1,True,,1367.826782,26
1185_2,False,,1367.826782,26
1185_3,False,,1367.826782,26
1186_1,True,,1265.607544,20
1186_2,False,,1265.607544,20
1187_1,True,,923.9661255,46
1187_2,False,,923.9661255,46
1188_1,True,,893.2880859,31
1188_2,False,,893.2880859,31
1188_3,False,,893.2880859,31
1188_4,False,,893.2880859,31
1189_1,True,,1367.826782,26
1189_2,False,,1367.826782,26
1189_3,False,,1367.826782,26
1190_1,True,,2465.571289,39
1190_2,False,,2465.571289,39
1190_3,False,,2465.571289,39
1190_4,False,,2465.571289,39
1190_5,False,,2465.571289,39
1191_1,True,,938.2555542,21
1191_2,False,,938.2555542,21
1191_3,False,,938.2555542,21
1192_1,True,,923.9661255,46
1192_2,False,,923.9661255,46
1192_3,False,,923.9661255,46
1193_1,True,,632.7542725,48
1193_2,False,,632.7542725,48
1194_1,True,,893.288147,31
1194_2,False,,893.288147,31
1194_3,False,,893.288147,31
1194_4,False,,893.288147,31
1194_5,False,,893.288147,31
1195_1,True,,2465.571533,39
1195_2,False,,2465.571533,39
1196_1,True,,938.2555542,21
1196_2,False,,938.2555542,21
1197_1,True,,1265.607544,4
1197_2,False,,1265.607544,4
1197_3,False,,1265.607544,4
1198_1,True,,262.335144,19
1199_1,True,,247.9388885,9
1199_2,False,,247.9388885,9
1199_3,False,,247.9388885,9
1200_1,True,,1265.607544,44
1201_1,True,,632.7542725,48
1201_2,False,,632.7542725,48
1201_3,False,,632.7542725,48
1201_4,False,,632.7542725,48
1201_5,False,,632.7542725,48
1202_1,True,,893.288147,31
1202_2,False,,893.288147,31
1202_3,False,,893.288147,31
1202_4,False,,893.288147,31
1203_1,True,,2465.571533,39
1203_2,False,,2465.571533,39
1203_3,False,,2465.571533,39
1203_4,False,,2465.571533,39
1204_1,True,,893.288147,31
1204_2,False,,893.288147,31
1204_3,False,,893.288147,31
1205_1,True,,1338.738647,6
1205_2,False,,1338.738647,6
1205_3,False,,1338.738647,6
1206_1,True,,1367.826782,26
1206_2,False,,1367.826782,26
1206_3,False,,1367.826782,26
1206_4,False,,1367.826782,26
1206_5,False,,1367.826782,26
1206_6,False,,1367.826782,26
1207_1,True,,923.9661255,46
1207_2,False,,923.9661255,46
1207_3,False,,923.9661255,46
1207_4,False,,923.9661255,46
1208_1,True,,632.7542725,48
1209_1,True,,247.9389038,9
1209_2,False,,247.9389038,9
1210_1,True,,938.2556152,21
1210_2,False,,938.2556152,21
1210_3,False,,938.2556152,21
1211_1,True,,1265.607544,33
1211_2,False,,1265.607544,33
1212_1,True,,2465.571289,39
1212_2,False,,2465.571289,39
1212_3,False,,2465.571289,39
1212_4,False,,2465.571289,39
1213_1,True,,735.427002,18
1213_2,False,,735.427002,18
1213_3,False,,735.427002,18
1214_1,True,,923.9661255,46
1214_2,False,,923.9661255,46
1214_3,False,,923.9661255,46
1215_1,True,,923.9661255,46
1215_2,False,,923.9661255,46
1216_1,True,,1265.607544,41
1216_2,False,,1265.607544,41
1217_1,True,,735.4269409,18
1217_2,False,,735.4269409,18
1217_3,False,,735.4269409,18
1218_1,True,,938.2555542,21
1218_2,False,,938.2555542,21
1218_3,False,,938.2555542,21
1218_4,False,,938.2555542,21
1218_5,False,,938.2555542,21
1218_6,False,,938.2555542,21
1219_1,True,,735.427002,18
1219_2,False,,735.427002,18
1220_1,True,,632.7543335,48
1220_2,False,,632.7543335,48
1220_3,False,,632.7543335,48
1220_4,False,,632.7543335,48
1220_5,False,,632.7543335,48
1221_1,True,,923.9661255,46
1221_2,False,,923.9661255,46
1221_3,False,,923.9661255,46
1222_1,True,,893.2880859,31
1222_2,False,,893.2880859,31
1222_3,False,,893.2880859,31
1223_1,True,,923.9661255,46
1223_2,False,,923.9661255,46
1223_3,False,,923.9661255,46
1223_4,False,,923.9661255,46
1223_5,False,,923.9661255,46
1224_1,True,,1265.607544,41
1225_1,True,,923.9660645,46
1225_2,False,,923.9660645,46
1226_1,True,,262.335144,19
1226_2,False,,262.335144,19
1227_1,True,,1265.607544,25
1227_2,False,,1265.607544,25
1228_1,True,,1338.738647,6
1228_2,False,,1338.738647,6
1229_1,True,,1338.738525,6
1229_2,False,,1338.738525,6
1229_3,False,,1338.738525,6
1229_4,False,,1338.738525,6
1230_1,True,,1265.607544,44
1230_2,False,,1265.607544,44
1231_1,True,,735.4269409,18
1231_2,False,,735.4269409,18
1232_1,True,,938.2555542,21
1232_2,False,,938.2555542,21
1232_3,False,,938.2555542,21
1232_4,False,,938.2555542,21
1233_1,True,,938.2556152,21
1233_2,False,,938.2556152,21
1233_3,False,,938.2556152,21
1233_4,False,,938.2556152,21
1233_5,False,,938.2556152,21
1234_1,True,,2465.571533,39
1234_2,False,,2465.571533,39
1234_3,False,,2465.571533,39
1235_1,True,,247.9388885,9
1236_1,True,,893.288147,31
1236_2,False,,893.288147,31
1236_3,False,,893.288147,31
1237_1,True,,1265.607544,47
1237_2,False,,1265.607544,47
1237_3,False,,1265.607544,47
1238_1,True,,923.9661255,46
1238_2,False,,923.9661255,46
1239_1,True,,262.335144,19
1239_2,False,,262.335144,19
1239_3,False,,262.335144,19
1239_4,False,,262.335144,19
1240_1,True,,102.3274841,49
1240_2,False,,102.3274841,49
1240_3,False,,102.3274841,49
1240_4,False,,102.3274841,49
1240_5,False,,102.3274841,49
1241_1,True,,262.3351746,19
1242_1,True,,923.9661255,46
1242_2,False,,923.9661255,46
1242_3,False,,923.9661255,46
1243_1,True,,2465.571533,39
1243_2,False,,2465.571533,39
1244_1,True,,938.2556152,21
1244_2,False,,938.2556152,21
1244_3,False,,938.2556152,21
1245_1,True,,923.9661255,46
1245_2,False,,923.9661255,46
1246_1,True,,893.2880859,31
1246_2,False,,893.2880859,31
1247_1,True,,1265.607544,10
1247_2,False,,1265.607544,10
1247_3,False,,1265.607544,10
1248_1,True,,1367.826782,26
1248_2,False,,1367.826782,26
1248_3,False,,1367.826782,26
1248_4,False,,1367.826782,26
1248_5,False,,1367.826782,26
1249_1,True,,262.3351746,19
1249_2,False,,262.3351746,19
1249_3,False,,262.3351746,19
1249_4,False,,262.3351746,19
1249_5,False,,262.3351746,19
1250_1,True,,893.2880859,31
1251_1,True,,1367.826782,26
1251_2,False,,1367.826782,26
1251_3,False,,1367.826782,26
1251_4,False,,1367.826782,26
1251_5,False,,1367.826782,26
1252_1,True,,923.9661255,46
1252_2,False,,923.9661255,46
1252_3,False,,923.9661255,46
1252_4,False,,923.9661255,46
1252_5,False,,923.9661255,46
1253_1,True,,632.7542725,48
1253_2,False,,632.7542725,48
1253_3,False,,632.7542725,48
1253_4,False,,632.7542725,48
1253_5,False,,632.7542725,48
1253_6,False,,632.7542725,48
1253_7,False,,632.7542725,48
1254_1,True,,1367.826782,26
1255_1,True,,735.4269409,18
1255_2,False,,735.4269409,18
1255_3,False,,735.4269409,18
1255_4,False,,735.4269409,18
1255_5,False,,735.4269409,18
1256_1,True,,1367.826904,26
1256_2,False,,1367.826904,26
1256_3,False,,1367.826904,26
1257_1,True,,923.9660645,46
1257_2,False,,923.9660645,46
1257_3,False,,923.9660645,46
1258_1,True,,247.9388733,9
1258_2,False,,247.9388733,9
1258_3,False,,247.9388733,9
1258_4,False,,247.9388733,9
1259_1,True,,2465.571289,39
1259_2,False,,2465.571289,39
1259_3,False,,2465.571289,39
1259_4,False,,2465.571289,39
1260_1,True,,102.3274841,49
1260_2,False,,102.3274841,49
1260_3,False,,102.3274841,49
1260_4,False,,102.3274841,49
1260_5,False,,102.3274841,49
1261_1,True,,893.2880859,31
1261_2,False,,893.2880859,31
1261_3,False,,893.2880859,31
1262_1,True,,923.9660645,46
1262_2,False,,923.9660645,46
1263_1,True,,1265.607544,4
1263_2,False,,1265.607544,4
1263_3,False,,1265.607544,4
1263_4,False,,1265.607544,4
1264_1,True,,923.9660645,46
1264_2,False,,923.9660645,46
1264_3,False,,923.9660645,46
1265_1,True,,632.7542725,48
1265_2,False,,632.7542725,48
1266_1,True,,632.7542725,48
1266_2,False,,632.7542725,48
1266_3,False,,632.7542725,48
1266_4,False,,632.7542725,48
1267_1,True,,735.4269409,18
1267_2,False,,735.4269409,18
1267_3,False,,735.4269409,18
1267_4,False,,735.4269409,18
1268_1,True,,893.2880859,31
1268_2,False,,893.2880859,31
1268_3,False,,893.2880859,31
1268_4,False,,893.2880859,31
1269_1,True,,262.335144,19
1269_2,False,,262.335144,19
1270_1,True,,262.3351746,19
1271_1,True,,923.9661255,46
1271_2,False,,923.9661255,46
1271_3,False,,923.9661255,46
1271_4,False,,923.9661255,46
1272_1,True,,1265.607544,12
1272_2,False,,1265.607544,12
1273_1,True,,1367.826904,26
1273_2,False,,1367.826904,26
1273_3,False,,1367.826904,26
1273_4,False,,1367.826904,26
1274_1,True,,1265.607544,33
1274_2,False,,1265.607544,33
1274_3,False,,1265.607544,33
1274_4,False,,1265.607544,33
1275_1,True,,1265.607544,25
1275_2,False,,1265.607544,25
1275_3,False,,1265.607544,25
1275_4,False,,1265.607544,25
1276_1,True,,938.2555542,21
1276_2,False,,938.2555542,21
1276_3,False,,938.2555542,21
1276_4,False,,938.2555542,21
1277_1,True,,893.2880859,31
1277_2,False,,893.2880859,31
1278_1,True,,1265.607544,33
1278_2,False,,1265.607544,33
1278_3,False,,1265.607544,33
1278_4,False,,1265.607544,33
1279_1,True,,923.9661255,46
1279_2,False,,923.9661255,46
1279_3,False,,923.9661255,46
1279_4,False,,923.9661255,46
1279_5,False,,923.9661255,46
1280_1,True,,735.427002,18
1280_2,False,,735.427002,18
1280_3,False,,735.427002,18
1280_4,False,,735.427002,18
1280_5,False,,735.427002,18
1281_1,True,,102.3274841,49
1281_2,False,,102.3274841,49
1281_3,False,,102.3274841,49
1281_4,False,,102.3274841,49
1282_1,True,,262.3351746,19
1283_1,True,,1338.738647,6
1284_1,True,,262.335144,19
1284_2,False,,262.335144,19
1284_3,False,,262.335144,19
1284_4,False,,262.335144,19
1284_5,False,,262.335144,19
1285_1,True,,247.9388885,9
1286_1,True,,923.9660645,46
1286_2,False,,923.9660645,46
1286_3,False,,923.9660645,46
1286_4,False,,923.9660645,46
1287_1,True,,923.9660645,46
1287_2,False,,923.9660645,46
1288_1,True,,893.288147,31
1288_2,False,,893.288147,31
1288_3,False,,893.288147,31
1289_1,True,,102.3274841,49
1289_2,False,,102.3274841,49
1290_1,True,,1265.607544,33
1290_2,False,,1265.607544,33
1290_3,False,,1265.607544,33
1291_1,True,,1338.738647,6
1291_2,False,,1338.738647,6
1291_3,False,,1338.738647,6
1291_4,False,,1338.738647,6
1292_1,True,,1265.607544,10
1292_2,False,,1265.607544,10
1292_3,False,,1265.607544,10
1292_4,False,,1265.607544,10
1293_1,True,,938.2555542,21
1293_2,False,,938.2555542,21
1294_1,True,,1265.607544,38
1294_2,False,,1265.607544,38
1294_3,False,,1265.607544,38
1295_1,True,,632.7542725,48
1295_2,False,,632.7542725,48
1295_3,False,,632.7542725,48
1296_1,True,,1338.738647,6
1296_2,False,,1338.738647,6
1296_3,False,,1338.738647,6
1297_1,True,,923.9660645,46
1297_2,False,,923.9660645,46
1297_3,False,,923.9660645,46
1298_1,True,,923.9660645,46
1298_2,False,,923.9660645,46
1298_3,False,,923.9660645,46
1299_1,True,,1338.738647,6
1299_2,False,,1338.738647,6
1299_3,False,,1338.738647,6
1299_4,False,,1338.738647,6
1300_1,True,,1265.607544,7
1300_2,False,,1265.607544,7
1301_1,True,,1265.607544,10
1301_2,False,,1265.607544,10
1301_3,False,,1265.607544,10
1301_4,False,,1265.607544,10
1302_1,True,,923.9661255,46
1302_2,False,,923.9661255,46
1303_1,True,,247.9388885,9
1303_2,False,,247.9388885,9
1303_3,False,,247.9388885,9
1303_4,False,,247.9388885,9
1304_1,True,,923.9661255,46
1305_1,True,,2465.571289,39
1305_2,False,,2465.571289,39
1305_3,False,,2465.571289,39
1306_1,True,,1338.738647,6
1306_2,False,,1338.738647,6
1306_3,False,,1338.738647,6
1306_4,False,,1338.738647,6
1306_5,False,,1338.738647,6
1307_1,True,,923.9660645,46
1307_2,False,,923.9660645,46
1307_3,False,,923.9660645,46
1307_4,False,,923.9660645,46
1307_5,False,,923.9660645,46
1307_6,False,,923.9660645,46
1307_7,False,,923.9660645,46
1308_1,True,,1367.826782,26
1308_2,False,,1367.826782,26
1308_3,False,,1367.826782,26
1309_1,True,,262.335144,19
1309_2,False,,262.335144,19
1310_1,True,,1265.607544,41
1311_1,True,,923.9661255,46
1311_2,False,,923.9661255,46
1311_3,False,,923.9661255,46
1312_1,True,,2465.571289,39
1312_2,False,,2465.571289,39
1312_3,False,,2465.571289,39
1312_4,False,,2465.571289,39
1313_1,True,,1338.738647,6
1313_2,False,,1338.738647,6
1313_3,False,,1338.738647,6
1313_4,False,,1338.738647,6
1314_1,True,,893.288147,31
1314_2,False,,893.288147,31
1314_3,False,,893.288147,31
1315_1,True,,102.3274841,49
1315_2,False,,102.3274841,49
1316_1,True,,893.288147,31
1316_2,False,,893.288147,31
1316_3,False,,893.288147,31
1316_4,False,,893.288147,31
1316_5,False,,893.288147,31
1317_1,True,,893.2880859,31
1317_2,False,,893.2880859,31
1317_3,False,,893.2880859,31
1317_4,False,,893.2880859,31
1317_5,False,,893.2880859,31
1318_1,True,,923.9661255,46
1318_2,False,,923.9661255,46
1318_3,False,,923.9661255,46
1318_4,False,,923.9661255,46
1319_1,True,,735.4269409,18
1320_1,True,,1265.607544,10
1320_2,False,,1265.607544,10
1321_1,True,,2465.571289,39
1321_2,False,,2465.571289,39
1321_3,False,,2465.571289,39
1322_1,True,,2465.571289,39
1322_2,False,,2465.571289,39
1323_1,True,,262.335144,19
1323_2,False,,262.335144,19
1323_3,False,,262.335144,19
1323_4,False,,262.335144,19
1324_1,True,,247.9388733,9
1324_2,False,,247.9388733,9
1324_3,False,,247.9388733,9
1325_1,True,,923.9661255,46
1325_2,False,,923.9661255,46
1325_3,False,,923.9661255,46
1325_4,False,,923.9661255,46
1326_1,True,,2465.571533,39
1326_2,False,,2465.571533,39
1326_3,False,,2465.571533,39
1327_1,True,,938.2555542,21
1327_2,False,,938.2555542,21
1327_3,False,,938.2555542,21
1328_1,True,,893.288147,31
1328_2,False,,893.288147,31
1328_3,False,,893.288147,31
1328_4,False,,893.288147,31
1329_1,True,,1338.738647,6
1329_2,False,,1338.738647,6
1329_3,False,,1338.738647,6
1329_4,False,,1338.738647,6
1329_5,False,,1338.738647,6
1330_1,True,,1367.826782,26
1330_2,False,,1367.826782,26
1330_3,False,,1367.826782,26
1331_1,True,,923.9661255,46
1331_2,False,,923.9661255,46
1331_3,False,,923.9661255,46
1332_1,True,,1367.826782,26
1332_2,False,,1367.826782,26
1333_1,True,,1338.738647,6
1333_2,False,,1338.738647,6
1333_3,False,,1338.738647,6
1333_4,False,,1338.738647,6
1334_1,True,,102.3274841,49
1334_2,False,,102.3274841,49
1335_1,True,,923.9660645,46
1335_2,False,,923.9660645,46
1335_3,False,,923.9660645,46
1336_1,True,,1367.826782,26
1336_2,False,,1367.826782,26
1337_1,True,,102.3274841,49
1337_2,False,,102.3274841,49
1337_3,False,,102.3274841,49
1338_1,True,,2465.571533,39
1338_2,False,,2465.571533,39
1339_1,True,,923.9661255,46
1339_2,False,,923.9661255,46
1340_1,True,,938.2555542,21
1340_2,False,,938.2555542,21
1340_3,False,,938.2555542,21
1340_4,False,,938.2555542,21
1341_1,True,,923.9660645,46
1341_2,False,,923.9660645,46
1341_3,False,,923.9660645,46
1342_1,True,,1367.826904,26
1342_2,False,,1367.826904,26
1343_1,True,,735.4269409,18
1343_2,False,,735.4269409,18
1344_1,True,,735.4269409,18
1344_2,False,,735.4269409,18
1345_1,True,,247.9388885,9
1345_2,False,,247.9388885,9
1346_1,True,,102.3274918,49
1346_2,False,,102.3274918,49
1347_1,True,,2465.571289,39
1347_2,False,,2465.571289,39
1347_3,False,,2465.571289,39
1348_1,True,,2465.571289,39
1348_2,False,,2465.571289,39
1349_1,True,,1265.607544,12
1349_2,False,,1265.607544,12
1350_1,True,,1338.738647,6
1350_2,False,,1338.738647,6
1350_3,False,,1338.738647,6
1350_4,False,,1338.738647,6
1350_5,False,,1338.738647,6
1351_1,True,,632.7542725,48
1351_2,False,,632.7542725,48
1351_3,False,,632.7542725,48
1352_1,True,,1265.607544,33
1352_2,False,,1265.607544,33
1352_3,False,,1265.607544,33
1353_1,True,,893.288147,31
1353_2,False,,893.288147,31
1353_3,False,,893.288147,31
1353_4,False,,893.288147,31
1354_1,True,,923.9660645,46
1354_2,False,,923.9660645,46
1355_1,True,,923.9660645,46
1355_2,False,,923.9660645,46
1355_3,False,,923.9660645,46
1356_1,True,,1265.607544,43
1356_2,False,,1265.607544,43
1357_1,True,,923.9660645,46
1357_2,False,,923.9660645,46
1357_3,False,,923.9660645,46
1358_1,True,,1338.738647,6
1358_2,False,,1338.738647,6
1358_3,False,,1338.738647,6
1358_4,False,,1338.738647,6
1358_5,False,,1338.738647,6
1358_6,False,,1338.738647,6
1359_1,True,,1338.738525,6
1359_2,False,,1338.738525,6
1359_3,False,,1338.738525,6
1359_4,False,,1338.738525,6
1359_5,False,,1338.738525,6
1360_1,True,,262.3351746,19
1360_2,False,,262.3351746,19
1360_3,False,,262.3351746,19
1360_4,False,,262.3351746,19
1360_5,False,,262.3351746,19
1360_6,False,,262.3351746,19
1361_1,True,,1265.607544,25
1361_2,False,,1265.607544,25
1361_3,False,,1265.607544,25
1361_4,False,,1265.607544,25
1362_1,True,,893.288147,31
1362_2,False,,893.288147,31
1362_3,False,,893.288147,31
1362_4,False,,893.288147,31
1362_5,False,,893.288147,31
1363_1,True,,2465.571533,39
1364_1,True,,1338.738647,6
1364_2,False,,1338.738647,6
1365_1,True,,923.9661255,46
1365_2,False,,923.9661255,46
1365_3,False,,923.9661255,46
1365_4,False,,923.9661255,46
1366_1,True,,938.2555542,21
1366_2,False,,938.2555542,21
1366_3,False,,938.2555542,21
1366_4,False,,938.2555542,21
1366_5,False,,938.2555542,21
1367_1,True,,1265.607544,20
1367_2,False,,1265.607544,20
1368_1,True,,735.427002,18
1368_2,False,,735.427002,18
1368_3,False,,735.427002,18
1368_4,False,,735.427002,18
1368_5,False,,735.427002,18
1368_6,False,,735.427002,18
1369_1,True,,1338.738647,6
1369_2,False,,1338.738647,6
1369_3,False,,1338.738647,6
1370_1,True,,1265.607544,5
1371_1,True,,102.3274918,49
1371_2,False,,102.3274918,49
1372_1,True,,247.9388885,9
1372_2,False,,247.9388885,9
1372_3,False,,247.9388885,9
1372_4,False,,247.9388885,9
1373_1,True,,735.4269409,18
1373_2,False,,735.4269409,18
1374_1,True,,923.9660645,46
1374_2,False,,923.9660645,46
1375_1,True,,938.2555542,21
1375_2,False,,938.2555542,21
1376_1,True,,938.2555542,21
1376_2,False,,938.2555542,21
1376_3,False,,938.2555542,21
1377_1,True,,938.2555542,21
1377_2,False,,938.2555542,21
1377_3,False,,938.2555542,21
1377_4,False,,938.2555542,21
1377_5,False,,938.2555542,21
1378_1,True,,262.3351746,19
1379_1,True,,1265.607544,38
1379_2,False,,1265.607544,38
1379_3,False,,1265.607544,38
1379_4,False,,1265.607544,38
1380_1,True,,735.4269409,18
1381_1,True,,632.7542725,48
1381_2,False,,632.7542725,48
1381_3,False,,632.7542725,48
1382_1,True,,1338.738647,6
1382_2,False,,1338.738647,6
1382_3,False,,1338.738647,6
1382_4,False,,1338.738647,6
1383_1,True,,1338.738647,6
1383_2,False,,1338.738647,6
1383_3,False,,1338.738647,6
1383_4,False,,1338.738647,6
1384_1,True,,893.288147,31
1385_1,True,,2465.571533,39
1385_2,False,,2465.571533,39
1385_3,False,,2465.571533,39
1386_1,True,,262.3351746,19
1386_2,False,,262.3351746,19
1386_3,False,,262.3351746,19
1386_4,False,,262.3351746,19
1387_1,True,,938.2556152,21
1387_2,False,,938.2556152,21
1387_3,False,,938.2556152,21
1387_4,False,,938.2556152,21
1387_5,False,,938.2556152,21
1387_6,False,,938.2556152,21
1388_1,True,,262.3351746,19
1388_2,False,,262.3351746,19
1388_3,False,,262.3351746,19
1388_4,False,,262.3351746,19
1389_1,True,,102.3274918,49
1389_2,False,,102.3274918,49
1390_1,True,,1367.826782,26
1390_2,False,,1367.826782,26
1390_3,False,,1367.826782,26
1391_1,True,,262.3351746,19
1391_2,False,,262.3351746,19
1391_3,False,,262.3351746,19
1391_4,False,,262.3351746,19
1392_1,True,,1338.738647,6
1392_2,False,,1338.738647,6
1392_3,False,,1338.738647,6
1392_4,False,,1338.738647,6
1393_1,True,,735.4269409,18
1394_1,True,,102.3274841,49
1394_2,False,,102.3274841,49
1394_3,False,,102.3274841,49
1395_1,True,,632.7543335,48
1395_2,False,,632.7543335,48
1395_3,False,,632.7543335,48
1395_4,False,,632.7543335,48
1395_5,False,,632.7543335,48
1395_6,False,,632.7543335,48
1395_7,False,,632.7543335,48
1396_1,True,,735.4269409,18
1396_2,False,,735.4269409,18
1396_3,False,,735.4269409,18
1397_1,True,,632.7542725,48
1397_2,False,,632.7542725,48
1397_3,False,,632.7542725,48
1398_1,True,,1338.738647,6
1398_2,False,,1338.738647,6
1399_1,True,,938.2554932,21
1399_2,False,,938.2554932,21
1400_1,True,,632.7542725,48
1400_2,False,,632.7542725,48
1400_3,False,,632.7542725,48
1401_1,True,,262.335144,19
1401_2,False,,262.335144,19
1402_1,True,,262.3351746,19
1402_2,False,,262.3351746,19
1402_3,False,,262.3351746,19
1403_1,True,,632.7542725,48
1403_2,False,,632.7542725,48
1404_1,True,,1367.826782,26
1404_2,False,,1367.826782,26
1405_1,True,,923.9661255,46
1405_2,False,,923.9661255,46
1405_3,False,,923.9661255,46
1405_4,False,,923.9661255,46
1405_5,False,,923.9661255,46
1406_1,True,,893.2880859,31
1406_2,False,,893.2880859,31
1407_1,True,,262.3351746,19
1407_2,False,,262.3351746,19
1408_1,True,,1265.607544,38
1408_2,False,,1265.607544,38
1408_3,False,,1265.607544,38
1408_4,False,,1265.607544,38
1409_1,True,,632.7543335,48
1409_2,False,,632.7543335,48
1409_3,False,,632.7543335,48
1410_1,True,,893.2880859,31
1410_2,False,,893.2880859,31
1410_3,False,,893.2880859,31
1410_4,False,,893.2880859,31
1410_5,False,,893.2880859,31
1411_1,True,,1367.826782,26
1411_2,False,,1367.826782,26
1411_3,False,,1367.826782,26
1412_1,True,,102.3274841,49
1412_2,False,,102.3274841,49
1412_3,False,,102.3274841,49
1412_4,False,,102.3274841,49
1413_1,True,,247.9388885,9
1413_2,False,,247.9388885,9
1413_3,False,,247.9388885,9
1413_4,False,,247.9388885,9
1413_5,False,,247.9388885,9
1414_1,True,,1265.607544,12
1414_2,False,,1265.607544,12
1415_1,True,,735.427002,18
1415_2,False,,735.427002,18
1415_3,False,,735.427002,18
1416_1,True,,1338.738647,6
1416_2,False,,1338.738647,6
1417_1,True,,632.7542725,48
1417_2,False,,632.7542725,48
1417_3,False,,632.7542725,48
1417_4,False,,632.7542725,48
1418_1,True,,1338.73877,6
1418_2,False,,1338.73877,6
1418_3,False,,1338.73877,6
1418_4,False,,1338.73877,6
1418_5,False,,1338.73877,6
1419_1,True,,632.7542725,48
1419_2,False,,632.7542725,48
1419_3,False,,632.7542725,48
1420_1,True,,632.7543335,48
1420_2,False,,632.7543335,48
1421_1,True,,1265.607544,17
1421_2,False,,1265.607544,17
1422_1,True,,102.3274841,49
1422_2,False,,102.3274841,49
1423_1,True,,247.9388885,9
1423_2,False,,247.9388885,9
1424_1,True,,1265.607544,10
1424_2,False,,1265.607544,10
1424_3,False,,1265.607544,10
1425_1,True,,923.9661255,46
1425_2,False,,923.9661255,46
1426_1,True,,735.4269409,18
1426_2,False,,735.4269409,18
1426_3,False,,735.4269409,18
1427_1,True,,923.9661255,46
1427_2,False,,923.9661255,46
1428_1,True,,1338.738647,6
1428_2,False,,1338.738647,6
1428_3,False,,1338.738647,6
1429_1,True,,1265.607544,44
1429_2,False,,1265.607544,44
1429_3,False,,1265.607544,44
1430_1,True,,102.3274841,49
1430_2,False,,102.3274841,49
1430_3,False,,102.3274841,49
1430_4,False,,102.3274841,49
1431_1,True,,262.335144,19
1431_2,False,,262.335144,19
1431_3,False,,262.335144,19
1431_4,False,,262.335144,19
1432_1,True,,735.4269409,18
1432_2,False,,735.4269409,18
1432_3,False,,735.4269409,18
1432_4,False,,735.4269409,18
1433_1,True,,1265.607544,10
1433_2,False,,1265.607544,10
1433_3,False,,1265.607544,10
1434_1,True,,1367.826904,26
1434_2,False,,1367.826904,26
1434_3,False,,1367.826904,26
1434_4,False,,1367.826904,26
1435_1,True,,1338.738647,6
1435_2,False,,1338.738647,6
1436_1,True,,102.3274918,49
1436_2,False,,102.3274918,49
1437_1,True,,1367.826904,26
1437_2,False,,1367.826904,26
1438_1,True,,2465.571289,39
1438_2,False,,2465.571289,39
1439_1,True,,1367.826782,26
1439_2,False,,1367.826782,26
1440_1,True,,938.2555542,21
1440_2,False,,938.2555542,21
1440_3,False,,938.2555542,21
1440_4,False,,938.2555542,21
1441_1,True,,1367.826782,26
1441_2,False,,1367.826782,26
1441_3,False,,1367.826782,26
1442_1,True,,1338.738647,6
1442_2,False,,1338.738647,6
1442_3,False,,1338.738647,6
1443_1,True,,1367.826904,26
1443_2,False,,1367.826904,26
1443_3,False,,1367.826904,26
1444_1,True,,262.335144,19
1444_2,False,,262.335144,19
1445_1,True,,1265.607544,10
1445_2,False,,1265.607544,10
1445_3,False,,1265.607544,10
1446_1,True,,632.7542725,48
1446_2,False,,632.7542725,48
1447_1,True,,262.3351746,19
1447_2,False,,262.3351746,19
1447_3,False,,262.3351746,19
1448_1,True,,735.4269409,18
1449_1,True,,1265.607544,47
1449_2,False,,1265.607544,47
1449_3,False,,1265.607544,47
1449_4,False,,1265.607544,47
1449_5,False,,1265.607544,47
1450_1,True,,102.3274841,49
1450_2,False,,102.3274841,49
1450_3,False,,102.3274841,49
1451_1,True,,1367.826904,26
1451_2,False,,1367.826904,26
1451_3,False,,1367.826904,26
1451_4,False,,1367.826904,26
1452_1,True,,632.7543335,48
1452_2,False,,632.7543335,48
1452_3,False,,632.7543335,48
1452_4,False,,632.7543335,48
1453_1,True,,632.7542725,48
1453_2,False,,632.7542725,48
1453_3,False,,632.7542725,48
1454_1,True,,938.2556152,21
1454_2,False,,938.2556152,21
1454_3,False,,938.2556152,21
1455_1,True,,102.3274841,49
1455_2,False,,102.3274841,49
1455_3,False,,102.3274841,49
1456_1,True,,102.3274841,49
1456_2,False,,102.3274841,49
1457_1,True,,938.2555542,21
1457_2,False,,938.2555542,21
1458_1,True,,735.427002,18
1458_2,False,,735.427002,18
1459_1,True,,1367.826782,26
1459_2,False,,1367.826782,26
1460_1,True,,632.7543335,48
1460_2,False,,632.7543335,48
1460_3,False,,632.7543335,48
1461_1,True,,923.9660645,46
1461_2,False,,923.9660645,46
1462_1,True,,262.3351746,19
1462_2,False,,262.3351746,19
1462_3,False,,262.3351746,19
1462_4,False,,262.3351746,19
1463_1,True,,247.9388885,9
1463_2,False,,247.9388885,9
1463_3,False,,247.9388885,9
1463_4,False,,247.9388885,9
1464_1,True,,1367.826782,26
1464_2,False,,1367.826782,26
1465_1,True,,2465.571289,39
1465_2,False,,2465.571289,39
1465_3,False,,2465.571289,39
1465_4,False,,2465.571289,39
1466_1,True,,247.9388885,9
1466_2,False,,247.9388885,9
1466_3,False,,247.9388885,9
1466_4,False,,247.9388885,9
1466_5,False,,247.9388885,9
1467_1,True,,923.9660645,46
1467_2,False,,923.9660645,46
1467_3,False,,923.9660645,46
1468_1,True,,1367.826782,26
1468_2,False,,1367.826782,26
1468_3,False,,1367.826782,26
1469_1,True,,632.7542725,48
1469_2,False,,632.7542725,48
1469_3,False,,632.7542725,48
1469_4,False,,632.7542725,48
1469_5,False,,632.7542725,48
1470_1,True,,923.9661255,46
1470_2,False,,923.9661255,46
1471_1,True,,735.4269409,18
1471_2,False,,735.4269409,18
1471_3,False,,735.4269409,18
1472_1,True,,735.4269409,18
1472_2,False,,735.4269409,18
1472_3,False,,735.4269409,18
1472_4,False,,735.4269409,18
1472_5,False,,735.4269409,18
1472_6,False,,735.4269409,18
1472_7,False,,735.4269409,18
1473_1,True,,102.3274841,49
1473_2,False,,102.3274841,49
1473_3,False,,102.3274841,49
1474_1,True,,1338.738525,6
1474_2,False,,1338.738525,6
1474_3,False,,1338.738525,6
1474_4,False,,1338.738525,6
1474_5,False,,1338.738525,6
1475_1,True,,1367.826782,26
1475_2,False,,1367.826782,26
1475_3,False,,1367.826782,26
1475_4,False,,1367.826782,26
1475_5,False,,1367.826782,26
1475_6,False,,1367.826782,26
1475_7,False,,1367.826782,26
1475_8,False,,1367.826782,26
1476_1,True,,938.2555542,21
1476_2,False,,938.2555542,21
1477_1,True,,102.3274841,49
1477_2,False,,102.3274841,49
1478_1,True,,893.288147,31
1478_2,False,,893.288147,31
1479_1,True,,893.288147,31
1479_2,False,,893.288147,31
1479_3,False,,893.288147,31
1479_4,False,,893.288147,31
1480_1,True,,247.9388885,9
1480_2,False,,247.9388885,9
1481_1,True,,893.288147,31
1481_2,False,,893.288147,31
1481_3,False,,893.288147,31
1481_4,False,,893.288147,31
1482_1,True,,262.335144,19
1483_1,True,,735.4269409,18
1483_2,False,,735.4269409,18
1483_3,False,,735.4269409,18
1484_1,True,,1265.607544,38
1484_2,False,,1265.607544,38
1485_1,True,,893.288147,31
1485_2,False,,893.288147,31
1485_3,False,,893.288147,31
1485_4,False,,893.288147,31
1486_1,True,,1338.738647,6
1486_2,False,,1338.738647,6
1486_3,False,,1338.738647,6
1486_4,False,,1338.738647,6
1486_5,False,,1338.738647,6
1487_1,True,,262.335144,19
1487_2,False,,262.335144,19
1487_3,False,,262.335144,19
1488_1,True,,938.2554932,21
1489_1,True,,262.3351746,19
1489_2,False,,262.3351746,19
1489_3,False,,262.3351746,19
1490_1,True,,1338.738647,6
1490_2,False,,1338.738647,6
1490_3,False,,1338.738647,6
1490_4,False,,1338.738647,6
1491_1,True,,893.2880859,31
1491_2,False,,893.2880859,31
1491_3,False,,893.2880859,31
1491_4,False,,893.2880859,31
1491_5,False,,893.2880859,31
1492_1,True,,893.2880859,31
1492_2,False,,893.2880859,31
1492_3,False,,893.2880859,31
1493_1,True,,1367.826904,26
1493_2,False,,1367.826904,26
1494_1,True,,632.7543335,48
1494_2,False,,632.7543335,48
1495_1,True,,938.2554932,21
1495_2,False,,938.2554932,21
1495_3,False,,938.2554932,21
1496_1,True,,1265.607666,25
1496_2,False,,1265.607666,25
1496_3,False,,1265.607666,25
1496_4,False,,1265.607666,25
1497_1,True,,102.3274918,49
1498_1,True,,1338.738647,6
1498_2,False,,1338.738647,6
1499_1,True,,262.3351746,19
1499_2,False,,262.3351746,19
1499_3,False,,262.3351746,19
1499_4,False,,262.3351746,19
1500_1,True,,893.288147,31
1500_2,False,,893.288147,31
1500_3,False,,893.288147,31
1501_1,True,,893.288147,31
1501_2,False,,893.288147,31
1501_3,False,,893.288147,31
1501_4,False,,893.288147,31
1501_5,False,,893.288147,31
1502_1,True,,735.4269409,18
1502_2,False,,735.4269409,18
1502_3,False,,735.4269409,18
1502_4,False,,735.4269409,18
1502_5,False,,735.4269409,18
1503_1,True,,247.9388885,9
1503_2,False,,247.9388885,9
1503_3,False,,247.9388885,9
1503_4,False,,247.9388885,9
1504_1,True,,2465.571289,39
1505_1,True,,262.3351746,19
1505_2,False,,262.3351746,19
1506_1,True,,735.4269409,18
1506_2,False,,735.4269409,18
1507_1,True,,102.3274841,49
1507_2,False,,102.3274841,49
1508_1,True,,938.2555542,21
1508_2,False,,938.2555542,21
1508_3,False,,938.2555542,21
1509_1,True,,893.288147,31
1509_2,False,,893.288147,31
1510_1,True,,923.9660645,46
1510_2,False,,923.9660645,46
1510_3,False,,923.9660645,46
1511_1,True,,1265.607544,41
1511_2,False,,1265.607544,41
1511_3,False,,1265.607544,41
1511_4,False,,1265.607544,41
1512_1,True,,102.3274841,49
1512_2,False,,102.3274841,49
1513_1,True,,893.2880859,31
1514_1,True,,938.2555542,21
1514_2,False,,938.2555542,21
1514_3,False,,938.2555542,21
1515_1,True,,2465.571289,39
1515_2,False,,2465.571289,39
1516_1,True,,102.3274841,49
1516_2,False,,102.3274841,49
1517_1,True,,247.9388885,9
1517_2,False,,247.9388885,9
1518_1,True,,632.7542725,48
1518_2,False,,632.7542725,48
1518_3,False,,632.7542725,48
1518_4,False,,632.7542725,48
1519_1,True,,1265.607544,33
1519_2,False,,1265.607544,33
1519_3,False,,1265.607544,33
1519_4,False,,1265.607544,33
1519_5,False,,1265.607544,33
1520_1,True,,1367.826782,26
1520_2,False,,1367.826782,26
1520_3,False,,1367.826782,26
1520_4,False,,1367.826782,26
1520_5,False,,1367.826782,26
1521_1,True,,893.288147,31
1521_2,False,,893.288147,31
1521_3,False,,893.288147,31
1521_4,False,,893.288147,31
1522_1,True,,2465.571289,39
1522_2,False,,2465.571289,39
1523_1,True,,735.427002,18
1523_2,False,,735.427002,18
1523_3,False,,735.427002,18
1524_1,True,,2465.571533,39
1524_2,False,,2465.571533,39
1524_3,False,,2465.571533,39
1524_4,False,,2465.571533,39
1525_1,True,,893.288147,31
1525_2,False,,893.288147,31
1525_3,False,,893.288147,31
1526_1,True,,632.7542725,48
1526_2,False,,632.7542725,48
1527_1,True,,1265.607544,25
1527_2,False,,1265.607544,25
1528_1,True,,923.9661255,46
1528_2,False,,923.9661255,46
1528_3,False,,923.9661255,46
1529_1,True,,2465.571533,39
1529_2,False,,2465.571533,39
1530_1,True,,893.2880859,31
1530_2,False,,893.2880859,31
1530_3,False,,893.2880859,31
1530_4,False,,893.2880859,31
1530_5,False,,893.2880859,31
1530_6,False,,893.2880859,31
1531_1,True,,735.4269409,18
1531_2,False,,735.4269409,18
1531_3,False,,735.4269409,18
1531_4,False,,735.4269409,18
1531_5,False,,735.4269409,18
1532_1,True,,735.4269409,18
1533_1,True,,247.9388885,9
1533_2,False,,247.9388885,9
1533_3,False,,247.9388885,9
1534_1,True,,893.2880859,31
1535_1,True,,923.9661255,46
1535_2,False,,923.9661255,46
1535_3,False,,923.9661255,46
1536_1,True,,262.335144,19
1536_2,False,,262.335144,19
1536_3,False,,262.335144,19
1536_4,False,,262.335144,19
1537_1,True,,893.288147,31
1537_2,False,,893.288147,31
1538_1,True,,1338.738647,6
1538_2,False,,1338.738647,6
1538_3,False,,1338.738647,6
1539_1,True,,893.288147,31
1539_2,False,,893.288147,31
1539_3,False,,893.288147,31
1539_4,False,,893.288147,31
1540_1,True,,1367.826782,26
1540_2,False,,1367.826782,26
1540_3,False,,1367.826782,26
1541_1,True,,1367.826904,26
1541_2,False,,1367.826904,26
1541_3,False,,1367.826904,26
1542_1,True,,893.288147,31
1542_2,False,,893.288147,31
1543_1,True,,1338.738647,6
1543_2,False,,1338.738647,6
1543_3,False,,1338.738647,6
1544_1,True,,1265.607544,10
1544_2,False,,1265.607544,10
1545_1,True,,632.7542725,48
1545_2,False,,632.7542725,48
1545_3,False,,632.7542725,48
1545_4,False,,632.7542725,48
1545_5,False,,632.7542725,48
1546_1,True,,1265.607666,38
1547_1,True,,735.427002,18
1547_2,False,,735.427002,18
1547_3,False,,735.427002,18
1547_4,False,,735.427002,18
1547_5,False,,735.427002,18
1548_1,True,,2465.571533,39
1549_1,True,,2465.571533,39
1549_2,False,,2465.571533,39
1550_1,True,,262.3351746,19
1550_2,False,,262.3351746,19
1551_1,True,,2465.571533,39
1551_2,False,,2465.571533,39
1551_3,False,,2465.571533,39
1552_1,True,,1265.607544,25
1552_2,False,,1265.607544,25
1552_3,False,,1265.607544,25
1552_4,False,,1265.607544,25
1553_1,True,,1367.826904,26
1553_2,False,,1367.826904,26
1554_1,True,,923.9661255,46
1554_2,False,,923.9661255,46
1555_1,True,,2465.571289,39
1555_2,False,,2465.571289,39
1556_1,True,,735.4269409,18
1556_2,False,,735.4269409,18
1556_3,False,,735.4269409,18
1557_1,True,,247.9388885,9
1558_1,True,,262.335144,19
1558_2,False,,262.335144,19
1558_3,False,,262.335144,19
1559_1,True,,938.2555542,21
1559_2,False,,938.2555542,21
1559_3,False,,938.2555542,21
1559_4,False,,938.2555542,21
1559_5,False,,938.2555542,21
1560_1,True,,247.9388885,9
1560_2,False,,247.9388885,9
1561_1,True,,893.288147,31
1561_2,False,,893.288147,31
1561_3,False,,893.288147,31
1562_1,True,,923.9661255,46
1562_2,False,,923.9661255,46
1562_3,False,,923.9661255,46
1562_4,False,,923.9661255,46
1563_1,True,,1367.826782,26
1563_2,False,,1367.826782,26
1563_3,False,,1367.826782,26
1563_4,False,,1367.826782,26
1563_5,False,,1367.826782,26
1564_1,True,,102.3274841,49
1564_2,False,,102.3274841,49
1565_1,True,,923.9661255,46
1565_2,False,,923.9661255,46
1566_1,True,,1338.738647,6
1566_2,False,,1338.738647,6
1566_3,False,,1338.738647,6
1566_4,False,,1338.738647,6
1566_5,False,,1338.738647,6
1566_6,False,,1338.738647,6
1567_1,True,,262.3351746,19
1567_2,False,,262.3351746,19
1567_3,False,,262.3351746,19
1567_4,False,,262.3351746,19
1567_5,False,,262.3351746,19
1568_1,True,,893.288147,31
1568_2,False,,893.288147,31
1568_3,False,,893.288147,31
1569_1,True,,2465.571533,39
1569_2,False,,2465.571533,39
1570_1,True,,247.9388885,9
1571_1,True,,1367.826782,26
1571_2,False,,1367.826782,26
1572_1,True,,632.7542725,48
1572_2,False,,632.7542725,48
1572_3,False,,632.7542725,48
1572_4,False,,632.7542725,48
1573_1,True,,1265.607544,33
1574_1,True,,632.7542725,48
1575_1,True,,632.7542725,48
1575_2,False,,632.7542725,48
1575_3,False,,632.7542725,48
1576_1,True,,1265.607544,38
1576_2,False,,1265.607544,38
1576_3,False,,1265.607544,38
1576_4,False,,1265.607544,38
1577_1,True,,1338.738647,6
1577_2,False,,1338.738647,6
1577_3,False,,1338.738647,6
1578_1,True,,262.3351746,19
1578_2,False,,262.3351746,19
1578_3,False,,262.3351746,19
1578_4,False,,262.3351746,19
1579_1,True,,2465.571289,39
1579_2,False,,2465.571289,39
1579_3,False,,2465.571289,39
1580_1,True,,938.2555542,21
1580_2,False,,938.2555542,21
1580_3,False,,938.2555542,21
1580_4,False,,938.2555542,21
1580_5,False,,938.2555542,21
1581_1,True,,735.4269409,18
1581_2,False,,735.4269409,18
1581_3,False,,735.4269409,18
1581_4,False,,735.4269409,18
1581_5,False,,735.4269409,18
1582_1,True,,893.2880859,31
1582_2,False,,893.2880859,31
1583_1,True,,2465.571533,39
1583_2,False,,2465.571533,39
1583_3,False,,2465.571533,39
1583_4,False,,2465.571533,39
1583_5,False,,2465.571533,39
1583_6,False,,2465.571533,39
1584_1,True,,247.9388733,9
1584_2,False,,247.9388733,9
1584_3,False,,247.9388733,9
1585_1,True,,938.2555542,21
1585_2,False,,938.2555542,21
1585_3,False,,938.2555542,21
1586_1,True,,1338.738647,6
1586_2,False,,1338.738647,6
1586_3,False,,1338.738647,6
1586_4,False,,1338.738647,6
1587_1,True,,1265.607544,35
1587_2,False,,1265.607544,35
1588_1,True,,735.4269409,18
1588_2,False,,735.4269409,18
1589_1,True,,247.9388885,9
1590_1,True,,893.288147,31
1590_2,False,,893.288147,31
1590_3,False,,893.288147,31
1591_1,True,,1338.738647,6
1591_2,False,,1338.738647,6
1591_3,False,,1338.738647,6
1591_4,False,,1338.738647,6
1591_5,False,,1338.738647,6
1592_1,True,,2465.571289,39
1592_2,False,,2465.571289,39
1593_1,True,,1265.607544,41
1593_2,False,,1265.607544,41
1593_3,False,,1265.607544,41
1594_1,True,,262.3351746,19
1594_2,False,,262.3351746,19
1594_3,False,,262.3351746,19
1595_1,True,,102.3274841,49
1596_1,True,,2465.571289,39
1596_2,False,,2465.571289,39
1596_3,False,,2465.571289,39
1596_4,False,,2465.571289,39
1596_5,False,,2465.571289,39
1597_1,True,,2465.571533,39
1597_2,False,,2465.571533,39
1597_3,False,,2465.571533,39
1597_4,False,,2465.571533,39
1598_1,True,,1338.73877,6
1598_2,False,,1338.73877,6
1599_1,True,,2465.571533,39
1599_2,False,,2465.571533,39
1599_3,False,,2465.571533,39
1599_4,False,,2465.571533,39
1599_5,False,,2465.571533,39
1600_1,True,,735.4269409,18
1600_2,False,,735.4269409,18
1601_1,True,,938.2555542,21
1601_2,False,,938.2555542,21
1601_3,False,,938.2555542,21
1601_4,False,,938.2555542,21
1602_1,True,,923.9661255,46
1602_2,False,,923.9661255,46
1602_3,False,,923.9661255,46
1603_1,True,,2465.571289,39
1604_1,True,,1265.607544,4
1604_2,False,,1265.607544,4
1604_3,False,,1265.607544,4
1604_4,False,,1265.607544,4
1605_1,True,,938.2555542,21
1605_2,False,,938.2555542,21
1605_3,False,,938.2555542,21
1605_4,False,,938.2555542,21
1606_1,True,,1367.826782,26
1606_2,False,,1367.826782,26
1606_3,False,,1367.826782,26
1606_4,False,,1367.826782,26
1606_5,False,,1367.826782,26
1607_1,True,,923.9660645,46
1607_2,False,,923.9660645,46
1608_1,True,,2465.571289,39
1608_2,False,,2465.571289,39
1609_1,True,,247.9388885,9
1609_2,False,,247.9388885,9
1610_1,True,,735.427002,18
1610_2,False,,735.427002,18
1610_3,False,,735.427002,18
1610_4,False,,735.427002,18
1611_1,True,,923.9661255,46
1611_2,False,,923.9661255,46
1612_1,True,,262.335144,19
1613_1,True,,923.9661255,46
1613_2,False,,923.9661255,46
1613_3,False,,923.9661255,46
1614_1,True,,1265.607544,25
1614_2,False,,1265.607544,25
1615_1,True,,2465.571533,39
1615_2,False,,2465.571533,39
1615_3,False,,2465.571533,39
1615_4,False,,2465.571533,39
1616_1,True,,923.9661255,46
1616_2,False,,923.9661255,46
1616_3,False,,923.9661255,46
1616_4,False,,923.9661255,46
1616_5,False,,923.9661255,46
1616_6,False,,923.9661255,46
1617_1,True,,2465.571289,39
1618_1,True,,923.9661255,46
1618_2,False,,923.9661255,46
1619_1,True,,938.2556152,21
1619_2,False,,938.2556152,21
1619_3,False,,938.2556152,21
1619_4,False,,938.2556152,21
1620_1,True,,893.288147,31
1620_2,False,,893.288147,31
1621_1,True,,1338.738525,6
1621_2,False,,1338.738525,6
1621_3,False,,1338.738525,6
1622_1,True,,247.9388733,9
1622_2,False,,247.9388733,9
1622_3,False,,247.9388733,9
1622_4,False,,247.9388733,9
1623_1,True,,938.2555542,21
1623_2,False,,938.2555542,21
1624_1,True,,1265.607544,41
1624_2,False,,1265.607544,41
1624_3,False,,1265.607544,41
1625_1,True,,1367.826904,26
1625_2,False,,1367.826904,26
1625_3,False,,1367.826904,26
1626_1,True,,262.3351746,19
1626_2,False,,262.3351746,19
1626_3,False,,262.3351746,19
1626_4,False,,262.3351746,19
1626_5,False,,262.3351746,19
1626_6,False,,262.3351746,19
1627_1,True,,893.288147,31
1627_2,False,,893.288147,31
1628_1,True,,938.2555542,21
1628_2,False,,938.2555542,21
1629_1,True,,262.335144,19
1629_2,False,,262.335144,19
1629_3,False,,262.335144,19
1629_4,False,,262.335144,19
1629_5,False,,262.335144,19
1630_1,True,,1338.738647,6
1630_2,False,,1338.738647,6
1631_1,True,,923.9660645,46
1631_2,False,,923.9660645,46
1632_1,True,,632.7542725,48
1632_2,False,,632.7542725,48
1632_3,False,,632.7542725,48
1633_1,True,,1265.607544,41
1633_2,False,,1265.607544,41
1634_1,True,,1265.607544,45
1634_2,False,,1265.607544,45
1634_3,False,,1265.607544,45
1635_1,True,,893.288147,31
1635_2,False,,893.288147,31
1636_1,True,,247.9388885,9
1636_2,False,,247.9388885,9
1636_3,False,,247.9388885,9
1636_4,False,,247.9388885,9
1636_5,False,,247.9388885,9
1637_1,True,,2465.571289,39
1637_2,False,,2465.571289,39
1637_3,False,,2465.571289,39
1638_1,True,,1338.738647,6
1638_2,False,,1338.738647,6
1639_1,True,,247.9388885,9
1639_2,False,,247.9388885,9
1639_3,False,,247.9388885,9
1640_1,True,,938.2555542,21
1640_2,False,,938.2555542,21
1640_3,False,,938.2555542,21
1640_4,False,,938.2555542,21
1641_1,True,,893.288147,31
1641_2,False,,893.288147,31
1642_1,True,,1265.607544,12
1642_2,False,,1265.607544,12
1642_3,False,,1265.607544,12
1643_1,True,,893.288147,31
1643_2,False,,893.288147,31
1643_3,False,,893.288147,31
1643_4,False,,893.288147,31
1643_5,False,,893.288147,31
1644_1,True,,2465.571533,39
1644_2,False,,2465.571533,39
1645_1,True,,1338.738647,6
1645_2,False,,1338.738647,6
1646_1,True,,923.9660645,46
1646_2,False,,923.9660645,46
1647_1,True,,632.7542725,48
1647_2,False,,632.7542725,48
1647_3,False,,632.7542725,48
1648_1,True,,1338.738647,6
1648_2,False,,1338.738647,6
1648_3,False,,1338.738647,6
1648_4,False,,1338.738647,6
1649_1,True,,262.3351746,19
1649_2,False,,262.3351746,19
1650_1,True,,102.3274841,49
1651_1,True,,1367.826782,26
1651_2,False,,1367.826782,26
1651_3,False,,1367.826782,26
1651_4,False,,1367.826782,26
1651_5,False,,1367.826782,26
1652_1,True,,247.9388885,9
1652_2,False,,247.9388885,9
1652_3,False,,247.9388885,9
1653_1,True,,2465.571533,39
1653_2,False,,2465.571533,39
1653_3,False,,2465.571533,39
1653_4,False,,2465.571533,39
1654_1,True,,632.7542725,48
1654_2,False,,632.7542725,48
1655_1,True,,938.2555542,21
1655_2,False,,938.2555542,21
1656_1,True,,893.2880859,31
1657_1,True,,893.288147,31
1657_2,False,,893.288147,31
1658_1,True,,1338.738525,6
1658_2,False,,1338.738525,6
1658_3,False,,1338.738525,6
1658_4,False,,1338.738525,6
1659_1,True,,262.3351746,19
1660_1,True,,735.4269409,18
1660_2,False,,735.4269409,18
1660_3,False,,735.4269409,18
1661_1,True,,1338.738647,6
1661_2,False,,1338.738647,6
1662_1,True,,938.2556152,21
1662_2,False,,938.2556152,21
1663_1,True,,1265.607544,41
1663_2,False,,1265.607544,41
1664_1,True,,247.9388885,9
1664_2,False,,247.9388885,9
1664_3,False,,247.9388885,9
1665_1,True,,1265.607544,10
1665_2,False,,1265.607544,10
1665_3,False,,1265.607544,10
1665_4,False,,1265.607544,10
1666_1,True,,102.3274918,49
1666_2,False,,102.3274918,49
1666_3,False,,102.3274918,49
1666_4,False,,102.3274918,49
1666_5,False,,102.3274918,49
1666_6,False,,102.3274918,49
1667_1,True,,893.2880859,31
1667_2,False,,893.2880859,31
1667_3,False,,893.2880859,31
1668_1,True,,893.288147,31
1669_1,True,,1265.607544,41
1669_2,False,,1265.607544,41
1670_1,True,,247.9389038,9
1670_2,False,,247.9389038,9
1670_3,False,,247.9389038,9
1671_1,True,,735.4269409,18
1672_1,True,,2465.571289,39
1672_2,False,,2465.571289,39
1672_3,False,,2465.571289,39
1672_4,False,,2465.571289,39
1673_1,True,,1265.607544,33
1673_2,False,,1265.607544,33
1673_3,False,,1265.607544,33
1674_1,True,,1367.826782,26
1674_2,False,,1367.826782,26
1674_3,False,,1367.826782,26
1674_4,False,,1367.826782,26
1675_1,True,,893.288147,31
1675_2,False,,893.288147,31
1675_3,False,,893.288147,31
1675_4,False,,893.288147,31
1676_1,True,,102.3274841,49
1676_2,False,,102.3274841,49
1676_3,False,,102.3274841,49
1676_4,False,,102.3274841,49
1677_1,True,,923.9661255,46
1677_2,False,,923.9661255,46
1677_3,False,,923.9661255,46
1678_1,True,,893.288147,31
1678_2,False,,893.288147,31
1679_1,True,,262.3351746,19
1679_2,False,,262.3351746,19
1679_3,False,,262.3351746,19
1679_4,False,,262.3351746,19
1680_1,True,,632.7542725,48
1680_2,False,,632.7542725,48
1681_1,True,,102.3274918,49
1681_2,False,,102.3274918,49
1681_3,False,,102.3274918,49
1682_1,True,,102.3274918,49
1682_2,False,,102.3274918,49
1683_1,True,,938.2555542,21
1683_2,False,,938.2555542,21
1684_1,True,,102.3274841,49
1684_2,False,,102.3274841,49
1684_3,False,,102.3274841,49
1685_1,True,,102.3274918,49
1685_2,False,,102.3274918,49
1686_1,True,,1367.826782,26
1686_2,False,,1367.826782,26
1686_3,False,,1367.826782,26
1686_4,False,,1367.826782,26
1686_5,False,,1367.826782,26
1686_6,False,,1367.826782,26
1686_7,False,,1367.826782,26
1687_1,True,,262.3351746,19
1687_2,False,,262.3351746,19
1688_1,True,,1265.607544,25
1688_2,False,,1265.607544,25
1689_1,True,,632.7542725,48
1689_2,False,,632.7542725,48
1689_3,False,,632.7542725,48
1690_1,True,,938.2555542,21
1690_2,False,,938.2555542,21
1690_3,False,,938.2555542,21
1691_1,True,,1265.607544,45
1691_2,False,,1265.607544,45
1691_3,False,,1265.607544,45
1692_1,True,,247.9389038,9
1692_2,False,,247.9389038,9
1692_3,False,,247.9389038,9
1692_4,False,,247.9389038,9
1692_5,False,,247.9389038,9
1692_6,False,,247.9389038,9
1693_1,True,,262.335144,19
1693_2,False,,262.335144,19
1694_1,True,,1265.607666,38
1694_2,False,,1265.607666,38
1695_1,True,,735.4269409,18
1695_2,False,,735.4269409,18
1695_3,False,,735.4269409,18
1696_1,True,,893.288147,31
1696_2,False,,893.288147,31
1696_3,False,,893.288147,31
1696_4,False,,893.288147,31
1697_1,True,,893.288147,31
1697_2,False,,893.288147,31
1697_3,False,,893.288147,31
1697_4,False,,893.288147,31
1698_1,True,,1265.607544,38
1698_2,False,,1265.607544,38
1699_1,True,,262.3351746,19
1699_2,False,,262.3351746,19
1699_3,False,,262.3351746,19
1699_4,False,,262.3351746,19
1700_1,True,,735.4269409,18
1700_2,False,,735.4269409,18
1700_3,False,,735.4269409,18
1701_1,True,,102.3274841,49
1701_2,False,,102.3274841,49
1701_3,False,,102.3274841,49
1701_4,False,,102.3274841,49
1702_1,True,,938.2555542,21
1702_2,False,,938.2555542,21
1702_3,False,,938.2555542,21
1702_4,False,,938.2555542,21
1703_1,True,,893.288147,31
1703_2,False,,893.288147,31
1704_1,True,,1338.738647,6
1704_2,False,,1338.738647,6
1704_3,False,,1338.738647,6
1704_4,False,,1338.738647,6
1705_1,True,,2465.571533,39
1705_2,False,,2465.571533,39
1705_3,False,,2465.571533,39
1705_4,False,,2465.571533,39
1706_1,True,,1265.607544,38
1706_2,False,,1265.607544,38
1706_3,False,,1265.607544,38
1706_4,False,,1265.607544,38
1706_5,False,,1265.607544,38
1707_1,True,,1367.826904,26
1707_2,False,,1367.826904,26
1707_3,False,,1367.826904,26
1708_1,True,,262.3351746,19
1708_2,False,,262.3351746,19
1708_3,False,,262.3351746,19
1708_4,False,,262.3351746,19
1708_5,False,,262.3351746,19
1708_6,False,,262.3351746,19
1709_1,True,,262.3351746,19
1710_1,True,,632.7542725,48
1710_2,False,,632.7542725,48
1711_1,True,,632.7542725,48
1712_1,True,,923.9661255,46
1712_2,False,,923.9661255,46
1712_3,False,,923.9661255,46
1713_1,True,,1338.73877,6
1713_2,False,,1338.73877,6
1713_3,False,,1338.73877,6
1714_1,True,,938.2555542,21
1714_2,False,,938.2555542,21
1714_3,False,,938.2555542,21
1714_4,False,,938.2555542,21
1715_1,True,,923.9660645,46
1715_2,False,,923.9660645,46
1715_3,False,,923.9660645,46
1715_4,False,,923.9660645,46
1715_5,False,,923.9660645,46
1716_1,True,,102.3274841,49
1716_2,False,,102.3274841,49
1716_3,False,,102.3274841,49
1717_1,True,,247.9388733,9
1717_2,False,,247.9388733,9
1718_1,True,,2465.571533,39
1718_2,False,,2465.571533,39
1718_3,False,,2465.571533,39
1718_4,False,,2465.571533,39
1719_1,True,,1265.607544,38
1719_2,False,,1265.607544,38
1719_3,False,,1265.607544,38
1720_1,True,,102.3274841,49
1720_2,False,,102.3274841,49
1721_1,True,,247.9389038,9
1721_2,False,,247.9389038,9
1721_3,False,,247.9389038,9
1721_4,False,,247.9389038,9
1721_5,False,,247.9389038,9
1722_1,True,,938.2555542,21
1722_2,False,,938.2555542,21
1722_3,False,,938.2555542,21
1723_1,True,,893.288147,31
1723_2,False,,893.288147,31
1724_1,True,,1265.607544,41
1724_2,False,,1265.607544,41
1724_3,False,,1265.607544,41
1725_1,True,,2465.571289,39
1725_2,False,,2465.571289,39
1726_1,True,,1338.738647,6
1726_2,False,,1338.738647,6
1727_1,True,,247.9389038,9
1727_2,False,,247.9389038,9
1727_3,False,,247.9389038,9
1728_1,True,,632.7542725,48
1729_1,True,,262.3351746,19
1729_2,False,,262.3351746,19
1729_3,False,,262.3351746,19
1729_4,False,,262.3351746,19
1730_1,True,,923.9661255,46
1730_2,False,,923.9661255,46
1730_3,False,,923.9661255,46
1730_4,False,,923.9661255,46
1730_5,False,,923.9661255,46
1730_6,False,,923.9661255,46
1730_7,False,,923.9661255,46
1731_1,True,,247.9388885,9
1731_2,False,,247.9388885,9
1731_3,False,,247.9388885,9
1731_4,False,,247.9388885,9
1732_1,True,,923.9661255,46
1732_2,False,,923.9661255,46
1732_3,False,,923.9661255,46
1732_4,False,,923.9661255,46
1732_5,False,,923.9661255,46
1732_6,False,,923.9661255,46
1733_1,True,,1338.73877,6
1733_2,False,,1338.73877,6
1734_1,True,,2465.571533,39
1734_2,False,,2465.571533,39
1735_1,True,,102.3274918,49
1735_2,False,,102.3274918,49
1735_3,False,,102.3274918,49
1735_4,False,,102.3274918,49
1735_5,False,,102.3274918,49
1736_1,True,,102.3274841,49
1736_2,False,,102.3274841,49
1736_3,False,,102.3274841,49
1737_1,True,,893.288147,31
1738_1,True,,938.2555542,21
1738_2,False,,938.2555542,21
1738_3,False,,938.2555542,21
1739_1,True,,102.3274841,49
1739_2,False,,102.3274841,49
1739_3,False,,102.3274841,49
1739_4,False,,102.3274841,49
1740_1,True,,1338.738647,6
1740_2,False,,1338.738647,6
1740_3,False,,1338.738647,6
1740_4,False,,1338.738647,6
1741_1,True,,247.9388733,9
1741_2,False,,247.9388733,9
1742_1,True,,1265.607666,29
1742_2,False,,1265.607666,29
1742_3,False,,1265.607666,29
1742_4,False,,1265.607666,29
1743_1,True,,2465.571533,39
1743_2,False,,2465.571533,39
1743_3,False,,2465.571533,39
1743_4,False,,2465.571533,39
1744_1,True,,1265.607544,45
1744_2,False,,1265.607544,45
1744_3,False,,1265.607544,45
1744_4,False,,1265.607544,45
1744_5,False,,1265.607544,45
1744_6,False,,1265.607544,45
1745_1,True,,923.9661255,46
1745_2,False,,923.9661255,46
1746_1,True,,735.427002,18
1746_2,False,,735.427002,18
1746_3,False,,735.427002,18
1747_1,True,,893.288147,31
1747_2,False,,893.288147,31
1748_1,True,,102.3274841,49
1749_1,True,,102.3274841,49
1749_2,False,,102.3274841,49
1750_1,True,,102.3274841,49
1750_2,False,,102.3274841,49
1750_3,False,,102.3274841,49
1751_1,True,,735.4269409,18
1751_2,False,,735.4269409,18
1751_3,False,,735.4269409,18
1751_4,False,,735.4269409,18
1751_5,False,,735.4269409,18
1752_1,True,,1367.826782,26
1752_2,False,,1367.826782,26
1752_3,False,,1367.826782,26
1752_4,False,,1367.826782,26
1752_5,False,,1367.826782,26
1752_6,False,,1367.826782,26
1753_1,True,,938.2555542,21
1753_2,False,,938.2555542,21
1754_1,True,,1338.738647,6
1754_2,False,,1338.738647,6
1754_3,False,,1338.738647,6
1754_4,False,,1338.738647,6
1754_5,False,,1338.738647,6
1755_1,True,,938.2555542,21
1755_2,False,,938.2555542,21
1756_1,True,,923.9660645,46
1756_2,False,,923.9660645,46
1757_1,True,,1367.826782,26
1757_2,False,,1367.826782,26
1757_3,False,,1367.826782,26
1758_1,True,,102.3274841,49
1758_2,False,,102.3274841,49
1758_3,False,,102.3274841,49
1759_1,True,,2465.571289,39
1759_2,False,,2465.571289,39
1760_1,True,,1265.607544,38
1760_2,False,,1265.607544,38
1761_1,True,,1265.607544,42
1761_2,False,,1265.607544,42
1761_3,False,,1265.607544,42
1762_1,True,,2465.571289,39
1762_2,False,,2465.571289,39
1763_1,True,,923.9661255,46
1763_2,False,,923.9661255,46
1763_3,False,,923.9661255,46
1763_4,False,,923.9661255,46
1763_5,False,,923.9661255,46
1764_1,True,,1367.826904,26
1764_2,False,,1367.826904,26
1764_3,False,,1367.826904,26
1765_1,True,,1338.738647,6
1765_2,False,,1338.738647,6
1765_3,False,,1338.738647,6
1766_1,True,,102.3274841,49
1766_2,False,,102.3274841,49
1766_3,False,,102.3274841,49
1766_4,False,,102.3274841,49
1767_1,True,,632.7542725,48
1767_2,False,,632.7542725,48
1768_1,True,,102.3274918,49
1769_1,True,,923.9661255,46
1769_2,False,,923.9661255,46
1769_3,False,,923.9661255,46
1769_4,False,,923.9661255,46
1769_5,False,,923.9661255,46
1770_1,True,,1367.826904,26
1770_2,False,,1367.826904,26
1771_1,True,,1265.607544,45
1771_2,False,,1265.607544,45
1772_1,True,,893.2880859,31
1772_2,False,,893.2880859,31
1772_3,False,,893.2880859,31
1772_4,False,,893.2880859,31
1773_1,True,,2465.571533,39
1773_2,False,,2465.571533,39
1773_3,False,,2465.571533,39
1774_1,True,,938.2556152,21
1774_2,False,,938.2556152,21
1775_1,True,,102.3274841,49
1775_2,False,,102.3274841,49
1776_1,True,,938.2555542,21
1776_2,False,,938.2555542,21
1776_3,False,,938.2555542,21
1776_4,False,,938.2555542,21
1777_1,True,,1367.826904,26
1777_2,False,,1367.826904,26
1778_1,True,,2465.571289,39
1778_2,False,,2465.571289,39
1778_3,False,,2465.571289,39
1778_4,False,,2465.571289,39
1779_1,True,,893.288147,31
1779_2,False,,893.288147,31
1779_3,False,,893.288147,31
1779_4,False,,893.288147,31
1780_1,True,,1265.607544,25
1780_2,False,,1265.607544,25
1781_1,True,,247.9388885,9
1781_2,False,,247.9388885,9
1782_1,True,,1338.738647,6
1782_2,False,,1338.738647,6
1782_3,False,,1338.738647,6
1782_4,False,,1338.738647,6
1783_1,True,,923.9660645,46
1783_2,False,,923.9660645,46
1784_1,True,,632.7543335,48
1784_2,False,,632.7543335,48
1784_3,False,,632.7543335,48
1785_1,True,,247.9388885,9
1786_1,True,,102.3274841,49
1787_1,True,,102.3274841,49
1787_2,False,,102.3274841,49
1787_3,False,,102.3274841,49
1788_1,True,,923.9660645,46
1788_2,False,,923.9660645,46
1788_3,False,,923.9660645,46
1788_4,False,,923.9660645,46
1789_1,True,,102.3274841,49
1789_2,False,,102.3274841,49
1789_3,False,,102.3274841,49
1790_1,True,,938.2555542,21
1790_2,False,,938.2555542,21
1791_1,True,,1338.738525,6
1791_2,False,,1338.738525,6
1791_3,False,,1338.738525,6
1792_1,True,,1367.826904,26
1792_2,False,,1367.826904,26
1792_3,False,,1367.826904,26
1792_4,False,,1367.826904,26
1793_1,True,,893.288147,31
1793_2,False,,893.288147,31
1794_1,True,,247.9389038,9
1794_2,False,,247.9389038,9
1794_3,False,,247.9389038,9
1795_1,True,,632.7542725,48
1796_1,True,,262.3351746,19
1796_2,False,,262.3351746,19
1796_3,False,,262.3351746,19
1797_1,True,,2465.571533,39
1798_1,True,,247.9388885,9
1798_2,False,,247.9388885,9
1799_1,True,,102.3274841,49
1799_2,False,,102.3274841,49
1799_3,False,,102.3274841,49
1799_4,False,,102.3274841,49
1800_1,True,,1265.607544,4
1800_2,False,,1265.607544,4
1801_1,True,,1367.826782,26
1801_2,False,,1367.826782,26
1801_3,False,,1367.826782,26
1801_4,False,,1367.826782,26
1801_5,False,,1367.826782,26
1802_1,True,,923.9660645,46
1802_2,False,,923.9660645,46
1802_3,False,,923.9660645,46
1803_1,True,,1265.607544,33
1803_2,False,,1265.607544,33
1803_3,False,,1265.607544,33
1804_1,True,,632.7542725,48
1804_2,False,,632.7542725,48
1804_3,False,,632.7542725,48
1805_1,True,,632.7542725,48
1805_2,False,,632.7542725,48
1805_3,False,,632.7542725,48
1806_1,True,,735.427002,18
1806_2,False,,735.427002,18
1806_3,False,,735.427002,18
1806_4,False,,735.427002,18
1806_5,False,,735.427002,18
1807_1,True,,938.2555542,21
1807_2,False,,938.2555542,21
1808_1,True,,262.3351746,19
1808_2,False,,262.3351746,19
1808_3,False,,262.3351746,19
1808_4,False,,262.3351746,19
1809_1,True,,632.7542725,48
1809_2,False,,632.7542725,48
1809_3,False,,632.7542725,48
1809_4,False,,632.7542725,48
1809_5,False,,632.7542725,48
1810_1,True,,893.2880859,31
1810_2,False,,893.2880859,31
1810_3,False,,893.2880859,31
1810_4,False,,893.2880859,31
1811_1,True,,2465.571533,39
1811_2,False,,2465.571533,39
1811_3,False,,2465.571533,39
1811_4,False,,2465.571533,39
1811_5,False,,2465.571533,39
1812_1,True,,1367.826904,26
1812_2,False,,1367.826904,26
1812_3,False,,1367.826904,26
1812_4,False,,1367.826904,26
1813_1,True,,1338.738647,6
1813_2,False,,1338.738647,6
1813_3,False,,1338.738647,6
1814_1,True,,938.2555542,21
1814_2,False,,938.2555542,21
1814_3,False,,938.2555542,21
1814_4,False,,938.2555542,21
1815_1,True,,102.3274841,49
1815_2,False,,102.3274841,49
1815_3,False,,102.3274841,49
1815_4,False,,102.3274841,49
1815_5,False,,102.3274841,49
1816_1,True,,247.9388733,9
1816_2,False,,247.9388733,9
1816_3,False,,247.9388733,9
1817_1,True,,102.3274841,49
1817_2,False,,102.3274841,49
1818_1,True,,632.7542725,48
1818_2,False,,632.7542725,48
1818_3,False,,632.7542725,48
1818_4,False,,632.7542725,48
1819_1,True,,2465.571289,39
1819_2,False,,2465.571289,39
1819_3,False,,2465.571289,39
1820_1,True,,923.9661255,46
1820_2,False,,923.9661255,46
1820_3,False,,923.9661255,46
1820_4,False,,923.9661255,46
1821_1,True,,262.3351746,19
1821_2,False,,262.3351746,19
1821_3,False,,262.3351746,19
1822_1,True,,923.9660645,46
1822_2,False,,923.9660645,46
1822_3,False,,923.9660645,46
1823_1,True,,2465.571533,39
1823_2,False,,2465.571533,39
1824_1,True,,893.288147,31
1824_2,False,,893.288147,31
1824_3,False,,893.288147,31
1825_1,True,,102.3274841,49
1825_2,False,,102.3274841,49
1825_3,False,,102.3274841,49
1826_1,True,,102.3274918,49
1826_2,False,,102.3274918,49
1827_1,True,,1338.738647,6
1827_2,False,,1338.738647,6
1827_3,False,,1338.738647,6
1827_4,False,,1338.738647,6
1827_5,False,,1338.738647,6
1828_1,True,,1265.607544,41
1828_2,False,,1265.607544,41
1828_3,False,,1265.607544,41
1828_4,False,,1265.607544,41
1828_5,False,,1265.607544,41
1829_1,True,,1265.607544,25
1829_2,False,,1265.607544,25
1830_1,True,,1338.738647,6
1830_2,False,,1338.738647,6
1831_1,True,,923.9661255,46
1831_2,False,,923.9661255,46
1832_1,True,,1338.738647,6
1832_2,False,,1338.738647,6
1832_3,False,,1338.738647,6
1833_1,True,,1265.607544,44
1833_2,False,,1265.607544,44
1834_1,True,,893.288147,31
1834_2,False,,893.288147,31
1834_3,False,,893.288147,31
1834_4,False,,893.288147,31
1835_1,True,,102.3274841,49
1835_2,False,,102.3274841,49
1835_3,False,,102.3274841,49
1836_1,True,,1367.826904,26
1837_1,True,,2465.571533,39
1838_1,True,,102.3274918,49
1838_2,False,,102.3274918,49
1838_3,False,,102.3274918,49
1839_1,True,,102.3274841,49
1839_2,False,,102.3274841,49
1839_3,False,,102.3274841,49
1840_1,True,,1367.826904,26
1840_2,False,,1367.826904,26
1840_3,False,,1367.826904,26
1840_4,False,,1367.826904,26
1841_1,True,,262.3351746,19
1841_2,False,,262.3351746,19
1842_1,True,,2465.571289,39
1842_2,False,,2465.571289,39
1842_3,False,,2465.571289,39
1843_1,True,,938.2555542,21
1843_2,False,,938.2555542,21
1844_1,True,,1367.826782,26
1844_2,False,,1367.826782,26
1845_1,True,,2465.571289,39
1845_2,False,,2465.571289,39
1845_3,False,,2465.571289,39
1845_4,False,,2465.571289,39
1845_5,False,,2465.571289,39
1846_1,True,,893.288147,31
1847_1,True,,2465.571289,39
1847_2,False,,2465.571289,39
1848_1,True,,923.9660645,46
1848_2,False,,923.9660645,46
1849_1,True,,938.2555542,21
1849_2,False,,938.2555542,21
1850_1,True,,735.4269409,18
1850_2,False,,735.4269409,18
1850_3,False,,735.4269409,18
1851_1,True,,262.335144,19
1851_2,False,,262.335144,19
1852_1,True,,1367.826904,26
1853_1,True,,1265.607544,5
1853_2,False,,1265.607544,5
1854_1,True,,1265.607544,5
1854_2,False,,1265.607544,5
1854_3,False,,1265.607544,5
1855_1,True,,1265.607544,33
1855_2,False,,1265.607544,33
1855_3,False,,1265.607544,33
1856_1,True,,1367.826904,26
1856_2,False,,1367.826904,26
1857_1,True,,1338.738647,6
1857_2,False,,1338.738647,6
1857_3,False,,1338.738647,6
1857_4,False,,1338.738647,6
1858_1,True,,262.3351746,19
1858_2,False,,262.3351746,19
1858_3,False,,262.3351746,19
1858_4,False,,262.3351746,19
1858_5,False,,262.3351746,19
1858_6,False,,262.3351746,19
1859_1,True,,247.9388885,9
1859_2,False,,247.9388885,9
1859_3,False,,247.9388885,9
1860_1,True,,247.9388885,9
1860_2,False,,247.9388885,9
1861_1,True,,1265.607544,5
1861_2,False,,1265.607544,5
1862_1,True,,102.3274841,49
1862_2,False,,102.3274841,49
1862_3,False,,102.3274841,49
1863_1,True,,923.9660645,46
1863_2,False,,923.9660645,46
1863_3,False,,923.9660645,46
1863_4,False,,923.9660645,46
1864_1,True,,938.2555542,21
1864_2,False,,938.2555542,21
1864_3,False,,938.2555542,21
1864_4,False,,938.2555542,21
1865_1,True,,938.2556152,21
1865_2,False,,938.2556152,21
1865_3,False,,938.2556152,21
1866_1,True,,102.3274918,49
1866_2,False,,102.3274918,49
1866_3,False,,102.3274918,49
1866_4,False,,102.3274918,49
1866_5,False,,102.3274918,49
1867_1,True,,632.7542725,48
1867_2,False,,632.7542725,48
1867_3,False,,632.7542725,48
1867_4,False,,632.7542725,48
1867_5,False,,632.7542725,48
1868_1,True,,2465.571533,39
1868_2,False,,2465.571533,39
1869_1,True,,1265.607544,33
1869_2,False,,1265.607544,33
1869_3,False,,1265.607544,33
1870_1,True,,893.288147,31
1870_2,False,,893.288147,31
1870_3,False,,893.288147,31
1871_1,True,,1338.738647,6
1871_2,False,,1338.738647,6
1872_1,True,,1338.738647,6
1872_2,False,,1338.738647,6
1872_3,False,,1338.738647,6
1872_4,False,,1338.738647,6
1873_1,True,,262.3351746,19
1874_1,True,,893.288208,31
1874_2,False,,893.288208,31
1874_3,False,,893.288208,31
1875_1,True,,632.7542725,48
1875_2,False,,632.7542725,48
1876_1,True,,938.2555542,21
1876_2,False,,938.2555542,21
1876_3,False,,938.2555542,21
1876_4,False,,938.2555542,21
1877_1,True,,247.9388885,9
1878_1,True,,2465.571533,39
1878_2,False,,2465.571533,39
1878_3,False,,2465.571533,39
1878_4,False,,2465.571533,39
1879_1,True,,102.3274841,49
1879_2,False,,102.3274841,49
1880_1,True,,247.9389038,9
1880_2,False,,247.9389038,9
1881_1,True,,1265.607544,41
1881_2,False,,1265.607544,41
1881_3,False,,1265.607544,41
1881_4,False,,1265.607544,41
1882_1,True,,923.9661255,46
1882_2,False,,923.9661255,46
1882_3,False,,923.9661255,46
1883_1,True,,262.3351746,19
1883_2,False,,262.3351746,19
1883_3,False,,262.3351746,19
1883_4,False,,262.3351746,19
1884_1,True,,735.4269409,18
1884_2,False,,735.4269409,18
1884_3,False,,735.4269409,18
1884_4,False,,735.4269409,18
1885_1,True,,893.288147,31
1885_2,False,,893.288147,31
1886_1,True,,262.3351746,19
1886_2,False,,262.3351746,19
1887_1,True,,1265.607544,25
1887_2,False,,1265.607544,25
1887_3,False,,1265.607544,25
1888_1,True,,1338.738647,6
1888_2,False,,1338.738647,6
1889_1,True,,1265.607544,25
1890_1,True,,2465.571289,39
1890_2,False,,2465.571289,39
1891_1,True,,1265.607544,33
1891_2,False,,1265.607544,33
1891_3,False,,1265.607544,33
1892_1,True,,1265.607544,10
1892_2,False,,1265.607544,10
1893_1,True,,938.2555542,21
1893_2,False,,938.2555542,21
1893_3,False,,938.2555542,21
1893_4,False,,938.2555542,21
1894_1,True,,1265.607544,25
1894_2,False,,1265.607544,25
1894_3,False,,1265.607544,25
1894_4,False,,1265.607544,25
1895_1,True,,247.9388885,9
1895_2,False,,247.9388885,9
1895_3,False,,247.9388885,9
1895_4,False,,247.9388885,9
1895_5,False,,247.9388885,9
1896_1,True,,1265.607544,10
1896_2,False,,1265.607544,10
1896_3,False,,1265.607544,10
1897_1,True,,1338.738647,6
1897_2,False,,1338.738647,6
1897_3,False,,1338.738647,6
1897_4,False,,1338.738647,6
1897_5,False,,1338.738647,6
1897_6,False,,1338.738647,6
1897_7,False,,1338.738647,6
1897_8,False,,1338.738647,6
1898_1,True,,1338.73877,6
1898_2,False,,1338.73877,6
1898_3,False,,1338.73877,6
1899_1,True,,1367.826782,26
1899_2,False,,1367.826782,26
1899_3,False,,1367.826782,26
1899_4,False,,1367.826782,26
1900_1,True,,893.288147,31
1900_2,False,,893.288147,31
1901_1,True,,735.427002,18
1901_2,False,,735.427002,18
1902_1,True,,1265.607544,38
1902_2,False,,1265.607544,38
1902_3,False,,1265.607544,38
1902_4,False,,1265.607544,38
1902_5,False,,1265.607544,38
1903_1,True,,1265.607544,10
1903_2,False,,1265.607544,10
1904_1,True,,2465.571289,39
1904_2,False,,2465.571289,39
1904_3,False,,2465.571289,39
1904_4,False,,2465.571289,39
1904_5,False,,2465.571289,39
1904_6,False,,2465.571289,39
1905_1,True,,1338.738647,6
1905_2,False,,1338.738647,6
1906_1,True,,893.288147,31
1906_2,False,,893.288147,31
1906_3,False,,893.288147,31
1906_4,False,,893.288147,31
1907_1,True,,1265.607544,12
1907_2,False,,1265.607544,12
1908_1,True,,632.7542725,48
1909_1,True,,735.427002,18
1909_2,False,,735.427002,18
1910_1,True,,938.2556152,21
1910_2,False,,938.2556152,21
1910_3,False,,938.2556152,21
1910_4,False,,938.2556152,21
1910_5,False,,938.2556152,21
1911_1,True,,102.3274841,49
1911_2,False,,102.3274841,49
1911_3,False,,102.3274841,49
1911_4,False,,102.3274841,49
1912_1,True,,735.4269409,18
1912_2,False,,735.4269409,18
1912_3,False,,735.4269409,18
1912_4,False,,735.4269409,18
1912_5,False,,735.4269409,18
1913_1,True,,262.3351746,19
1913_2,False,,262.3351746,19
1913_3,False,,262.3351746,19
1914_1,True,,1265.607544,12
1915_1,True,,893.2880859,31
1915_2,False,,893.2880859,31
1915_3,False,,893.2880859,31
1916_1,True,,1265.607544,38
1916_2,False,,1265.607544,38
1916_3,False,,1265.607544,38
1916_4,False,,1265.607544,38
1917_1,True,,2465.571533,39
1917_2,False,,2465.571533,39
1917_3,False,,2465.571533,39
1917_4,False,,2465.571533,39
1918_1,True,,1367.826782,26
1918_2,False,,1367.826782,26
1919_1,True,,1265.607544,12
1919_2,False,,1265.607544,12
1919_3,False,,1265.607544,12
1919_4,False,,1265.607544,12
1920_1,True,,1338.738647,6
1920_2,False,,1338.738647,6
1920_3,False,,1338.738647,6
1920_4,False,,1338.738647,6
1921_1,True,,1265.607544,25
1922_1,True,,938.2556152,21
1922_2,False,,938.2556152,21
1922_3,False,,938.2556152,21
1923_1,True,,1338.738647,6
1923_2,False,,1338.738647,6
1923_3,False,,1338.738647,6
1923_4,False,,1338.738647,6
1924_1,True,,102.3274918,49
1924_2,False,,102.3274918,49
1925_1,True,,1265.607544,12
1925_2,False,,1265.607544,12
1926_1,True,,1367.826782,26
1926_2,False,,1367.826782,26
1927_1,True,,735.4269409,18
1927_2,False,,735.4269409,18
1928_1,True,,938.2556152,21
1929_1,True,,938.2556152,21
1929_2,False,,938.2556152,21
1930_1,True,,1265.607544,10
1930_2,False,,1265.607544,10
1930_3,False,,1265.607544,10
1930_4,False,,1265.607544,10
1931_1,True,,247.9389038,9
1931_2,False,,247.9389038,9
1931_3,False,,247.9389038,9
1931_4,False,,247.9389038,9
1932_1,True,,923.9661255,46
1933_1,True,,923.9661255,46
1933_2,False,,923.9661255,46
1933_3,False,,923.9661255,46
1933_4,False,,923.9661255,46
1934_1,True,,247.9388733,9
1934_2,False,,247.9388733,9
1935_1,True,,1338.738647,6
1935_2,False,,1338.738647,6
1935_3,False,,1338.738647,6
1935_4,False,,1338.738647,6
1936_1,True,,1367.826904,26
1936_2,False,,1367.826904,26
1937_1,True,,735.4269409,18
1937_2,False,,735.4269409,18
1938_1,True,,893.2880859,31
1938_2,False,,893.2880859,31
1938_3,False,,893.2880859,31
1939_1,True,,735.427002,18
1939_2,False,,735.427002,18
1939_3,False,,735.427002,18
1939_4,False,,735.427002,18
1939_5,False,,735.427002,18
1940_1,True,,632.7542725,48
1940_2,False,,632.7542725,48
1940_3,False,,632.7542725,48
1940_4,False,,632.7542725,48
1941_1,True,,1367.826782,26
1941_2,False,,1367.826782,26
1941_3,False,,1367.826782,26
1942_1,True,,1367.826782,26
1942_2,False,,1367.826782,26
1942_3,False,,1367.826782,26
1943_1,True,,632.7542725,48
1943_2,False,,632.7542725,48
1943_3,False,,632.7542725,48
1943_4,False,,632.7542725,48
1944_1,True,,262.3351746,19
1944_2,False,,262.3351746,19
1945_1,True,,102.3274918,49
1946_1,True,,247.9388885,9
1946_2,False,,247.9388885,9
1946_3,False,,247.9388885,9
1946_4,False,,247.9388885,9
1946_5,False,,247.9388885,9
1947_1,True,,893.2880859,31
1947_2,False,,893.2880859,31
1947_3,False,,893.2880859,31
1948_1,True,,1338.738647,6
1948_2,False,,1338.738647,6
1948_3,False,,1338.738647,6
1948_4,False,,1338.738647,6
1949_1,True,,2465.571289,39
1949_2,False,,2465.571289,39
1950_1,True,,1265.607544,14
1950_2,False,,1265.607544,14
1950_3,False,,1265.607544,14
1951_1,True,,1265.607544,38
1951_2,False,,1265.607544,38
1952_1,True,,923.9660645,46
1952_2,False,,923.9660645,46
1952_3,False,,923.9660645,46
1952_4,False,,923.9660645,46
1953_1,True,,102.3274918,49
1953_2,False,,102.3274918,49
1954_1,True,,893.288147,31
1954_2,False,,893.288147,31
1954_3,False,,893.288147,31
1954_4,False,,893.288147,31
1955_1,True,,1265.607544,17
1955_2,False,,1265.607544,17
1956_1,True,,2465.571533,39
1956_2,False,,2465.571533,39
1956_3,False,,2465.571533,39
1956_4,False,,2465.571533,39
1957_1,True,,247.9388733,9
1957_2,False,,247.9388733,9
1958_1,True,,247.9389038,9
1958_2,False,,247.9389038,9
1958_3,False,,247.9389038,9
1959_1,True,,1265.607544,14
1959_2,False,,1265.607544,14
1959_3,False,,1265.607544,14
1959_4,False,,1265.607544,14
1960_1,True,,2465.571289,39
1960_2,False,,2465.571289,39
1960_3,False,,2465.571289,39
1961_1,True,,893.288147,31
1961_2,False,,893.288147,31
1961_3,False,,893.288147,31
1961_4,False,,893.288147,31
1961_5,False,,893.288147,31
1962_1,True,,735.427002,18
1962_2,False,,735.427002,18
1963_1,True,,1338.738647,6
1963_2,False,,1338.738647,6
1964_1,True,,1265.607544,45
1964_2,False,,1265.607544,45
1964_3,False,,1265.607544,45
1965_1,True,,735.4269409,18
1965_2,False,,735.4269409,18
1965_3,False,,735.4269409,18
1965_4,False,,735.4269409,18
1966_1,True,,1338.738525,6
1966_2,False,,1338.738525,6
1967_1,True,,2465.571533,39
1967_2,False,,2465.571533,39
1967_3,False,,2465.571533,39
1967_4,False,,2465.571533,39
1967_5,False,,2465.571533,39
1967_6,False,,2465.571533,39
1968_1,True,,735.427002,18
1968_2,False,,735.427002,18
1968_3,False,,735.427002,18
1969_1,True,,632.7543335,48
1969_2,False,,632.7543335,48
1969_3,False,,632.7543335,48
1970_1,True,,247.9389038,9
1970_2,False,,247.9389038,9
1971_1,True,,632.7542725,48
1971_2,False,,632.7542725,48
1971_3,False,,632.7542725,48
1971_4,False,,632.7542725,48
1972_1,True,,632.7542725,48
1972_2,False,,632.7542725,48
1972_3,False,,632.7542725,48
1973_1,True,,1265.607666,45
1974_1,True,,1367.826782,26
1974_2,False,,1367.826782,26
1974_3,False,,1367.826782,26
1974_4,False,,1367.826782,26
1974_5,False,,1367.826782,26
1975_1,True,,632.7542725,48
1976_1,True,,262.3351746,19
1976_2,False,,262.3351746,19
1977_1,True,,1265.607544,45
1977_2,False,,1265.607544,45
1977_3,False,,1265.607544,45
1977_4,False,,1265.607544,45
1977_5,False,,1265.607544,45
1978_1,True,,923.9661255,46
1978_2,False,,923.9661255,46
1979_1,True,,1367.826904,26
1979_2,False,,1367.826904,26
1980_1,True,,632.7543335,48
1980_2,False,,632.7543335,48
1981_1,True,,262.335144,19
1982_1,True,,2465.571533,39
1982_2,False,,2465.571533,39
1982_3,False,,2465.571533,39
1982_4,False,,2465.571533,39
1982_5,False,,2465.571533,39
1983_1,True,,1338.738647,6
1984_1,True,,735.4269409,18
1984_2,False,,735.4269409,18
1984_3,False,,735.4269409,18
1984_4,False,,735.4269409,18
1984_5,False,,735.4269409,18
1985_1,True,,938.2555542,21
1985_2,False,,938.2555542,21
1985_3,False,,938.2555542,21
1986_1,True,,632.7542725,48
1986_2,False,,632.7542725,48
1986_3,False,,632.7542725,48
1987_1,True,,247.9388885,9
1988_1,True,,262.3351746,19
1988_2,False,,262.3351746,19
1988_3,False,,262.3351746,19
1989_1,True,,735.4269409,18
1989_2,False,,735.4269409,18
1989_3,False,,735.4269409,18
1990_1,True,,632.7542725,48
1990_2,False,,632.7542725,48
1990_3,False,,632.7542725,48
1990_4,False,,632.7542725,48
1991_1,True,,1338.738647,6
1991_2,False,,1338.738647,6
1991_3,False,,1338.738647,6
1992_1,True,,632.7542725,48
1992_2,False,,632.7542725,48
1992_3,False,,632.7542725,48
1993_1,True,,262.3351746,19
1994_1,True,,1338.738525,6
1994_2,False,,1338.738525,6
1995_1,True,,632.7542725,48
1995_2,False,,632.7542725,48
1995_3,False,,632.7542725,48
1996_1,True,,893.288147,31
1996_2,False,,893.288147,31
1997_1,True,,1338.738647,6
1997_2,False,,1338.738647,6
1997_3,False,,1338.738647,6
1997_4,False,,1338.738647,6
1997_5,False,,1338.738647,6
1997_6,False,,1338.738647,6
1998_1,True,,1367.826904,26
1998_2,False,,1367.826904,26
1998_3,False,,1367.826904,26
1998_4,False,,1367.826904,26
1998_5,False,,1367.826904,26
1999_1,True,,632.7542725,48
1999_2,False,,632.7542725,48
1999_3,False,,632.7542725,48
2000_1,True,,1265.607544,38
2001_1,True,,632.7542725,48
2001_2,False,,632.7542725,48
2001_3,False,,632.7542725,48
2001_4,False,,632.7542725,48
2001_5,False,,632.7542725,48
2002_1,True,,923.9661255,46
2003_1,True,,102.3274841,49
2003_2,False,,102.3274841,49
2003_3,False,,102.3274841,49
2004_1,True,,1265.607544,44
2004_2,False,,1265.607544,44
2004_3,False,,1265.607544,44
2004_4,False,,1265.607544,44
2005_1,True,,262.335144,19
2005_2,False,,262.335144,19
2006_1,True,,1265.607666,25
2006_2,False,,1265.607666,25
2006_3,False,,1265.607666,25
2007_1,True,,632.7542725,48
2007_2,False,,632.7542725,48
2007_3,False,,632.7542725,48
2008_1,True,,893.288147,31
2008_2,False,,893.288147,31
2008_3,False,,893.288147,31
2008_4,False,,893.288147,31
2009_1,True,,1265.607544,44
2009_2,False,,1265.607544,44
2010_1,True,,632.7542725,48
2010_2,False,,632.7542725,48
2010_3,False,,632.7542725,48
2011_1,True,,1338.738647,6
2011_2,False,,1338.738647,6
2011_3,False,,1338.738647,6
2012_1,True,,632.7542725,48
2012_2,False,,632.7542725,48
2012_3,False,,632.7542725,48
2012_4,False,,632.7542725,48
2013_1,True,,247.9388885,9
2013_2,False,,247.9388885,9
2014_1,True,,1265.607544,12
2014_2,False,,1265.607544,12
2014_3,False,,1265.607544,12
2015_1,True,,262.3351746,19
2015_2,False,,262.3351746,19
2015_3,False,,262.3351746,19
2015_4,False,,262.3351746,19
2016_1,True,,893.2880859,31
2017_1,True,,923.9661255,46
2018_1,True,,735.4269409,18
2018_2,False,,735.4269409,18
2018_3,False,,735.4269409,18
2018_4,False,,735.4269409,18
2019_1,True,,632.7542725,48
2019_2,False,,632.7542725,48
2020_1,True,,923.9660645,46
2021_1,True,,893.2880859,31
2021_2,False,,893.2880859,31
2021_3,False,,893.2880859,31
2021_4,False,,893.2880859,31
2022_1,True,,1265.607544,38
2022_2,False,,1265.607544,38
2022_3,False,,1265.607544,38
2022_4,False,,1265.607544,38
2023_1,True,,2465.571533,39
2023_2,False,,2465.571533,39
2023_3,False,,2465.571533,39
2023_4,False,,2465.571533,39
2023_5,False,,2465.571533,39
2024_1,True,,262.3351746,19
2024_2,False,,262.3351746,19
2024_3,False,,262.3351746,19
2025_1,True,,893.288208,31
2025_2,False,,893.288208,31
2025_3,False,,893.288208,31
2025_4,False,,893.288208,31
2026_1,True,,1367.826782,26
2026_2,False,,1367.826782,26
2026_3,False,,1367.826782,26
2026_4,False,,1367.826782,26
2026_5,False,,1367.826782,26
2026_6,False,,1367.826782,26
2027_1,True,,893.288208,31
2027_2,False,,893.288208,31
2028_1,True,,1265.607544,45
2028_2,False,,1265.607544,45
2028_3,False,,1265.607544,45
2028_4,False,,1265.607544,45
2028_5,False,,1265.607544,45
2029_1,True,,632.7542725,48
2029_2,False,,632.7542725,48
2029_3,False,,632.7542725,48
2030_1,True,,1265.607544,41
2030_2,False,,1265.607544,41
2030_3,False,,1265.607544,41
2030_4,False,,1265.607544,41
2031_1,True,,923.9661255,46
2032_1,True,,1265.607544,41
2032_2,False,,1265.607544,41
2032_3,False,,1265.607544,41
2032_4,False,,1265.607544,41
2032_5,False,,1265.607544,41
2033_1,True,,632.7542725,48
2033_2,False,,632.7542725,48
2033_3,False,,632.7542725,48
2033_4,False,,632.7542725,48
2034_1,True,,893.2880859,31
2034_2,False,,893.2880859,31
2035_1,True,,1265.607544,45
2035_2,False,,1265.607544,45
2036_1,True,,923.9661255,46
2036_2,False,,923.9661255,46
2037_1,True,,247.9388885,9
2038_1,True,,923.9661255,46
2038_2,False,,923.9661255,46
2038_3,False,,923.9661255,46
2039_1,True,,247.9388885,9
2039_2,False,,247.9388885,9
2039_3,False,,247.9388885,9
2040_1,True,,1265.607544,44
2040_2,False,,1265.607544,44
2040_3,False,,1265.607544,44
2040_4,False,,1265.607544,44
2041_1,True,,1265.607544,14
2041_2,False,,1265.607544,14
2042_1,True,,1367.826782,26
2042_2,False,,1367.826782,26
2042_3,False,,1367.826782,26
2042_4,False,,1367.826782,26
2043_1,True,,247.9388885,9
2043_2,False,,247.9388885,9
2043_3,False,,247.9388885,9
2043_4,False,,247.9388885,9
2043_5,False,,247.9388885,9
2044_1,True,,1338.738647,6
2045_1,True,,1265.607544,12
2045_2,False,,1265.607544,12
2045_3,False,,1265.607544,12
2045_4,False,,1265.607544,12
2045_5,False,,1265.607544,12
2046_1,True,,1265.607544,25
2047_1,True,,938.2555542,21
2047_2,False,,938.2555542,21
2047_3,False,,938.2555542,21
2047_4,False,,938.2555542,21
2047_5,False,,938.2555542,21
2048_1,True,,262.335144,19
2049_1,True,,923.9660645,46
2049_2,False,,923.9660645,46
2050_1,True,,923.9661255,46
2050_2,False,,923.9661255,46
2050_3,False,,923.9661255,46
2050_4,False,,923.9661255,46
2051_1,True,,1367.826904,26
2052_1,True,,923.9660645,46
2052_2,False,,923.9660645,46
2053_1,True,,1338.738647,6
2053_2,False,,1338.738647,6
2053_3,False,,1338.738647,6
2053_4,False,,1338.738647,6
2054_1,True,,923.9660645,46
2054_2,False,,923.9660645,46
2055_1,True,,262.335144,19
2055_2,False,,262.335144,19
2056_1,True,,102.3274841,49
2056_2,False,,102.3274841,49
2056_3,False,,102.3274841,49
2057_1,True,,632.7542725,48
2057_2,False,,632.7542725,48
2057_3,False,,632.7542725,48
2058_1,True,,1265.607544,44
2058_2,False,,1265.607544,44
2058_3,False,,1265.607544,44
2058_4,False,,1265.607544,44
2059_1,True,,1265.607544,33
2059_2,False,,1265.607544,33
2059_3,False,,1265.607544,33
2060_1,True,,2465.571289,39
2060_2,False,,2465.571289,39
2060_3,False,,2465.571289,39
2060_4,False,,2465.571289,39
2061_1,True,,1265.607544,12
2061_2,False,,1265.607544,12
2061_3,False,,1265.607544,12
2061_4,False,,1265.607544,12
2061_5,False,,1265.607544,12
2062_1,True,,102.3274841,49
2062_2,False,,102.3274841,49
2063_1,True,,735.427002,18
2063_2,False,,735.427002,18
2063_3,False,,735.427002,18
2063_4,False,,735.427002,18
2063_5,False,,735.427002,18
2064_1,True,,1367.826904,26
2064_2,False,,1367.826904,26
2064_3,False,,1367.826904,26
2064_4,False,,1367.826904,26
2065_1,True,,938.2555542,21
2065_2,False,,938.2555542,21
2065_3,False,,938.2555542,21
2065_4,False,,938.2555542,21
2066_1,True,,1265.607544,45
2067_1,True,,923.9660645,46
2067_2,False,,923.9660645,46
2067_3,False,,923.9660645,46
2067_4,False,,923.9660645,46
2068_1,True,,1367.826782,26
2068_2,False,,1367.826782,26
2069_1,True,,1265.607544,41
2069_2,False,,1265.607544,41
2069_3,False,,1265.607544,41
2069_4,False,,1265.607544,41
2070_1,True,,632.7542725,48
2070_2,False,,632.7542725,48
2070_3,False,,632.7542725,48
2071_1,True,,1367.826782,26
2071_2,False,,1367.826782,26
2071_3,False,,1367.826782,26
2072_1,True,,632.7542725,48
2072_2,False,,632.7542725,48
2072_3,False,,632.7542725,48
2072_4,False,,632.7542725,48
2073_1,True,,102.3274841,49
2073_2,False,,102.3274841,49
2073_3,False,,102.3274841,49
2073_4,False,,102.3274841,49
2073_5,False,,102.3274841,49
2073_6,False,,102.3274841,49
2074_1,True,,247.9389038,9
2075_1,True,,632.7542725,48
2075_2,False,,632.7542725,48
2075_3,False,,632.7542725,48
2076_1,True,,1265.607544,33
2076_2,False,,1265.607544,33
2076_3,False,,1265.607544,33
2076_4,False,,1265.607544,33
2077_1,True,,247.9388885,9
2078_1,True,,893.2880859,31
2078_2,False,,893.2880859,31
2079_1,True,,632.7543335,48
2079_2,False,,632.7543335,48
2079_3,False,,632.7543335,48
2079_4,False,,632.7543335,48
2079_5,False,,632.7543335,48
2080_1,True,,2465.571533,39
2080_2,False,,2465.571533,39
2081_1,True,,632.7542725,48
2081_2,False,,632.7542725,48
2081_3,False,,632.7542725,48
2081_4,False,,632.7542725,48
2082_1,True,,735.4269409,18
2082_2,False,,735.4269409,18
2083_1,True,,632.7542725,48
2083_2,False,,632.7542725,48
2083_3,False,,632.7542725,48
2083_4,False,,632.7542725,48
2084_1,True,,247.9389038,9
2085_1,True,,102.3274918,49
2085_2,False,,102.3274918,49
2086_1,True,,2465.571289,39
2086_2,False,,2465.571289,39
2086_3,False,,2465.571289,39
2087_1,True,,893.288147,31
2088_1,True,,632.7542725,48
2088_2,False,,632.7542725,48
2088_3,False,,632.7542725,48
2088_4,False,,632.7542725,48
2088_5,False,,632.7542725,48
2089_1,True,,632.7542725,48
2089_2,False,,632.7542725,48
2089_3,False,,632.7542725,48
2090_1,True,,262.335144,19
2090_2,False,,262.335144,19
2090_3,False,,262.335144,19
2090_4,False,,262.335144,19
2090_5,False,,262.335144,19
2091_1,True,,632.7542725,48
2091_2,False,,632.7542725,48
2091_3,False,,632.7542725,48
2092_1,True,,893.288147,31
2092_2,False,,893.288147,31
2093_1,True,,632.7542725,48
2093_2,False,,632.7542725,48
2094_1,True,,1338.738647,6
2094_2,False,,1338.738647,6
2094_3,False,,1338.738647,6
2094_4,False,,1338.738647,6
2094_5,False,,1338.738647,6
2095_1,True,,923.9661255,46
2095_2,False,,923.9661255,46
2095_3,False,,923.9661255,46
2096_1,True,,632.7542725,48
2097_1,True,,938.2555542,21
2097_2,False,,938.2555542,21
2097_3,False,,938.2555542,21
2097_4,False,,938.2555542,21
2098_1,True,,2465.571533,39
2098_2,False,,2465.571533,39
2099_1,True,,1367.826782,26
2099_2,False,,1367.826782,26
2100_1,True,,1265.607544,33
2100_2,False,,1265.607544,33
2101_1,True,,632.7543335,48
2101_2,False,,632.7543335,48
2101_3,False,,632.7543335,48
2101_4,False,,632.7543335,48
2102_1,True,,1265.607544,45
2102_2,False,,1265.607544,45
2102_3,False,,1265.607544,45
2103_1,True,,102.3274918,49
2103_2,False,,102.3274918,49
2103_3,False,,102.3274918,49
2103_4,False,,102.3274918,49
2103_5,False,,102.3274918,49
2103_6,False,,102.3274918,49
2104_1,True,,2465.571533,39
2104_2,False,,2465.571533,39
2104_3,False,,2465.571533,39
2104_4,False,,2465.571533,39
2105_1,True,,893.2880859,31
2105_2,False,,893.2880859,31
2105_3,False,,893.2880859,31
2106_1,True,,1367.826782,26
2106_2,False,,1367.826782,26
2106_3,False,,1367.826782,26
2106_4,False,,1367.826782,26
2107_1,True,,247.9389038,9
2107_2,False,,247.9389038,9
2107_3,False,,247.9389038,9
2107_4,False,,247.9389038,9
2107_5,False,,247.9389038,9
2107_6,False,,247.9389038,9
2108_1,True,,1265.607544,51
2108_2,False,,1265.607544,51
2109_1,True,,893.288147,31
2109_2,False,,893.288147,31
2109_3,False,,893.288147,31
2109_4,False,,893.288147,31
2109_5,False,,893.288147,31
2109_6,False,,893.288147,31
2110_1,True,,632.7543335,48
2110_2,False,,632.7543335,48
2110_3,False,,632.7543335,48
2110_4,False,,632.7543335,48
2111_1,True,,1367.826782,26
2111_2,False,,1367.826782,26
2111_3,False,,1367.826782,26
2111_4,False,,1367.826782,26
2111_5,False,,1367.826782,26
2112_1,True,,247.9388733,9
2113_1,True,,1265.607544,41
2113_2,False,,1265.607544,41
2113_3,False,,1265.607544,41
2114_1,True,,2465.571533,39
2114_2,False,,2465.571533,39
2115_1,True,,102.3274841,49
2115_2,False,,102.3274841,49
2115_3,False,,102.3274841,49
2116_1,True,,102.3274841,49
2116_2,False,,102.3274841,49
2116_3,False,,102.3274841,49
2116_4,False,,102.3274841,49
2117_1,True,,938.2556152,21
2117_2,False,,938.2556152,21
2117_3,False,,938.2556152,21
2117_4,False,,938.2556152,21
2117_5,False,,938.2556152,21
2117_6,False,,938.2556152,21
2118_1,True,,632.7543335,48
2119_1,True,,938.2556152,21
2119_2,False,,938.2556152,21
2119_3,False,,938.2556152,21
2120_1,True,,1265.607544,41
2121_1,True,,102.3274841,49
2121_2,False,,102.3274841,49
2121_3,False,,102.3274841,49
2122_1,True,,102.3274918,49
2122_2,False,,102.3274918,49
2122_3,False,,102.3274918,49
2123_1,True,,1367.826782,26
2123_2,False,,1367.826782,26
2124_1,True,,923.9660645,46
2124_2,False,,923.9660645,46
2124_3,False,,923.9660645,46
2124_4,False,,923.9660645,46
2124_5,False,,923.9660645,46
2125_1,True,,923.9661255,46
2125_2,False,,923.9661255,46
2125_3,False,,923.9661255,46
2126_1,True,,893.288147,31
2126_2,False,,893.288147,31
2126_3,False,,893.288147,31
2126_4,False,,893.288147,31
2126_5,False,,893.288147,31
2127_1,True,,893.288147,31
2127_2,False,,893.288147,31
2127_3,False,,893.288147,31
2127_4,False,,893.288147,31
2127_5,False,,893.288147,31
2127_6,False,,893.288147,31
2128_1,True,,1338.738647,6
2128_2,False,,1338.738647,6
2129_1,True,,262.335144,19
2130_1,True,,938.2555542,21
2130_2,False,,938.2555542,21
2130_3,False,,938.2555542,21
2131_1,True,,923.9661255,46
2131_2,False,,923.9661255,46
2132_1,True,,1338.738647,6
2132_2,False,,1338.738647,6
2132_3,False,,1338.738647,6
2133_1,True,,1265.607544,45
2133_2,False,,1265.607544,45
2133_3,False,,1265.607544,45
2133_4,False,,1265.607544,45
2134_1,True,,1338.738647,6
2134_2,False,,1338.738647,6
2134_3,False,,1338.738647,6
2134_4,False,,1338.738647,6
2134_5,False,,1338.738647,6
2135_1,True,,102.3274918,49
2135_2,False,,102.3274918,49
2136_1,True,,1265.607544,51
2136_2,False,,1265.607544,51
2136_3,False,,1265.607544,51
2137_1,True,,938.2555542,21
2137_2,False,,938.2555542,21
2138_1,True,,938.2555542,21
2138_2,False,,938.2555542,21
2139_1,True,,1265.607544,33
2140_1,True,,2465.571289,39
2140_2,False,,2465.571289,39
2141_1,True,,262.3351746,19
2141_2,False,,262.3351746,19
2142_1,True,,632.7542725,48
2142_2,False,,632.7542725,48
2143_1,True,,632.7542725,48
2144_1,True,,1338.738647,6
2144_2,False,,1338.738647,6
2145_1,True,,735.4269409,18
2145_2,False,,735.4269409,18
2146_1,True,,102.3274841,49
2147_1,True,,893.288147,31
2147_2,False,,893.288147,31
2147_3,False,,893.288147,31
2147_4,False,,893.288147,31
2148_1,True,,893.288147,31
2148_2,False,,893.288147,31
2149_1,True,,1367.826782,26
2150_1,True,,1265.607544,41
2150_2,False,,1265.607544,41
2150_3,False,,1265.607544,41
2150_4,False,,1265.607544,41
2151_1,True,,1265.607544,41
2152_1,True,,735.4269409,18
2152_2,False,,735.4269409,18
2152_3,False,,735.4269409,18
2152_4,False,,735.4269409,18
2153_1,True,,632.7542725,48
2153_2,False,,632.7542725,48
2154_1,True,,1338.738647,6
2154_2,False,,1338.738647,6
2154_3,False,,1338.738647,6
2155_1,True,,1265.607666,41
2155_2,False,,1265.607666,41
2155_3,False,,1265.607666,41
2155_4,False,,1265.607666,41
2156_1,True,,735.4269409,18
2156_2,False,,735.4269409,18
2156_3,False,,735.4269409,18
2156_4,False,,735.4269409,18
2157_1,True,,893.288147,31
2157_2,False,,893.288147,31
2158_1,True,,1338.738647,6
2158_2,False,,1338.738647,6
2158_3,False,,1338.738647,6
2159_1,True,,1265.607666,10
2159_2,False,,1265.607666,10
2159_3,False,,1265.607666,10
2160_1,True,,632.7542725,48
2160_2,False,,632.7542725,48
2161_1,True,,247.9388733,9
2161_2,False,,247.9388733,9
2161_3,False,,247.9388733,9
2162_1,True,,102.3274918,49
2162_2,False,,102.3274918,49
2162_3,False,,102.3274918,49
2163_1,True,,923.9660645,46
2163_2,False,,923.9660645,46
2163_3,False,,923.9660645,46
2164_1,True,,893.288147,31
2164_2,False,,893.288147,31
2164_3,False,,893.288147,31
2164_4,False,,893.288147,31
2164_5,False,,893.288147,31
2165_1,True,,102.3274841,49
2165_2,False,,102.3274841,49
2165_3,False,,102.3274841,49
2166_1,True,,1265.607544,33
2167_1,True,,102.3274841,49
2167_2,False,,102.3274841,49
2167_3,False,,102.3274841,49
2168_1,True,,1338.738647,6
2168_2,False,,1338.738647,6
2168_3,False,,1338.738647,6
2169_1,True,,102.3274841,49
2169_2,False,,102.3274841,49
2169_3,False,,102.3274841,49
2170_1,True,,1265.607544,41
2171_1,True,,938.2555542,21
2171_2,False,,938.2555542,21
2171_3,False,,938.2555542,21
2171_4,False,,938.2555542,21
2172_1,True,,2465.571533,39
2172_2,False,,2465.571533,39
2173_1,True,,735.4269409,18
2173_2,False,,735.4269409,18
2174_1,True,,938.2555542,21
2174_2,False,,938.2555542,21
2175_1,True,,1265.607544,33
2176_1,True,,102.3274841,49
2176_2,False,,102.3274841,49
2176_3,False,,102.3274841,49
2176_4,False,,102.3274841,49
2177_1,True,,938.2556152,21
2177_2,False,,938.2556152,21
2177_3,False,,938.2556152,21
2178_1,True,,1265.607544,38
2178_2,False,,1265.607544,38
2179_1,True,,1367.826782,26
2179_2,False,,1367.826782,26
2179_3,False,,1367.826782,26
2179_4,False,,1367.826782,26
2179_5,False,,1367.826782,26
2179_6,False,,1367.826782,26
2180_1,True,,893.288147,31
2180_2,False,,893.288147,31
2181_1,True,,893.288147,31
2182_1,True,,735.4269409,18
2182_2,False,,735.4269409,18
2182_3,False,,735.4269409,18
2182_4,False,,735.4269409,18
2182_5,False,,735.4269409,18
2183_1,True,,632.7542725,48
2183_2,False,,632.7542725,48
2184_1,True,,632.7543335,48
2184_2,False,,632.7543335,48
2185_1,True,,735.4269409,18
2185_2,False,,735.4269409,18
2185_3,False,,735.4269409,18
2186_1,True,,2465.571533,39
2186_2,False,,2465.571533,39
2186_3,False,,2465.571533,39
2186_4,False,,2465.571533,39
2187_1,True,,102.3274841,49
2187_2,False,,102.3274841,49
2188_1,True,,102.3274841,49
2189_1,True,,938.2555542,21
2189_2,False,,938.2555542,21
2189_3,False,,938.2555542,21
2190_1,True,,1265.607544,12
2190_2,False,,1265.607544,12
2190_3,False,,1265.607544,12
2190_4,False,,1265.607544,12
2191_1,True,,1265.607544,42
2191_2,False,,1265.607544,42
2192_1,True,,938.2555542,21
2192_2,False,,938.2555542,21
2192_3,False,,938.2555542,21
2193_1,True,,893.2880859,31
2193_2,False,,893.2880859,31
2193_3,False,,893.2880859,31
2194_1,True,,1367.826904,26
2194_2,False,,1367.826904,26
2194_3,False,,1367.826904,26
2194_4,False,,1367.826904,26
2194_5,False,,1367.826904,26
2195_1,True,,247.9388885,9
2196_1,True,,1338.738525,6
2196_2,False,,1338.738525,6
2196_3,False,,1338.738525,6
2197_1,True,,1265.607544,41
2197_2,False,,1265.607544,41
2197_3,False,,1265.607544,41
2197_4,False,,1265.607544,41
2197_5,False,,1265.607544,41
2198_1,True,,735.4269409,18
2198_2,False,,735.4269409,18
2198_3,False,,735.4269409,18
2198_4,False,,735.4269409,18
2199_1,True,,102.3274918,49
2199_2,False,,102.3274918,49
2200_1,True,,102.3274918,49
2200_2,False,,102.3274918,49
2200_3,False,,102.3274918,49
2201_1,True,,262.335144,19
2201_2,False,,262.335144,19
2201_3,False,,262.335144,19
2201_4,False,,262.335144,19
2201_5,False,,262.335144,19
2202_1,True,,247.9388885,9
2202_2,False,,247.9388885,9
2202_3,False,,247.9388885,9
2202_4,False,,247.9388885,9
2203_1,True,,262.335144,19
2203_2,False,,262.335144,19
2203_3,False,,262.335144,19
2204_1,True,,102.3274841,49
2204_2,False,,102.3274841,49
2204_3,False,,102.3274841,49
2204_4,False,,102.3274841,49
2204_5,False,,102.3274841,49
2205_1,True,,632.7543335,48
2205_2,False,,632.7543335,48
2205_3,False,,632.7543335,48
2205_4,False,,632.7543335,48
2205_5,False,,632.7543335,48
2205_6,False,,632.7543335,48
2206_1,True,,632.7542725,48
2206_2,False,,632.7542725,48
2206_3,False,,632.7542725,48
2207_1,True,,102.3274841,49
2207_2,False,,102.3274841,49
2207_3,False,,102.3274841,49
2207_4,False,,102.3274841,49
2208_1,True,,632.7542725,48
2208_2,False,,632.7542725,48
2208_3,False,,632.7542725,48
2209_1,True,,735.4269409,18
2209_2,False,,735.4269409,18
2210_1,True,,102.3274918,49
2211_1,True,,632.7543335,48
2211_2,False,,632.7543335,48
2211_3,False,,632.7543335,48
2211_4,False,,632.7543335,48
2211_5,False,,632.7543335,48
2211_6,False,,632.7543335,48
2211_7,False,,632.7543335,48
2211_8,False,,632.7543335,48
2211_9,False,,632.7543335,48
2212_1,True,,1265.607544,44
2212_2,False,,1265.607544,44
2212_3,False,,1265.607544,44
2212_4,False,,1265.607544,44
2213_1,True,,893.288147,31
2213_2,False,,893.288147,31
2213_3,False,,893.288147,31
2214_1,True,,246.7572327,9
2214_2,False,,246.7572327,9
2214_3,False,,246.7572327,9
2214_4,False,,246.7572327,9
2215_1,True,,337.0183105,19
2215_2,False,,337.0183105,19
2215_3,False,,337.0183105,19
2215_4,False,,337.0183105,19
2216_1,True,,1233.071167,51
2216_2,False,,1233.071167,51
2216_3,False,,1233.071167,51
2217_1,True,,727.8068237,18
2218_1,True,,1328.794312,6
2218_2,False,,1328.794312,6
2219_1,True,,246.7572174,9
2219_2,False,,246.7572174,9
2219_3,False,,246.7572174,9
2219_4,False,,246.7572174,9
2220_1,True,,98.63276672,49
2220_2,False,,98.63276672,49
2220_3,False,,98.63276672,49
2221_1,True,,967.6045532,46
2221_2,False,,967.6045532,46
2221_3,False,,967.6045532,46
2222_1,True,,885.3503418,31
2222_2,False,,885.3503418,31
2222_3,False,,885.3503418,31
2222_4,False,,885.3503418,31
2223_1,True,,246.7572327,9
2223_2,False,,246.7572327,9
2223_3,False,,246.7572327,9
2224_1,True,,885.3502808,31
2224_2,False,,885.3502808,31
2224_3,False,,885.3502808,31
2225_1,True,,2515.033447,39
2226_1,True,,630.9720459,48
2226_2,False,,630.9720459,48
2226_3,False,,630.9720459,48
2226_4,False,,630.9720459,48
2227_1,True,,98.63276672,49
2227_2,False,,98.63276672,49
2228_1,True,,727.8068237,18
2228_2,False,,727.8068237,18
2228_3,False,,727.8068237,18
2228_4,False,,727.8068237,18
2228_5,False,,727.8068237,18
2229_1,True,,1328.794312,6
2229_2,False,,1328.794312,6
2229_3,False,,1328.794312,6
2230_1,True,,337.01828,19
2230_2,False,,337.01828,19
2230_3,False,,337.01828,19
2231_1,True,,630.9721069,48
2231_2,False,,630.9721069,48
2231_3,False,,630.9721069,48
2231_4,False,,630.9721069,48
2231_5,False,,630.9721069,48
2231_6,False,,630.9721069,48
2231_7,False,,630.9721069,48
2232_1,True,,967.6044922,46
2232_2,False,,967.6044922,46
2233_1,True,,1440.142822,26
2233_2,False,,1440.142822,26
2233_3,False,,1440.142822,26
2234_1,True,,1440.142822,26
2234_2,False,,1440.142822,26
2235_1,True,,246.7572174,9
2235_2,False,,246.7572174,9
2235_3,False,,246.7572174,9
2235_4,False,,246.7572174,9
2236_1,True,,1440.142944,26
2236_2,False,,1440.142944,26
2236_3,False,,1440.142944,26
2236_4,False,,1440.142944,26
2237_1,True,,1233.071167,41
2237_2,False,,1233.071167,41
2238_1,True,,885.3502808,31
2238_2,False,,885.3502808,31
2238_3,False,,885.3502808,31
2238_4,False,,885.3502808,31
2239_1,True,,967.6045532,46
2239_2,False,,967.6045532,46
2240_1,True,,98.63276672,49
2241_1,True,,337.01828,19
2241_2,False,,337.01828,19
2242_1,True,,1233.071167,25
2242_2,False,,1233.071167,25
2242_3,False,,1233.071167,25
2242_4,False,,1233.071167,25
2243_1,True,,727.8068237,18
2243_2,False,,727.8068237,18
2244_1,True,,246.7572174,9
2244_2,False,,246.7572174,9
2244_3,False,,246.7572174,9
2244_4,False,,246.7572174,9
2244_5,False,,246.7572174,9
2245_1,True,,1233.071167,4
2245_2,False,,1233.071167,4
2245_3,False,,1233.071167,4
2245_4,False,,1233.071167,4
2246_1,True,,98.63276672,49
2246_2,False,,98.63276672,49
2246_3,False,,98.63276672,49
2247_1,True,,1440.142822,26
2248_1,True,,727.8068237,18
2248_2,False,,727.8068237,18
2248_3,False,,727.8068237,18
2248_4,False,,727.8068237,18
2249_1,True,,1328.794312,6
2249_2,False,,1328.794312,6
2250_1,True,,1233.071167,33
2250_2,False,,1233.071167,33
2250_3,False,,1233.071167,33
2251_1,True,,727.8068237,18
2251_2,False,,727.8068237,18
2251_3,False,,727.8068237,18
2251_4,False,,727.8068237,18
2252_1,True,,630.9721069,48
2252_2,False,,630.9721069,48
2252_3,False,,630.9721069,48
2252_4,False,,630.9721069,48
2253_1,True,,727.8068237,18
2253_2,False,,727.8068237,18
2253_3,False,,727.8068237,18
2254_1,True,,98.63276672,49
2255_1,True,,1233.071167,44
2255_2,False,,1233.071167,44
2255_3,False,,1233.071167,44
2256_1,True,,1233.071167,12
2256_2,False,,1233.071167,12
2256_3,False,,1233.071167,12
2256_4,False,,1233.071167,12
2257_1,True,,965.7528687,21
2257_2,False,,965.7528687,21
2258_1,True,,885.3502808,31
2258_2,False,,885.3502808,31
2258_3,False,,885.3502808,31
2258_4,False,,885.3502808,31
2258_5,False,,885.3502808,31
2258_6,False,,885.3502808,31
2258_7,False,,885.3502808,31
2259_1,True,,246.7572327,9
2259_2,False,,246.7572327,9
2259_3,False,,246.7572327,9
2259_4,False,,246.7572327,9
2259_5,False,,246.7572327,9
2259_6,False,,246.7572327,9
2260_1,True,,1233.071167,47
2260_2,False,,1233.071167,47
2260_3,False,,1233.071167,47
2260_4,False,,1233.071167,47
2261_1,True,,1440.142822,26
2261_2,False,,1440.142822,26
2261_3,False,,1440.142822,26
2262_1,True,,1440.142822,26
2263_1,True,,246.7572174,9
2263_2,False,,246.7572174,9
2264_1,True,,965.7528687,21
2264_2,False,,965.7528687,21
2264_3,False,,965.7528687,21
2265_1,True,,967.6045532,46
2266_1,True,,1440.142822,26
2266_2,False,,1440.142822,26
2266_3,False,,1440.142822,26
2267_1,True,,1328.794312,6
2267_2,False,,1328.794312,6
2267_3,False,,1328.794312,6
2267_4,False,,1328.794312,6
2268_1,True,,337.0183105,19
2268_2,False,,337.0183105,19
2268_3,False,,337.0183105,19
2268_4,False,,337.0183105,19
2269_1,True,,1440.142822,26
2269_2,False,,1440.142822,26
2269_3,False,,1440.142822,26
2270_1,True,,246.7572174,9
2270_2,False,,246.7572174,9
2270_3,False,,246.7572174,9
2271_1,True,,337.0183105,19
2271_2,False,,337.0183105,19
2272_1,True,,1233.071167,10
2272_2,False,,1233.071167,10
2273_1,True,,1328.794312,6
2273_2,False,,1328.794312,6
2273_3,False,,1328.794312,6
2273_4,False,,1328.794312,6
2273_5,False,,1328.794312,6
2273_6,False,,1328.794312,6
2273_7,False,,1328.794312,6
2273_8,False,,1328.794312,6
2274_1,True,,246.7572327,9
2275_1,True,,98.63276672,49
2275_2,False,,98.63276672,49
2275_3,False,,98.63276672,49
2276_1,True,,727.8068237,18
2276_2,False,,727.8068237,18
2276_3,False,,727.8068237,18
2277_1,True,,1233.071167,22
2277_2,False,,1233.071167,22
2278_1,True,,967.6044922,46
2278_2,False,,967.6044922,46
2278_3,False,,967.6044922,46
2278_4,False,,967.6044922,46
2278_5,False,,967.6044922,46
2278_6,False,,967.6044922,46
2278_7,False,,967.6044922,46
2279_1,True,,727.8068237,18
2279_2,False,,727.8068237,18
2279_3,False,,727.8068237,18
2279_4,False,,727.8068237,18
2279_5,False,,727.8068237,18
2280_1,True,,98.63276672,49
2280_2,False,,98.63276672,49
2280_3,False,,98.63276672,49
2280_4,False,,98.63276672,49
2281_1,True,,885.3502808,31
2281_2,False,,885.3502808,31
2281_3,False,,885.3502808,31
2281_4,False,,885.3502808,31
2281_5,False,,885.3502808,31
2282_1,True,,630.9720459,48
2282_2,False,,630.9720459,48
2282_3,False,,630.9720459,48
2282_4,False,,630.9720459,48
2282_5,False,,630.9720459,48
2282_6,False,,630.9720459,48
2282_7,False,,630.9720459,48
2282_8,False,,630.9720459,48
2282_9,False,,630.9720459,48
2282_10,False,,630.9720459,48
2283_1,True,,727.8068237,18
2283_2,False,,727.8068237,18
2283_3,False,,727.8068237,18
2283_4,False,,727.8068237,18
2284_1,True,,965.7528687,21
2285_1,True,,630.9720459,48
2285_2,False,,630.9720459,48
2285_3,False,,630.9720459,48
2285_4,False,,630.9720459,48
2285_5,False,,630.9720459,48
2286_1,True,,337.01828,19
2286_2,False,,337.01828,19
2286_3,False,,337.01828,19
2286_4,False,,337.01828,19
2287_1,True,,727.8068237,18
2287_2,False,,727.8068237,18
2287_3,False,,727.8068237,18
2287_4,False,,727.8068237,18
2288_1,True,,246.7572174,9
2288_2,False,,246.7572174,9
2288_3,False,,246.7572174,9
2289_1,True,,965.7528687,21
2289_2,False,,965.7528687,21
2289_3,False,,965.7528687,21
2289_4,False,,965.7528687,21
2290_1,True,,727.8068237,18
2290_2,False,,727.8068237,18
2290_3,False,,727.8068237,18
2290_4,False,,727.8068237,18
2291_1,True,,337.01828,19
2291_2,False,,337.01828,19
2291_3,False,,337.01828,19
2292_1,True,,727.8068237,18
2292_2,False,,727.8068237,18
2292_3,False,,727.8068237,18
2292_4,False,,727.8068237,18
2293_1,True,,967.6044922,46
2293_2,False,,967.6044922,46
2293_3,False,,967.6044922,46
2293_4,False,,967.6044922,46
2293_5,False,,967.6044922,46
2294_1,True,,1233.071167,38
2294_2,False,,1233.071167,38
2295_1,True,,965.7529297,21
2296_1,True,,967.6044922,46
2296_2,False,,967.6044922,46
2296_3,False,,967.6044922,46
2296_4,False,,967.6044922,46
2296_5,False,,967.6044922,46
2296_6,False,,967.6044922,46
2297_1,True,,885.3502808,31
2297_2,False,,885.3502808,31
2297_3,False,,885.3502808,31
2297_4,False,,885.3502808,31
2297_5,False,,885.3502808,31
2297_6,False,,885.3502808,31
2298_1,True,,630.9720459,48
2298_2,False,,630.9720459,48
2299_1,True,,1233.071167,33
2299_2,False,,1233.071167,33
2299_3,False,,1233.071167,33
2299_4,False,,1233.071167,33
2300_1,True,,1233.071167,10
2300_2,False,,1233.071167,10
2300_3,False,,1233.071167,10
2300_4,False,,1233.071167,10
2301_1,True,,1328.794312,6
2301_2,False,,1328.794312,6
2301_3,False,,1328.794312,6
2302_1,True,,337.01828,19
2302_2,False,,337.01828,19
2302_3,False,,337.01828,19
2303_1,True,,98.63277435,49
2303_2,False,,98.63277435,49
2303_3,False,,98.63277435,49
2304_1,True,,1328.794189,6
2304_2,False,,1328.794189,6
2304_3,False,,1328.794189,6
2305_1,True,,630.9721069,48
2305_2,False,,630.9721069,48
2306_1,True,,98.63277435,49
2306_2,False,,98.63277435,49
2307_1,True,,1233.071167,12
2307_2,False,,1233.071167,12
2307_3,False,,1233.071167,12
2308_1,True,,965.7528687,21
2308_2,False,,965.7528687,21
2308_3,False,,965.7528687,21
2309_1,True,,98.63276672,49
2309_2,False,,98.63276672,49
2310_1,True,,1233.071167,41
2310_2,False,,1233.071167,41
2310_3,False,,1233.071167,41
2311_1,True,,1440.142822,26
2311_2,False,,1440.142822,26
2311_3,False,,1440.142822,26
2312_1,True,,967.6045532,46
2312_2,False,,967.6045532,46
2312_3,False,,967.6045532,46
2313_1,True,,337.0183105,19
2314_1,True,,630.9720459,48
2314_2,False,,630.9720459,48
2314_3,False,,630.9720459,48
2314_4,False,,630.9720459,48
2314_5,False,,630.9720459,48
2315_1,True,,885.3502808,31
2315_2,False,,885.3502808,31
2315_3,False,,885.3502808,31
2316_1,True,,1328.794312,6
2316_2,False,,1328.794312,6
2316_3,False,,1328.794312,6
2316_4,False,,1328.794312,6
2316_5,False,,1328.794312,6
2317_1,True,,1233.071167,44
2317_2,False,,1233.071167,44
2318_1,True,,337.01828,19
2318_2,False,,337.01828,19
2319_1,True,,2515.033691,39
2319_2,False,,2515.033691,39
2319_3,False,,2515.033691,39
2320_1,True,,1233.071167,41
2320_2,False,,1233.071167,41
2321_1,True,,1440.142822,26
2321_2,False,,1440.142822,26
2321_3,False,,1440.142822,26
2322_1,True,,965.7528687,21
2322_2,False,,965.7528687,21
2322_3,False,,965.7528687,21
2323_1,True,,1440.142822,26
2323_2,False,,1440.142822,26
2323_3,False,,1440.142822,26
2324_1,True,,98.63276672,49
2324_2,False,,98.63276672,49
2324_3,False,,98.63276672,49
2324_4,False,,98.63276672,49
2325_1,True,,630.9721069,48
2325_2,False,,630.9721069,48
2325_3,False,,630.9721069,48
2326_1,True,,1233.071167,33
2326_2,False,,1233.071167,33
2326_3,False,,1233.071167,33
2327_1,True,,98.63276672,49
2327_2,False,,98.63276672,49
2327_3,False,,98.63276672,49
2328_1,True,,1328.794189,6
2328_2,False,,1328.794189,6
2328_3,False,,1328.794189,6
2328_4,False,,1328.794189,6
2328_5,False,,1328.794189,6
2329_1,True,,1328.794312,6
2330_1,True,,246.7572327,9
2330_2,False,,246.7572327,9
2330_3,False,,246.7572327,9
2331_1,True,,965.7529297,21
2331_2,False,,965.7529297,21
2331_3,False,,965.7529297,21
2332_1,True,,967.6045532,46
2332_2,False,,967.6045532,46
2333_1,True,,967.6044922,46
2333_2,False,,967.6044922,46
2333_3,False,,967.6044922,46
2333_4,False,,967.6044922,46
2334_1,True,,337.01828,19
2334_2,False,,337.01828,19
2334_3,False,,337.01828,19
2334_4,False,,337.01828,19
2335_1,True,,1328.794312,6
2335_2,False,,1328.794312,6
2335_3,False,,1328.794312,6
2336_1,True,,246.7572174,9
2336_2,False,,246.7572174,9
2336_3,False,,246.7572174,9
2336_4,False,,246.7572174,9
2336_5,False,,246.7572174,9
2337_1,True,,1328.794189,6
2337_2,False,,1328.794189,6
2337_3,False,,1328.794189,6
2337_4,False,,1328.794189,6
2338_1,True,,967.6045532,46
2338_2,False,,967.6045532,46
2338_3,False,,967.6045532,46
2338_4,False,,967.6045532,46
2339_1,True,,2515.033447,39
2339_2,False,,2515.033447,39
2339_3,False,,2515.033447,39
2340_1,True,,2515.033691,39
2340_2,False,,2515.033691,39
2340_3,False,,2515.033691,39
2340_4,False,,2515.033691,39
2341_1,True,,630.9721069,48
2341_2,False,,630.9721069,48
2341_3,False,,630.9721069,48
2341_4,False,,630.9721069,48
2341_5,False,,630.9721069,48
2342_1,True,,1328.794189,6
2342_2,False,,1328.794189,6
2342_3,False,,1328.794189,6
2342_4,False,,1328.794189,6
2342_5,False,,1328.794189,6
2343_1,True,,727.8068237,18
2343_2,False,,727.8068237,18
2343_3,False,,727.8068237,18
2344_1,True,,1233.071167,25
2344_2,False,,1233.071167,25
2344_3,False,,1233.071167,25
2344_4,False,,1233.071167,25
2345_1,True,,727.8068237,18
2345_2,False,,727.8068237,18
2345_3,False,,727.8068237,18
2345_4,False,,727.8068237,18
2346_1,True,,967.6044922,46
2346_2,False,,967.6044922,46
2346_3,False,,967.6044922,46
2346_4,False,,967.6044922,46
2346_5,False,,967.6044922,46
2347_1,True,,2515.033447,39
2347_2,False,,2515.033447,39
2347_3,False,,2515.033447,39
2348_1,True,,246.7572327,9
2348_2,False,,246.7572327,9
2348_3,False,,246.7572327,9
2348_4,False,,246.7572327,9
2348_5,False,,246.7572327,9
2349_1,True,,885.3502808,31
2349_2,False,,885.3502808,31
2349_3,False,,885.3502808,31
2349_4,False,,885.3502808,31
2350_1,True,,727.8068237,18
2350_2,False,,727.8068237,18
2351_1,True,,727.8068237,18
2351_2,False,,727.8068237,18
2351_3,False,,727.8068237,18
2351_4,False,,727.8068237,18
2351_5,False,,727.8068237,18
2352_1,True,,630.9720459,48
2353_1,True,,1233.071167,33
2353_2,False,,1233.071167,33
2353_3,False,,1233.071167,33
2353_4,False,,1233.071167,33
2354_1,True,,98.63277435,49
2354_2,False,,98.63277435,49
2354_3,False,,98.63277435,49
2354_4,False,,98.63277435,49
2354_5,False,,98.63277435,49
2355_1,True,,630.9720459,48
2355_2,False,,630.9720459,48
2355_3,False,,630.9720459,48
2355_4,False,,630.9720459,48
2356_1,True,,98.63276672,49
2356_2,False,,98.63276672,49
2357_1,True,,337.01828,19
2357_2,False,,337.01828,19
2357_3,False,,337.01828,19
2358_1,True,,337.0183105,19
2358_2,False,,337.0183105,19
2359_1,True,,630.9721069,48
2359_2,False,,630.9721069,48
2359_3,False,,630.9721069,48
2359_4,False,,630.9721069,48
2359_5,False,,630.9721069,48
2360_1,True,,337.01828,19
2360_2,False,,337.01828,19
2360_3,False,,337.01828,19
2361_1,True,,727.8068237,18
2361_2,False,,727.8068237,18
2361_3,False,,727.8068237,18
2362_1,True,,246.7572174,9
2362_2,False,,246.7572174,9
2362_3,False,,246.7572174,9
2362_4,False,,246.7572174,9
2362_5,False,,246.7572174,9
2362_6,False,,246.7572174,9
2363_1,True,,1328.794189,6
2363_2,False,,1328.794189,6
2363_3,False,,1328.794189,6
2363_4,False,,1328.794189,6
2363_5,False,,1328.794189,6
2363_6,False,,1328.794189,6
2364_1,True,,98.63276672,49
2364_2,False,,98.63276672,49
2364_3,False,,98.63276672,49
2364_4,False,,98.63276672,49
2364_5,False,,98.63276672,49
2365_1,True,,727.8068237,18
2366_1,True,,885.3503418,31
2366_2,False,,885.3503418,31
2366_3,False,,885.3503418,31
2367_1,True,,246.7572174,9
2367_2,False,,246.7572174,9
2367_3,False,,246.7572174,9
2367_4,False,,246.7572174,9
2368_1,True,,967.6044922,46
2368_2,False,,967.6044922,46
2368_3,False,,967.6044922,46
2369_1,True,,1328.794312,6
2369_2,False,,1328.794312,6
2369_3,False,,1328.794312,6
2369_4,False,,1328.794312,6
2369_5,False,,1328.794312,6
2370_1,True,,1328.794312,6
2370_2,False,,1328.794312,6
2370_3,False,,1328.794312,6
2370_4,False,,1328.794312,6
2370_5,False,,1328.794312,6
2371_1,True,,1233.071167,41
2371_2,False,,1233.071167,41
2371_3,False,,1233.071167,41
2371_4,False,,1233.071167,41
2372_1,True,,630.9720459,48
2372_2,False,,630.9720459,48
2372_3,False,,630.9720459,48
2373_1,True,,630.9720459,48
2373_2,False,,630.9720459,48
2374_1,True,,965.7529297,21
2374_2,False,,965.7529297,21
2375_1,True,,885.3502808,31
2375_2,False,,885.3502808,31
2375_3,False,,885.3502808,31
2375_4,False,,885.3502808,31
2375_5,False,,885.3502808,31
2376_1,True,,1233.071167,45
2376_2,False,,1233.071167,45
2376_3,False,,1233.071167,45
2376_4,False,,1233.071167,45
2377_1,True,,1233.071167,12
2377_2,False,,1233.071167,12
2377_3,False,,1233.071167,12
2377_4,False,,1233.071167,12
2377_5,False,,1233.071167,12
2378_1,True,,1233.071167,45
2378_2,False,,1233.071167,45
2378_3,False,,1233.071167,45
2378_4,False,,1233.071167,45
2379_1,True,,1233.071167,33
2379_2,False,,1233.071167,33
2379_3,False,,1233.071167,33
2379_4,False,,1233.071167,33
2380_1,True,,2515.033447,39
2380_2,False,,2515.033447,39
2380_3,False,,2515.033447,39
2380_4,False,,2515.033447,39
2381_1,True,,1328.794189,6
2381_2,False,,1328.794189,6
2381_3,False,,1328.794189,6
2381_4,False,,1328.794189,6
2381_5,False,,1328.794189,6
2381_6,False,,1328.794189,6
2382_1,True,,1328.794312,6
2382_2,False,,1328.794312,6
2382_3,False,,1328.794312,6
2383_1,True,,1233.071167,10
2383_2,False,,1233.071167,10
2383_3,False,,1233.071167,10
2383_4,False,,1233.071167,10
2384_1,True,,965.7528687,21
2384_2,False,,965.7528687,21
2384_3,False,,965.7528687,21
2385_1,True,,965.7529297,21
2385_2,False,,965.7529297,21
2385_3,False,,965.7529297,21
2386_1,True,,2515.033447,39
2386_2,False,,2515.033447,39
2386_3,False,,2515.033447,39
2386_4,False,,2515.033447,39
2387_1,True,,1328.794312,6
2387_2,False,,1328.794312,6
2387_3,False,,1328.794312,6
2388_1,True,,727.8068237,18
2388_2,False,,727.8068237,18
2388_3,False,,727.8068237,18
2388_4,False,,727.8068237,18
2388_5,False,,727.8068237,18
2389_1,True,,727.8068237,18
2389_2,False,,727.8068237,18
2390_1,True,,246.7572174,9
2390_2,False,,246.7572174,9
2391_1,True,,1440.142822,26
2391_2,False,,1440.142822,26
2391_3,False,,1440.142822,26
2391_4,False,,1440.142822,26
2392_1,True,,727.8068237,18
2392_2,False,,727.8068237,18
2392_3,False,,727.8068237,18
2393_1,True,,1328.794312,6
2393_2,False,,1328.794312,6
2393_3,False,,1328.794312,6
2393_4,False,,1328.794312,6
2394_1,True,,2515.033447,39
2394_2,False,,2515.033447,39
2395_1,True,,98.63276672,49
2395_2,False,,98.63276672,49
2396_1,True,,337.01828,19
2396_2,False,,337.01828,19
2396_3,False,,337.01828,19
2397_1,True,,1440.142944,26
2397_2,False,,1440.142944,26
2397_3,False,,1440.142944,26
2397_4,False,,1440.142944,26
2398_1,True,,1440.142822,26
2398_2,False,,1440.142822,26
2398_3,False,,1440.142822,26
2399_1,True,,630.9720459,48
2399_2,False,,630.9720459,48
2400_1,True,,967.6044922,46
2400_2,False,,967.6044922,46
2400_3,False,,967.6044922,46
2401_1,True,,885.3503418,31
2401_2,False,,885.3503418,31
2401_3,False,,885.3503418,31
2402_1,True,,1233.071167,33
2402_2,False,,1233.071167,33
2402_3,False,,1233.071167,33
2403_1,True,,885.3502808,31
2403_2,False,,885.3502808,31
2403_3,False,,885.3502808,31
2403_4,False,,885.3502808,31
2404_1,True,,965.7528687,21
2404_2,False,,965.7528687,21
2404_3,False,,965.7528687,21
2404_4,False,,965.7528687,21
2405_1,True,,1328.794189,6
2405_2,False,,1328.794189,6
2405_3,False,,1328.794189,6
2405_4,False,,1328.794189,6
2406_1,True,,246.7572174,9
2406_2,False,,246.7572174,9
2407_1,True,,337.01828,19
2407_2,False,,337.01828,19
2407_3,False,,337.01828,19
2407_4,False,,337.01828,19
2407_5,False,,337.01828,19
2408_1,True,,1328.794312,6
2408_2,False,,1328.794312,6
2409_1,True,,2515.033447,39
2410_1,True,,965.7529297,21
2410_2,False,,965.7529297,21
2411_1,True,,1440.142822,26
2411_2,False,,1440.142822,26
2411_3,False,,1440.142822,26
2411_4,False,,1440.142822,26
2411_5,False,,1440.142822,26
2411_6,False,,1440.142822,26
2411_7,False,,1440.142822,26
2412_1,True,,246.7572327,9
2412_2,False,,246.7572327,9
2412_3,False,,246.7572327,9
2413_1,True,,727.8068237,18
2413_2,False,,727.8068237,18
2413_3,False,,727.8068237,18
2413_4,False,,727.8068237,18
2414_1,True,,727.8068237,18
2414_2,False,,727.8068237,18
2415_1,True,,1233.071167,12
2415_2,False,,1233.071167,12
2415_3,False,,1233.071167,12
2416_1,True,,1233.071167,12
2416_2,False,,1233.071167,12
2417_1,True,,246.7572174,9
2417_2,False,,246.7572174,9
2417_3,False,,246.7572174,9
2417_4,False,,246.7572174,9
2417_5,False,,246.7572174,9
2418_1,True,,1328.794189,6
2418_2,False,,1328.794189,6
2418_3,False,,1328.794189,6
2419_1,True,,885.3503418,31
2419_2,False,,885.3503418,31
2419_3,False,,885.3503418,31
2419_4,False,,885.3503418,31
2419_5,False,,885.3503418,31
2420_1,True,,98.63276672,49
2420_2,False,,98.63276672,49
2420_3,False,,98.63276672,49
2420_4,False,,98.63276672,49
2420_5,False,,98.63276672,49
2421_1,True,,727.8068237,18
2421_2,False,,727.8068237,18
2421_3,False,,727.8068237,18
2421_4,False,,727.8068237,18
2422_1,True,,967.6044922,46
2422_2,False,,967.6044922,46
2422_3,False,,967.6044922,46
2422_4,False,,967.6044922,46
2422_5,False,,967.6044922,46
2423_1,True,,246.7572174,9
2423_2,False,,246.7572174,9
2423_3,False,,246.7572174,9
2423_4,False,,246.7572174,9
2424_1,True,,337.01828,19
2424_2,False,,337.01828,19
2424_3,False,,337.01828,19
2424_4,False,,337.01828,19
2425_1,True,,727.8068237,18
2425_2,False,,727.8068237,18
2425_3,False,,727.8068237,18
2425_4,False,,727.8068237,18
2426_1,True,,1233.071167,33
2426_2,False,,1233.071167,33
2427_1,True,,885.3503418,31
2427_2,False,,885.3503418,31
2427_3,False,,885.3503418,31
2427_4,False,,885.3503418,31
2428_1,True,,2515.033447,39
2428_2,False,,2515.033447,39
2428_3,False,,2515.033447,39
2429_1,True,,98.63276672,49
2429_2,False,,98.63276672,49
2429_3,False,,98.63276672,49
2429_4,False,,98.63276672,49
2430_1,True,,885.3502808,31
2430_2,False,,885.3502808,31
2430_3,False,,885.3502808,31
2430_4,False,,885.3502808,31
2430_5,False,,885.3502808,31
2431_1,True,,630.9721069,48
2431_2,False,,630.9721069,48
2431_3,False,,630.9721069,48
2432_1,True,,727.8068237,18
2432_2,False,,727.8068237,18
2432_3,False,,727.8068237,18
2433_1,True,,1328.794312,6
2433_2,False,,1328.794312,6
2433_3,False,,1328.794312,6
2433_4,False,,1328.794312,6
2434_1,True,,727.8067627,18
2434_2,False,,727.8067627,18
2435_1,True,,630.9720459,48
2435_2,False,,630.9720459,48
2435_3,False,,630.9720459,48
2435_4,False,,630.9720459,48
2436_1,True,,1328.794189,6
2437_1,True,,246.7572327,9
2438_1,True,,1328.794312,6
2438_2,False,,1328.794312,6
2438_3,False,,1328.794312,6
2438_4,False,,1328.794312,6
2438_5,False,,1328.794312,6
2439_1,True,,2515.033447,39
2439_2,False,,2515.033447,39
2439_3,False,,2515.033447,39
2439_4,False,,2515.033447,39
2439_5,False,,2515.033447,39
2440_1,True,,727.8068237,18
2440_2,False,,727.8068237,18
2440_3,False,,727.8068237,18
2441_1,True,,1328.794312,6
2441_2,False,,1328.794312,6
2441_3,False,,1328.794312,6
2441_4,False,,1328.794312,6
2442_1,True,,246.7572327,9
2442_2,False,,246.7572327,9
2442_3,False,,246.7572327,9
2443_1,True,,885.3502808,31
2443_2,False,,885.3502808,31
2443_3,False,,885.3502808,31
2444_1,True,,337.01828,19
2444_2,False,,337.01828,19
2444_3,False,,337.01828,19
2445_1,True,,1328.794189,6
2445_2,False,,1328.794189,6
2445_3,False,,1328.794189,6
2446_1,True,,1440.142822,26
2446_2,False,,1440.142822,26
2447_1,True,,1328.794312,6
2447_2,False,,1328.794312,6
2447_3,False,,1328.794312,6
2447_4,False,,1328.794312,6
2447_5,False,,1328.794312,6
2448_1,True,,1328.794189,6
2448_2,False,,1328.794189,6
2448_3,False,,1328.794189,6
2448_4,False,,1328.794189,6
2448_5,False,,1328.794189,6
2449_1,True,,727.8068237,18
2449_2,False,,727.8068237,18
2449_3,False,,727.8068237,18
2450_1,True,,1440.142822,26
2450_2,False,,1440.142822,26
2450_3,False,,1440.142822,26
2450_4,False,,1440.142822,26
2451_1,True,,727.8067627,18
2451_2,False,,727.8067627,18
2451_3,False,,727.8067627,18
2452_1,True,,337.01828,19
2452_2,False,,337.01828,19
2452_3,False,,337.01828,19
2453_1,True,,1440.142822,26
2453_2,False,,1440.142822,26
2454_1,True,,727.8068237,18
2454_2,False,,727.8068237,18
2454_3,False,,727.8068237,18
2454_4,False,,727.8068237,18
2454_5,False,,727.8068237,18
2455_1,True,,630.9720459,48
2455_2,False,,630.9720459,48
2455_3,False,,630.9720459,48
2455_4,False,,630.9720459,48
2456_1,True,,1328.794312,6
2456_2,False,,1328.794312,6
2456_3,False,,1328.794312,6
2457_1,True,,1440.142822,26
2457_2,False,,1440.142822,26
2457_3,False,,1440.142822,26
2457_4,False,,1440.142822,26
2458_1,True,,727.8067627,18
2458_2,False,,727.8067627,18
2458_3,False,,727.8067627,18
2459_1,True,,885.3502808,31
2459_2,False,,885.3502808,31
2459_3,False,,885.3502808,31
2459_4,False,,885.3502808,31
2460_1,True,,246.7572174,9
2460_2,False,,246.7572174,9
2460_3,False,,246.7572174,9
2461_1,True,,2515.033447,39
2461_2,False,,2515.033447,39
2461_3,False,,2515.033447,39
2461_4,False,,2515.033447,39
2461_5,False,,2515.033447,39
2462_1,True,,967.6044922,46
2462_2,False,,967.6044922,46
2462_3,False,,967.6044922,46
2462_4,False,,967.6044922,46
2463_1,True,,630.9720459,48
2463_2,False,,630.9720459,48
2464_1,True,,1440.142944,26
2464_2,False,,1440.142944,26
2464_3,False,,1440.142944,26
2465_1,True,,1328.794312,6
2465_2,False,,1328.794312,6
2465_3,False,,1328.794312,6
2465_4,False,,1328.794312,6
2465_5,False,,1328.794312,6
2466_1,True,,967.6045532,46
2466_2,False,,967.6045532,46
2466_3,False,,967.6045532,46
2467_1,True,,1328.794312,6
2467_2,False,,1328.794312,6
2467_3,False,,1328.794312,6
2468_1,True,,630.9720459,48
2468_2,False,,630.9720459,48
2469_1,True,,630.9720459,48
2469_2,False,,630.9720459,48
2470_1,True,,965.7529297,21
2470_2,False,,965.7529297,21
2470_3,False,,965.7529297,21
2470_4,False,,965.7529297,21
2471_1,True,,885.3502808,31
2471_2,False,,885.3502808,31
2471_3,False,,885.3502808,31
2472_1,True,,1440.142822,26
2472_2,False,,1440.142822,26
2473_1,True,,1440.142944,26
2473_2,False,,1440.142944,26
2473_3,False,,1440.142944,26
2473_4,False,,1440.142944,26
2474_1,True,,885.3502808,31
2474_2,False,,885.3502808,31
2474_3,False,,885.3502808,31
2475_1,True,,727.8068237,18
2475_2,False,,727.8068237,18
2475_3,False,,727.8068237,18
2475_4,False,,727.8068237,18
2476_1,True,,967.6044922,46
2477_1,True,,1233.071167,10
2477_2,False,,1233.071167,10
2477_3,False,,1233.071167,10
2477_4,False,,1233.071167,10
2478_1,True,,1328.794312,6
2478_2,False,,1328.794312,6
2478_3,False,,1328.794312,6
2478_4,False,,1328.794312,6
2478_5,False,,1328.794312,6
2479_1,True,,885.3502808,31
2479_2,False,,885.3502808,31
2479_3,False,,885.3502808,31
2480_1,True,,1233.071167,41
2480_2,False,,1233.071167,41
2481_1,True,,967.6045532,46
2481_2,False,,967.6045532,46
2481_3,False,,967.6045532,46
2481_4,False,,967.6045532,46
2482_1,True,,1233.071167,33
2482_2,False,,1233.071167,33
2482_3,False,,1233.071167,33
2482_4,False,,1233.071167,33
2482_5,False,,1233.071167,33
2483_1,True,,965.7528687,21
2483_2,False,,965.7528687,21
2483_3,False,,965.7528687,21
2483_4,False,,965.7528687,21
2483_5,False,,965.7528687,21
2484_1,True,,246.7572174,9
2484_2,False,,246.7572174,9
2484_3,False,,246.7572174,9
2485_1,True,,965.7529297,21
2485_2,False,,965.7529297,21
2485_3,False,,965.7529297,21
2486_1,True,,1440.142944,26
2486_2,False,,1440.142944,26
2486_3,False,,1440.142944,26
2486_4,False,,1440.142944,26
2486_5,False,,1440.142944,26
2487_1,True,,2515.033447,39
2487_2,False,,2515.033447,39
2487_3,False,,2515.033447,39
2487_4,False,,2515.033447,39
2487_5,False,,2515.033447,39
2487_6,False,,2515.033447,39
2488_1,True,,630.9720459,48
2488_2,False,,630.9720459,48
2489_1,True,,727.8068237,18
2489_2,False,,727.8068237,18
2489_3,False,,727.8068237,18
2489_4,False,,727.8068237,18
2490_1,True,,1233.071167,41
2490_2,False,,1233.071167,41
2490_3,False,,1233.071167,41
2490_4,False,,1233.071167,41
2491_1,True,,1328.794312,6
2491_2,False,,1328.794312,6
2491_3,False,,1328.794312,6
2491_4,False,,1328.794312,6
2492_1,True,,98.63277435,49
2492_2,False,,98.63277435,49
2492_3,False,,98.63277435,49
2492_4,False,,98.63277435,49
2493_1,True,,727.8068237,18
2493_2,False,,727.8068237,18
2494_1,True,,967.6044922,46
2494_2,False,,967.6044922,46
2494_3,False,,967.6044922,46
2495_1,True,,1328.794312,6
2495_2,False,,1328.794312,6
2495_3,False,,1328.794312,6
2496_1,True,,885.3503418,31
2496_2,False,,885.3503418,31
2496_3,False,,885.3503418,31
2497_1,True,,98.63277435,49
2497_2,False,,98.63277435,49
2498_1,True,,727.8068237,18
2498_2,False,,727.8068237,18
2498_3,False,,727.8068237,18
2498_4,False,,727.8068237,18
2499_1,True,,1233.071167,34
2499_2,False,,1233.071167,34
2499_3,False,,1233.071167,34
2499_4,False,,1233.071167,34
2499_5,False,,1233.071167,34
2500_1,True,,2515.033447,39
2500_2,False,,2515.033447,39
2500_3,False,,2515.033447,39
2500_4,False,,2515.033447,39
2501_1,True,,1440.142822,26
2501_2,False,,1440.142822,26
2502_1,True,,885.3502808,31
2502_2,False,,885.3502808,31
2502_3,False,,885.3502808,31
2503_1,True,,98.63276672,49
2503_2,False,,98.63276672,49
2504_1,True,,1328.794189,6
2504_2,False,,1328.794189,6
2504_3,False,,1328.794189,6
2504_4,False,,1328.794189,6
2504_5,False,,1328.794189,6
2505_1,True,,727.8068237,18
2505_2,False,,727.8068237,18
2505_3,False,,727.8068237,18
2506_1,True,,1233.071167,12
2506_2,False,,1233.071167,12
2506_3,False,,1233.071167,12
2506_4,False,,1233.071167,12
2507_1,True,,727.8068237,18
2507_2,False,,727.8068237,18
2507_3,False,,727.8068237,18
2507_4,False,,727.8068237,18
2508_1,True,,967.6044922,46
2508_2,False,,967.6044922,46
2508_3,False,,967.6044922,46
2508_4,False,,967.6044922,46
2509_1,True,,98.63277435,49
2510_1,True,,727.8067627,18
2510_2,False,,727.8067627,18
2510_3,False,,727.8067627,18
2510_4,False,,727.8067627,18
2510_5,False,,727.8067627,18
2510_6,False,,727.8067627,18
2511_1,True,,1440.142822,26
2511_2,False,,1440.142822,26
2511_3,False,,1440.142822,26
2512_1,True,,1233.071167,45
2512_2,False,,1233.071167,45
2512_3,False,,1233.071167,45
2513_1,True,,1233.071167,45
2513_2,False,,1233.071167,45
2513_3,False,,1233.071167,45
2513_4,False,,1233.071167,45
2514_1,True,,1440.142822,26
2514_2,False,,1440.142822,26
2514_3,False,,1440.142822,26
2514_4,False,,1440.142822,26
2515_1,True,,967.6045532,46
2515_2,False,,967.6045532,46
2516_1,True,,98.63276672,49
2516_2,False,,98.63276672,49
2516_3,False,,98.63276672,49
2516_4,False,,98.63276672,49
2517_1,True,,965.7528687,21
2517_2,False,,965.7528687,21
2517_3,False,,965.7528687,21
2518_1,True,,727.8068237,18
2518_2,False,,727.8068237,18
2518_3,False,,727.8068237,18
2518_4,False,,727.8068237,18
2518_5,False,,727.8068237,18
2518_6,False,,727.8068237,18
2519_1,True,,1233.071167,41
2519_2,False,,1233.071167,41
2519_3,False,,1233.071167,41
2519_4,False,,1233.071167,41
2520_1,True,,1440.142822,26
2520_2,False,,1440.142822,26
2520_3,False,,1440.142822,26
2520_4,False,,1440.142822,26
2520_5,False,,1440.142822,26
2521_1,True,,246.7572174,9
2521_2,False,,246.7572174,9
2521_3,False,,246.7572174,9
2521_4,False,,246.7572174,9
2522_1,True,,1233.071167,25
2522_2,False,,1233.071167,25
2522_3,False,,1233.071167,25
2522_4,False,,1233.071167,25
2523_1,True,,337.0183105,19
2524_1,True,,1233.071167,41
2524_2,False,,1233.071167,41
2524_3,False,,1233.071167,41
2524_4,False,,1233.071167,41
2525_1,True,,1233.071167,33
2525_2,False,,1233.071167,33
2525_3,False,,1233.071167,33
2525_4,False,,1233.071167,33
2526_1,True,,1328.794312,6
2526_2,False,,1328.794312,6
2527_1,True,,1328.794312,6
2528_1,True,,967.6044922,46
2528_2,False,,967.6044922,46
2529_1,True,,246.7572327,9
2529_2,False,,246.7572327,9
2529_3,False,,246.7572327,9
2530_1,True,,98.63276672,49
2530_2,False,,98.63276672,49
2531_1,True,,1328.794312,6
2531_2,False,,1328.794312,6
2531_3,False,,1328.794312,6
2531_4,False,,1328.794312,6
2532_1,True,,246.7572327,9
2532_2,False,,246.7572327,9
2533_1,True,,246.7572174,9
2533_2,False,,246.7572174,9
2533_3,False,,246.7572174,9
2534_1,True,,630.9720459,48
2534_2,False,,630.9720459,48
2534_3,False,,630.9720459,48
2534_4,False,,630.9720459,48
2535_1,True,,727.8068237,18
2535_2,False,,727.8068237,18
2536_1,True,,1328.794312,6
2536_2,False,,1328.794312,6
2536_3,False,,1328.794312,6
2536_4,False,,1328.794312,6
2536_5,False,,1328.794312,6
2537_1,True,,98.63276672,49
2537_2,False,,98.63276672,49
2537_3,False,,98.63276672,49
2537_4,False,,98.63276672,49
2537_5,False,,98.63276672,49
2537_6,False,,98.63276672,49
2538_1,True,,727.8068237,18
2538_2,False,,727.8068237,18
2539_1,True,,246.7572327,9
2539_2,False,,246.7572327,9
2540_1,True,,967.6044922,46
2540_2,False,,967.6044922,46
2540_3,False,,967.6044922,46
2541_1,True,,885.3502808,31
2541_2,False,,885.3502808,31
2541_3,False,,885.3502808,31
2541_4,False,,885.3502808,31
2542_1,True,,967.6044922,46
2542_2,False,,967.6044922,46
2543_1,True,,1233.071167,45
2543_2,False,,1233.071167,45
2544_1,True,,246.7572174,9
2544_2,False,,246.7572174,9
2545_1,True,,246.7572174,9
2545_2,False,,246.7572174,9
2545_3,False,,246.7572174,9
2545_4,False,,246.7572174,9
2546_1,True,,885.3502808,31
2546_2,False,,885.3502808,31
2546_3,False,,885.3502808,31
2546_4,False,,885.3502808,31
2547_1,True,,1440.142822,26
2547_2,False,,1440.142822,26
2547_3,False,,1440.142822,26
2547_4,False,,1440.142822,26
2548_1,True,,98.63277435,49
2548_2,False,,98.63277435,49
2548_3,False,,98.63277435,49
2549_1,True,,965.7528687,21
2549_2,False,,965.7528687,21
2549_3,False,,965.7528687,21
2549_4,False,,965.7528687,21
2549_5,False,,965.7528687,21
2549_6,False,,965.7528687,21
2550_1,True,,1233.071167,12
2550_2,False,,1233.071167,12
2550_3,False,,1233.071167,12
2551_1,True,,630.9721069,48
2551_2,False,,630.9721069,48
2551_3,False,,630.9721069,48
2552_1,True,,1440.142822,26
2552_2,False,,1440.142822,26
2553_1,True,,246.7572174,9
2553_2,False,,246.7572174,9
2553_3,False,,246.7572174,9
2553_4,False,,246.7572174,9
2554_1,True,,1440.142822,26
2554_2,False,,1440.142822,26
2554_3,False,,1440.142822,26
2554_4,False,,1440.142822,26
2554_5,False,,1440.142822,26
2555_1,True,,965.7529297,21
2555_2,False,,965.7529297,21
2555_3,False,,965.7529297,21
2556_1,True,,885.3503418,31
2556_2,False,,885.3503418,31
2556_3,False,,885.3503418,31
2556_4,False,,885.3503418,31
2556_5,False,,885.3503418,31
2557_1,True,,2515.033447,39
2557_2,False,,2515.033447,39
2557_3,False,,2515.033447,39
2557_4,False,,2515.033447,39
2558_1,True,,1233.071167,47
2558_2,False,,1233.071167,47
2558_3,False,,1233.071167,47
2559_1,True,,1233.071167,5
2559_2,False,,1233.071167,5
2559_3,False,,1233.071167,5
2559_4,False,,1233.071167,5
2559_5,False,,1233.071167,5
2559_6,False,,1233.071167,5
2559_7,False,,1233.071167,5
2560_1,True,,2515.033447,39
2560_2,False,,2515.033447,39
2560_3,False,,2515.033447,39
2560_4,False,,2515.033447,39
2561_1,True,,2515.033447,39
2561_2,False,,2515.033447,39
2561_3,False,,2515.033447,39
2561_4,False,,2515.033447,39
2562_1,True,,965.7529297,21
2562_2,False,,965.7529297,21
2562_3,False,,965.7529297,21
2563_1,True,,1440.142822,26
2563_2,False,,1440.142822,26
2563_3,False,,1440.142822,26
2563_4,False,,1440.142822,26
2563_5,False,,1440.142822,26
2563_6,False,,1440.142822,26
2563_7,False,,1440.142822,26
2564_1,True,,965.7528076,21
2564_2,False,,965.7528076,21
2565_1,True,,965.7528687,21
2565_2,False,,965.7528687,21
2565_3,False,,965.7528687,21
2566_1,True,,1440.142822,26
2566_2,False,,1440.142822,26
2567_1,True,,2515.033447,39
2567_2,False,,2515.033447,39
2568_1,True,,337.01828,19
2568_2,False,,337.01828,19
2569_1,True,,1233.071167,25
2569_2,False,,1233.071167,25
2569_3,False,,1233.071167,25
2569_4,False,,1233.071167,25
2570_1,True,,2515.033447,39
2570_2,False,,2515.033447,39
2570_3,False,,2515.033447,39
2571_1,True,,1440.142822,26
2571_2,False,,1440.142822,26
2571_3,False,,1440.142822,26
2571_4,False,,1440.142822,26
2571_5,False,,1440.142822,26
2571_6,False,,1440.142822,26
2571_7,False,,1440.142822,26
2571_8,False,,1440.142822,26
2572_1,True,,1328.794312,6
2572_2,False,,1328.794312,6
2572_3,False,,1328.794312,6
2572_4,False,,1328.794312,6
2573_1,True,,967.6044922,46
2573_2,False,,967.6044922,46
2573_3,False,,967.6044922,46
2573_4,False,,967.6044922,46
2574_1,True,,1328.794189,6
2574_2,False,,1328.794189,6
2574_3,False,,1328.794189,6
2574_4,False,,1328.794189,6
2575_1,True,,885.3502808,31
2575_2,False,,885.3502808,31
2575_3,False,,885.3502808,31
2575_4,False,,885.3502808,31
2575_5,False,,885.3502808,31
2576_1,True,,885.3502808,31
2577_1,True,,98.63277435,49
2577_2,False,,98.63277435,49
2577_3,False,,98.63277435,49
2577_4,False,,98.63277435,49
2578_1,True,,1328.794312,6
2578_2,False,,1328.794312,6
2579_1,True,,727.8068237,18
2579_2,False,,727.8068237,18
2579_3,False,,727.8068237,18
2579_4,False,,727.8068237,18
2580_1,True,,2515.033447,39
2580_2,False,,2515.033447,39
2580_3,False,,2515.033447,39
2581_1,True,,2515.033447,39
2581_2,False,,2515.033447,39
2582_1,True,,885.3502808,31
2582_2,False,,885.3502808,31
2582_3,False,,885.3502808,31
2582_4,False,,885.3502808,31
2582_5,False,,885.3502808,31
2583_1,True,,630.9720459,48
2583_2,False,,630.9720459,48
2584_1,True,,965.7529297,21
2584_2,False,,965.7529297,21
2585_1,True,,98.63276672,49
2585_2,False,,98.63276672,49
2585_3,False,,98.63276672,49
2586_1,True,,2515.033447,39
2586_2,False,,2515.033447,39
2586_3,False,,2515.033447,39
2586_4,False,,2515.033447,39
2587_1,True,,2515.033447,39
2587_2,False,,2515.033447,39
2588_1,True,,727.8068237,18
2589_1,True,,1233.071167,10
2589_2,False,,1233.071167,10
2589_3,False,,1233.071167,10
2589_4,False,,1233.071167,10
2590_1,True,,1233.071167,33
2590_2,False,,1233.071167,33
2590_3,False,,1233.071167,33
2591_1,True,,965.7529297,21
2591_2,False,,965.7529297,21
2591_3,False,,965.7529297,21
2591_4,False,,965.7529297,21
2592_1,True,,727.8068237,18
2592_2,False,,727.8068237,18
2592_3,False,,727.8068237,18
2592_4,False,,727.8068237,18
2593_1,True,,246.7572174,9
2593_2,False,,246.7572174,9
2593_3,False,,246.7572174,9
2593_4,False,,246.7572174,9
2593_5,False,,246.7572174,9
2593_6,False,,246.7572174,9
2594_1,True,,630.9720459,48
2594_2,False,,630.9720459,48
2595_1,True,,246.7572327,9
2595_2,False,,246.7572327,9
2595_3,False,,246.7572327,9
2595_4,False,,246.7572327,9
2596_1,True,,885.3502808,31
2596_2,False,,885.3502808,31
2596_3,False,,885.3502808,31
2596_4,False,,885.3502808,31
2596_5,False,,885.3502808,31
2597_1,True,,885.3503418,31
2597_2,False,,885.3503418,31
2597_3,False,,885.3503418,31
2598_1,True,,1328.794312,6
2598_2,False,,1328.794312,6
2598_3,False,,1328.794312,6
2599_1,True,,246.7572327,9
2599_2,False,,246.7572327,9
2600_1,True,,1328.794312,6
2600_2,False,,1328.794312,6
2601_1,True,,246.7572174,9
2601_2,False,,246.7572174,9
2601_3,False,,246.7572174,9
2601_4,False,,246.7572174,9
2602_1,True,,630.9721069,48
2602_2,False,,630.9721069,48
2602_3,False,,630.9721069,48
2603_1,True,,885.3502808,31
2603_2,False,,885.3502808,31
2604_1,True,,1328.794189,6
2604_2,False,,1328.794189,6
2604_3,False,,1328.794189,6
2605_1,True,,630.9721069,48
2605_2,False,,630.9721069,48
2605_3,False,,630.9721069,48
2606_1,True,,630.9720459,48
2606_2,False,,630.9720459,48
2606_3,False,,630.9720459,48
2606_4,False,,630.9720459,48
2607_1,True,,1328.794312,6
2607_2,False,,1328.794312,6
2608_1,True,,967.6044922,46
2609_1,True,,2515.033691,39
2609_2,False,,2515.033691,39
2609_3,False,,2515.033691,39
2609_4,False,,2515.033691,39
2610_1,True,,1328.794312,6
2610_2,False,,1328.794312,6
2610_3,False,,1328.794312,6
2611_1,True,,2515.033691,39
2611_2,False,,2515.033691,39
2611_3,False,,2515.033691,39
2611_4,False,,2515.033691,39
2612_1,True,,1328.794189,6
2612_2,False,,1328.794189,6
2612_3,False,,1328.794189,6
2612_4,False,,1328.794189,6
2612_5,False,,1328.794189,6
2613_1,True,,967.6044922,46
2613_2,False,,967.6044922,46
2613_3,False,,967.6044922,46
2614_1,True,,967.6044922,46
2614_2,False,,967.6044922,46
2614_3,False,,967.6044922,46
2614_4,False,,967.6044922,46
2615_1,True,,1440.142822,26
2615_2,False,,1440.142822,26
2615_3,False,,1440.142822,26
2615_4,False,,1440.142822,26
2616_1,True,,2515.033447,39
2616_2,False,,2515.033447,39
2616_3,False,,2515.033447,39
2616_4,False,,2515.033447,39
2617_1,True,,1440.142822,26
2617_2,False,,1440.142822,26
2617_3,False,,1440.142822,26
2618_1,True,,630.9720459,48
2618_2,False,,630.9720459,48
2618_3,False,,630.9720459,48
2618_4,False,,630.9720459,48
2619_1,True,,1440.142822,26
2619_2,False,,1440.142822,26
2619_3,False,,1440.142822,26
2619_4,False,,1440.142822,26
2619_5,False,,1440.142822,26
2620_1,True,,337.0183105,19
2620_2,False,,337.0183105,19
2620_3,False,,337.0183105,19
2621_1,True,,2515.033691,39
2621_2,False,,2515.033691,39
2621_3,False,,2515.033691,39
2621_4,False,,2515.033691,39
2622_1,True,,727.8068237,18
2622_2,False,,727.8068237,18
2622_3,False,,727.8068237,18
2623_1,True,,98.63276672,49
2623_2,False,,98.63276672,49
2623_3,False,,98.63276672,49
2623_4,False,,98.63276672,49
2623_5,False,,98.63276672,49
2624_1,True,,727.8068237,18
2624_2,False,,727.8068237,18
2624_3,False,,727.8068237,18
2624_4,False,,727.8068237,18
2625_1,True,,630.9721069,48
2625_2,False,,630.9721069,48
2626_1,True,,1233.071167,44
2626_2,False,,1233.071167,44
2627_1,True,,98.63276672,49
2627_2,False,,98.63276672,49
2628_1,True,,1233.071167,5
2629_1,True,,98.63276672,49
2630_1,True,,246.7572174,9
2630_2,False,,246.7572174,9
2630_3,False,,246.7572174,9
2631_1,True,,727.8068237,18
2631_2,False,,727.8068237,18
2631_3,False,,727.8068237,18
2631_4,False,,727.8068237,18
2632_1,True,,1233.071167,38
2632_2,False,,1233.071167,38
2632_3,False,,1233.071167,38
2633_1,True,,1328.794312,6
2634_1,True,,337.0183105,19
2634_2,False,,337.0183105,19
2634_3,False,,337.0183105,19
2634_4,False,,337.0183105,19
2634_5,False,,337.0183105,19
2635_1,True,,2515.033447,39
2635_2,False,,2515.033447,39
2636_1,True,,1233.071167,41
2636_2,False,,1233.071167,41
2637_1,True,,630.9720459,48
2637_2,False,,630.9720459,48
2638_1,True,,246.7572174,9
2638_2,False,,246.7572174,9
2638_3,False,,246.7572174,9
2638_4,False,,246.7572174,9
2639_1,True,,98.63277435,49
2639_2,False,,98.63277435,49
2639_3,False,,98.63277435,49
2639_4,False,,98.63277435,49
2640_1,True,,630.9721069,48
2640_2,False,,630.9721069,48
2640_3,False,,630.9721069,48
2641_1,True,,1328.794312,6
2641_2,False,,1328.794312,6
2641_3,False,,1328.794312,6
2641_4,False,,1328.794312,6
2642_1,True,,885.3502808,31
2642_2,False,,885.3502808,31
2642_3,False,,885.3502808,31
2642_4,False,,885.3502808,31
2643_1,True,,1233.071167,38
2643_2,False,,1233.071167,38
2644_1,True,,2515.033447,39
2644_2,False,,2515.033447,39
2644_3,False,,2515.033447,39
2644_4,False,,2515.033447,39
2644_5,False,,2515.033447,39
2644_6,False,,2515.033447,39
2645_1,True,,630.9720459,48
2645_2,False,,630.9720459,48
2645_3,False,,630.9720459,48
2646_1,True,,630.9721069,48
2646_2,False,,630.9721069,48
2646_3,False,,630.9721069,48
2646_4,False,,630.9721069,48
2647_1,True,,1440.142822,26
2647_2,False,,1440.142822,26
2647_3,False,,1440.142822,26
2648_1,True,,246.7572327,9
2648_2,False,,246.7572327,9
2648_3,False,,246.7572327,9
2648_4,False,,246.7572327,9
2648_5,False,,246.7572327,9
2649_1,True,,1233.071167,5
2649_2,False,,1233.071167,5
2650_1,True,,885.3502808,31
2650_2,False,,885.3502808,31
2650_3,False,,885.3502808,31
2650_4,False,,885.3502808,31
2651_1,True,,2515.033691,39
2652_1,True,,967.6044922,46
2652_2,False,,967.6044922,46
2652_3,False,,967.6044922,46
2653_1,True,,2515.033447,39
2653_2,False,,2515.033447,39
2653_3,False,,2515.033447,39
2653_4,False,,2515.033447,39
2653_5,False,,2515.033447,39
2654_1,True,,337.01828,19
2654_2,False,,337.01828,19
2654_3,False,,337.01828,19
2655_1,True,,1328.794312,6
2655_2,False,,1328.794312,6
2655_3,False,,1328.794312,6
2655_4,False,,1328.794312,6
2656_1,True,,965.7528687,21
2656_2,False,,965.7528687,21
2657_1,True,,2515.033447,39
2657_2,False,,2515.033447,39
2657_3,False,,2515.033447,39
2657_4,False,,2515.033447,39
2658_1,True,,1440.142822,26
2658_2,False,,1440.142822,26
2658_3,False,,1440.142822,26
2659_1,True,,885.3502808,31
2659_2,False,,885.3502808,31
2660_1,True,,630.9721069,48
2660_2,False,,630.9721069,48
2660_3,False,,630.9721069,48
2661_1,True,,967.6044922,46
2661_2,False,,967.6044922,46
2662_1,True,,630.9721069,48
2662_2,False,,630.9721069,48
2662_3,False,,630.9721069,48
2663_1,True,,98.63276672,49
2663_2,False,,98.63276672,49
2664_1,True,,965.7528687,21
2664_2,False,,965.7528687,21
2664_3,False,,965.7528687,21
2665_1,True,,1233.071167,41
2665_2,False,,1233.071167,41
2665_3,False,,1233.071167,41
2665_4,False,,1233.071167,41
2665_5,False,,1233.071167,41
2666_1,True,,337.01828,19
2666_2,False,,337.01828,19
2667_1,True,,885.3502808,31
2667_2,False,,885.3502808,31
2667_3,False,,885.3502808,31
2667_4,False,,885.3502808,31
2667_5,False,,885.3502808,31
2667_6,False,,885.3502808,31
2668_1,True,,337.01828,19
2668_2,False,,337.01828,19
2668_3,False,,337.01828,19
2668_4,False,,337.01828,19
2669_1,True,,630.9720459,48
2669_2,False,,630.9720459,48
2669_3,False,,630.9720459,48
2669_4,False,,630.9720459,48
2670_1,True,,1440.142822,26
2670_2,False,,1440.142822,26
2670_3,False,,1440.142822,26
2670_4,False,,1440.142822,26
2670_5,False,,1440.142822,26
2671_1,True,,246.7572174,9
2671_2,False,,246.7572174,9
2671_3,False,,246.7572174,9
2671_4,False,,246.7572174,9
2672_1,True,,630.9720459,48
2672_2,False,,630.9720459,48
2672_3,False,,630.9720459,48
2672_4,False,,630.9720459,48
2673_1,True,,98.63276672,49
2673_2,False,,98.63276672,49
2673_3,False,,98.63276672,49
2674_1,True,,337.01828,19
2674_2,False,,337.01828,19
2674_3,False,,337.01828,19
2674_4,False,,337.01828,19
2674_5,False,,337.01828,19
2675_1,True,,98.63276672,49
2675_2,False,,98.63276672,49
2676_1,True,,1233.071167,45
2676_2,False,,1233.071167,45
2677_1,True,,1440.142944,26
2677_2,False,,1440.142944,26
2677_3,False,,1440.142944,26
2677_4,False,,1440.142944,26
2677_5,False,,1440.142944,26
2678_1,True,,1328.794312,6
2678_2,False,,1328.794312,6
2678_3,False,,1328.794312,6
2678_4,False,,1328.794312,6
2678_5,False,,1328.794312,6
2678_6,False,,1328.794312,6
2679_1,True,,727.8068237,18
2679_2,False,,727.8068237,18
2679_3,False,,727.8068237,18
2679_4,False,,727.8068237,18
2680_1,True,,337.01828,19
2680_2,False,,337.01828,19
2680_3,False,,337.01828,19
2680_4,False,,337.01828,19
2680_5,False,,337.01828,19
2681_1,True,,885.3502808,31
2681_2,False,,885.3502808,31
2681_3,False,,885.3502808,31
2681_4,False,,885.3502808,31
2681_5,False,,885.3502808,31
2682_1,True,,246.7572327,9
2682_2,False,,246.7572327,9
2682_3,False,,246.7572327,9
2683_1,True,,1233.071167,17
2683_2,False,,1233.071167,17
2683_3,False,,1233.071167,17
2683_4,False,,1233.071167,17
2684_1,True,,967.6044922,46
2684_2,False,,967.6044922,46
2684_3,False,,967.6044922,46
2685_1,True,,967.6044922,46
2685_2,False,,967.6044922,46
2686_1,True,,727.8068237,18
2686_2,False,,727.8068237,18
2686_3,False,,727.8068237,18
2686_4,False,,727.8068237,18
2687_1,True,,1440.142822,26
2687_2,False,,1440.142822,26
2688_1,True,,965.7528687,21
2688_2,False,,965.7528687,21
2688_3,False,,965.7528687,21
2688_4,False,,965.7528687,21
2689_1,True,,1440.142944,26
2690_1,True,,1328.794312,6
2690_2,False,,1328.794312,6
2690_3,False,,1328.794312,6
2690_4,False,,1328.794312,6
2690_5,False,,1328.794312,6
2691_1,True,,965.7528687,21
2691_2,False,,965.7528687,21
2691_3,False,,965.7528687,21
2691_4,False,,965.7528687,21
2691_5,False,,965.7528687,21
2692_1,True,,98.63276672,49
2692_2,False,,98.63276672,49
2693_1,True,,630.9720459,48
2693_2,False,,630.9720459,48
2693_3,False,,630.9720459,48
2693_4,False,,630.9720459,48
2693_5,False,,630.9720459,48
2693_6,False,,630.9720459,48
2693_7,False,,630.9720459,48
2694_1,True,,885.3502808,31
2694_2,False,,885.3502808,31
2694_3,False,,885.3502808,31
2695_1,True,,246.7572327,9
2695_2,False,,246.7572327,9
2695_3,False,,246.7572327,9
2696_1,True,,98.63276672,49
2696_2,False,,98.63276672,49
2696_3,False,,98.63276672,49
2696_4,False,,98.63276672,49
2697_1,True,,337.0183105,19
2697_2,False,,337.0183105,19
2697_3,False,,337.0183105,19
2697_4,False,,337.0183105,19
2697_5,False,,337.0183105,19
2698_1,True,,98.63276672,49
2698_2,False,,98.63276672,49
2698_3,False,,98.63276672,49
2699_1,True,,965.7529297,21
2699_2,False,,965.7529297,21
2700_1,True,,246.7572174,9
2700_2,False,,246.7572174,9
2700_3,False,,246.7572174,9
2700_4,False,,246.7572174,9
2701_1,True,,885.3502808,31
2701_2,False,,885.3502808,31
2701_3,False,,885.3502808,31
2701_4,False,,885.3502808,31
2702_1,True,,1440.142822,26
2702_2,False,,1440.142822,26
2702_3,False,,1440.142822,26
2702_4,False,,1440.142822,26
2702_5,False,,1440.142822,26
2703_1,True,,1233.071167,10
2703_2,False,,1233.071167,10
2703_3,False,,1233.071167,10
2704_1,True,,630.9720459,48
2704_2,False,,630.9720459,48
2705_1,True,,246.7572327,9
2705_2,False,,246.7572327,9
2706_1,True,,2515.033447,39
2706_2,False,,2515.033447,39
2706_3,False,,2515.033447,39
2707_1,True,,246.7572174,9
2707_2,False,,246.7572174,9
2707_3,False,,246.7572174,9
2707_4,False,,246.7572174,9
2708_1,True,,98.63276672,49
2708_2,False,,98.63276672,49
2708_3,False,,98.63276672,49
2708_4,False,,98.63276672,49
2709_1,True,,246.7572327,9
2709_2,False,,246.7572327,9
2710_1,True,,1233.071167,41
2710_2,False,,1233.071167,41
2710_3,False,,1233.071167,41
2711_1,True,,630.9720459,48
2711_2,False,,630.9720459,48
2711_3,False,,630.9720459,48
2711_4,False,,630.9720459,48
2711_5,False,,630.9720459,48
2712_1,True,,246.7572174,9
2712_2,False,,246.7572174,9
2712_3,False,,246.7572174,9
2713_1,True,,246.7572174,9
2713_2,False,,246.7572174,9
2713_3,False,,246.7572174,9
2713_4,False,,246.7572174,9
2713_5,False,,246.7572174,9
2714_1,True,,1328.794312,6
2715_1,True,,965.7528687,21
2715_2,False,,965.7528687,21
2715_3,False,,965.7528687,21
2715_4,False,,965.7528687,21
2715_5,False,,965.7528687,21
2715_6,False,,965.7528687,21
2715_7,False,,965.7528687,21
2716_1,True,,1328.794312,6
2716_2,False,,1328.794312,6
2716_3,False,,1328.794312,6
2716_4,False,,1328.794312,6
2717_1,True,,885.3502808,31
2717_2,False,,885.3502808,31
2717_3,False,,885.3502808,31
2717_4,False,,885.3502808,31
2717_5,False,,885.3502808,31
2717_6,False,,885.3502808,31
2718_1,True,,98.63276672,49
2718_2,False,,98.63276672,49
2718_3,False,,98.63276672,49
2719_1,True,,246.7572174,9
2719_2,False,,246.7572174,9
2719_3,False,,246.7572174,9
2720_1,True,,965.7528687,21
2720_2,False,,965.7528687,21
2721_1,True,,2515.033447,39
2721_2,False,,2515.033447,39
2721_3,False,,2515.033447,39
2721_4,False,,2515.033447,39
2722_1,True,,337.0183105,19
2722_2,False,,337.0183105,19
2723_1,True,,246.7572174,9
2723_2,False,,246.7572174,9
2723_3,False,,246.7572174,9
2723_4,False,,246.7572174,9
2723_5,False,,246.7572174,9
2723_6,False,,246.7572174,9
2724_1,True,,1440.142822,26
2724_2,False,,1440.142822,26
2724_3,False,,1440.142822,26
2725_1,True,,1328.794189,6
2725_2,False,,1328.794189,6
2725_3,False,,1328.794189,6
2726_1,True,,1440.142822,26
2726_2,False,,1440.142822,26
2726_3,False,,1440.142822,26
2727_1,True,,2515.033447,39
2727_2,False,,2515.033447,39
2727_3,False,,2515.033447,39
2727_4,False,,2515.033447,39
2728_1,True,,965.7528687,21
2728_2,False,,965.7528687,21
2728_3,False,,965.7528687,21
2728_4,False,,965.7528687,21
2728_5,False,,965.7528687,21
2729_1,True,,1233.071167,10
2729_2,False,,1233.071167,10
2730_1,True,,1233.071045,45
2730_2,False,,1233.071045,45
2730_3,False,,1233.071045,45
2730_4,False,,1233.071045,45
2730_5,False,,1233.071045,45
2731_1,True,,965.7528687,21
2731_2,False,,965.7528687,21
2731_3,False,,965.7528687,21
2732_1,True,,630.9720459,48
2732_2,False,,630.9720459,48
2732_3,False,,630.9720459,48
2733_1,True,,885.3502197,31
2733_2,False,,885.3502197,31
2733_3,False,,885.3502197,31
2733_4,False,,885.3502197,31
2734_1,True,,1440.142822,26
2734_2,False,,1440.142822,26
2734_3,False,,1440.142822,26
2735_1,True,,630.9721069,48
2735_2,False,,630.9721069,48
2736_1,True,,1440.142822,26
2736_2,False,,1440.142822,26
2736_3,False,,1440.142822,26
2736_4,False,,1440.142822,26
2737_1,True,,246.7572174,9
2737_2,False,,246.7572174,9
2737_3,False,,246.7572174,9
2738_1,True,,1328.794312,6
2738_2,False,,1328.794312,6
2738_3,False,,1328.794312,6
2738_4,False,,1328.794312,6
2739_1,True,,1233.071167,25
2739_2,False,,1233.071167,25
2739_3,False,,1233.071167,25
2740_1,True,,727.8068237,18
2740_2,False,,727.8068237,18
2741_1,True,,885.3502808,31
2741_2,False,,885.3502808,31
2741_3,False,,885.3502808,31
2741_4,False,,885.3502808,31
2742_1,True,,1233.071167,10
2742_2,False,,1233.071167,10
2742_3,False,,1233.071167,10
2743_1,True,,246.7572327,9
2743_2,False,,246.7572327,9
2743_3,False,,246.7572327,9
2744_1,True,,967.6044922,46
2744_2,False,,967.6044922,46
2745_1,True,,2515.033447,39
2745_2,False,,2515.033447,39
2746_1,True,,1440.142822,26
2746_2,False,,1440.142822,26
2747_1,True,,1328.794312,6
2747_2,False,,1328.794312,6
2747_3,False,,1328.794312,6
2747_4,False,,1328.794312,6
2748_1,True,,337.0183105,19
2748_2,False,,337.0183105,19
2748_3,False,,337.0183105,19
2748_4,False,,337.0183105,19
2749_1,True,,630.9721069,48
2749_2,False,,630.9721069,48
2749_3,False,,630.9721069,48
2750_1,True,,967.6044922,46
2750_2,False,,967.6044922,46
2751_1,True,,1233.071167,12
2751_2,False,,1233.071167,12
2751_3,False,,1233.071167,12
2752_1,True,,1233.071167,33
2752_2,False,,1233.071167,33
2753_1,True,,246.7572174,9
2753_2,False,,246.7572174,9
2754_1,True,,885.3503418,31
2754_2,False,,885.3503418,31
2754_3,False,,885.3503418,31
2755_1,True,,337.0183105,19
2756_1,True,,965.7528687,21
2756_2,False,,965.7528687,21
2756_3,False,,965.7528687,21
2756_4,False,,965.7528687,21
2756_5,False,,965.7528687,21
2756_6,False,,965.7528687,21
2756_7,False,,965.7528687,21
2757_1,True,,885.3502808,31
2757_2,False,,885.3502808,31
2758_1,True,,967.6044922,46
2758_2,False,,967.6044922,46
2758_3,False,,967.6044922,46
2758_4,False,,967.6044922,46
2759_1,True,,885.3502808,31
2759_2,False,,885.3502808,31
2759_3,False,,885.3502808,31
2759_4,False,,885.3502808,31
2760_1,True,,967.6044922,46
2760_2,False,,967.6044922,46
2760_3,False,,967.6044922,46
2760_4,False,,967.6044922,46
2761_1,True,,1233.071167,51
2761_2,False,,1233.071167,51
2761_3,False,,1233.071167,51
2761_4,False,,1233.071167,51
2762_1,True,,2515.033447,39
2762_2,False,,2515.033447,39
2763_1,True,,1233.071167,33
2763_2,False,,1233.071167,33
2763_3,False,,1233.071167,33
2763_4,False,,1233.071167,33
2764_1,True,,885.3502808,31
2764_2,False,,885.3502808,31
2764_3,False,,885.3502808,31
2764_4,False,,885.3502808,31
2764_5,False,,885.3502808,31
2765_1,True,,337.01828,19
2765_2,False,,337.01828,19
2765_3,False,,337.01828,19
2766_1,True,,965.7528687,21
2766_2,False,,965.7528687,21
2767_1,True,,885.3502808,31
2767_2,False,,885.3502808,31
2768_1,True,,246.7572174,9
2768_2,False,,246.7572174,9
2768_3,False,,246.7572174,9
2768_4,False,,246.7572174,9
2769_1,True,,1328.794312,6
2769_2,False,,1328.794312,6
2769_3,False,,1328.794312,6
2770_1,True,,965.7529297,21
2770_2,False,,965.7529297,21
2770_3,False,,965.7529297,21
2771_1,True,,885.3502808,31
2771_2,False,,885.3502808,31
2771_3,False,,885.3502808,31
2771_4,False,,885.3502808,31
2771_5,False,,885.3502808,31
2771_6,False,,885.3502808,31
2771_7,False,,885.3502808,31
2771_8,False,,885.3502808,31
2772_1,True,,246.7572174,9
2772_2,False,,246.7572174,9
2772_3,False,,246.7572174,9
2772_4,False,,246.7572174,9
2773_1,True,,630.9720459,48
2773_2,False,,630.9720459,48
2773_3,False,,630.9720459,48
2773_4,False,,630.9720459,48
2774_1,True,,885.3502808,31
2774_2,False,,885.3502808,31
2775_1,True,,1328.794189,6
2775_2,False,,1328.794189,6
2775_3,False,,1328.794189,6
2776_1,True,,2515.033691,39
2776_2,False,,2515.033691,39
2776_3,False,,2515.033691,39
2777_1,True,,98.63276672,49
2777_2,False,,98.63276672,49
2778_1,True,,1233.071167,44
2778_2,False,,1233.071167,44
2778_3,False,,1233.071167,44
2779_1,True,,885.3502808,31
2779_2,False,,885.3502808,31
2779_3,False,,885.3502808,31
2780_1,True,,965.7528687,21
2780_2,False,,965.7528687,21
2780_3,False,,965.7528687,21
2780_4,False,,965.7528687,21
2780_5,False,,965.7528687,21
2781_1,True,,1440.142822,26
2781_2,False,,1440.142822,26
2781_3,False,,1440.142822,26
2781_4,False,,1440.142822,26
2781_5,False,,1440.142822,26
2781_6,False,,1440.142822,26
2782_1,True,,1233.071167,38
2782_2,False,,1233.071167,38
2783_1,True,,337.0183105,19
2784_1,True,,885.3502808,31
2784_2,False,,885.3502808,31
2784_3,False,,885.3502808,31
2785_1,True,,1233.071167,38
2785_2,False,,1233.071167,38
2785_3,False,,1233.071167,38
2786_1,True,,98.63276672,49
2786_2,False,,98.63276672,49
2787_1,True,,337.01828,19
2787_2,False,,337.01828,19
2787_3,False,,337.01828,19
2787_4,False,,337.01828,19
2788_1,True,,1328.794312,6
2788_2,False,,1328.794312,6
2788_3,False,,1328.794312,6
2788_4,False,,1328.794312,6
2788_5,False,,1328.794312,6
2789_1,True,,967.6045532,46
2789_2,False,,967.6045532,46
2789_3,False,,967.6045532,46
2789_4,False,,967.6045532,46
2790_1,True,,965.7529297,21
2790_2,False,,965.7529297,21
2790_3,False,,965.7529297,21
2791_1,True,,1233.071167,33
2791_2,False,,1233.071167,33
2791_3,False,,1233.071167,33
2791_4,False,,1233.071167,33
2792_1,True,,2515.033691,39
2792_2,False,,2515.033691,39
2792_3,False,,2515.033691,39
2792_4,False,,2515.033691,39
2793_1,True,,337.0183105,19
2793_2,False,,337.0183105,19
2793_3,False,,337.0183105,19
2794_1,True,,1440.142822,26
2794_2,False,,1440.142822,26
2795_1,True,,2515.033447,39
2795_2,False,,2515.033447,39
2795_3,False,,2515.033447,39
2796_1,True,,885.3502808,31
2796_2,False,,885.3502808,31
2796_3,False,,885.3502808,31
2796_4,False,,885.3502808,31
2796_5,False,,885.3502808,31
2797_1,True,,967.6044922,46
2797_2,False,,967.6044922,46
2797_3,False,,967.6044922,46
2797_4,False,,967.6044922,46
2798_1,True,,1440.142822,26
2798_2,False,,1440.142822,26
2798_3,False,,1440.142822,26
2798_4,False,,1440.142822,26
2798_5,False,,1440.142822,26
2799_1,True,,1233.071167,41
2799_2,False,,1233.071167,41
2799_3,False,,1233.071167,41
2799_4,False,,1233.071167,41
2800_1,True,,1233.071167,10
2800_2,False,,1233.071167,10
2800_3,False,,1233.071167,10
2800_4,False,,1233.071167,10
2801_1,True,,246.7572174,9
2801_2,False,,246.7572174,9
2801_3,False,,246.7572174,9
2801_4,False,,246.7572174,9
2802_1,True,,1233.071167,41
2802_2,False,,1233.071167,41
2802_3,False,,1233.071167,41
2802_4,False,,1233.071167,41
2802_5,False,,1233.071167,41
2802_6,False,,1233.071167,41
2803_1,True,,967.6044922,46
2803_2,False,,967.6044922,46
2804_1,True,,1328.794312,6
2804_2,False,,1328.794312,6
2804_3,False,,1328.794312,6
2805_1,True,,885.3502808,31
2805_2,False,,885.3502808,31
2805_3,False,,885.3502808,31
2805_4,False,,885.3502808,31
2805_5,False,,885.3502808,31
2806_1,True,,1233.071167,45
2806_2,False,,1233.071167,45
2806_3,False,,1233.071167,45
2806_4,False,,1233.071167,45
2806_5,False,,1233.071167,45
2807_1,True,,1440.142822,26
2807_2,False,,1440.142822,26
2808_1,True,,885.3502808,31
2808_2,False,,885.3502808,31
2808_3,False,,885.3502808,31
2808_4,False,,885.3502808,31
2808_5,False,,885.3502808,31
2809_1,True,,98.63276672,49
2810_1,True,,965.7528687,21
2810_2,False,,965.7528687,21
2810_3,False,,965.7528687,21
2810_4,False,,965.7528687,21
2811_1,True,,98.63277435,49
2812_1,True,,967.6044922,46
2812_2,False,,967.6044922,46
2812_3,False,,967.6044922,46
2813_1,True,,727.8068237,18
2813_2,False,,727.8068237,18
2813_3,False,,727.8068237,18
2814_1,True,,1440.142822,26
2814_2,False,,1440.142822,26
2815_1,True,,246.7572327,9
2815_2,False,,246.7572327,9
2815_3,False,,246.7572327,9
2815_4,False,,246.7572327,9
2815_5,False,,246.7572327,9
2816_1,True,,246.7572174,9
2816_2,False,,246.7572174,9
2816_3,False,,246.7572174,9
2817_1,True,,337.0183105,19
2817_2,False,,337.0183105,19
2817_3,False,,337.0183105,19
2818_1,True,,967.6044922,46
2818_2,False,,967.6044922,46
2818_3,False,,967.6044922,46
2819_1,True,,2515.033447,39
2819_2,False,,2515.033447,39
2819_3,False,,2515.033447,39
2819_4,False,,2515.033447,39
2819_5,False,,2515.033447,39
2820_1,True,,337.01828,19
2820_2,False,,337.01828,19
2820_3,False,,337.01828,19
2821_1,True,,98.63276672,49
2821_2,False,,98.63276672,49
2822_1,True,,1440.142822,26
2822_2,False,,1440.142822,26
2822_3,False,,1440.142822,26
2822_4,False,,1440.142822,26
2823_1,True,,2515.033691,39
2823_2,False,,2515.033691,39
2823_3,False,,2515.033691,39
2824_1,True,,337.0183105,19
2824_2,False,,337.0183105,19
2824_3,False,,337.0183105,19
2825_1,True,,1233.071167,41
2825_2,False,,1233.071167,41
2825_3,False,,1233.071167,41
2825_4,False,,1233.071167,41
2826_1,True,,2515.033691,39
2826_2,False,,2515.033691,39
2826_3,False,,2515.033691,39
2826_4,False,,2515.033691,39
2826_5,False,,2515.033691,39
2827_1,True,,1233.071167,44
2828_1,True,,1328.794312,6
2828_2,False,,1328.794312,6
2828_3,False,,1328.794312,6
2829_1,True,,1440.142822,26
2830_1,True,,1328.794312,6
2830_2,False,,1328.794312,6
2830_3,False,,1328.794312,6
2831_1,True,,246.7572327,9
2831_2,False,,246.7572327,9
2831_3,False,,246.7572327,9
2832_1,True,,1440.142822,26
2832_2,False,,1440.142822,26
2832_3,False,,1440.142822,26
2833_1,True,,337.01828,19
2833_2,False,,337.01828,19
2833_3,False,,337.01828,19
2834_1,True,,1440.142822,26
2834_2,False,,1440.142822,26
2834_3,False,,1440.142822,26
2834_4,False,,1440.142822,26
2835_1,True,,1440.142822,26
2835_2,False,,1440.142822,26
2836_1,True,,885.3502197,31
2836_2,False,,885.3502197,31
2836_3,False,,885.3502197,31
2836_4,False,,885.3502197,31
2837_1,True,,1440.142822,26
2837_2,False,,1440.142822,26
2838_1,True,,1440.142822,26
2838_2,False,,1440.142822,26
2838_3,False,,1440.142822,26
2838_4,False,,1440.142822,26
2838_5,False,,1440.142822,26
2839_1,True,,337.01828,19
2839_2,False,,337.01828,19
2840_1,True,,246.7572327,9
2840_2,False,,246.7572327,9
2840_3,False,,246.7572327,9
2841_1,True,,337.01828,19
2841_2,False,,337.01828,19
2841_3,False,,337.01828,19
2842_1,True,,630.9720459,48
2842_2,False,,630.9720459,48
2843_1,True,,337.0183105,19
2843_2,False,,337.0183105,19
2844_1,True,,337.0183105,19
2844_2,False,,337.0183105,19
2844_3,False,,337.0183105,19
2844_4,False,,337.0183105,19
2844_5,False,,337.0183105,19
2845_1,True,,2515.033447,39
2845_2,False,,2515.033447,39
2845_3,False,,2515.033447,39
2846_1,True,,337.01828,19
2846_2,False,,337.01828,19
2846_3,False,,337.01828,19
2846_4,False,,337.01828,19
2847_1,True,,967.6044922,46
2847_2,False,,967.6044922,46
2847_3,False,,967.6044922,46
2848_1,True,,1328.794312,6
2848_2,False,,1328.794312,6
2848_3,False,,1328.794312,6
2849_1,True,,885.3503418,31
2849_2,False,,885.3503418,31
2849_3,False,,885.3503418,31
2849_4,False,,885.3503418,31
2850_1,True,,98.63276672,49
2851_1,True,,2515.033447,39
2851_2,False,,2515.033447,39
2852_1,True,,1233.071167,10
2852_2,False,,1233.071167,10
2852_3,False,,1233.071167,10
2852_4,False,,1233.071167,10
2853_1,True,,2515.033447,39
2853_2,False,,2515.033447,39
2853_3,False,,2515.033447,39
2853_4,False,,2515.033447,39
2854_1,True,,965.7528687,21
2854_2,False,,965.7528687,21
2855_1,True,,1233.071167,45
2855_2,False,,1233.071167,45
2855_3,False,,1233.071167,45
2856_1,True,,1233.071167,8
2856_2,False,,1233.071167,8
2856_3,False,,1233.071167,8
2856_4,False,,1233.071167,8
2857_1,True,,2515.033691,39
2857_2,False,,2515.033691,39
2857_3,False,,2515.033691,39
2857_4,False,,2515.033691,39
2857_5,False,,2515.033691,39
2858_1,True,,246.7572174,9
2858_2,False,,246.7572174,9
2858_3,False,,246.7572174,9
2859_1,True,,98.63276672,49
2859_2,False,,98.63276672,49
2860_1,True,,337.0183105,19
2860_2,False,,337.0183105,19
2860_3,False,,337.0183105,19
2860_4,False,,337.0183105,19
2860_5,False,,337.0183105,19
2860_6,False,,337.0183105,19
2860_7,False,,337.0183105,19
2860_8,False,,337.0183105,19
2861_1,True,,965.7528687,21
2861_2,False,,965.7528687,21
2861_3,False,,965.7528687,21
2861_4,False,,965.7528687,21
2862_1,True,,885.3502808,31
2862_2,False,,885.3502808,31
2862_3,False,,885.3502808,31
2862_4,False,,885.3502808,31
2863_1,True,,1440.142944,26
2863_2,False,,1440.142944,26
2863_3,False,,1440.142944,26
2863_4,False,,1440.142944,26
2863_5,False,,1440.142944,26
2864_1,True,,727.8068237,18
2864_2,False,,727.8068237,18
2864_3,False,,727.8068237,18
2864_4,False,,727.8068237,18
2864_5,False,,727.8068237,18
2865_1,True,,98.63276672,49
2865_2,False,,98.63276672,49
2866_1,True,,2515.033447,39
2866_2,False,,2515.033447,39
2867_1,True,,965.7528687,21
2867_2,False,,965.7528687,21
2868_1,True,,2515.033447,39
2868_2,False,,2515.033447,39
2868_3,False,,2515.033447,39
2868_4,False,,2515.033447,39
2869_1,True,,1233.071167,41
2869_2,False,,1233.071167,41
2869_3,False,,1233.071167,41
2870_1,True,,337.01828,19
2870_2,False,,337.01828,19
2870_3,False,,337.01828,19
2871_1,True,,246.7572174,9
2871_2,False,,246.7572174,9
2871_3,False,,246.7572174,9
2871_4,False,,246.7572174,9
2871_5,False,,246.7572174,9
2872_1,True,,1233.071167,41
2872_2,False,,1233.071167,41
2872_3,False,,1233.071167,41
2872_4,False,,1233.071167,41
2872_5,False,,1233.071167,41
2873_1,True,,1233.071167,41
2873_2,False,,1233.071167,41
2873_3,False,,1233.071167,41
2874_1,True,,630.9720459,48
2874_2,False,,630.9720459,48
2874_3,False,,630.9720459,48
2874_4,False,,630.9720459,48
2875_1,True,,1233.071167,12
2875_2,False,,1233.071167,12
2875_3,False,,1233.071167,12
2875_4,False,,1233.071167,12
2875_5,False,,1233.071167,12
2876_1,True,,2515.033447,39
2876_2,False,,2515.033447,39
2876_3,False,,2515.033447,39
2876_4,False,,2515.033447,39
2876_5,False,,2515.033447,39
2877_1,True,,885.3502808,31
2877_2,False,,885.3502808,31
2877_3,False,,885.3502808,31
2877_4,False,,885.3502808,31
2878_1,True,,1328.794189,6
2878_2,False,,1328.794189,6
2878_3,False,,1328.794189,6
2878_4,False,,1328.794189,6
2879_1,True,,246.7572327,9
2879_2,False,,246.7572327,9
2880_1,True,,246.7572327,9
2880_2,False,,246.7572327,9
2880_3,False,,246.7572327,9
2881_1,True,,1233.071167,10
2881_2,False,,1233.071167,10
2881_3,False,,1233.071167,10
2881_4,False,,1233.071167,10
2882_1,True,,98.63276672,49
2883_1,True,,246.7572327,9
2883_2,False,,246.7572327,9
2883_3,False,,246.7572327,9
2883_4,False,,246.7572327,9
2883_5,False,,246.7572327,9
2883_6,False,,246.7572327,9
2883_7,False,,246.7572327,9
2884_1,True,,1233.071167,51
2885_1,True,,246.7572327,9
2885_2,False,,246.7572327,9
2885_3,False,,246.7572327,9
2886_1,True,,967.6044922,46
2886_2,False,,967.6044922,46
2886_3,False,,967.6044922,46
2886_4,False,,967.6044922,46
2887_1,True,,885.3502808,31
2887_2,False,,885.3502808,31
2888_1,True,,98.63277435,49
2888_2,False,,98.63277435,49
2888_3,False,,98.63277435,49
2888_4,False,,98.63277435,49
2889_1,True,,1233.071167,41
2889_2,False,,1233.071167,41
2889_3,False,,1233.071167,41
2890_1,True,,885.3502808,31
2890_2,False,,885.3502808,31
2890_3,False,,885.3502808,31
2890_4,False,,885.3502808,31
2890_5,False,,885.3502808,31
2890_6,False,,885.3502808,31
2890_7,False,,885.3502808,31
2891_1,True,,337.0183105,19
2891_2,False,,337.0183105,19
2891_3,False,,337.0183105,19
2892_1,True,,630.9721069,48
2892_2,False,,630.9721069,48
2892_3,False,,630.9721069,48
2892_4,False,,630.9721069,48
2893_1,True,,337.0183105,19
2893_2,False,,337.0183105,19
2893_3,False,,337.0183105,19
2894_1,True,,337.01828,19
2894_2,False,,337.01828,19
2894_3,False,,337.01828,19
2894_4,False,,337.01828,19
2895_1,True,,337.0183105,19
2895_2,False,,337.0183105,19
2896_1,True,,1233.071167,41
2896_2,False,,1233.071167,41
2896_3,False,,1233.071167,41
2896_4,False,,1233.071167,41
2897_1,True,,246.7572174,9
2897_2,False,,246.7572174,9
2897_3,False,,246.7572174,9
2897_4,False,,246.7572174,9
2897_5,False,,246.7572174,9
2897_6,False,,246.7572174,9
2898_1,True,,1440.142822,26
2898_2,False,,1440.142822,26
2898_3,False,,1440.142822,26
2898_4,False,,1440.142822,26
2899_1,True,,885.3502808,31
2899_2,False,,885.3502808,31
2899_3,False,,885.3502808,31
2899_4,False,,885.3502808,31
2899_5,False,,885.3502808,31
2900_1,True,,337.0183105,19
2900_2,False,,337.0183105,19
2900_3,False,,337.0183105,19
2900_4,False,,337.0183105,19
2901_1,True,,1440.142944,26
2901_2,False,,1440.142944,26
2901_3,False,,1440.142944,26
2901_4,False,,1440.142944,26
2901_5,False,,1440.142944,26
2901_6,False,,1440.142944,26
2902_1,True,,246.7572327,9
2902_2,False,,246.7572327,9
2903_1,True,,967.6045532,46
2903_2,False,,967.6045532,46
2903_3,False,,967.6045532,46
2903_4,False,,967.6045532,46
2904_1,True,,1440.142822,26
2904_2,False,,1440.142822,26
2904_3,False,,1440.142822,26
2905_1,True,,337.01828,19
2905_2,False,,337.01828,19
2905_3,False,,337.01828,19
2905_4,False,,337.01828,19
2906_1,True,,1233.071045,12
2906_2,False,,1233.071045,12
2906_3,False,,1233.071045,12
2906_4,False,,1233.071045,12
2907_1,True,,246.7572327,9
2907_2,False,,246.7572327,9
2907_3,False,,246.7572327,9
2908_1,True,,1440.142944,26
2908_2,False,,1440.142944,26
2908_3,False,,1440.142944,26
2909_1,True,,2515.033691,39
2909_2,False,,2515.033691,39
2909_3,False,,2515.033691,39
2909_4,False,,2515.033691,39
2909_5,False,,2515.033691,39
2910_1,True,,727.8067627,18
2910_2,False,,727.8067627,18
2910_3,False,,727.8067627,18
2910_4,False,,727.8067627,18
2911_1,True,,98.63276672,49
2911_2,False,,98.63276672,49
2911_3,False,,98.63276672,49
2911_4,False,,98.63276672,49
2912_1,True,,1440.142822,26
2913_1,True,,967.6044922,46
2914_1,True,,246.7572174,9
2914_2,False,,246.7572174,9
2914_3,False,,246.7572174,9
2914_4,False,,246.7572174,9
2914_5,False,,246.7572174,9
2915_1,True,,1440.142944,26
2915_2,False,,1440.142944,26
2915_3,False,,1440.142944,26
2916_1,True,,727.8067627,18
2916_2,False,,727.8067627,18
2917_1,True,,246.7572174,9
2917_2,False,,246.7572174,9
2918_1,True,,965.7528687,21
2919_1,True,,967.6044922,46
2919_2,False,,967.6044922,46
2920_1,True,,246.7572174,9
2920_2,False,,246.7572174,9
2921_1,True,,98.63276672,49
2921_2,False,,98.63276672,49
2922_1,True,,967.6044922,46
2922_2,False,,967.6044922,46
2922_3,False,,967.6044922,46
2922_4,False,,967.6044922,46
2922_5,False,,967.6044922,46
2922_6,False,,967.6044922,46
2922_7,False,,967.6044922,46
2923_1,True,,1233.071167,29
2924_1,True,,1440.142822,26
2924_2,False,,1440.142822,26
2924_3,False,,1440.142822,26
2924_4,False,,1440.142822,26
2925_1,True,,1233.071167,44
2925_2,False,,1233.071167,44
2925_3,False,,1233.071167,44
2925_4,False,,1233.071167,44
2925_5,False,,1233.071167,44
2925_6,False,,1233.071167,44
2926_1,True,,885.3502808,31
2926_2,False,,885.3502808,31
2926_3,False,,885.3502808,31
2926_4,False,,885.3502808,31
2926_5,False,,885.3502808,31
2927_1,True,,630.9720459,48
2927_2,False,,630.9720459,48
2927_3,False,,630.9720459,48
2927_4,False,,630.9720459,48
2928_1,True,,630.9720459,48
2928_2,False,,630.9720459,48
2928_3,False,,630.9720459,48
2928_4,False,,630.9720459,48
2928_5,False,,630.9720459,48
2929_1,True,,1233.071167,5
2929_2,False,,1233.071167,5
2929_3,False,,1233.071167,5
2930_1,True,,967.6044922,46
2930_2,False,,967.6044922,46
2930_3,False,,967.6044922,46
2931_1,True,,1440.142822,26
2931_2,False,,1440.142822,26
2931_3,False,,1440.142822,26
2931_4,False,,1440.142822,26
2932_1,True,,2515.033447,39
2932_2,False,,2515.033447,39
2933_1,True,,885.3502808,31
2933_2,False,,885.3502808,31
2933_3,False,,885.3502808,31
2933_4,False,,885.3502808,31
2933_5,False,,885.3502808,31
2934_1,True,,967.6044922,46
2934_2,False,,967.6044922,46
2934_3,False,,967.6044922,46
2935_1,True,,1440.142822,26
2935_2,False,,1440.142822,26
2936_1,True,,1440.142822,26
2936_2,False,,1440.142822,26
2936_3,False,,1440.142822,26
2937_1,True,,98.63276672,49
2937_2,False,,98.63276672,49
2938_1,True,,885.3503418,31
2938_2,False,,885.3503418,31
2938_3,False,,885.3503418,31
2939_1,True,,246.7572327,9
2939_2,False,,246.7572327,9
2940_1,True,,885.3502808,31
2940_2,False,,885.3502808,31
2940_3,False,,885.3502808,31
2941_1,True,,246.7572327,9
2941_2,False,,246.7572327,9
2941_3,False,,246.7572327,9
2941_4,False,,246.7572327,9
2941_5,False,,246.7572327,9
2941_6,False,,246.7572327,9
2941_7,False,,246.7572327,9
2942_1,True,,98.63276672,49
2942_2,False,,98.63276672,49
2942_3,False,,98.63276672,49
2942_4,False,,98.63276672,49
2943_1,True,,1328.794312,6
2943_2,False,,1328.794312,6
2944_1,True,,885.3502197,31
2944_2,False,,885.3502197,31
2944_3,False,,885.3502197,31
2944_4,False,,885.3502197,31
2944_5,False,,885.3502197,31
2945_1,True,,630.9720459,48
2945_2,False,,630.9720459,48
2945_3,False,,630.9720459,48
2945_4,False,,630.9720459,48
2946_1,True,,1440.142944,26
2947_1,True,,98.63276672,49
2947_2,False,,98.63276672,49
2948_1,True,,1440.142822,26
2948_2,False,,1440.142822,26
2948_3,False,,1440.142822,26
2949_1,True,,337.0183105,19
2949_2,False,,337.0183105,19
2950_1,True,,630.9721069,48
2950_2,False,,630.9721069,48
2950_3,False,,630.9721069,48
2950_4,False,,630.9721069,48
2951_1,True,,885.3502808,31
2951_2,False,,885.3502808,31
2951_3,False,,885.3502808,31
2952_1,True,,1328.794312,6
2952_2,False,,1328.794312,6
2952_3,False,,1328.794312,6
2953_1,True,,1233.071167,12
2953_2,False,,1233.071167,12
2953_3,False,,1233.071167,12
2954_1,True,,337.01828,19
2954_2,False,,337.01828,19
2954_3,False,,337.01828,19
2955_1,True,,727.8068237,18
2955_2,False,,727.8068237,18
2955_3,False,,727.8068237,18
2955_4,False,,727.8068237,18
2955_5,False,,727.8068237,18
2956_1,True,,2515.033447,39
2956_2,False,,2515.033447,39
2957_1,True,,965.7528687,21
2957_2,False,,965.7528687,21
2957_3,False,,965.7528687,21
2957_4,False,,965.7528687,21
2958_1,True,,1233.071167,38
2958_2,False,,1233.071167,38
2959_1,True,,965.7528687,21
2959_2,False,,965.7528687,21
2960_1,True,,965.7528687,21
2960_2,False,,965.7528687,21
2960_3,False,,965.7528687,21
2960_4,False,,965.7528687,21
2961_1,True,,337.0183105,19
2962_1,True,,727.8068237,18
2962_2,False,,727.8068237,18
2963_1,True,,337.0183105,19
2964_1,True,,98.63276672,49
2965_1,True,,630.9720459,48
2965_2,False,,630.9720459,48
2965_3,False,,630.9720459,48
2965_4,False,,630.9720459,48
2965_5,False,,630.9720459,48
2966_1,True,,337.0183105,19
2966_2,False,,337.0183105,19
2966_3,False,,337.0183105,19
2966_4,False,,337.0183105,19
2967_1,True,,246.7572327,9
2967_2,False,,246.7572327,9
2967_3,False,,246.7572327,9
2967_4,False,,246.7572327,9
2967_5,False,,246.7572327,9
2967_6,False,,246.7572327,9
2967_7,False,,246.7572327,9
2968_1,True,,98.63277435,49
2968_2,False,,98.63277435,49
2968_3,False,,98.63277435,49
2968_4,False,,98.63277435,49
2969_1,True,,965.7528687,21
2969_2,False,,965.7528687,21
2969_3,False,,965.7528687,21
2969_4,False,,965.7528687,21
2970_1,True,,967.6044922,46
2970_2,False,,967.6044922,46
2970_3,False,,967.6044922,46
2971_1,True,,1233.071167,36
2971_2,False,,1233.071167,36
2971_3,False,,1233.071167,36
2971_4,False,,1233.071167,36
2972_1,True,,337.0183105,19
2973_1,True,,630.9721069,48
2973_2,False,,630.9721069,48
2974_1,True,,885.3502808,31
2974_2,False,,885.3502808,31
2974_3,False,,885.3502808,31
2974_4,False,,885.3502808,31
2975_1,True,,2515.033447,39
2975_2,False,,2515.033447,39
2975_3,False,,2515.033447,39
2975_4,False,,2515.033447,39
2976_1,True,,98.63276672,49
2976_2,False,,98.63276672,49
2976_3,False,,98.63276672,49
2977_1,True,,885.3502808,31
2977_2,False,,885.3502808,31
2978_1,True,,727.8068237,18
2978_2,False,,727.8068237,18
2978_3,False,,727.8068237,18
2979_1,True,,337.0183105,19
2979_2,False,,337.0183105,19
2980_1,True,,885.3502808,31
2980_2,False,,885.3502808,31
2980_3,False,,885.3502808,31
2980_4,False,,885.3502808,31
2980_5,False,,885.3502808,31
2980_6,False,,885.3502808,31
2980_7,False,,885.3502808,31
2981_1,True,,1233.071167,25
2981_2,False,,1233.071167,25
2982_1,True,,967.6044922,46
2982_2,False,,967.6044922,46
2982_3,False,,967.6044922,46
2982_4,False,,967.6044922,46
2983_1,True,,885.3502808,31
2983_2,False,,885.3502808,31
2984_1,True,,337.01828,19
2984_2,False,,337.01828,19
2984_3,False,,337.01828,19
2984_4,False,,337.01828,19
2985_1,True,,967.6045532,46
2985_2,False,,967.6045532,46
2985_3,False,,967.6045532,46
2986_1,True,,630.9720459,48
2986_2,False,,630.9720459,48
2986_3,False,,630.9720459,48
2986_4,False,,630.9720459,48
2987_1,True,,1440.142822,26
2987_2,False,,1440.142822,26
2987_3,False,,1440.142822,26
2988_1,True,,1440.142822,26
2988_2,False,,1440.142822,26
2988_3,False,,1440.142822,26
2989_1,True,,885.3502808,31
2989_2,False,,885.3502808,31
2989_3,False,,885.3502808,31
2989_4,False,,885.3502808,31
2990_1,True,,885.3502808,31
2990_2,False,,885.3502808,31
2990_3,False,,885.3502808,31
2990_4,False,,885.3502808,31
2991_1,True,,1328.794189,6
2991_2,False,,1328.794189,6
2991_3,False,,1328.794189,6
2992_1,True,,1328.794189,6
2992_2,False,,1328.794189,6
2993_1,True,,967.6044922,46
2993_2,False,,967.6044922,46
2993_3,False,,967.6044922,46
2994_1,True,,967.6044922,46
2994_2,False,,967.6044922,46
2995_1,True,,337.01828,19
2995_2,False,,337.01828,19
2995_3,False,,337.01828,19
2995_4,False,,337.01828,19
2995_5,False,,337.01828,19
2996_1,True,,246.7572174,9
2996_2,False,,246.7572174,9
2996_3,False,,246.7572174,9
2996_4,False,,246.7572174,9
2996_5,False,,246.7572174,9
2996_6,False,,246.7572174,9
2996_7,False,,246.7572174,9
2996_8,False,,246.7572174,9
2997_1,True,,337.0183105,19
2998_1,True,,885.3502808,31
2998_2,False,,885.3502808,31
2999_1,True,,727.8067627,18
2999_2,False,,727.8067627,18
2999_3,False,,727.8067627,18
3000_1,True,,337.0183105,19
3001_1,True,,337.01828,19
3001_2,False,,337.01828,19
3001_3,False,,337.01828,19
3001_4,False,,337.01828,19
3002_1,True,,885.3502808,31
3002_2,False,,885.3502808,31
3002_3,False,,885.3502808,31
3002_4,False,,885.3502808,31
3003_1,True,,967.6045532,46
3003_2,False,,967.6045532,46
3004_1,True,,885.3502808,31
3004_2,False,,885.3502808,31
3004_3,False,,885.3502808,31
3005_1,True,,727.8068237,18
3005_2,False,,727.8068237,18
3005_3,False,,727.8068237,18
3006_1,True,,246.7572174,9
3006_2,False,,246.7572174,9
3006_3,False,,246.7572174,9
3007_1,True,,1328.794312,6
3007_2,False,,1328.794312,6
3007_3,False,,1328.794312,6
3007_4,False,,1328.794312,6
3007_5,False,,1328.794312,6
3007_6,False,,1328.794312,6
3008_1,True,,337.0183105,19
3008_2,False,,337.0183105,19
3008_3,False,,337.0183105,19
3008_4,False,,337.0183105,19
3008_5,False,,337.0183105,19
3009_1,True,,1328.794189,6
3009_2,False,,1328.794189,6
3009_3,False,,1328.794189,6
3009_4,False,,1328.794189,6
3009_5,False,,1328.794189,6
3010_1,True,,1328.794312,6
3010_2,False,,1328.794312,6
3010_3,False,,1328.794312,6
3010_4,False,,1328.794312,6
3011_1,True,,1328.794312,6
3011_2,False,,1328.794312,6
3011_3,False,,1328.794312,6
3012_1,True,,1328.794189,6
3012_2,False,,1328.794189,6
3012_3,False,,1328.794189,6
3012_4,False,,1328.794189,6
3013_1,True,,965.7528687,21
3013_2,False,,965.7528687,21
3013_3,False,,965.7528687,21
3013_4,False,,965.7528687,21
3014_1,True,,965.7528687,21
3014_2,False,,965.7528687,21
3014_3,False,,965.7528687,21
3014_4,False,,965.7528687,21
3014_5,False,,965.7528687,21
3014_6,False,,965.7528687,21
3015_1,True,,1440.142822,26
3015_2,False,,1440.142822,26
3016_1,True,,967.6045532,46
3016_2,False,,967.6045532,46
3016_3,False,,967.6045532,46
3016_4,False,,967.6045532,46
3017_1,True,,967.6045532,46
3017_2,False,,967.6045532,46
3017_3,False,,967.6045532,46
3017_4,False,,967.6045532,46
3018_1,True,,1233.071167,17
3018_2,False,,1233.071167,17
3018_3,False,,1233.071167,17
3018_4,False,,1233.071167,17
3019_1,True,,98.63276672,49
3020_1,True,,1328.794312,6
3020_2,False,,1328.794312,6
3020_3,False,,1328.794312,6
3020_4,False,,1328.794312,6
3021_1,True,,1440.142822,26
3021_2,False,,1440.142822,26
3021_3,False,,1440.142822,26
3022_1,True,,98.63277435,49
3022_2,False,,98.63277435,49
3022_3,False,,98.63277435,49
3022_4,False,,98.63277435,49
3023_1,True,,630.9721069,48
3023_2,False,,630.9721069,48
3024_1,True,,337.0183105,19
3024_2,False,,337.0183105,19
3024_3,False,,337.0183105,19
3025_1,True,,337.01828,19
3025_2,False,,337.01828,19
3025_3,False,,337.01828,19
3025_4,False,,337.01828,19
3026_1,True,,2515.033447,39
3027_1,True,,246.7572327,9
3027_2,False,,246.7572327,9
3027_3,False,,246.7572327,9
3027_4,False,,246.7572327,9
3027_5,False,,246.7572327,9
3028_1,True,,98.63276672,49
3028_2,False,,98.63276672,49
3028_3,False,,98.63276672,49
3029_1,True,,885.3502808,31
3029_2,False,,885.3502808,31
3029_3,False,,885.3502808,31
3029_4,False,,885.3502808,31
3029_5,False,,885.3502808,31
3030_1,True,,98.63276672,49
3030_2,False,,98.63276672,49
3031_1,True,,2515.033447,39
3031_2,False,,2515.033447,39
3031_3,False,,2515.033447,39
3032_1,True,,2515.033447,39
3032_2,False,,2515.033447,39
3032_3,False,,2515.033447,39
3032_4,False,,2515.033447,39
3033_1,True,,2515.033691,39
3033_2,False,,2515.033691,39
3033_3,False,,2515.033691,39
3033_4,False,,2515.033691,39
3033_5,False,,2515.033691,39
3034_1,True,,1440.142822,26
3035_1,True,,337.01828,19
3035_2,False,,337.01828,19
3036_1,True,,1328.794312,6
3036_2,False,,1328.794312,6
3036_3,False,,1328.794312,6
3036_4,False,,1328.794312,6
3037_1,True,,1233.071167,25
3037_2,False,,1233.071167,25
3037_3,False,,1233.071167,25
3038_1,True,,885.3503418,31
3038_2,False,,885.3503418,31
3038_3,False,,885.3503418,31
3039_1,True,,246.7572327,9
3039_2,False,,246.7572327,9
3039_3,False,,246.7572327,9
3039_4,False,,246.7572327,9
3040_1,True,,1328.794189,6
3040_2,False,,1328.794189,6
3040_3,False,,1328.794189,6
3040_4,False,,1328.794189,6
3041_1,True,,885.3503418,31
3041_2,False,,885.3503418,31
3042_1,True,,337.0183105,19
3042_2,False,,337.0183105,19
3042_3,False,,337.0183105,19
3042_4,False,,337.0183105,19
3042_5,False,,337.0183105,19
3043_1,True,,1328.794189,6
3044_1,True,,246.7572327,9
3044_2,False,,246.7572327,9
3044_3,False,,246.7572327,9
3045_1,True,,337.0183105,19
3045_2,False,,337.0183105,19
3046_1,True,,630.9720459,48
3046_2,False,,630.9720459,48
3046_3,False,,630.9720459,48
3046_4,False,,630.9720459,48
3047_1,True,,965.7529297,21
3047_2,False,,965.7529297,21
3047_3,False,,965.7529297,21
3048_1,True,,965.7528687,21
3048_2,False,,965.7528687,21
3048_3,False,,965.7528687,21
3048_4,False,,965.7528687,21
3049_1,True,,885.3503418,31
3049_2,False,,885.3503418,31
3049_3,False,,885.3503418,31
3050_1,True,,885.3502808,31
3050_2,False,,885.3502808,31
3050_3,False,,885.3502808,31
3051_1,True,,2515.033447,39
3051_2,False,,2515.033447,39
3051_3,False,,2515.033447,39
3052_1,True,,246.7572174,9
3052_2,False,,246.7572174,9
3052_3,False,,246.7572174,9
3052_4,False,,246.7572174,9
3052_5,False,,246.7572174,9
3052_6,False,,246.7572174,9
3053_1,True,,727.8068237,18
3053_2,False,,727.8068237,18
3053_3,False,,727.8068237,18
3054_1,True,,1328.794312,6
3054_2,False,,1328.794312,6
3055_1,True,,246.7572174,9
3055_2,False,,246.7572174,9
3055_3,False,,246.7572174,9
3055_4,False,,246.7572174,9
3056_1,True,,1440.142822,26
3056_2,False,,1440.142822,26
3056_3,False,,1440.142822,26
3056_4,False,,1440.142822,26
3057_1,True,,337.01828,19
3057_2,False,,337.01828,19
3058_1,True,,727.8068237,18
3058_2,False,,727.8068237,18
3058_3,False,,727.8068237,18
3058_4,False,,727.8068237,18
3058_5,False,,727.8068237,18
3059_1,True,,1440.142822,26
3059_2,False,,1440.142822,26
3059_3,False,,1440.142822,26
3059_4,False,,1440.142822,26
3060_1,True,,1440.142822,26
3060_2,False,,1440.142822,26
3061_1,True,,965.7528687,21
3061_2,False,,965.7528687,21
3061_3,False,,965.7528687,21
3061_4,False,,965.7528687,21
3062_1,True,,337.01828,19
3063_1,True,,1440.142822,26
3063_2,False,,1440.142822,26
3064_1,True,,337.01828,19
3064_2,False,,337.01828,19
3064_3,False,,337.01828,19
3065_1,True,,1328.794312,6
3065_2,False,,1328.794312,6
3066_1,True,,727.8068237,18
3066_2,False,,727.8068237,18
3066_3,False,,727.8068237,18
3066_4,False,,727.8068237,18
3067_1,True,,1328.794189,6
3067_2,False,,1328.794189,6
3067_3,False,,1328.794189,6
3068_1,True,,98.63276672,49
3068_2,False,,98.63276672,49
3069_1,True,,885.3502808,31
3069_2,False,,885.3502808,31
3069_3,False,,885.3502808,31
3069_4,False,,885.3502808,31
3070_1,True,,967.6044922,46
3070_2,False,,967.6044922,46
3070_3,False,,967.6044922,46
3070_4,False,,967.6044922,46
3071_1,True,,1440.142822,26
3071_2,False,,1440.142822,26
3071_3,False,,1440.142822,26
3071_4,False,,1440.142822,26
3072_1,True,,1328.794312,6
3072_2,False,,1328.794312,6
3073_1,True,,1440.142822,26
3073_2,False,,1440.142822,26
3073_3,False,,1440.142822,26
3073_4,False,,1440.142822,26
3074_1,True,,630.9720459,48
3074_2,False,,630.9720459,48
3075_1,True,,1440.142822,26
3075_2,False,,1440.142822,26
3076_1,True,,965.7528687,21
3076_2,False,,965.7528687,21
3076_3,False,,965.7528687,21
3076_4,False,,965.7528687,21
3077_1,True,,1440.142944,26
3077_2,False,,1440.142944,26
3077_3,False,,1440.142944,26
3078_1,True,,630.9721069,48
3078_2,False,,630.9721069,48
3078_3,False,,630.9721069,48
3078_4,False,,630.9721069,48
3079_1,True,,2515.033447,39
3079_2,False,,2515.033447,39
3080_1,True,,967.6045532,46
3080_2,False,,967.6045532,46
3080_3,False,,967.6045532,46
3081_1,True,,885.3502808,31
3081_2,False,,885.3502808,31
3081_3,False,,885.3502808,31
3081_4,False,,885.3502808,31
3081_5,False,,885.3502808,31
3081_6,False,,885.3502808,31
3082_1,True,,1233.071167,45
3082_2,False,,1233.071167,45
3083_1,True,,1440.142822,26
3083_2,False,,1440.142822,26
3084_1,True,,885.3502808,31
3084_2,False,,885.3502808,31
3084_3,False,,885.3502808,31
3084_4,False,,885.3502808,31
3084_5,False,,885.3502808,31
3085_1,True,,1440.142822,26
3085_2,False,,1440.142822,26
3085_3,False,,1440.142822,26
3085_4,False,,1440.142822,26
3086_1,True,,727.8068237,18
3086_2,False,,727.8068237,18
3086_3,False,,727.8068237,18
3086_4,False,,727.8068237,18
3087_1,True,,967.6044922,46
3087_2,False,,967.6044922,46
3087_3,False,,967.6044922,46
3088_1,True,,337.01828,19
3088_2,False,,337.01828,19
3089_1,True,,337.01828,19
3089_2,False,,337.01828,19
3089_3,False,,337.01828,19
3089_4,False,,337.01828,19
3090_1,True,,727.8068237,18
3090_2,False,,727.8068237,18
3090_3,False,,727.8068237,18
3090_4,False,,727.8068237,18
3091_1,True,,1233.071167,45
3091_2,False,,1233.071167,45
3092_1,True,,2515.033447,39
3092_2,False,,2515.033447,39
3092_3,False,,2515.033447,39
3093_1,True,,1440.142822,26
3093_2,False,,1440.142822,26
3093_3,False,,1440.142822,26
3093_4,False,,1440.142822,26
3094_1,True,,1440.142822,26
3094_2,False,,1440.142822,26
3094_3,False,,1440.142822,26
3094_4,False,,1440.142822,26
3095_1,True,,727.8068237,18
3095_2,False,,727.8068237,18
3095_3,False,,727.8068237,18
3095_4,False,,727.8068237,18
3095_5,False,,727.8068237,18
3095_6,False,,727.8068237,18
3095_7,False,,727.8068237,18
3096_1,True,,1440.142822,26
3096_2,False,,1440.142822,26
3096_3,False,,1440.142822,26
3096_4,False,,1440.142822,26
3097_1,True,,885.3502808,31
3097_2,False,,885.3502808,31
3097_3,False,,885.3502808,31
3097_4,False,,885.3502808,31
3098_1,True,,337.0183105,19
3098_2,False,,337.0183105,19
3098_3,False,,337.0183105,19
3098_4,False,,337.0183105,19
3099_1,True,,965.7528687,21
3099_2,False,,965.7528687,21
3100_1,True,,2515.033447,39
3100_2,False,,2515.033447,39
3100_3,False,,2515.033447,39
3100_4,False,,2515.033447,39
3100_5,False,,2515.033447,39
3100_6,False,,2515.033447,39
3100_7,False,,2515.033447,39
3101_1,True,,1328.794312,6
3101_2,False,,1328.794312,6
3102_1,True,,727.8068237,18
3103_1,True,,1440.142822,26
3104_1,True,,2515.033447,39
3104_2,False,,2515.033447,39
3105_1,True,,2515.033447,39
3105_2,False,,2515.033447,39
3106_1,True,,885.3502808,31
3106_2,False,,885.3502808,31
3106_3,False,,885.3502808,31
3107_1,True,,885.3502808,31
3107_2,False,,885.3502808,31
3107_3,False,,885.3502808,31
3107_4,False,,885.3502808,31
3108_1,True,,246.7572174,9
3108_2,False,,246.7572174,9
3108_3,False,,246.7572174,9
3109_1,True,,727.8068237,18
3109_2,False,,727.8068237,18
3110_1,True,,1233.071167,10
3110_2,False,,1233.071167,10
3110_3,False,,1233.071167,10
3111_1,True,,965.7528687,21
3111_2,False,,965.7528687,21
3111_3,False,,965.7528687,21
3112_1,True,,2515.033447,39
3112_2,False,,2515.033447,39
3113_1,True,,630.9720459,48
3113_2,False,,630.9720459,48
3113_3,False,,630.9720459,48
3113_4,False,,630.9720459,48
3114_1,True,,246.7572327,9
3114_2,False,,246.7572327,9
3114_3,False,,246.7572327,9
3114_4,False,,246.7572327,9
3114_5,False,,246.7572327,9
3115_1,True,,1440.142944,26
3115_2,False,,1440.142944,26
3115_3,False,,1440.142944,26
3115_4,False,,1440.142944,26
3115_5,False,,1440.142944,26
3116_1,True,,1328.794312,6
3116_2,False,,1328.794312,6
3116_3,False,,1328.794312,6
3116_4,False,,1328.794312,6
3116_5,False,,1328.794312,6
3117_1,True,,1233.071167,17
3117_2,False,,1233.071167,17
3117_3,False,,1233.071167,17
3118_1,True,,885.3502808,31
3118_2,False,,885.3502808,31
3118_3,False,,885.3502808,31
3118_4,False,,885.3502808,31
3119_1,True,,1328.794189,6
3119_2,False,,1328.794189,6
3119_3,False,,1328.794189,6
3120_1,True,,246.7572327,9
3120_2,False,,246.7572327,9
3120_3,False,,246.7572327,9
3121_1,True,,965.7528687,21
3121_2,False,,965.7528687,21
3121_3,False,,965.7528687,21
3121_4,False,,965.7528687,21
3121_5,False,,965.7528687,21
3122_1,True,,1233.071167,12
3122_2,False,,1233.071167,12
3122_3,False,,1233.071167,12
3123_1,True,,965.7528687,21
3123_2,False,,965.7528687,21
3123_3,False,,965.7528687,21
3123_4,False,,965.7528687,21
3124_1,True,,246.7572174,9
3124_2,False,,246.7572174,9
3125_1,True,,630.9721069,48
3125_2,False,,630.9721069,48
3125_3,False,,630.9721069,48
3126_1,True,,1233.071167,20
3126_2,False,,1233.071167,20
3126_3,False,,1233.071167,20
3126_4,False,,1233.071167,20
3127_1,True,,246.7572174,9
3127_2,False,,246.7572174,9
3127_3,False,,246.7572174,9
3127_4,False,,246.7572174,9
3128_1,True,,885.3502808,31
3128_2,False,,885.3502808,31
3128_3,False,,885.3502808,31
3128_4,False,,885.3502808,31
3128_5,False,,885.3502808,31
3129_1,True,,1440.142822,26
3129_2,False,,1440.142822,26
3130_1,True,,246.7572174,9
3130_2,False,,246.7572174,9
3130_3,False,,246.7572174,9
3130_4,False,,246.7572174,9
3131_1,True,,98.63276672,49
3131_2,False,,98.63276672,49
3132_1,True,,1328.794189,6
3132_2,False,,1328.794189,6
3132_3,False,,1328.794189,6
3133_1,True,,98.63276672,49
3133_2,False,,98.63276672,49
3133_3,False,,98.63276672,49
3133_4,False,,98.63276672,49
3133_5,False,,98.63276672,49
3133_6,False,,98.63276672,49
3134_1,True,,885.3502808,31
3134_2,False,,885.3502808,31
3134_3,False,,885.3502808,31
3135_1,True,,337.01828,19
3135_2,False,,337.01828,19
3135_3,False,,337.01828,19
3136_1,True,,727.8068237,18
3136_2,False,,727.8068237,18
3136_3,False,,727.8068237,18
3137_1,True,,965.7528687,21
3137_2,False,,965.7528687,21
3137_3,False,,965.7528687,21
3137_4,False,,965.7528687,21
3137_5,False,,965.7528687,21
3138_1,True,,1233.071167,38
3138_2,False,,1233.071167,38
3138_3,False,,1233.071167,38
3139_1,True,,965.7528687,21
3139_2,False,,965.7528687,21
3139_3,False,,965.7528687,21
3140_1,True,,727.8068237,18
3140_2,False,,727.8068237,18
3140_3,False,,727.8068237,18
3140_4,False,,727.8068237,18
3141_1,True,,246.7572174,9
3141_2,False,,246.7572174,9
3142_1,True,,1328.794312,6
3142_2,False,,1328.794312,6
3143_1,True,,1440.142822,26
3143_2,False,,1440.142822,26
3143_3,False,,1440.142822,26
3143_4,False,,1440.142822,26
3143_5,False,,1440.142822,26
3144_1,True,,2515.033447,39
3144_2,False,,2515.033447,39
3145_1,True,,98.63276672,49
3145_2,False,,98.63276672,49
3145_3,False,,98.63276672,49
3146_1,True,,337.0183105,19
3146_2,False,,337.0183105,19
3146_3,False,,337.0183105,19
3146_4,False,,337.0183105,19
3147_1,True,,2515.033691,39
3148_1,True,,727.8068237,18
3148_2,False,,727.8068237,18
3148_3,False,,727.8068237,18
3148_4,False,,727.8068237,18
3148_5,False,,727.8068237,18
3149_1,True,,1233.071167,10
3149_2,False,,1233.071167,10
3149_3,False,,1233.071167,10
3149_4,False,,1233.071167,10
3150_1,True,,885.3502808,31
3150_2,False,,885.3502808,31
3150_3,False,,885.3502808,31
3150_4,False,,885.3502808,31
3151_1,True,,965.7528687,21
3151_2,False,,965.7528687,21
3151_3,False,,965.7528687,21
3151_4,False,,965.7528687,21
3152_1,True,,1440.142822,26
3152_2,False,,1440.142822,26
3152_3,False,,1440.142822,26
3152_4,False,,1440.142822,26
3153_1,True,,337.01828,19
3153_2,False,,337.01828,19
3154_1,True,,1328.794312,6
3154_2,False,,1328.794312,6
3154_3,False,,1328.794312,6
3154_4,False,,1328.794312,6
3154_5,False,,1328.794312,6
3155_1,True,,1328.794312,6
3155_2,False,,1328.794312,6
3155_3,False,,1328.794312,6
3156_1,True,,246.7572174,9
3156_2,False,,246.7572174,9
3156_3,False,,246.7572174,9
3157_1,True,,727.8068237,18
3157_2,False,,727.8068237,18
3157_3,False,,727.8068237,18
3158_1,True,,885.3503418,31
3158_2,False,,885.3503418,31
3158_3,False,,885.3503418,31
3159_1,True,,246.7572174,9
3159_2,False,,246.7572174,9
3159_3,False,,246.7572174,9
3160_1,True,,337.0183105,19
3160_2,False,,337.0183105,19
3160_3,False,,337.0183105,19
3160_4,False,,337.0183105,19
3161_1,True,,965.7529297,21
3161_2,False,,965.7529297,21
3161_3,False,,965.7529297,21
3161_4,False,,965.7529297,21
3162_1,True,,337.0183105,19
3162_2,False,,337.0183105,19
3162_3,False,,337.0183105,19
3163_1,True,,967.6044922,46
3163_2,False,,967.6044922,46
3163_3,False,,967.6044922,46
3164_1,True,,965.7529297,21
3164_2,False,,965.7529297,21
3165_1,True,,98.63277435,49
3165_2,False,,98.63277435,49
3166_1,True,,1440.142822,26
3166_2,False,,1440.142822,26
3166_3,False,,1440.142822,26
3166_4,False,,1440.142822,26
3166_5,False,,1440.142822,26
3167_1,True,,967.6045532,46
3167_2,False,,967.6045532,46
3167_3,False,,967.6045532,46
3167_4,False,,967.6045532,46
3168_1,True,,727.8068237,18
3168_2,False,,727.8068237,18
3169_1,True,,965.7528687,21
3169_2,False,,965.7528687,21
3169_3,False,,965.7528687,21
3170_1,True,,2515.033447,39
3171_1,True,,246.7572174,9
3171_2,False,,246.7572174,9
3171_3,False,,246.7572174,9
3171_4,False,,246.7572174,9
3172_1,True,,246.7572327,9
3172_2,False,,246.7572327,9
3172_3,False,,246.7572327,9
3172_4,False,,246.7572327,9
3173_1,True,,246.7572327,9
3173_2,False,,246.7572327,9
3173_3,False,,246.7572327,9
3173_4,False,,246.7572327,9
3173_5,False,,246.7572327,9
3173_6,False,,246.7572327,9
3174_1,True,,967.6045532,46
3174_2,False,,967.6045532,46
3175_1,True,,965.7528687,21
3175_2,False,,965.7528687,21
3175_3,False,,965.7528687,21
3175_4,False,,965.7528687,21
3175_5,False,,965.7528687,21
3176_1,True,,967.6044922,46
3177_1,True,,965.7528687,21
3177_2,False,,965.7528687,21
3177_3,False,,965.7528687,21
3177_4,False,,965.7528687,21
3178_1,True,,1328.794312,6
3178_2,False,,1328.794312,6
3178_3,False,,1328.794312,6
3178_4,False,,1328.794312,6
3179_1,True,,1233.071167,20
3179_2,False,,1233.071167,20
3179_3,False,,1233.071167,20
3179_4,False,,1233.071167,20
3179_5,False,,1233.071167,20
3180_1,True,,2515.033447,39
3180_2,False,,2515.033447,39
3181_1,True,,965.7528687,21
3181_2,False,,965.7528687,21
3181_3,False,,965.7528687,21
3182_1,True,,337.0183105,19
3182_2,False,,337.0183105,19
3182_3,False,,337.0183105,19
3182_4,False,,337.0183105,19
3182_5,False,,337.0183105,19
3182_6,False,,337.0183105,19
3182_7,False,,337.0183105,19
3183_1,True,,965.7528076,21
3183_2,False,,965.7528076,21
3183_3,False,,965.7528076,21
3183_4,False,,965.7528076,21
3184_1,True,,965.7528687,21
3184_2,False,,965.7528687,21
3185_1,True,,630.9720459,48
3185_2,False,,630.9720459,48
3185_3,False,,630.9720459,48
3185_4,False,,630.9720459,48
3186_1,True,,965.7528687,21
3186_2,False,,965.7528687,21
3186_3,False,,965.7528687,21
3186_4,False,,965.7528687,21
3187_1,True,,337.01828,19
3187_2,False,,337.01828,19
3187_3,False,,337.01828,19
3187_4,False,,337.01828,19
3188_1,True,,727.8068237,18
3188_2,False,,727.8068237,18
3188_3,False,,727.8068237,18
3189_1,True,,1440.142822,26
3189_2,False,,1440.142822,26
3189_3,False,,1440.142822,26
3190_1,True,,1440.142822,26
3190_2,False,,1440.142822,26
3190_3,False,,1440.142822,26
3191_1,True,,98.63276672,49
3191_2,False,,98.63276672,49
3191_3,False,,98.63276672,49
3192_1,True,,2515.033691,39
3193_1,True,,967.6045532,46
3193_2,False,,967.6045532,46
3193_3,False,,967.6045532,46
3193_4,False,,967.6045532,46
3193_5,False,,967.6045532,46
3193_6,False,,967.6045532,46
3194_1,True,,1440.142822,26
3194_2,False,,1440.142822,26
3195_1,True,,337.01828,19
3195_2,False,,337.01828,19
3195_3,False,,337.01828,19
3195_4,False,,337.01828,19
3196_1,True,,1328.794312,6
3196_2,False,,1328.794312,6
3197_1,True,,965.7528687,21
3197_2,False,,965.7528687,21
3197_3,False,,965.7528687,21
3197_4,False,,965.7528687,21
3198_1,True,,1328.794312,6
3198_2,False,,1328.794312,6
3198_3,False,,1328.794312,6
3198_4,False,,1328.794312,6
3198_5,False,,1328.794312,6
3198_6,False,,1328.794312,6
3199_1,True,,1233.071167,33
3199_2,False,,1233.071167,33
3200_1,True,,1440.142944,26
3200_2,False,,1440.142944,26
3200_3,False,,1440.142944,26
3200_4,False,,1440.142944,26
3201_1,True,,337.0183105,19
3201_2,False,,337.0183105,19
3202_1,True,,337.01828,19
3202_2,False,,337.01828,19
3202_3,False,,337.01828,19
3202_4,False,,337.01828,19
3203_1,True,,246.7572174,9
3203_2,False,,246.7572174,9
3203_3,False,,246.7572174,9
3204_1,True,,1328.794312,6
3204_2,False,,1328.794312,6
3204_3,False,,1328.794312,6
3205_1,True,,246.7572174,9
3205_2,False,,246.7572174,9
3205_3,False,,246.7572174,9
3205_4,False,,246.7572174,9
3205_5,False,,246.7572174,9
3206_1,True,,967.6044922,46
3206_2,False,,967.6044922,46
3206_3,False,,967.6044922,46
3206_4,False,,967.6044922,46
3207_1,True,,2515.033447,39
3207_2,False,,2515.033447,39
3207_3,False,,2515.033447,39
3207_4,False,,2515.033447,39
3208_1,True,,965.7528687,21
3209_1,True,,727.8068237,18
3209_2,False,,727.8068237,18
3209_3,False,,727.8068237,18
3209_4,False,,727.8068237,18
3210_1,True,,965.7528687,21
3210_2,False,,965.7528687,21
3210_3,False,,965.7528687,21
3211_1,True,,885.3502808,31
3211_2,False,,885.3502808,31
3211_3,False,,885.3502808,31
3211_4,False,,885.3502808,31
3211_5,False,,885.3502808,31
3212_1,True,,967.6044922,46
3212_2,False,,967.6044922,46
3212_3,False,,967.6044922,46
3212_4,False,,967.6044922,46
3213_1,True,,2515.033447,39
3213_2,False,,2515.033447,39
3213_3,False,,2515.033447,39
3213_4,False,,2515.033447,39
3214_1,True,,727.8067627,18
3214_2,False,,727.8067627,18
3214_3,False,,727.8067627,18
3215_1,True,,965.7528687,21
3215_2,False,,965.7528687,21
3215_3,False,,965.7528687,21
3215_4,False,,965.7528687,21
3216_1,True,,630.9720459,48
3216_2,False,,630.9720459,48
3216_3,False,,630.9720459,48
3216_4,False,,630.9720459,48
3217_1,True,,965.7529297,21
3217_2,False,,965.7529297,21
3217_3,False,,965.7529297,21
3218_1,True,,965.7528687,21
3218_2,False,,965.7528687,21
3218_3,False,,965.7528687,21
3219_1,True,,885.3502808,31
3219_2,False,,885.3502808,31
3219_3,False,,885.3502808,31
3219_4,False,,885.3502808,31
3220_1,True,,2515.033447,39
3220_2,False,,2515.033447,39
3221_1,True,,98.63276672,49
3221_2,False,,98.63276672,49
3221_3,False,,98.63276672,49
3221_4,False,,98.63276672,49
3222_1,True,,337.01828,19
3222_2,False,,337.01828,19
3222_3,False,,337.01828,19
3222_4,False,,337.01828,19
3223_1,True,,727.8068237,18
3224_1,True,,630.9721069,48
3224_2,False,,630.9721069,48
3224_3,False,,630.9721069,48
3225_1,True,,337.01828,19
3225_2,False,,337.01828,19
3226_1,True,,1440.142822,26
3226_2,False,,1440.142822,26
3227_1,True,,967.6044922,46
3227_2,False,,967.6044922,46
3228_1,True,,98.63276672,49
3228_2,False,,98.63276672,49
3229_1,True,,965.7528687,21
3229_2,False,,965.7528687,21
3229_3,False,,965.7528687,21
3229_4,False,,965.7528687,21
3229_5,False,,965.7528687,21
3229_6,False,,965.7528687,21
3230_1,True,,630.9721069,48
3230_2,False,,630.9721069,48
3230_3,False,,630.9721069,48
3231_1,True,,1328.794312,6
3231_2,False,,1328.794312,6
3231_3,False,,1328.794312,6
3232_1,True,,630.9720459,48
3232_2,False,,630.9720459,48
3233_1,True,,98.63276672,49
3233_2,False,,98.63276672,49
3234_1,True,,246.7572327,9
3234_2,False,,246.7572327,9
3235_1,True,,1440.142822,26
3235_2,False,,1440.142822,26
3235_3,False,,1440.142822,26
3235_4,False,,1440.142822,26
3235_5,False,,1440.142822,26
3235_6,False,,1440.142822,26
3235_7,False,,1440.142822,26
3235_8,False,,1440.142822,26
3236_1,True,,727.8068237,18
3236_2,False,,727.8068237,18
3236_3,False,,727.8068237,18
3236_4,False,,727.8068237,18
3236_5,False,,727.8068237,18
3237_1,True,,1328.794312,6
3237_2,False,,1328.794312,6
3237_3,False,,1328.794312,6
3237_4,False,,1328.794312,6
3237_5,False,,1328.794312,6
3238_1,True,,967.6044922,46
3238_2,False,,967.6044922,46
3239_1,True,,727.8068237,18
3239_2,False,,727.8068237,18
3239_3,False,,727.8068237,18
3239_4,False,,727.8068237,18
3240_1,True,,1328.794312,6
3240_2,False,,1328.794312,6
3240_3,False,,1328.794312,6
3241_1,True,,246.7572174,9
3241_2,False,,246.7572174,9
3241_3,False,,246.7572174,9
3242_1,True,,965.7528076,21
3242_2,False,,965.7528076,21
3242_3,False,,965.7528076,21
3242_4,False,,965.7528076,21
3243_1,True,,965.7528687,21
3243_2,False,,965.7528687,21
3243_3,False,,965.7528687,21
3243_4,False,,965.7528687,21
3244_1,True,,2515.033447,39
3245_1,True,,630.9720459,48
3245_2,False,,630.9720459,48
3245_3,False,,630.9720459,48
3246_1,True,,337.0183105,19
3246_2,False,,337.0183105,19
3246_3,False,,337.0183105,19
3246_4,False,,337.0183105,19
3246_5,False,,337.0183105,19
3247_1,True,,967.6045532,46
3247_2,False,,967.6045532,46
3247_3,False,,967.6045532,46
3247_4,False,,967.6045532,46
3247_5,False,,967.6045532,46
3247_6,False,,967.6045532,46
3248_1,True,,885.3502808,31
3248_2,False,,885.3502808,31
3249_1,True,,2515.033447,39
3249_2,False,,2515.033447,39
3249_3,False,,2515.033447,39
3250_1,True,,246.7572174,9
3250_2,False,,246.7572174,9
3250_3,False,,246.7572174,9
3251_1,True,,965.7528687,21
3251_2,False,,965.7528687,21
3251_3,False,,965.7528687,21
3252_1,True,,1233.071167,12
3252_2,False,,1233.071167,12
3252_3,False,,1233.071167,12
3253_1,True,,885.3502808,31
3253_2,False,,885.3502808,31
3253_3,False,,885.3502808,31
3253_4,False,,885.3502808,31
3254_1,True,,2515.033691,39
3254_2,False,,2515.033691,39
3254_3,False,,2515.033691,39
3255_1,True,,1440.142822,26
3255_2,False,,1440.142822,26
3255_3,False,,1440.142822,26
3256_1,True,,965.7528687,21
3256_2,False,,965.7528687,21
3257_1,True,,1440.142944,26
3257_2,False,,1440.142944,26
3257_3,False,,1440.142944,26
3257_4,False,,1440.142944,26
3258_1,True,,727.8068237,18
3258_2,False,,727.8068237,18
3259_1,True,,630.9720459,48
3259_2,False,,630.9720459,48
3259_3,False,,630.9720459,48
3259_4,False,,630.9720459,48
3259_5,False,,630.9720459,48
3259_6,False,,630.9720459,48
3260_1,True,,1328.794189,6
3260_2,False,,1328.794189,6
3261_1,True,,337.01828,19
3261_2,False,,337.01828,19
3261_3,False,,337.01828,19
3261_4,False,,337.01828,19
3262_1,True,,1440.142944,26
3262_2,False,,1440.142944,26
3263_1,True,,1328.794312,6
3263_2,False,,1328.794312,6
3263_3,False,,1328.794312,6
3264_1,True,,630.9720459,48
3264_2,False,,630.9720459,48
3264_3,False,,630.9720459,48
3264_4,False,,630.9720459,48
3264_5,False,,630.9720459,48
3265_1,True,,337.0183105,19
3265_2,False,,337.0183105,19
3265_3,False,,337.0183105,19
3266_1,True,,1233.071167,25
3266_2,False,,1233.071167,25
3266_3,False,,1233.071167,25
3266_4,False,,1233.071167,25
3266_5,False,,1233.071167,25
3266_6,False,,1233.071167,25
3267_1,True,,1233.071167,12
3267_2,False,,1233.071167,12
3267_3,False,,1233.071167,12
3267_4,False,,1233.071167,12
3268_1,True,,1233.071167,33
3268_2,False,,1233.071167,33
3268_3,False,,1233.071167,33
3268_4,False,,1233.071167,33
3269_1,True,,1233.071167,20
3269_2,False,,1233.071167,20
3270_1,True,,1440.142822,26
3270_2,False,,1440.142822,26
3270_3,False,,1440.142822,26
3270_4,False,,1440.142822,26
3271_1,True,,2515.033447,39
3272_1,True,,885.3502808,31
3272_2,False,,885.3502808,31
3272_3,False,,885.3502808,31
3273_1,True,,727.8068237,18
3273_2,False,,727.8068237,18
3273_3,False,,727.8068237,18
3273_4,False,,727.8068237,18
3274_1,True,,98.63277435,49
3274_2,False,,98.63277435,49
3274_3,False,,98.63277435,49
3275_1,True,,1440.142822,26
3276_1,True,,965.7528687,21
3276_2,False,,965.7528687,21
3277_1,True,,885.3502808,31
3277_2,False,,885.3502808,31
3278_1,True,,965.7528687,21
3278_2,False,,965.7528687,21
3278_3,False,,965.7528687,21
3278_4,False,,965.7528687,21
3279_1,True,,98.63276672,49
3279_2,False,,98.63276672,49
3280_1,True,,2515.033447,39
3281_1,True,,98.63276672,49
3281_2,False,,98.63276672,49
3282_1,True,,337.0183105,19
3282_2,False,,337.0183105,19
3282_3,False,,337.0183105,19
3283_1,True,,727.8068237,18
3283_2,False,,727.8068237,18
3283_3,False,,727.8068237,18
3284_1,True,,2515.033691,39
3284_2,False,,2515.033691,39
3285_1,True,,885.3502197,31
3286_1,True,,965.7528687,21
3286_2,False,,965.7528687,21
3286_3,False,,965.7528687,21
3287_1,True,,246.7572174,9
3287_2,False,,246.7572174,9
3287_3,False,,246.7572174,9
3287_4,False,,246.7572174,9
3288_1,True,,246.7572174,9
3289_1,True,,967.6044922,46
3289_2,False,,967.6044922,46
3289_3,False,,967.6044922,46
3289_4,False,,967.6044922,46
3289_5,False,,967.6044922,46
3290_1,True,,2515.033447,39
3290_2,False,,2515.033447,39
3290_3,False,,2515.033447,39
3290_4,False,,2515.033447,39
3291_1,True,,1233.071167,33
3291_2,False,,1233.071167,33
3292_1,True,,1233.071167,25
3292_2,False,,1233.071167,25
3292_3,False,,1233.071167,25
3293_1,True,,1233.071167,45
3293_2,False,,1233.071167,45
3293_3,False,,1233.071167,45
3293_4,False,,1233.071167,45
3294_1,True,,1328.794189,6
3294_2,False,,1328.794189,6
3294_3,False,,1328.794189,6
3295_1,True,,727.8068237,18
3295_2,False,,727.8068237,18
3295_3,False,,727.8068237,18
3296_1,True,,965.7529297,21
3296_2,False,,965.7529297,21
3296_3,False,,965.7529297,21
3297_1,True,,630.9720459,48
3297_2,False,,630.9720459,48
3298_1,True,,337.0183105,19
3298_2,False,,337.0183105,19
3298_3,False,,337.0183105,19
3298_4,False,,337.0183105,19
3298_5,False,,337.0183105,19
3298_6,False,,337.0183105,19
3298_7,False,,337.0183105,19
3298_8,False,,337.0183105,19
3298_9,False,,337.0183105,19
3299_1,True,,246.7572327,9
3300_1,True,,246.7572327,9
3300_2,False,,246.7572327,9
3301_1,True,,1233.071167,41
3301_2,False,,1233.071167,41
3301_3,False,,1233.071167,41
3301_4,False,,1233.071167,41
3302_1,True,,98.63276672,49
3302_2,False,,98.63276672,49
3302_3,False,,98.63276672,49
3303_1,True,,965.7528076,21
3303_2,False,,965.7528076,21
3303_3,False,,965.7528076,21
3303_4,False,,965.7528076,21
3304_1,True,,337.0183105,19
3304_2,False,,337.0183105,19
3304_3,False,,337.0183105,19
3305_1,True,,98.63276672,49
3305_2,False,,98.63276672,49
3305_3,False,,98.63276672,49
3306_1,True,,885.3502808,31
3306_2,False,,885.3502808,31
3306_3,False,,885.3502808,31
3307_1,True,,727.8068237,18
3307_2,False,,727.8068237,18
3307_3,False,,727.8068237,18
3307_4,False,,727.8068237,18
3307_5,False,,727.8068237,18
3308_1,True,,885.3502808,31
3308_2,False,,885.3502808,31
3309_1,True,,98.63277435,49
3309_2,False,,98.63277435,49
3310_1,True,,337.0183105,19
3310_2,False,,337.0183105,19
3310_3,False,,337.0183105,19
3310_4,False,,337.0183105,19
3311_1,True,,2515.033447,39
3312_1,True,,965.7528687,21
3312_2,False,,965.7528687,21
3312_3,False,,965.7528687,21
3313_1,True,,965.7529297,21
3313_2,False,,965.7529297,21
3313_3,False,,965.7529297,21
3313_4,False,,965.7529297,21
3313_5,False,,965.7529297,21
3313_6,False,,965.7529297,21
3313_7,False,,965.7529297,21
3313_8,False,,965.7529297,21
3313_9,False,,965.7529297,21
3313_10,False,,965.7529297,21
3313_11,False,,965.7529297,21
3313_12,False,,965.7529297,21
3314_1,True,,246.7572327,9
3314_2,False,,246.7572327,9
3314_3,False,,246.7572327,9
3314_4,False,,246.7572327,9
3315_1,True,,965.7529297,21
3315_2,False,,965.7529297,21
3316_1,True,,1328.794312,6
3316_2,False,,1328.794312,6
3316_3,False,,1328.794312,6
3317_1,True,,98.63276672,49
3317_2,False,,98.63276672,49
3318_1,True,,885.3502808,31
3318_2,False,,885.3502808,31
3319_1,True,,967.6044922,46
3319_2,False,,967.6044922,46
3319_3,False,,967.6044922,46
3319_4,False,,967.6044922,46
3320_1,True,,98.63276672,49
3320_2,False,,98.63276672,49
3321_1,True,,967.6045532,46
3321_2,False,,967.6045532,46
3322_1,True,,337.0183105,19
3322_2,False,,337.0183105,19
3322_3,False,,337.0183105,19
3322_4,False,,337.0183105,19
3322_5,False,,337.0183105,19
3323_1,True,,727.8068237,18
3323_2,False,,727.8068237,18
3323_3,False,,727.8068237,18
3324_1,True,,2515.033447,39
3324_2,False,,2515.033447,39
3324_3,False,,2515.033447,39
3324_4,False,,2515.033447,39
3325_1,True,,1440.142822,26
3326_1,True,,1328.794189,6
3327_1,True,,965.7528687,21
3327_2,False,,965.7528687,21
3327_3,False,,965.7528687,21
3327_4,False,,965.7528687,21
3328_1,True,,965.7528687,21
3328_2,False,,965.7528687,21
3328_3,False,,965.7528687,21
3329_1,True,,630.9721069,48
3329_2,False,,630.9721069,48
3330_1,True,,1440.142822,26
3330_2,False,,1440.142822,26
3330_3,False,,1440.142822,26
3330_4,False,,1440.142822,26
3330_5,False,,1440.142822,26
3330_6,False,,1440.142822,26
3330_7,False,,1440.142822,26
3330_8,False,,1440.142822,26
3331_1,True,,2515.033447,39
3331_2,False,,2515.033447,39
3331_3,False,,2515.033447,39
3332_1,True,,337.0183105,19
3332_2,False,,337.0183105,19
3333_1,True,,727.8068237,18
3333_2,False,,727.8068237,18
3334_1,True,,1440.142822,26
3334_2,False,,1440.142822,26
3334_3,False,,1440.142822,26
3334_4,False,,1440.142822,26
3334_5,False,,1440.142822,26
3334_6,False,,1440.142822,26
3335_1,True,,630.9720459,48
3335_2,False,,630.9720459,48
3335_3,False,,630.9720459,48
3336_1,True,,967.6044922,46
3336_2,False,,967.6044922,46
3337_1,True,,2515.033691,39
3337_2,False,,2515.033691,39
3337_3,False,,2515.033691,39
3337_4,False,,2515.033691,39
3337_5,False,,2515.033691,39
3338_1,True,,98.63276672,49
3338_2,False,,98.63276672,49
3338_3,False,,98.63276672,49
3338_4,False,,98.63276672,49
3339_1,True,,1440.142822,26
3339_2,False,,1440.142822,26
3339_3,False,,1440.142822,26
3339_4,False,,1440.142822,26
3339_5,False,,1440.142822,26
3340_1,True,,337.0183105,19
3340_2,False,,337.0183105,19
3341_1,True,,727.8068237,18
3341_2,False,,727.8068237,18
3341_3,False,,727.8068237,18
3342_1,True,,967.6044922,46
3342_2,False,,967.6044922,46
3342_3,False,,967.6044922,46
3343_1,True,,337.0183105,19
3343_2,False,,337.0183105,19
3343_3,False,,337.0183105,19
3344_1,True,,967.6044922,46
3344_2,False,,967.6044922,46
3344_3,False,,967.6044922,46
3345_1,True,,885.3502808,31
3345_2,False,,885.3502808,31
3345_3,False,,885.3502808,31
3346_1,True,,98.63276672,49
3346_2,False,,98.63276672,49
3346_3,False,,98.63276672,49
3346_4,False,,98.63276672,49
3347_1,True,,1328.794312,6
3347_2,False,,1328.794312,6
3347_3,False,,1328.794312,6
3347_4,False,,1328.794312,6
3348_1,True,,727.8068237,18
3348_2,False,,727.8068237,18
3348_3,False,,727.8068237,18
3348_4,False,,727.8068237,18
3348_5,False,,727.8068237,18
3348_6,False,,727.8068237,18
3349_1,True,,965.7528687,21
3349_2,False,,965.7528687,21
3350_1,True,,967.6044922,46
3350_2,False,,967.6044922,46
3351_1,True,,885.3502808,31
3351_2,False,,885.3502808,31
3351_3,False,,885.3502808,31
3351_4,False,,885.3502808,31
3352_1,True,,967.6045532,46
3352_2,False,,967.6045532,46
3352_3,False,,967.6045532,46
3353_1,True,,337.0183105,19
3353_2,False,,337.0183105,19
3353_3,False,,337.0183105,19
3353_4,False,,337.0183105,19
3354_1,True,,1233.071167,25
3354_2,False,,1233.071167,25
3354_3,False,,1233.071167,25
3354_4,False,,1233.071167,25
3354_5,False,,1233.071167,25
3355_1,True,,337.0183105,19
3355_2,False,,337.0183105,19
3355_3,False,,337.0183105,19
3356_1,True,,1328.794312,6
3356_2,False,,1328.794312,6
3356_3,False,,1328.794312,6
3357_1,True,,337.01828,19
3357_2,False,,337.01828,19
3357_3,False,,337.01828,19
3357_4,False,,337.01828,19
3358_1,True,,98.63276672,49
3358_2,False,,98.63276672,49
3358_3,False,,98.63276672,49
3359_1,True,,2515.033447,39
3359_2,False,,2515.033447,39
3359_3,False,,2515.033447,39
3359_4,False,,2515.033447,39
3359_5,False,,2515.033447,39
3360_1,True,,967.6044922,46
3361_1,True,,630.9720459,48
3361_2,False,,630.9720459,48
3361_3,False,,630.9720459,48
3361_4,False,,630.9720459,48
3362_1,True,,1328.794312,6
3362_2,False,,1328.794312,6
3362_3,False,,1328.794312,6
3362_4,False,,1328.794312,6
3362_5,False,,1328.794312,6
3363_1,True,,967.6045532,46
3363_2,False,,967.6045532,46
3363_3,False,,967.6045532,46
3364_1,True,,965.7528687,21
3364_2,False,,965.7528687,21
3364_3,False,,965.7528687,21
3365_1,True,,727.8068237,18
3365_2,False,,727.8068237,18
3366_1,True,,1440.142822,26
3366_2,False,,1440.142822,26
3366_3,False,,1440.142822,26
3366_4,False,,1440.142822,26
3367_1,True,,246.7572174,9
3367_2,False,,246.7572174,9
3367_3,False,,246.7572174,9
3367_4,False,,246.7572174,9
3368_1,True,,2515.033447,39
3368_2,False,,2515.033447,39
3368_3,False,,2515.033447,39
3368_4,False,,2515.033447,39
3369_1,True,,885.3502808,31
3369_2,False,,885.3502808,31
3370_1,True,,2515.033447,39
3370_2,False,,2515.033447,39
3371_1,True,,967.6044922,46
3371_2,False,,967.6044922,46
3372_1,True,,98.63276672,49
3372_2,False,,98.63276672,49
3373_1,True,,337.01828,19
3373_2,False,,337.01828,19
3373_3,False,,337.01828,19
3374_1,True,,885.3502808,31
3374_2,False,,885.3502808,31
3374_3,False,,885.3502808,31
3374_4,False,,885.3502808,31
3374_5,False,,885.3502808,31
3375_1,True,,1440.142822,26
3375_2,False,,1440.142822,26
3375_3,False,,1440.142822,26
3375_4,False,,1440.142822,26
3376_1,True,,967.6044922,46
3376_2,False,,967.6044922,46
3376_3,False,,967.6044922,46
3377_1,True,,630.9720459,48
3377_2,False,,630.9720459,48
3378_1,True,,1233.071167,41
3378_2,False,,1233.071167,41
3378_3,False,,1233.071167,41
3378_4,False,,1233.071167,41
3379_1,True,,1440.142822,26
3379_2,False,,1440.142822,26
3379_3,False,,1440.142822,26
3379_4,False,,1440.142822,26
3380_1,True,,1233.071167,10
3380_2,False,,1233.071167,10
3380_3,False,,1233.071167,10
3380_4,False,,1233.071167,10
3380_5,False,,1233.071167,10
3380_6,False,,1233.071167,10
3381_1,True,,1328.794312,6
3381_2,False,,1328.794312,6
3381_3,False,,1328.794312,6
3381_4,False,,1328.794312,6
3381_5,False,,1328.794312,6
3382_1,True,,727.8068237,18
3382_2,False,,727.8068237,18
3382_3,False,,727.8068237,18
3382_4,False,,727.8068237,18
3383_1,True,,727.8068237,18
3383_2,False,,727.8068237,18
3383_3,False,,727.8068237,18
3384_1,True,,885.3502808,31
3384_2,False,,885.3502808,31
3385_1,True,,2515.033447,39
3385_2,False,,2515.033447,39
3385_3,False,,2515.033447,39
3385_4,False,,2515.033447,39
3385_5,False,,2515.033447,39
3386_1,True,,965.7528687,21
3386_2,False,,965.7528687,21
3386_3,False,,965.7528687,21
3386_4,False,,965.7528687,21
3386_5,False,,965.7528687,21
3387_1,True,,967.6044922,46
3387_2,False,,967.6044922,46
3387_3,False,,967.6044922,46
3387_4,False,,967.6044922,46
3387_5,False,,967.6044922,46
3388_1,True,,2515.033691,39
3388_2,False,,2515.033691,39
3389_1,True,,1440.142822,26
3389_2,False,,1440.142822,26
3389_3,False,,1440.142822,26
3390_1,True,,1440.142822,26
3390_2,False,,1440.142822,26
3390_3,False,,1440.142822,26
3390_4,False,,1440.142822,26
3391_1,True,,1233.071167,38
3391_2,False,,1233.071167,38
3391_3,False,,1233.071167,38
3392_1,True,,727.8068237,18
3392_2,False,,727.8068237,18
3392_3,False,,727.8068237,18
3392_4,False,,727.8068237,18
3393_1,True,,885.3502808,31
3393_2,False,,885.3502808,31
3394_1,True,,1440.142944,26
3394_2,False,,1440.142944,26
3395_1,True,,965.7528687,21
3395_2,False,,965.7528687,21
3396_1,True,,630.9720459,48
3396_2,False,,630.9720459,48
3396_3,False,,630.9720459,48
3396_4,False,,630.9720459,48
3397_1,True,,2515.033447,39
3397_2,False,,2515.033447,39
3397_3,False,,2515.033447,39
3397_4,False,,2515.033447,39
3398_1,True,,1233.071167,38
3398_2,False,,1233.071167,38
3398_3,False,,1233.071167,38
3399_1,True,,885.3503418,31
3399_2,False,,885.3503418,31
3399_3,False,,885.3503418,31
3399_4,False,,885.3503418,31
3399_5,False,,885.3503418,31
3400_1,True,,1233.071167,10
3401_1,True,,727.8068237,18
3401_2,False,,727.8068237,18
3401_3,False,,727.8068237,18
3401_4,False,,727.8068237,18
3402_1,True,,337.01828,19
3402_2,False,,337.01828,19
3403_1,True,,1233.071167,35
3403_2,False,,1233.071167,35
3404_1,True,,630.9720459,48
3404_2,False,,630.9720459,48
3404_3,False,,630.9720459,48
3404_4,False,,630.9720459,48
3405_1,True,,337.0183105,19
3405_2,False,,337.0183105,19
3406_1,True,,630.9720459,48
3406_2,False,,630.9720459,48
3406_3,False,,630.9720459,48
3406_4,False,,630.9720459,48
3407_1,True,,630.9721069,48
3407_2,False,,630.9721069,48
3407_3,False,,630.9721069,48
3407_4,False,,630.9721069,48
3407_5,False,,630.9721069,48
3407_6,False,,630.9721069,48
3408_1,True,,727.8068237,18
3408_2,False,,727.8068237,18
3408_3,False,,727.8068237,18
3408_4,False,,727.8068237,18
3409_1,True,,885.3502808,31
3409_2,False,,885.3502808,31
3409_3,False,,885.3502808,31
3410_1,True,,727.8068237,18
3410_2,False,,727.8068237,18
3410_3,False,,727.8068237,18
3411_1,True,,630.9721069,48
3411_2,False,,630.9721069,48
3411_3,False,,630.9721069,48
3412_1,True,,1440.142822,26
3412_2,False,,1440.142822,26
3412_3,False,,1440.142822,26
3412_4,False,,1440.142822,26
3413_1,True,,337.0183105,19
3413_2,False,,337.0183105,19
3413_3,False,,337.0183105,19
3414_1,True,,885.3502808,31
3414_2,False,,885.3502808,31
3414_3,False,,885.3502808,31
3415_1,True,,965.7528076,21
3416_1,True,,630.9720459,48
3416_2,False,,630.9720459,48
3416_3,False,,630.9720459,48
3417_1,True,,967.6045532,46
3417_2,False,,967.6045532,46
3417_3,False,,967.6045532,46
3417_4,False,,967.6045532,46
3417_5,False,,967.6045532,46
3417_6,False,,967.6045532,46
3418_1,True,,2515.033447,39
3418_2,False,,2515.033447,39
3418_3,False,,2515.033447,39
3419_1,True,,630.9720459,48
3419_2,False,,630.9720459,48
3420_1,True,,1328.794312,6
3420_2,False,,1328.794312,6
3420_3,False,,1328.794312,6
3420_4,False,,1328.794312,6
3421_1,True,,630.9720459,48
3421_2,False,,630.9720459,48
3422_1,True,,630.9720459,48
3422_2,False,,630.9720459,48
3422_3,False,,630.9720459,48
3423_1,True,,885.3502808,31
3423_2,False,,885.3502808,31
3423_3,False,,885.3502808,31
3423_4,False,,885.3502808,31
3424_1,True,,1233.071167,14
3424_2,False,,1233.071167,14
3425_1,True,,98.63276672,49
3425_2,False,,98.63276672,49
3425_3,False,,98.63276672,49
3425_4,False,,98.63276672,49
3425_5,False,,98.63276672,49
3425_6,False,,98.63276672,49
3426_1,True,,967.6044922,46
3426_2,False,,967.6044922,46
3427_1,True,,727.8068237,18
3427_2,False,,727.8068237,18
3427_3,False,,727.8068237,18
3427_4,False,,727.8068237,18
3428_1,True,,965.7528687,21
3428_2,False,,965.7528687,21
3429_1,True,,98.63277435,49
3429_2,False,,98.63277435,49
3430_1,True,,1233.071167,38
3430_2,False,,1233.071167,38
3431_1,True,,727.8068237,18
3431_2,False,,727.8068237,18
3432_1,True,,1233.071167,10
3432_2,False,,1233.071167,10
3433_1,True,,630.9720459,48
3433_2,False,,630.9720459,48
3433_3,False,,630.9720459,48
3434_1,True,,246.7572174,9
3434_2,False,,246.7572174,9
3435_1,True,,98.63276672,49
3435_2,False,,98.63276672,49
3436_1,True,,1233.071167,35
3436_2,False,,1233.071167,35
3437_1,True,,1328.794312,6
3437_2,False,,1328.794312,6
3437_3,False,,1328.794312,6
3437_4,False,,1328.794312,6
3438_1,True,,967.6044922,46
3438_2,False,,967.6044922,46
3438_3,False,,967.6044922,46
3438_4,False,,967.6044922,46
3439_1,True,,885.3502808,31
3439_2,False,,885.3502808,31
3439_3,False,,885.3502808,31
3439_4,False,,885.3502808,31
3440_1,True,,246.7572327,9
3440_2,False,,246.7572327,9
3440_3,False,,246.7572327,9
3440_4,False,,246.7572327,9
3440_5,False,,246.7572327,9
3441_1,True,,1233.071167,25
3441_2,False,,1233.071167,25
3441_3,False,,1233.071167,25
3442_1,True,,246.7572174,9
3442_2,False,,246.7572174,9
3442_3,False,,246.7572174,9
3442_4,False,,246.7572174,9
3442_5,False,,246.7572174,9
3443_1,True,,965.7529297,21
3443_2,False,,965.7529297,21
3443_3,False,,965.7529297,21
3443_4,False,,965.7529297,21
3443_5,False,,965.7529297,21
3443_6,False,,965.7529297,21
3443_7,False,,965.7529297,21
3444_1,True,,1233.071167,45
3444_2,False,,1233.071167,45
3444_3,False,,1233.071167,45
3444_4,False,,1233.071167,45
3445_1,True,,727.8068237,18
3445_2,False,,727.8068237,18
3446_1,True,,246.7572174,9
3446_2,False,,246.7572174,9
3446_3,False,,246.7572174,9
3447_1,True,,337.01828,19
3447_2,False,,337.01828,19
3447_3,False,,337.01828,19
3447_4,False,,337.01828,19
3447_5,False,,337.01828,19
3447_6,False,,337.01828,19
3447_7,False,,337.01828,19
3448_1,True,,630.9720459,48
3449_1,True,,967.6044922,46
3450_1,True,,1328.794312,6
3450_2,False,,1328.794312,6
3450_3,False,,1328.794312,6
3451_1,True,,965.7529297,21
3451_2,False,,965.7529297,21
3451_3,False,,965.7529297,21
3451_4,False,,965.7529297,21
3452_1,True,,2515.033691,39
3453_1,True,,1233.071167,41
3453_2,False,,1233.071167,41
3453_3,False,,1233.071167,41
3454_1,True,,1233.071167,51
3454_2,False,,1233.071167,51
3455_1,True,,885.3502808,31
3455_2,False,,885.3502808,31
3456_1,True,,885.3502808,31
3456_2,False,,885.3502808,31
3456_3,False,,885.3502808,31
3457_1,True,,1328.794312,6
3457_2,False,,1328.794312,6
3457_3,False,,1328.794312,6
3457_4,False,,1328.794312,6
3458_1,True,,630.9721069,48
3458_2,False,,630.9721069,48
3458_3,False,,630.9721069,48
3458_4,False,,630.9721069,48
3458_5,False,,630.9721069,48
3459_1,True,,98.63276672,49
3459_2,False,,98.63276672,49
3459_3,False,,98.63276672,49
3460_1,True,,2515.033447,39
3460_2,False,,2515.033447,39
3461_1,True,,965.7528687,21
3461_2,False,,965.7528687,21
3461_3,False,,965.7528687,21
3462_1,True,,727.8068237,18
3462_2,False,,727.8068237,18
3463_1,True,,2515.033447,39
3464_1,True,,2515.033447,39
3464_2,False,,2515.033447,39
3464_3,False,,2515.033447,39
3464_4,False,,2515.033447,39
3465_1,True,,1233.071167,10
3465_2,False,,1233.071167,10
3465_3,False,,1233.071167,10
3465_4,False,,1233.071167,10
3466_1,True,,246.7572327,9
3466_2,False,,246.7572327,9
3466_3,False,,246.7572327,9
3466_4,False,,246.7572327,9
3467_1,True,,246.7572174,9
3467_2,False,,246.7572174,9
3467_3,False,,246.7572174,9
3467_4,False,,246.7572174,9
3468_1,True,,98.63277435,49
3468_2,False,,98.63277435,49
3468_3,False,,98.63277435,49
3468_4,False,,98.63277435,49
3468_5,False,,98.63277435,49
3469_1,True,,1440.142822,26
3470_1,True,,965.7529297,21
3470_2,False,,965.7529297,21
3470_3,False,,965.7529297,21
3470_4,False,,965.7529297,21
3471_1,True,,727.8068237,18
3471_2,False,,727.8068237,18
3471_3,False,,727.8068237,18
3471_4,False,,727.8068237,18
3472_1,True,,965.7528687,21
3472_2,False,,965.7528687,21
3472_3,False,,965.7528687,21
3473_1,True,,1440.142822,26
3473_2,False,,1440.142822,26
3473_3,False,,1440.142822,26
3473_4,False,,1440.142822,26
3473_5,False,,1440.142822,26
3474_1,True,,1233.071167,44
3474_2,False,,1233.071167,44
3474_3,False,,1233.071167,44
3475_1,True,,98.63276672,49
3475_2,False,,98.63276672,49
3476_1,True,,246.7572327,9
3476_2,False,,246.7572327,9
3476_3,False,,246.7572327,9
3476_4,False,,246.7572327,9
3476_5,False,,246.7572327,9
3476_6,False,,246.7572327,9
3477_1,True,,727.8068237,18
3477_2,False,,727.8068237,18
3477_3,False,,727.8068237,18
3478_1,True,,630.9720459,48
3478_2,False,,630.9720459,48
3478_3,False,,630.9720459,48
3478_4,False,,630.9720459,48
3478_5,False,,630.9720459,48
3479_1,True,,630.9721069,48
3479_2,False,,630.9721069,48
3479_3,False,,630.9721069,48
3479_4,False,,630.9721069,48
3480_1,True,,967.6045532,46
3480_2,False,,967.6045532,46
3480_3,False,,967.6045532,46
3480_4,False,,967.6045532,46
3481_1,True,,1233.071167,44
3481_2,False,,1233.071167,44
3482_1,True,,967.6044922,46
3482_2,False,,967.6044922,46
3483_1,True,,885.3502808,31
3484_1,True,,965.7529297,21
3484_2,False,,965.7529297,21
3485_1,True,,965.7528687,21
3485_2,False,,965.7528687,21
3485_3,False,,965.7528687,21
3485_4,False,,965.7528687,21
3486_1,True,,246.7572327,9
3486_2,False,,246.7572327,9
3487_1,True,,1440.142822,26
3487_2,False,,1440.142822,26
3487_3,False,,1440.142822,26
3488_1,True,,1328.794189,6
3488_2,False,,1328.794189,6
3488_3,False,,1328.794189,6
3488_4,False,,1328.794189,6
3489_1,True,,967.6044922,46
3489_2,False,,967.6044922,46
3489_3,False,,967.6044922,46
3489_4,False,,967.6044922,46
3489_5,False,,967.6044922,46
3489_6,False,,967.6044922,46
3490_1,True,,1233.071167,44
3490_2,False,,1233.071167,44
3490_3,False,,1233.071167,44
3490_4,False,,1233.071167,44
3491_1,True,,630.9721069,48
3491_2,False,,630.9721069,48
3491_3,False,,630.9721069,48
3491_4,False,,630.9721069,48
3491_5,False,,630.9721069,48
3492_1,True,,1233.071167,10
3492_2,False,,1233.071167,10
3492_3,False,,1233.071167,10
3492_4,False,,1233.071167,10
3493_1,True,,727.8067627,18
3493_2,False,,727.8067627,18
3493_3,False,,727.8067627,18
3493_4,False,,727.8067627,18
3494_1,True,,885.3502808,31
3494_2,False,,885.3502808,31
3494_3,False,,885.3502808,31
3494_4,False,,885.3502808,31
3494_5,False,,885.3502808,31
3495_1,True,,98.63276672,49
3495_2,False,,98.63276672,49
3495_3,False,,98.63276672,49
3495_4,False,,98.63276672,49
3495_5,False,,98.63276672,49
3496_1,True,,967.6044922,46
3496_2,False,,967.6044922,46
3496_3,False,,967.6044922,46
3496_4,False,,967.6044922,46
3497_1,True,,630.9721069,48
3497_2,False,,630.9721069,48
3498_1,True,,965.7528687,21
3498_2,False,,965.7528687,21
3498_3,False,,965.7528687,21
3499_1,True,,630.9720459,48
3499_2,False,,630.9720459,48
3499_3,False,,630.9720459,48
3499_4,False,,630.9720459,48
3500_1,True,,246.7572174,9
3500_2,False,,246.7572174,9
3500_3,False,,246.7572174,9
3500_4,False,,246.7572174,9
3500_5,False,,246.7572174,9
3500_6,False,,246.7572174,9
3501_1,True,,1233.071167,12
3501_2,False,,1233.071167,12
3501_3,False,,1233.071167,12
3501_4,False,,1233.071167,12
3502_1,True,,1233.071167,45
3502_2,False,,1233.071167,45
3502_3,False,,1233.071167,45
3502_4,False,,1233.071167,45
3503_1,True,,1233.071167,4
3503_2,False,,1233.071167,4
3503_3,False,,1233.071167,4
3503_4,False,,1233.071167,4
3503_5,False,,1233.071167,4
3503_6,False,,1233.071167,4
3504_1,True,,1328.794189,6
3504_2,False,,1328.794189,6
3505_1,True,,967.6044922,46
3505_2,False,,967.6044922,46
3505_3,False,,967.6044922,46
3506_1,True,,885.3503418,31
3506_2,False,,885.3503418,31
3506_3,False,,885.3503418,31
3506_4,False,,885.3503418,31
3507_1,True,,967.6044922,46
3507_2,False,,967.6044922,46
3507_3,False,,967.6044922,46
3507_4,False,,967.6044922,46
3508_1,True,,967.6044922,46
3508_2,False,,967.6044922,46
3508_3,False,,967.6044922,46
3508_4,False,,967.6044922,46
3508_5,False,,967.6044922,46
3509_1,True,,967.6045532,46
3509_2,False,,967.6045532,46
3509_3,False,,967.6045532,46
3510_1,True,,965.7528687,21
3510_2,False,,965.7528687,21
3510_3,False,,965.7528687,21
3510_4,False,,965.7528687,21
3511_1,True,,630.9721069,48
3511_2,False,,630.9721069,48
3511_3,False,,630.9721069,48
3511_4,False,,630.9721069,48
3512_1,True,,1328.794312,6
3512_2,False,,1328.794312,6
3512_3,False,,1328.794312,6
3513_1,True,,727.8068237,18
3513_2,False,,727.8068237,18
3513_3,False,,727.8068237,18
3513_4,False,,727.8068237,18
3513_5,False,,727.8068237,18
3513_6,False,,727.8068237,18
3513_7,False,,727.8068237,18
3514_1,True,,246.7572327,9
3514_2,False,,246.7572327,9
3515_1,True,,967.6044922,46
3515_2,False,,967.6044922,46
3515_3,False,,967.6044922,46
3516_1,True,,337.0183105,19
3516_2,False,,337.0183105,19
3516_3,False,,337.0183105,19
3517_1,True,,965.7529297,21
3517_2,False,,965.7529297,21
3517_3,False,,965.7529297,21
3518_1,True,,967.6045532,46
3518_2,False,,967.6045532,46
3518_3,False,,967.6045532,46
3519_1,True,,1440.142944,26
3519_2,False,,1440.142944,26
3519_3,False,,1440.142944,26
3520_1,True,,727.8068237,18
3520_2,False,,727.8068237,18
3520_3,False,,727.8068237,18
3521_1,True,,630.9721069,48
3521_2,False,,630.9721069,48
3521_3,False,,630.9721069,48
3521_4,False,,630.9721069,48
3522_1,True,,2515.033447,39
3522_2,False,,2515.033447,39
3523_1,True,,965.7529297,21
3523_2,False,,965.7529297,21
3524_1,True,,1233.071167,5
3524_2,False,,1233.071167,5
3525_1,True,,727.8067627,18
3525_2,False,,727.8067627,18
3526_1,True,,727.8068237,18
3526_2,False,,727.8068237,18
3526_3,False,,727.8068237,18
3526_4,False,,727.8068237,18
3526_5,False,,727.8068237,18
3527_1,True,,727.8068237,18
3527_2,False,,727.8068237,18
3528_1,True,,1328.794312,6
3528_2,False,,1328.794312,6
3528_3,False,,1328.794312,6
3528_4,False,,1328.794312,6
3528_5,False,,1328.794312,6
3528_6,False,,1328.794312,6
3529_1,True,,1233.071167,14
3529_2,False,,1233.071167,14
3529_3,False,,1233.071167,14
3529_4,False,,1233.071167,14
3530_1,True,,1328.794312,6
3530_2,False,,1328.794312,6
3530_3,False,,1328.794312,6
3531_1,True,,727.8067627,18
3531_2,False,,727.8067627,18
3531_3,False,,727.8067627,18
3531_4,False,,727.8067627,18
3531_5,False,,727.8067627,18
3532_1,True,,630.9720459,48
3532_2,False,,630.9720459,48
3532_3,False,,630.9720459,48
3532_4,False,,630.9720459,48
3533_1,True,,967.6045532,46
3533_2,False,,967.6045532,46
3534_1,True,,727.8068237,18
3534_2,False,,727.8068237,18
3534_3,False,,727.8068237,18
3534_4,False,,727.8068237,18
3535_1,True,,727.8068237,18
3535_2,False,,727.8068237,18
3535_3,False,,727.8068237,18
3536_1,True,,2515.033691,39
3536_2,False,,2515.033691,39
3536_3,False,,2515.033691,39
3536_4,False,,2515.033691,39
3537_1,True,,246.7572174,9
3537_2,False,,246.7572174,9
3538_1,True,,98.63276672,49
3538_2,False,,98.63276672,49
3539_1,True,,1233.071167,33
3539_2,False,,1233.071167,33
3539_3,False,,1233.071167,33
3540_1,True,,630.9720459,48
3540_2,False,,630.9720459,48
3540_3,False,,630.9720459,48
3540_4,False,,630.9720459,48
3540_5,False,,630.9720459,48
3541_1,True,,246.7572327,9
3541_2,False,,246.7572327,9
3541_3,False,,246.7572327,9
3542_1,True,,630.9721069,48
3542_2,False,,630.9721069,48
3542_3,False,,630.9721069,48
3543_1,True,,246.7572327,9
3543_2,False,,246.7572327,9
3543_3,False,,246.7572327,9
3543_4,False,,246.7572327,9
3543_5,False,,246.7572327,9
3544_1,True,,1233.071167,4
3544_2,False,,1233.071167,4
3544_3,False,,1233.071167,4
3544_4,False,,1233.071167,4
3545_1,True,,967.6044922,46
3545_2,False,,967.6044922,46
3545_3,False,,967.6044922,46
3545_4,False,,967.6044922,46
3545_5,False,,967.6044922,46
3545_6,False,,967.6044922,46
3546_1,True,,1233.071167,25
3546_2,False,,1233.071167,25
3546_3,False,,1233.071167,25
3546_4,False,,1233.071167,25
3546_5,False,,1233.071167,25
3546_6,False,,1233.071167,25
3547_1,True,,630.9720459,48
3547_2,False,,630.9720459,48
3547_3,False,,630.9720459,48
3547_4,False,,630.9720459,48
3548_1,True,,885.3502808,31
3548_2,False,,885.3502808,31
3548_3,False,,885.3502808,31
3548_4,False,,885.3502808,31
3548_5,False,,885.3502808,31
3549_1,True,,337.0183105,19
3549_2,False,,337.0183105,19
3550_1,True,,885.3502808,31
3550_2,False,,885.3502808,31
3550_3,False,,885.3502808,31
3550_4,False,,885.3502808,31
3551_1,True,,337.0183105,19
3551_2,False,,337.0183105,19
3552_1,True,,967.6044922,46
3552_2,False,,967.6044922,46
3552_3,False,,967.6044922,46
3553_1,True,,630.9720459,48
3553_2,False,,630.9720459,48
3553_3,False,,630.9720459,48
3553_4,False,,630.9720459,48
3554_1,True,,630.9720459,48
3554_2,False,,630.9720459,48
3554_3,False,,630.9720459,48
3554_4,False,,630.9720459,48
3554_5,False,,630.9720459,48
3555_1,True,,1328.794312,6
3555_2,False,,1328.794312,6
3555_3,False,,1328.794312,6
3556_1,True,,727.8068237,18
3556_2,False,,727.8068237,18
3556_3,False,,727.8068237,18
3557_1,True,,630.9720459,48
3557_2,False,,630.9720459,48
3557_3,False,,630.9720459,48
3558_1,True,,967.6045532,46
3558_2,False,,967.6045532,46
3558_3,False,,967.6045532,46
3558_4,False,,967.6045532,46
3559_1,True,,967.6045532,46
3559_2,False,,967.6045532,46
3559_3,False,,967.6045532,46
3559_4,False,,967.6045532,46
3560_1,True,,965.7528687,21
3560_2,False,,965.7528687,21
3560_3,False,,965.7528687,21
3561_1,True,,727.8068237,18
3561_2,False,,727.8068237,18
3562_1,True,,885.3503418,31
3563_1,True,,965.7528076,21
3563_2,False,,965.7528076,21
3563_3,False,,965.7528076,21
3563_4,False,,965.7528076,21
3564_1,True,,1233.071167,41
3564_2,False,,1233.071167,41
3564_3,False,,1233.071167,41
3564_4,False,,1233.071167,41
3565_1,True,,965.7528687,21
3565_2,False,,965.7528687,21
3565_3,False,,965.7528687,21
3565_4,False,,965.7528687,21
3565_5,False,,965.7528687,21
3566_1,True,,246.7572174,9
3566_2,False,,246.7572174,9
3566_3,False,,246.7572174,9
3566_4,False,,246.7572174,9
3566_5,False,,246.7572174,9
3567_1,True,,337.01828,19
3567_2,False,,337.01828,19
3568_1,True,,246.7572174,9
3568_2,False,,246.7572174,9
3568_3,False,,246.7572174,9
3568_4,False,,246.7572174,9
3569_1,True,,2515.033447,39
3569_2,False,,2515.033447,39
3570_1,True,,967.6044922,46
3570_2,False,,967.6044922,46
3570_3,False,,967.6044922,46
3570_4,False,,967.6044922,46
3571_1,True,,246.7572174,9
3571_2,False,,246.7572174,9
3571_3,False,,246.7572174,9
3571_4,False,,246.7572174,9
3571_5,False,,246.7572174,9
3572_1,True,,727.8068237,18
3572_2,False,,727.8068237,18
3572_3,False,,727.8068237,18
3572_4,False,,727.8068237,18
3573_1,True,,1440.142944,26
3573_2,False,,1440.142944,26
3573_3,False,,1440.142944,26
3573_4,False,,1440.142944,26
3574_1,True,,967.6045532,46
3574_2,False,,967.6045532,46
3574_3,False,,967.6045532,46
3574_4,False,,967.6045532,46
3574_5,False,,967.6045532,46
3574_6,False,,967.6045532,46
3575_1,True,,2515.033447,39
3575_2,False,,2515.033447,39
3576_1,True,,630.9721069,48
3576_2,False,,630.9721069,48
3576_3,False,,630.9721069,48
3576_4,False,,630.9721069,48
3576_5,False,,630.9721069,48
3577_1,True,,967.6044922,46
3577_2,False,,967.6044922,46
3577_3,False,,967.6044922,46
3578_1,True,,967.6044922,46
3578_2,False,,967.6044922,46
3578_3,False,,967.6044922,46
3578_4,False,,967.6044922,46
3578_5,False,,967.6044922,46
3579_1,True,,1440.142822,26
3579_2,False,,1440.142822,26
3579_3,False,,1440.142822,26
3580_1,True,,1233.071167,33
3580_2,False,,1233.071167,33
3580_3,False,,1233.071167,33
3581_1,True,,98.63277435,49
3581_2,False,,98.63277435,49
3582_1,True,,727.8068237,18
3582_2,False,,727.8068237,18
3582_3,False,,727.8068237,18
3582_4,False,,727.8068237,18
3583_1,True,,630.9720459,48
3583_2,False,,630.9720459,48
3583_3,False,,630.9720459,48
3583_4,False,,630.9720459,48
3583_5,False,,630.9720459,48
3584_1,True,,2515.033447,39
3585_1,True,,630.9720459,48
3585_2,False,,630.9720459,48
3585_3,False,,630.9720459,48
3586_1,True,,727.8068237,18
3586_2,False,,727.8068237,18
3586_3,False,,727.8068237,18
3586_4,False,,727.8068237,18
3586_5,False,,727.8068237,18
3587_1,True,,630.9720459,48
3587_2,False,,630.9720459,48
3587_3,False,,630.9720459,48
3587_4,False,,630.9720459,48
3588_1,True,,337.0183105,19
3588_2,False,,337.0183105,19
3589_1,True,,885.3502808,31
3589_2,False,,885.3502808,31
3589_3,False,,885.3502808,31
3589_4,False,,885.3502808,31
3589_5,False,,885.3502808,31
3590_1,True,,727.8068237,18
3590_2,False,,727.8068237,18
3590_3,False,,727.8068237,18
3590_4,False,,727.8068237,18
3590_5,False,,727.8068237,18
3590_6,False,,727.8068237,18
3591_1,True,,727.8068237,18
3591_2,False,,727.8068237,18
3591_3,False,,727.8068237,18
3591_4,False,,727.8068237,18
3592_1,True,,727.8068237,18
3592_2,False,,727.8068237,18
3592_3,False,,727.8068237,18
3592_4,False,,727.8068237,18
3593_1,True,,2515.033691,39
3593_2,False,,2515.033691,39
3593_3,False,,2515.033691,39
3594_1,True,,1233.071167,41
3594_2,False,,1233.071167,41
3594_3,False,,1233.071167,41
3594_4,False,,1233.071167,41
3594_5,False,,1233.071167,41
3594_6,False,,1233.071167,41
3595_1,True,,727.8068237,18
3595_2,False,,727.8068237,18
3595_3,False,,727.8068237,18
3595_4,False,,727.8068237,18
3596_1,True,,967.6044922,46
3596_2,False,,967.6044922,46
3597_1,True,,727.8067627,18
3597_2,False,,727.8067627,18
3597_3,False,,727.8067627,18
3597_4,False,,727.8067627,18
3597_5,False,,727.8067627,18
3598_1,True,,1328.794189,6
3598_2,False,,1328.794189,6
3598_3,False,,1328.794189,6
3598_4,False,,1328.794189,6
3598_5,False,,1328.794189,6
3598_6,False,,1328.794189,6
3599_1,True,,1233.071167,33
3599_2,False,,1233.071167,33
3599_3,False,,1233.071167,33
3600_1,True,,98.63276672,49
3600_2,False,,98.63276672,49
3600_3,False,,98.63276672,49
3600_4,False,,98.63276672,49
3601_1,True,,1233.071167,33
3601_2,False,,1233.071167,33
3601_3,False,,1233.071167,33
3601_4,False,,1233.071167,33
3601_5,False,,1233.071167,33
3602_1,True,,967.6045532,46
3602_2,False,,967.6045532,46
3602_3,False,,967.6045532,46
3602_4,False,,967.6045532,46
3603_1,True,,727.8068237,18
3603_2,False,,727.8068237,18
3603_3,False,,727.8068237,18
3603_4,False,,727.8068237,18
3604_1,True,,98.63276672,49
3604_2,False,,98.63276672,49
3605_1,True,,98.63276672,49
3605_2,False,,98.63276672,49
3606_1,True,,1233.071167,17
3607_1,True,,630.9721069,48
3607_2,False,,630.9721069,48
3608_1,True,,337.01828,19
3608_2,False,,337.01828,19
3609_1,True,,885.3502808,31
3609_2,False,,885.3502808,31
3610_1,True,,1328.794312,6
3611_1,True,,885.3502808,31
3611_2,False,,885.3502808,31
3611_3,False,,885.3502808,31
3612_1,True,,727.8068237,18
3612_2,False,,727.8068237,18
3612_3,False,,727.8068237,18
3612_4,False,,727.8068237,18
3613_1,True,,337.0183105,19
3613_2,False,,337.0183105,19
3613_3,False,,337.0183105,19
3614_1,True,,1328.794312,6
3614_2,False,,1328.794312,6
3614_3,False,,1328.794312,6
3614_4,False,,1328.794312,6
3615_1,True,,967.6044922,46
3615_2,False,,967.6044922,46
3615_3,False,,967.6044922,46
3615_4,False,,967.6044922,46
3616_1,True,,1233.071167,41
3617_1,True,,967.6044922,46
3617_2,False,,967.6044922,46
3617_3,False,,967.6044922,46
3617_4,False,,967.6044922,46
3617_5,False,,967.6044922,46
3618_1,True,,967.6044922,46
3618_2,False,,967.6044922,46
3618_3,False,,967.6044922,46
3618_4,False,,967.6044922,46
3619_1,True,,965.7528687,21
3620_1,True,,1233.071167,45
3620_2,False,,1233.071167,45
3620_3,False,,1233.071167,45
3620_4,False,,1233.071167,45
3620_5,False,,1233.071167,45
3621_1,True,,885.3502808,31
3621_2,False,,885.3502808,31
3622_1,True,,246.7572327,9
3622_2,False,,246.7572327,9
3622_3,False,,246.7572327,9
3622_4,False,,246.7572327,9
3622_5,False,,246.7572327,9
3623_1,True,,965.7528687,21
3623_2,False,,965.7528687,21
3624_1,True,,727.8068237,18
3624_2,False,,727.8068237,18
3624_3,False,,727.8068237,18
3624_4,False,,727.8068237,18
3624_5,False,,727.8068237,18
3624_6,False,,727.8068237,18
3625_1,True,,1233.071167,12
3625_2,False,,1233.071167,12
3625_3,False,,1233.071167,12
3625_4,False,,1233.071167,12
3626_1,True,,2515.033691,39
3626_2,False,,2515.033691,39
3626_3,False,,2515.033691,39
3626_4,False,,2515.033691,39
3627_1,True,,2515.033447,39
3627_2,False,,2515.033447,39
3627_3,False,,2515.033447,39
3628_1,True,,98.63276672,49
3628_2,False,,98.63276672,49
3628_3,False,,98.63276672,49
3628_4,False,,98.63276672,49
3629_1,True,,967.6045532,46
3629_2,False,,967.6045532,46
3630_1,True,,885.3502808,31
3630_2,False,,885.3502808,31
3630_3,False,,885.3502808,31
3631_1,True,,885.3503418,31
3631_2,False,,885.3503418,31
3631_3,False,,885.3503418,31
3631_4,False,,885.3503418,31
3631_5,False,,885.3503418,31
3632_1,True,,1233.071167,45
3632_2,False,,1233.071167,45
3632_3,False,,1233.071167,45
3632_4,False,,1233.071167,45
3632_5,False,,1233.071167,45
3632_6,False,,1233.071167,45
3632_7,False,,1233.071167,45
3633_1,True,,967.6044922,46
3633_2,False,,967.6044922,46
3633_3,False,,967.6044922,46
3633_4,False,,967.6044922,46
3634_1,True,,337.01828,19
3634_2,False,,337.01828,19
3635_1,True,,885.3502808,31
3635_2,False,,885.3502808,31
3635_3,False,,885.3502808,31
3635_4,False,,885.3502808,31
3636_1,True,,246.7572174,9
3636_2,False,,246.7572174,9
3636_3,False,,246.7572174,9
3636_4,False,,246.7572174,9
3637_1,True,,885.3502808,31
3637_2,False,,885.3502808,31
3638_1,True,,885.3502808,31
3638_2,False,,885.3502808,31
3639_1,True,,885.3502808,31
3639_2,False,,885.3502808,31
3639_3,False,,885.3502808,31
3640_1,True,,1233.071167,41
3640_2,False,,1233.071167,41
3640_3,False,,1233.071167,41
3640_4,False,,1233.071167,41
3641_1,True,,337.0183105,19
3641_2,False,,337.0183105,19
3641_3,False,,337.0183105,19
3641_4,False,,337.0183105,19
3642_1,True,,246.7572174,9
3642_2,False,,246.7572174,9
3643_1,True,,885.3502808,31
3644_1,True,,967.6045532,46
3644_2,False,,967.6045532,46
3645_1,True,,1440.142822,26
3645_2,False,,1440.142822,26
3645_3,False,,1440.142822,26
3645_4,False,,1440.142822,26
3646_1,True,,967.6045532,46
3647_1,True,,885.3502808,31
3647_2,False,,885.3502808,31
3647_3,False,,885.3502808,31
3647_4,False,,885.3502808,31
3648_1,True,,98.63277435,49
3648_2,False,,98.63277435,49
3649_1,True,,885.3502808,31
3649_2,False,,885.3502808,31
3649_3,False,,885.3502808,31
3650_1,True,,1328.794189,6
3650_2,False,,1328.794189,6
3651_1,True,,1440.142822,26
3651_2,False,,1440.142822,26
3652_1,True,,727.8068237,18
3652_2,False,,727.8068237,18
3652_3,False,,727.8068237,18
3653_1,True,,885.3503418,31
3653_2,False,,885.3503418,31
3653_3,False,,885.3503418,31
3654_1,True,,1233.071167,10
3654_2,False,,1233.071167,10
3654_3,False,,1233.071167,10
3654_4,False,,1233.071167,10
3655_1,True,,967.6044922,46
3655_2,False,,967.6044922,46
3655_3,False,,967.6044922,46
3655_4,False,,967.6044922,46
3655_5,False,,967.6044922,46
3655_6,False,,967.6044922,46
3655_7,False,,967.6044922,46
3655_8,False,,967.6044922,46
3655_9,False,,967.6044922,46
3656_1,True,,885.3502808,31
3656_2,False,,885.3502808,31
3656_3,False,,885.3502808,31
3656_4,False,,885.3502808,31
3656_5,False,,885.3502808,31
3656_6,False,,885.3502808,31
3657_1,True,,965.7528687,21
3657_2,False,,965.7528687,21
3657_3,False,,965.7528687,21
3658_1,True,,967.6044922,46
3659_1,True,,727.8068237,18
3659_2,False,,727.8068237,18
3659_3,False,,727.8068237,18
3659_4,False,,727.8068237,18
3660_1,True,,98.63276672,49
3660_2,False,,98.63276672,49
3660_3,False,,98.63276672,49
3660_4,False,,98.63276672,49
3661_1,True,,967.6045532,46
3661_2,False,,967.6045532,46
3661_3,False,,967.6045532,46
3661_4,False,,967.6045532,46
3662_1,True,,1328.794189,6
3662_2,False,,1328.794189,6
3662_3,False,,1328.794189,6
3663_1,True,,98.63276672,49
3663_2,False,,98.63276672,49
3663_3,False,,98.63276672,49
3663_4,False,,98.63276672,49
3664_1,True,,1233.071167,41
3664_2,False,,1233.071167,41
3664_3,False,,1233.071167,41
3664_4,False,,1233.071167,41
3665_1,True,,885.3502808,31
3665_2,False,,885.3502808,31
3665_3,False,,885.3502808,31
3665_4,False,,885.3502808,31
3666_1,True,,1233.071167,38
3666_2,False,,1233.071167,38
3666_3,False,,1233.071167,38
3667_1,True,,1440.142822,26
3667_2,False,,1440.142822,26
3667_3,False,,1440.142822,26
3667_4,False,,1440.142822,26
3668_1,True,,1328.794312,6
3668_2,False,,1328.794312,6
3668_3,False,,1328.794312,6
3668_4,False,,1328.794312,6
3668_5,False,,1328.794312,6
3669_1,True,,630.9720459,48
3669_2,False,,630.9720459,48
3669_3,False,,630.9720459,48
3670_1,True,,1440.142822,26
3670_2,False,,1440.142822,26
3670_3,False,,1440.142822,26
3670_4,False,,1440.142822,26
3670_5,False,,1440.142822,26
3670_6,False,,1440.142822,26
3671_1,True,,727.8068237,18
3671_2,False,,727.8068237,18
3672_1,True,,337.0183105,19
3673_1,True,,98.63276672,49
3673_2,False,,98.63276672,49
3673_3,False,,98.63276672,49
3673_4,False,,98.63276672,49
3674_1,True,,965.7528687,21
3674_2,False,,965.7528687,21
3674_3,False,,965.7528687,21
3674_4,False,,965.7528687,21
3674_5,False,,965.7528687,21
3674_6,False,,965.7528687,21
3675_1,True,,965.7528687,21
3675_2,False,,965.7528687,21
3675_3,False,,965.7528687,21
3675_4,False,,965.7528687,21
3676_1,True,,967.6045532,46
3677_1,True,,337.01828,19
3677_2,False,,337.01828,19
3677_3,False,,337.01828,19
3678_1,True,,885.3502808,31
3678_2,False,,885.3502808,31
3678_3,False,,885.3502808,31
3678_4,False,,885.3502808,31
3679_1,True,,1328.794312,6
3679_2,False,,1328.794312,6
3679_3,False,,1328.794312,6
3679_4,False,,1328.794312,6
3679_5,False,,1328.794312,6
3680_1,True,,337.0183105,19
3680_2,False,,337.0183105,19
3680_3,False,,337.0183105,19
3680_4,False,,337.0183105,19
3681_1,True,,1233.071167,17
3681_2,False,,1233.071167,17
3682_1,True,,1233.071167,14
3682_2,False,,1233.071167,14
3682_3,False,,1233.071167,14
3682_4,False,,1233.071167,14
3683_1,True,,967.6044922,46
3683_2,False,,967.6044922,46
3683_3,False,,967.6044922,46
3684_1,True,,727.8068237,18
3684_2,False,,727.8068237,18
3684_3,False,,727.8068237,18
3684_4,False,,727.8068237,18
3684_5,False,,727.8068237,18
3684_6,False,,727.8068237,18
3684_7,False,,727.8068237,18
3685_1,True,,965.7528687,21
3685_2,False,,965.7528687,21
3685_3,False,,965.7528687,21
3685_4,False,,965.7528687,21
3686_1,True,,1328.794189,6
3686_2,False,,1328.794189,6
3687_1,True,,1328.794312,6
3687_2,False,,1328.794312,6
3687_3,False,,1328.794312,6
3687_4,False,,1328.794312,6
3687_5,False,,1328.794312,6
3688_1,True,,98.63276672,49
3688_2,False,,98.63276672,49
3688_3,False,,98.63276672,49
3689_1,True,,1440.142822,26
3689_2,False,,1440.142822,26
3689_3,False,,1440.142822,26
3689_4,False,,1440.142822,26
3690_1,True,,967.6045532,46
3690_2,False,,967.6045532,46
3691_1,True,,337.0183105,19
3691_2,False,,337.0183105,19
3691_3,False,,337.0183105,19
3692_1,True,,246.7572174,9
3692_2,False,,246.7572174,9
3692_3,False,,246.7572174,9
3692_4,False,,246.7572174,9
3693_1,True,,630.9720459,48
3694_1,True,,337.01828,19
3694_2,False,,337.01828,19
3694_3,False,,337.01828,19
3694_4,False,,337.01828,19
3695_1,True,,885.3502808,31
3695_2,False,,885.3502808,31
3695_3,False,,885.3502808,31
3695_4,False,,885.3502808,31
3695_5,False,,885.3502808,31
3696_1,True,,1233.071167,41
3696_2,False,,1233.071167,41
3696_3,False,,1233.071167,41
3697_1,True,,337.0183105,19
3697_2,False,,337.0183105,19
3697_3,False,,337.0183105,19
3697_4,False,,337.0183105,19
3698_1,True,,965.7529297,21
3698_2,False,,965.7529297,21
3699_1,True,,967.6044922,46
3699_2,False,,967.6044922,46
3699_3,False,,967.6044922,46
3699_4,False,,967.6044922,46
3699_5,False,,967.6044922,46
3699_6,False,,967.6044922,46
3700_1,True,,630.9721069,48
3700_2,False,,630.9721069,48
3701_1,True,,727.8067627,18
3701_2,False,,727.8067627,18
3701_3,False,,727.8067627,18
3702_1,True,,246.7572327,9
3702_2,False,,246.7572327,9
3702_3,False,,246.7572327,9
3702_4,False,,246.7572327,9
3703_1,True,,1328.794312,6
3703_2,False,,1328.794312,6
3703_3,False,,1328.794312,6
3703_4,False,,1328.794312,6
3703_5,False,,1328.794312,6
3703_6,False,,1328.794312,6
3703_7,False,,1328.794312,6
3704_1,True,,98.63276672,49
3704_2,False,,98.63276672,49
3704_3,False,,98.63276672,49
3705_1,True,,1440.142822,26
3705_2,False,,1440.142822,26
3705_3,False,,1440.142822,26
3705_4,False,,1440.142822,26
3705_5,False,,1440.142822,26
3706_1,True,,965.7528687,21
3706_2,False,,965.7528687,21
3706_3,False,,965.7528687,21
3706_4,False,,965.7528687,21
3706_5,False,,965.7528687,21
3706_6,False,,965.7528687,21
3706_7,False,,965.7528687,21
3706_8,False,,965.7528687,21
3706_9,False,,965.7528687,21
3707_1,True,,965.7528687,21
3707_2,False,,965.7528687,21
3707_3,False,,965.7528687,21
3708_1,True,,98.63276672,49
3708_2,False,,98.63276672,49
3709_1,True,,1328.794189,6
3709_2,False,,1328.794189,6
3709_3,False,,1328.794189,6
3710_1,True,,2515.033691,39
3710_2,False,,2515.033691,39
3710_3,False,,2515.033691,39
3710_4,False,,2515.033691,39
3710_5,False,,2515.033691,39
3711_1,True,,630.9720459,48
3711_2,False,,630.9720459,48
3711_3,False,,630.9720459,48
3711_4,False,,630.9720459,48
3711_5,False,,630.9720459,48
3712_1,True,,1328.794312,6
3712_2,False,,1328.794312,6
3712_3,False,,1328.794312,6
3712_4,False,,1328.794312,6
3712_5,False,,1328.794312,6
3713_1,True,,967.6044922,46
3713_2,False,,967.6044922,46
3713_3,False,,967.6044922,46
3713_4,False,,967.6044922,46
3713_5,False,,967.6044922,46
3713_6,False,,967.6044922,46
3714_1,True,,967.6044922,46
3714_2,False,,967.6044922,46
3714_3,False,,967.6044922,46
3714_4,False,,967.6044922,46
3715_1,True,,246.7572327,9
3715_2,False,,246.7572327,9
3715_3,False,,246.7572327,9
3716_1,True,,885.3502808,31
3716_2,False,,885.3502808,31
3716_3,False,,885.3502808,31
3716_4,False,,885.3502808,31
3716_5,False,,885.3502808,31
3717_1,True,,98.63276672,49
3717_2,False,,98.63276672,49
3717_3,False,,98.63276672,49
3718_1,True,,2515.033447,39
3718_2,False,,2515.033447,39
3719_1,True,,337.0183105,19
3719_2,False,,337.0183105,19
3720_1,True,,885.3503418,31
3720_2,False,,885.3503418,31
3720_3,False,,885.3503418,31
3720_4,False,,885.3503418,31
3720_5,False,,885.3503418,31
3721_1,True,,98.63276672,49
3721_2,False,,98.63276672,49
3721_3,False,,98.63276672,49
3721_4,False,,98.63276672,49
3721_5,False,,98.63276672,49
3721_6,False,,98.63276672,49
3722_1,True,,1328.794312,6
3722_2,False,,1328.794312,6
3722_3,False,,1328.794312,6
3722_4,False,,1328.794312,6
3722_5,False,,1328.794312,6
3723_1,True,,630.9720459,48
3723_2,False,,630.9720459,48
3723_3,False,,630.9720459,48
3723_4,False,,630.9720459,48
3723_5,False,,630.9720459,48
3724_1,True,,630.9720459,48
3724_2,False,,630.9720459,48
3725_1,True,,246.7572174,9
3725_2,False,,246.7572174,9
3725_3,False,,246.7572174,9
3725_4,False,,246.7572174,9
3726_1,True,,1233.071167,45
3726_2,False,,1233.071167,45
3727_1,True,,630.9720459,48
3727_2,False,,630.9720459,48
3728_1,True,,98.63276672,49
3728_2,False,,98.63276672,49
3729_1,True,,1440.142822,26
3729_2,False,,1440.142822,26
3729_3,False,,1440.142822,26
3730_1,True,,967.6044922,46
3730_2,False,,967.6044922,46
3730_3,False,,967.6044922,46
3731_1,True,,967.6044922,46
3731_2,False,,967.6044922,46
3732_1,True,,967.6045532,46
3732_2,False,,967.6045532,46
3733_1,True,,965.7529297,21
3733_2,False,,965.7529297,21
3734_1,True,,98.63276672,49
3734_2,False,,98.63276672,49
3735_1,True,,727.8068237,18
3736_1,True,,2515.033447,39
3736_2,False,,2515.033447,39
3737_1,True,,2515.033447,39
3738_1,True,,2515.033447,39
3738_2,False,,2515.033447,39
3738_3,False,,2515.033447,39
3738_4,False,,2515.033447,39
3739_1,True,,1233.071167,25
3739_2,False,,1233.071167,25
3739_3,False,,1233.071167,25
3740_1,True,,2515.033447,39
3740_2,False,,2515.033447,39
3741_1,True,,2515.033447,39
3741_2,False,,2515.033447,39
3741_3,False,,2515.033447,39
3741_4,False,,2515.033447,39
3742_1,True,,337.01828,19
3742_2,False,,337.01828,19
3742_3,False,,337.01828,19
3743_1,True,,965.7528687,21
3743_2,False,,965.7528687,21
3744_1,True,,2515.033691,39
3744_2,False,,2515.033691,39
3745_1,True,,337.01828,19
3745_2,False,,337.01828,19
3745_3,False,,337.01828,19
3745_4,False,,337.01828,19
3745_5,False,,337.01828,19
3745_6,False,,337.01828,19
3745_7,False,,337.01828,19
3745_8,False,,337.01828,19
3746_1,True,,246.7572174,9
3746_2,False,,246.7572174,9
3747_1,True,,2515.033691,39
3747_2,False,,2515.033691,39
3748_1,True,,2515.033447,39
3748_2,False,,2515.033447,39
3748_3,False,,2515.033447,39
3749_1,True,,1233.071167,12
3749_2,False,,1233.071167,12
3750_1,True,,2515.033691,39
3751_1,True,,2515.033447,39
3751_2,False,,2515.033447,39
3751_3,False,,2515.033447,39
3752_1,True,,1440.142822,26
3752_2,False,,1440.142822,26
3752_3,False,,1440.142822,26
3753_1,True,,98.63276672,49
3753_2,False,,98.63276672,49
3754_1,True,,2515.033691,39
3754_2,False,,2515.033691,39
3754_3,False,,2515.033691,39
3754_4,False,,2515.033691,39
3755_1,True,,885.3502808,31
3755_2,False,,885.3502808,31
3755_3,False,,885.3502808,31
3755_4,False,,885.3502808,31
3756_1,True,,1233.071167,42
3756_2,False,,1233.071167,42
3756_3,False,,1233.071167,42
3757_1,True,,337.01828,19
3757_2,False,,337.01828,19
3757_3,False,,337.01828,19
3758_1,True,,967.6044922,46
3758_2,False,,967.6044922,46
3758_3,False,,967.6044922,46
3759_1,True,,2515.033447,39
3759_2,False,,2515.033447,39
3760_1,True,,1328.794312,6
3760_2,False,,1328.794312,6
3761_1,True,,967.6044922,46
3761_2,False,,967.6044922,46
3762_1,True,,965.7528687,21
3762_2,False,,965.7528687,21
3763_1,True,,1328.794312,6
3763_2,False,,1328.794312,6
3763_3,False,,1328.794312,6
3764_1,True,,2515.033447,39
3764_2,False,,2515.033447,39
3764_3,False,,2515.033447,39
3765_1,True,,246.7572174,9
3765_2,False,,246.7572174,9
3765_3,False,,246.7572174,9
3765_4,False,,246.7572174,9
3765_5,False,,246.7572174,9
3765_6,False,,246.7572174,9
3765_7,False,,246.7572174,9
3765_8,False,,246.7572174,9
3765_9,False,,246.7572174,9
3766_1,True,,337.0183105,19
3766_2,False,,337.0183105,19
3766_3,False,,337.0183105,19
3766_4,False,,337.0183105,19
3766_5,False,,337.0183105,19
3767_1,True,,965.7528687,21
3767_2,False,,965.7528687,21
3767_3,False,,965.7528687,21
3767_4,False,,965.7528687,21
3767_5,False,,965.7528687,21
3768_1,True,,1233.071167,41
3768_2,False,,1233.071167,41
3769_1,True,,2515.033447,39
3769_2,False,,2515.033447,39
3770_1,True,,2515.033447,39
3770_2,False,,2515.033447,39
3770_3,False,,2515.033447,39
3770_4,False,,2515.033447,39
3770_5,False,,2515.033447,39
3771_1,True,,98.63276672,49
3771_2,False,,98.63276672,49
3771_3,False,,98.63276672,49
3771_4,False,,98.63276672,49
3772_1,True,,965.7529297,21
3772_2,False,,965.7529297,21
3772_3,False,,965.7529297,21
3772_4,False,,965.7529297,21
3773_1,True,,1233.071167,17
3773_2,False,,1233.071167,17
3773_3,False,,1233.071167,17
3773_4,False,,1233.071167,17
3774_1,True,,967.6044922,46
3774_2,False,,967.6044922,46
3774_3,False,,967.6044922,46
3774_4,False,,967.6044922,46
3774_5,False,,967.6044922,46
3774_6,False,,967.6044922,46
3774_7,False,,967.6044922,46
3774_8,False,,967.6044922,46
3774_9,False,,967.6044922,46
3775_1,True,,727.8068237,18
3775_2,False,,727.8068237,18
3775_3,False,,727.8068237,18
3775_4,False,,727.8068237,18
3776_1,True,,2515.033447,39
3776_2,False,,2515.033447,39
3777_1,True,,2515.033447,39
3777_2,False,,2515.033447,39
3777_3,False,,2515.033447,39
3777_4,False,,2515.033447,39
3778_1,True,,727.8068237,18
3778_2,False,,727.8068237,18
3778_3,False,,727.8068237,18
3778_4,False,,727.8068237,18
3779_1,True,,2515.033447,39
3779_2,False,,2515.033447,39
3779_3,False,,2515.033447,39
3780_1,True,,337.01828,19
3780_2,False,,337.01828,19
3780_3,False,,337.01828,19
3781_1,True,,98.63276672,49
3781_2,False,,98.63276672,49
3782_1,True,,1233.071167,38
3782_2,False,,1233.071167,38
3783_1,True,,2515.033447,39
3783_2,False,,2515.033447,39
3784_1,True,,727.8068237,18
3784_2,False,,727.8068237,18
3784_3,False,,727.8068237,18
3784_4,False,,727.8068237,18
3785_1,True,,2515.033447,39
3785_2,False,,2515.033447,39
3785_3,False,,2515.033447,39
3785_4,False,,2515.033447,39
3786_1,True,,1233.071167,38
3786_2,False,,1233.071167,38
3786_3,False,,1233.071167,38
3787_1,True,,885.3502808,31
3787_2,False,,885.3502808,31
3787_3,False,,885.3502808,31
3787_4,False,,885.3502808,31
3788_1,True,,1328.794312,6
3788_2,False,,1328.794312,6
3788_3,False,,1328.794312,6
3788_4,False,,1328.794312,6
3789_1,True,,1233.071045,45
3789_2,False,,1233.071045,45
3789_3,False,,1233.071045,45
3789_4,False,,1233.071045,45
3790_1,True,,630.9720459,48
3790_2,False,,630.9720459,48
3790_3,False,,630.9720459,48
3791_1,True,,885.3502808,31
3791_2,False,,885.3502808,31
3791_3,False,,885.3502808,31
3792_1,True,,337.01828,19
3792_2,False,,337.01828,19
3792_3,False,,337.01828,19
3792_4,False,,337.01828,19
3792_5,False,,337.01828,19
3793_1,True,,98.63276672,49
3793_2,False,,98.63276672,49
3793_3,False,,98.63276672,49
3793_4,False,,98.63276672,49
3793_5,False,,98.63276672,49
3793_6,False,,98.63276672,49
3794_1,True,,246.7572174,9
3794_2,False,,246.7572174,9
3794_3,False,,246.7572174,9
3794_4,False,,246.7572174,9
3795_1,True,,2515.033447,39
3795_2,False,,2515.033447,39
3796_1,True,,2515.033691,39
3796_2,False,,2515.033691,39
3796_3,False,,2515.033691,39
3797_1,True,,337.0183105,19
3797_2,False,,337.0183105,19
3797_3,False,,337.0183105,19
3797_4,False,,337.0183105,19
3798_1,True,,1328.794189,6
3798_2,False,,1328.794189,6
3799_1,True,,2515.033447,39
3799_2,False,,2515.033447,39
3799_3,False,,2515.033447,39
3799_4,False,,2515.033447,39
3800_1,True,,2515.033691,39
3800_2,False,,2515.033691,39
3801_1,True,,2515.033447,39
3801_2,False,,2515.033447,39
3801_3,False,,2515.033447,39
3802_1,True,,2515.033691,39
3802_2,False,,2515.033691,39
3803_1,True,,885.3503418,31
3803_2,False,,885.3503418,31
3803_3,False,,885.3503418,31
3803_4,False,,885.3503418,31
3804_1,True,,727.8068237,18
3804_2,False,,727.8068237,18
3804_3,False,,727.8068237,18
3805_1,True,,630.9720459,48
3805_2,False,,630.9720459,48
3805_3,False,,630.9720459,48
3805_4,False,,630.9720459,48
3806_1,True,,1328.794189,6
3806_2,False,,1328.794189,6
3806_3,False,,1328.794189,6
3807_1,True,,727.8067627,18
3807_2,False,,727.8067627,18
3807_3,False,,727.8067627,18
3808_1,True,,967.6045532,46
3808_2,False,,967.6045532,46
3808_3,False,,967.6045532,46
3809_1,True,,2515.033447,39
3809_2,False,,2515.033447,39
3809_3,False,,2515.033447,39
3809_4,False,,2515.033447,39
3809_5,False,,2515.033447,39
3810_1,True,,727.8068237,18
3810_2,False,,727.8068237,18
3810_3,False,,727.8068237,18
3810_4,False,,727.8068237,18
3811_1,True,,337.0183105,19
3811_2,False,,337.0183105,19
3811_3,False,,337.0183105,19
3811_4,False,,337.0183105,19
3811_5,False,,337.0183105,19
3812_1,True,,246.7572327,9
3812_2,False,,246.7572327,9
3812_3,False,,246.7572327,9
3812_4,False,,246.7572327,9
3813_1,True,,1233.071167,38
3814_1,True,,2515.033691,39
3814_2,False,,2515.033691,39
3814_3,False,,2515.033691,39
3814_4,False,,2515.033691,39
3815_1,True,,965.7528687,21
3815_2,False,,965.7528687,21
3816_1,True,,1440.142822,26
3816_2,False,,1440.142822,26
3816_3,False,,1440.142822,26
3817_1,True,,337.01828,19
3817_2,False,,337.01828,19
3817_3,False,,337.01828,19
3818_1,True,,885.3502808,31
3818_2,False,,885.3502808,31
3818_3,False,,885.3502808,31
3819_1,True,,965.7528687,21
3819_2,False,,965.7528687,21
3819_3,False,,965.7528687,21
3820_1,True,,2515.033447,39
3821_1,True,,630.9720459,48
3821_2,False,,630.9720459,48
3821_3,False,,630.9720459,48
3821_4,False,,630.9720459,48
3821_5,False,,630.9720459,48
3822_1,True,,885.3502808,31
3822_2,False,,885.3502808,31
3823_1,True,,1440.142822,26
3823_2,False,,1440.142822,26
3823_3,False,,1440.142822,26
3823_4,False,,1440.142822,26
3823_5,False,,1440.142822,26
3824_1,True,,2515.033447,39
3824_2,False,,2515.033447,39
3825_1,True,,1233.071167,33
3825_2,False,,1233.071167,33
3825_3,False,,1233.071167,33
3825_4,False,,1233.071167,33
3826_1,True,,2515.033447,39
3826_2,False,,2515.033447,39
3827_1,True,,246.7572174,9
3827_2,False,,246.7572174,9
3827_3,False,,246.7572174,9
3827_4,False,,246.7572174,9
3827_5,False,,246.7572174,9
3828_1,True,,965.7528687,21
3828_2,False,,965.7528687,21
3828_3,False,,965.7528687,21
3828_4,False,,965.7528687,21
3828_5,False,,965.7528687,21
3829_1,True,,1233.071167,4
3829_2,False,,1233.071167,4
3829_3,False,,1233.071167,4
3830_1,True,,965.7528687,21
3830_2,False,,965.7528687,21
3830_3,False,,965.7528687,21
3830_4,False,,965.7528687,21
3830_5,False,,965.7528687,21
3830_6,False,,965.7528687,21
3830_7,False,,965.7528687,21
3830_8,False,,965.7528687,21
3830_9,False,,965.7528687,21
3830_10,False,,965.7528687,21
3831_1,True,,2515.033447,39
3831_2,False,,2515.033447,39
3832_1,True,,727.8068237,18
3832_2,False,,727.8068237,18
3832_3,False,,727.8068237,18
3832_4,False,,727.8068237,18
3833_1,True,,1233.071167,25
3833_2,False,,1233.071167,25
3833_3,False,,1233.071167,25
3833_4,False,,1233.071167,25
3833_5,False,,1233.071167,25
3833_6,False,,1233.071167,25
3833_7,False,,1233.071167,25
3834_1,True,,1233.071045,12
3834_2,False,,1233.071045,12
3835_1,True,,1440.142822,26
3835_2,False,,1440.142822,26
3836_1,True,,1328.794312,6
3836_2,False,,1328.794312,6
3836_3,False,,1328.794312,6
3837_1,True,,965.7528687,21
3837_2,False,,965.7528687,21
3837_3,False,,965.7528687,21
3838_1,True,,965.7528687,21
3838_2,False,,965.7528687,21
3838_3,False,,965.7528687,21
3839_1,True,,98.63277435,49
3839_2,False,,98.63277435,49
3839_3,False,,98.63277435,49
3840_1,True,,337.01828,19
3840_2,False,,337.01828,19
3840_3,False,,337.01828,19
3841_1,True,,967.6044922,46
3841_2,False,,967.6044922,46
3841_3,False,,967.6044922,46
3841_4,False,,967.6044922,46
3841_5,False,,967.6044922,46
3842_1,True,,2515.033691,39
3842_2,False,,2515.033691,39
3842_3,False,,2515.033691,39
3842_4,False,,2515.033691,39
3842_5,False,,2515.033691,39
3843_1,True,,2515.033447,39
3843_2,False,,2515.033447,39
3844_1,True,,967.6044922,46
3844_2,False,,967.6044922,46
3844_3,False,,967.6044922,46
3844_4,False,,967.6044922,46
3844_5,False,,967.6044922,46
3845_1,True,,967.6044922,46
3845_2,False,,967.6044922,46
3845_3,False,,967.6044922,46
3845_4,False,,967.6044922,46
3846_1,True,,98.63276672,49
3846_2,False,,98.63276672,49
3847_1,True,,246.7572327,9
3847_2,False,,246.7572327,9
3847_3,False,,246.7572327,9
3848_1,True,,727.8067627,18
3848_2,False,,727.8067627,18
3848_3,False,,727.8067627,18
3848_4,False,,727.8067627,18
3848_5,False,,727.8067627,18
3848_6,False,,727.8067627,18
3849_1,True,,246.7572327,9
3849_2,False,,246.7572327,9
3850_1,True,,630.9720459,48
3850_2,False,,630.9720459,48
3850_3,False,,630.9720459,48
3851_1,True,,1440.142822,26
3851_2,False,,1440.142822,26
3852_1,True,,2515.033447,39
3852_2,False,,2515.033447,39
3852_3,False,,2515.033447,39
3852_4,False,,2515.033447,39
3852_5,False,,2515.033447,39
3852_6,False,,2515.033447,39
3853_1,True,,2515.033691,39
3853_2,False,,2515.033691,39
3853_3,False,,2515.033691,39
3854_1,True,,965.7529297,21
3854_2,False,,965.7529297,21
3854_3,False,,965.7529297,21
3854_4,False,,965.7529297,21
3855_1,True,,1440.142822,26
3855_2,False,,1440.142822,26
3855_3,False,,1440.142822,26
3855_4,False,,1440.142822,26
3855_5,False,,1440.142822,26
3855_6,False,,1440.142822,26
3856_1,True,,246.7572327,9
3856_2,False,,246.7572327,9
3857_1,True,,885.3502808,31
3857_2,False,,885.3502808,31
3857_3,False,,885.3502808,31
3857_4,False,,885.3502808,31
3857_5,False,,885.3502808,31
3857_6,False,,885.3502808,31
3858_1,True,,967.6044922,46
3858_2,False,,967.6044922,46
3858_3,False,,967.6044922,46
3858_4,False,,967.6044922,46
3858_5,False,,967.6044922,46
3859_1,True,,1233.071167,41
3859_2,False,,1233.071167,41
3860_1,True,,965.7528076,21
3860_2,False,,965.7528076,21
3860_3,False,,965.7528076,21
3861_1,True,,246.7572327,9
3861_2,False,,246.7572327,9
3862_1,True,,727.8068237,18
3862_2,False,,727.8068237,18
3862_3,False,,727.8068237,18
3862_4,False,,727.8068237,18
3863_1,True,,885.3502808,31
3863_2,False,,885.3502808,31
3863_3,False,,885.3502808,31
3863_4,False,,885.3502808,31
3864_1,True,,2515.033447,39
3864_2,False,,2515.033447,39
3864_3,False,,2515.033447,39
3864_4,False,,2515.033447,39
3864_5,False,,2515.033447,39
3864_6,False,,2515.033447,39
3864_7,False,,2515.033447,39
3865_1,True,,2515.033447,39
3865_2,False,,2515.033447,39
3865_3,False,,2515.033447,39
3865_4,False,,2515.033447,39
3865_5,False,,2515.033447,39
3866_1,True,,2515.033447,39
3867_1,True,,1440.142822,26
3867_2,False,,1440.142822,26
3868_1,True,,967.6045532,46
3868_2,False,,967.6045532,46
3868_3,False,,967.6045532,46
3868_4,False,,967.6045532,46
3869_1,True,,1328.794312,6
3869_2,False,,1328.794312,6
3869_3,False,,1328.794312,6
3869_4,False,,1328.794312,6
3870_1,True,,1440.142822,26
3870_2,False,,1440.142822,26
3870_3,False,,1440.142822,26
3870_4,False,,1440.142822,26
3871_1,True,,965.7529297,21
3871_2,False,,965.7529297,21
3872_1,True,,337.01828,19
3872_2,False,,337.01828,19
3872_3,False,,337.01828,19
3872_4,False,,337.01828,19
3872_5,False,,337.01828,19
3872_6,False,,337.01828,19
3872_7,False,,337.01828,19
3872_8,False,,337.01828,19
3872_9,False,,337.01828,19
3872_10,False,,337.01828,19
3873_1,True,,1233.071167,25
3873_2,False,,1233.071167,25
3873_3,False,,1233.071167,25
3873_4,False,,1233.071167,25
3874_1,True,,967.6045532,46
3874_2,False,,967.6045532,46
3875_1,True,,1440.142822,26
3875_2,False,,1440.142822,26
3876_1,True,,967.6044922,46
3876_2,False,,967.6044922,46
3876_3,False,,967.6044922,46
3876_4,False,,967.6044922,46
3876_5,False,,967.6044922,46
3876_6,False,,967.6044922,46
3876_7,False,,967.6044922,46
3876_8,False,,967.6044922,46
3876_9,False,,967.6044922,46
3876_10,False,,967.6044922,46
3877_1,True,,630.9720459,48
3877_2,False,,630.9720459,48
3877_3,False,,630.9720459,48
3878_1,True,,1440.142822,26
3878_2,False,,1440.142822,26
3878_3,False,,1440.142822,26
3879_1,True,,1233.071167,25
3879_2,False,,1233.071167,25
3879_3,False,,1233.071167,25
3879_4,False,,1233.071167,25
3880_1,True,,1233.071167,10
3880_2,False,,1233.071167,10
3880_3,False,,1233.071167,10
3881_1,True,,1233.071167,29
3881_2,False,,1233.071167,29
3882_1,True,,630.9720459,48
3882_2,False,,630.9720459,48
3882_3,False,,630.9720459,48
3882_4,False,,630.9720459,48
3882_5,False,,630.9720459,48
3883_1,True,,1233.071167,25
3883_2,False,,1233.071167,25
3884_1,True,,885.3502197,31
3884_2,False,,885.3502197,31
3884_3,False,,885.3502197,31
3885_1,True,,1440.142822,26
3885_2,False,,1440.142822,26
3885_3,False,,1440.142822,26
3885_4,False,,1440.142822,26
3886_1,True,,337.0183105,19
3886_2,False,,337.0183105,19
3886_3,False,,337.0183105,19
3886_4,False,,337.0183105,19
3887_1,True,,1233.071167,38
3887_2,False,,1233.071167,38
3887_3,False,,1233.071167,38
3887_4,False,,1233.071167,38
3887_5,False,,1233.071167,38
3888_1,True,,885.3502197,31
3888_2,False,,885.3502197,31
3888_3,False,,885.3502197,31
3889_1,True,,246.7572174,9
3889_2,False,,246.7572174,9
3889_3,False,,246.7572174,9
3889_4,False,,246.7572174,9
3889_5,False,,246.7572174,9
3890_1,True,,727.8068237,18
3890_2,False,,727.8068237,18
3891_1,True,,727.8068237,18
3891_2,False,,727.8068237,18
3891_3,False,,727.8068237,18
3891_4,False,,727.8068237,18
3891_5,False,,727.8068237,18
3892_1,True,,630.9721069,48
3892_2,False,,630.9721069,48
3892_3,False,,630.9721069,48
3892_4,False,,630.9721069,48
3893_1,True,,246.7572174,9
3893_2,False,,246.7572174,9
3893_3,False,,246.7572174,9
3893_4,False,,246.7572174,9
3894_1,True,,1233.071167,33
3894_2,False,,1233.071167,33
3894_3,False,,1233.071167,33
3894_4,False,,1233.071167,33
3894_5,False,,1233.071167,33
3895_1,True,,1233.071167,25
3895_2,False,,1233.071167,25
3895_3,False,,1233.071167,25
3895_4,False,,1233.071167,25
3895_5,False,,1233.071167,25
3896_1,True,,967.6044922,46
3896_2,False,,967.6044922,46
3896_3,False,,967.6044922,46
3896_4,False,,967.6044922,46
3897_1,True,,246.7572174,9
3897_2,False,,246.7572174,9
3897_3,False,,246.7572174,9
3897_4,False,,246.7572174,9
3897_5,False,,246.7572174,9
3898_1,True,,630.9721069,48
3898_2,False,,630.9721069,48
3898_3,False,,630.9721069,48
3899_1,True,,1233.071167,14
3899_2,False,,1233.071167,14
3899_3,False,,1233.071167,14
3900_1,True,,727.8068237,18
3900_2,False,,727.8068237,18
3900_3,False,,727.8068237,18
3900_4,False,,727.8068237,18
3901_1,True,,630.9720459,48
3901_2,False,,630.9720459,48
3901_3,False,,630.9720459,48
3902_1,True,,1328.794312,6
3902_2,False,,1328.794312,6
3902_3,False,,1328.794312,6
3902_4,False,,1328.794312,6
3903_1,True,,1440.142822,26
3903_2,False,,1440.142822,26
3903_3,False,,1440.142822,26
3904_1,True,,727.8068237,18
3904_2,False,,727.8068237,18
3904_3,False,,727.8068237,18
3904_4,False,,727.8068237,18
3904_5,False,,727.8068237,18
3905_1,True,,1233.071167,20
3905_2,False,,1233.071167,20
3906_1,True,,1233.071167,12
3906_2,False,,1233.071167,12
3906_3,False,,1233.071167,12
3907_1,True,,1233.071167,5
3907_2,False,,1233.071167,5
3908_1,True,,1233.071167,12
3908_2,False,,1233.071167,12
3908_3,False,,1233.071167,12
3908_4,False,,1233.071167,12
3908_5,False,,1233.071167,12
3908_6,False,,1233.071167,12
3909_1,True,,98.63276672,49
3909_2,False,,98.63276672,49
3909_3,False,,98.63276672,49
3909_4,False,,98.63276672,49
3909_5,False,,98.63276672,49
3909_6,False,,98.63276672,49
3910_1,True,,727.8068237,18
3911_1,True,,1328.794189,6
3911_2,False,,1328.794189,6
3911_3,False,,1328.794189,6
3911_4,False,,1328.794189,6
3911_5,False,,1328.794189,6
3912_1,True,,2515.033691,39
3912_2,False,,2515.033691,39
3912_3,False,,2515.033691,39
3912_4,False,,2515.033691,39
3912_5,False,,2515.033691,39
3913_1,True,,885.3502197,31
3913_2,False,,885.3502197,31
3913_3,False,,885.3502197,31
3913_4,False,,885.3502197,31
3913_5,False,,885.3502197,31
3914_1,True,,1233.071167,4
3915_1,True,,727.8068237,18
3915_2,False,,727.8068237,18
3916_1,True,,630.9720459,48
3916_2,False,,630.9720459,48
3916_3,False,,630.9720459,48
3916_4,False,,630.9720459,48
3917_1,True,,1328.794312,6
3917_2,False,,1328.794312,6
3917_3,False,,1328.794312,6
3918_1,True,,727.8068237,18
3918_2,False,,727.8068237,18
3918_3,False,,727.8068237,18
3918_4,False,,727.8068237,18
3919_1,True,,1233.071167,33
3919_2,False,,1233.071167,33
3920_1,True,,1233.071167,25
3920_2,False,,1233.071167,25
3920_3,False,,1233.071167,25
3920_4,False,,1233.071167,25
3920_5,False,,1233.071167,25
3921_1,True,,2515.033691,39
3921_2,False,,2515.033691,39
3922_1,True,,1328.794189,6
3922_2,False,,1328.794189,6
3922_3,False,,1328.794189,6
3922_4,False,,1328.794189,6
3923_1,True,,1233.071167,33
3923_2,False,,1233.071167,33
3923_3,False,,1233.071167,33
3923_4,False,,1233.071167,33
3924_1,True,,98.63277435,49
3924_2,False,,98.63277435,49
3924_3,False,,98.63277435,49
3925_1,True,,965.7528687,21
3925_2,False,,965.7528687,21
3925_3,False,,965.7528687,21
3926_1,True,,1440.142822,26
3926_2,False,,1440.142822,26
3926_3,False,,1440.142822,26
3926_4,False,,1440.142822,26
3926_5,False,,1440.142822,26
3927_1,True,,967.6045532,46
3927_2,False,,967.6045532,46
3927_3,False,,967.6045532,46
3928_1,True,,337.01828,19
3929_1,True,,965.7528687,21
3929_2,False,,965.7528687,21
3929_3,False,,965.7528687,21
3929_4,False,,965.7528687,21
3929_5,False,,965.7528687,21
3930_1,True,,2515.033447,39
3930_2,False,,2515.033447,39
3930_3,False,,2515.033447,39
3931_1,True,,98.63276672,49
3931_2,False,,98.63276672,49
3932_1,True,,965.7528687,21
3932_2,False,,965.7528687,21
3932_3,False,,965.7528687,21
3932_4,False,,965.7528687,21
3932_5,False,,965.7528687,21
3933_1,True,,630.9721069,48
3933_2,False,,630.9721069,48
3934_1,True,,727.8068237,18
3934_2,False,,727.8068237,18
3934_3,False,,727.8068237,18
3934_4,False,,727.8068237,18
3935_1,True,,630.9720459,48
3935_2,False,,630.9720459,48
3935_3,False,,630.9720459,48
3935_4,False,,630.9720459,48
3936_1,True,,1233.071167,25
3936_2,False,,1233.071167,25
3937_1,True,,967.6044922,46
3937_2,False,,967.6044922,46
3938_1,True,,630.9720459,48
3938_2,False,,630.9720459,48
3938_3,False,,630.9720459,48
3939_1,True,,1233.071167,33
3939_2,False,,1233.071167,33
3939_3,False,,1233.071167,33
3939_4,False,,1233.071167,33
3940_1,True,,1233.071167,10
3940_2,False,,1233.071167,10
3940_3,False,,1233.071167,10
3940_4,False,,1233.071167,10
3941_1,True,,630.9720459,48
3941_2,False,,630.9720459,48
3941_3,False,,630.9720459,48
3941_4,False,,630.9720459,48
3942_1,True,,1233.071167,33
3942_2,False,,1233.071167,33
3942_3,False,,1233.071167,33
3942_4,False,,1233.071167,33
3942_5,False,,1233.071167,33
3942_6,False,,1233.071167,33
3943_1,True,,727.8068237,18
3943_2,False,,727.8068237,18
3944_1,True,,630.9721069,48
3945_1,True,,727.8067627,18
3945_2,False,,727.8067627,18
3945_3,False,,727.8067627,18
3946_1,True,,967.6045532,46
3946_2,False,,967.6045532,46
3946_3,False,,967.6045532,46
3946_4,False,,967.6045532,46
3947_1,True,,885.3503418,31
3947_2,False,,885.3503418,31
3947_3,False,,885.3503418,31
3947_4,False,,885.3503418,31
3948_1,True,,1233.071167,44
3948_2,False,,1233.071167,44
3948_3,False,,1233.071167,44
3948_4,False,,1233.071167,44
3949_1,True,,246.7572174,9
3949_2,False,,246.7572174,9
3949_3,False,,246.7572174,9
3950_1,True,,967.6045532,46
3950_2,False,,967.6045532,46
3951_1,True,,2515.033447,39
3951_2,False,,2515.033447,39
3951_3,False,,2515.033447,39
3952_1,True,,1233.071167,44
3952_2,False,,1233.071167,44
3952_3,False,,1233.071167,44
3953_1,True,,885.3502808,31
3953_2,False,,885.3502808,31
3954_1,True,,630.9721069,48
3954_2,False,,630.9721069,48
3954_3,False,,630.9721069,48
3954_4,False,,630.9721069,48
3955_1,True,,630.9720459,48
3955_2,False,,630.9720459,48
3955_3,False,,630.9720459,48
3955_4,False,,630.9720459,48
3956_1,True,,246.7572174,9
3956_2,False,,246.7572174,9
3956_3,False,,246.7572174,9
3956_4,False,,246.7572174,9
3956_5,False,,246.7572174,9
3957_1,True,,2515.033447,39
3957_2,False,,2515.033447,39
3957_3,False,,2515.033447,39
3957_4,False,,2515.033447,39
3958_1,True,,1233.071167,33
3958_2,False,,1233.071167,33
3958_3,False,,1233.071167,33
3958_4,False,,1233.071167,33
3959_1,True,,727.8068237,18
3959_2,False,,727.8068237,18
3959_3,False,,727.8068237,18
3959_4,False,,727.8068237,18
3959_5,False,,727.8068237,18
3960_1,True,,967.6045532,46
3960_2,False,,967.6045532,46
3960_3,False,,967.6045532,46
3960_4,False,,967.6045532,46
3961_1,True,,98.63276672,49
3961_2,False,,98.63276672,49
3962_1,True,,2515.033691,39
3962_2,False,,2515.033691,39
3963_1,True,,1233.071167,33
3963_2,False,,1233.071167,33
3963_3,False,,1233.071167,33
3963_4,False,,1233.071167,33
3964_1,True,,1328.794312,6
3964_2,False,,1328.794312,6
3964_3,False,,1328.794312,6
3964_4,False,,1328.794312,6
3965_1,True,,1328.794312,6
3965_2,False,,1328.794312,6
3965_3,False,,1328.794312,6
3966_1,True,,2515.033447,39
3967_1,True,,1233.071167,34
3967_2,False,,1233.071167,34
3968_1,True,,885.3502808,31
3968_2,False,,885.3502808,31
3968_3,False,,885.3502808,31
3968_4,False,,885.3502808,31
3969_1,True,,965.7528687,21
3969_2,False,,965.7528687,21
3970_1,True,,965.7528687,21
3970_2,False,,965.7528687,21
3970_3,False,,965.7528687,21
3971_1,True,,2466.142334,45
3971_2,False,,2466.142334,45
3971_3,False,,2466.142334,45
3972_1,True,,630.9720459,48
3972_2,False,,630.9720459,48
3972_3,False,,630.9720459,48
3973_1,True,,337.0183105,19
3973_2,False,,337.0183105,19
3973_3,False,,337.0183105,19
3973_4,False,,337.0183105,19
3974_1,True,,967.6044922,46
3974_2,False,,967.6044922,46
3974_3,False,,967.6044922,46
3975_1,True,,1233.071167,36
3975_2,False,,1233.071167,36
3976_1,True,,98.63276672,49
3976_2,False,,98.63276672,49
3976_3,False,,98.63276672,49
3976_4,False,,98.63276672,49
3977_1,True,,1233.071167,44
3977_2,False,,1233.071167,44
3977_3,False,,1233.071167,44
3978_1,True,,2515.033447,39
3978_2,False,,2515.033447,39
3978_3,False,,2515.033447,39
3979_1,True,,1233.071167,33
3979_2,False,,1233.071167,33
3979_3,False,,1233.071167,33
3980_1,True,,1233.071167,43
3980_2,False,,1233.071167,43
3980_3,False,,1233.071167,43
3980_4,False,,1233.071167,43
3981_1,True,,1233.071167,38
3981_2,False,,1233.071167,38
3981_3,False,,1233.071167,38
3981_4,False,,1233.071167,38
3981_5,False,,1233.071167,38
3982_1,True,,1233.071167,12
3982_2,False,,1233.071167,12
3982_3,False,,1233.071167,12
3983_1,True,,630.9720459,48
3983_2,False,,630.9720459,48
3983_3,False,,630.9720459,48
3983_4,False,,630.9720459,48
3984_1,True,,1440.142822,26
3984_2,False,,1440.142822,26
3984_3,False,,1440.142822,26
3984_4,False,,1440.142822,26
3985_1,True,,885.3502808,31
3985_2,False,,885.3502808,31
3985_3,False,,885.3502808,31
3986_1,True,,1233.071167,41
3986_2,False,,1233.071167,41
3986_3,False,,1233.071167,41
3987_1,True,,1328.794312,6
3987_2,False,,1328.794312,6
3988_1,True,,98.63276672,49
3988_2,False,,98.63276672,49
3988_3,False,,98.63276672,49
3988_4,False,,98.63276672,49
3989_1,True,,98.63276672,49
3990_1,True,,2515.033447,39
3990_2,False,,2515.033447,39
3991_1,True,,630.9721069,48
3991_2,False,,630.9721069,48
3991_3,False,,630.9721069,48
3991_4,False,,630.9721069,48
3991_5,False,,630.9721069,48
3992_1,True,,2515.033447,39
3992_2,False,,2515.033447,39
3992_3,False,,2515.033447,39
3993_1,True,,246.7572174,9
3993_2,False,,246.7572174,9
3994_1,True,,1328.794312,6
3994_2,False,,1328.794312,6
3994_3,False,,1328.794312,6
3994_4,False,,1328.794312,6
3995_1,True,,246.7572327,9
3995_2,False,,246.7572327,9
3995_3,False,,246.7572327,9
3996_1,True,,885.3502808,31
3996_2,False,,885.3502808,31
3996_3,False,,885.3502808,31
3996_4,False,,885.3502808,31
3996_5,False,,885.3502808,31
3997_1,True,,98.63276672,49
3997_2,False,,98.63276672,49
3997_3,False,,98.63276672,49
3998_1,True,,885.3503418,31
3998_2,False,,885.3503418,31
3998_3,False,,885.3503418,31
3998_4,False,,885.3503418,31
3998_5,False,,885.3503418,31
3998_6,False,,885.3503418,31
3999_1,True,,1440.142822,26
3999_2,False,,1440.142822,26
3999_3,False,,1440.142822,26
3999_4,False,,1440.142822,26
3999_5,False,,1440.142822,26
3999_6,False,,1440.142822,26
3999_7,False,,1440.142822,26
4000_1,True,,965.7528687,21
4000_2,False,,965.7528687,21
4001_1,True,,885.3502808,31
4001_2,False,,885.3502808,31
4001_3,False,,885.3502808,31
4001_4,False,,885.3502808,31
4002_1,True,,1233.071167,38
4002_2,False,,1233.071167,38
4002_3,False,,1233.071167,38
4003_1,True,,98.63276672,49
4003_2,False,,98.63276672,49
4003_3,False,,98.63276672,49
4004_1,True,,2515.033691,39
4004_2,False,,2515.033691,39
4004_3,False,,2515.033691,39
4005_1,True,,246.7572174,9
4005_2,False,,246.7572174,9
4005_3,False,,246.7572174,9
4005_4,False,,246.7572174,9
4005_5,False,,246.7572174,9
4005_6,False,,246.7572174,9
4006_1,True,,1233.071167,38
4006_2,False,,1233.071167,38
4006_3,False,,1233.071167,38
4007_1,True,,1233.071167,41
4007_2,False,,1233.071167,41
4008_1,True,,727.8068237,18
4008_2,False,,727.8068237,18
4008_3,False,,727.8068237,18
4008_4,False,,727.8068237,18
4009_1,True,,965.7528687,21
4009_2,False,,965.7528687,21
4009_3,False,,965.7528687,21
4010_1,True,,1233.071167,41
4010_2,False,,1233.071167,41
4010_3,False,,1233.071167,41
4010_4,False,,1233.071167,41
4011_1,True,,1440.142944,26
4011_2,False,,1440.142944,26
4012_1,True,,1233.071167,38
4012_2,False,,1233.071167,38
4012_3,False,,1233.071167,38
4013_1,True,,630.9720459,48
4013_2,False,,630.9720459,48
4013_3,False,,630.9720459,48
4013_4,False,,630.9720459,48
4014_1,True,,630.9721069,48
4014_2,False,,630.9721069,48
4014_3,False,,630.9721069,48
4014_4,False,,630.9721069,48
4015_1,True,,967.6044922,46
4015_2,False,,967.6044922,46
4015_3,False,,967.6044922,46
4015_4,False,,967.6044922,46
4016_1,True,,1440.142944,26
4016_2,False,,1440.142944,26
4016_3,False,,1440.142944,26
4016_4,False,,1440.142944,26
4017_1,True,,1328.794189,6
4017_2,False,,1328.794189,6
4017_3,False,,1328.794189,6
4017_4,False,,1328.794189,6
4018_1,True,,965.7528687,21
4018_2,False,,965.7528687,21
4018_3,False,,965.7528687,21
4019_1,True,,1233.071167,41
4019_2,False,,1233.071167,41
4019_3,False,,1233.071167,41
4020_1,True,,1233.071167,44
4020_2,False,,1233.071167,44
4021_1,True,,1233.071167,41
4021_2,False,,1233.071167,41
4021_3,False,,1233.071167,41
4021_4,False,,1233.071167,41
4021_5,False,,1233.071167,41
4022_1,True,,630.9721069,48
4022_2,False,,630.9721069,48
4022_3,False,,630.9721069,48
4022_4,False,,630.9721069,48
4022_5,False,,630.9721069,48
4022_6,False,,630.9721069,48
4023_1,True,,967.6044922,46
4023_2,False,,967.6044922,46
4024_1,True,,1328.794189,6
4024_2,False,,1328.794189,6
4024_3,False,,1328.794189,6
4024_4,False,,1328.794189,6
4024_5,False,,1328.794189,6
4025_1,True,,1233.071167,41
4025_2,False,,1233.071167,41
4025_3,False,,1233.071167,41
4025_4,False,,1233.071167,41
4025_5,False,,1233.071167,41
4026_1,True,,630.9721069,48
4026_2,False,,630.9721069,48
4026_3,False,,630.9721069,48
4027_1,True,,246.7572174,9
4027_2,False,,246.7572174,9
4027_3,False,,246.7572174,9
4028_1,True,,98.63276672,49
4028_2,False,,98.63276672,49
4029_1,True,,337.01828,19
4030_1,True,,885.3502808,31
4030_2,False,,885.3502808,31
4030_3,False,,885.3502808,31
4030_4,False,,885.3502808,31
4030_5,False,,885.3502808,31
4030_6,False,,885.3502808,31
4031_1,True,,1328.794312,6
4031_2,False,,1328.794312,6
4031_3,False,,1328.794312,6
4031_4,False,,1328.794312,6
4032_1,True,,2515.033447,39
4032_2,False,,2515.033447,39
4032_3,False,,2515.033447,39
4032_4,False,,2515.033447,39
4033_1,True,,967.6045532,46
4033_2,False,,967.6045532,46
4033_3,False,,967.6045532,46
4033_4,False,,967.6045532,46
4034_1,True,,630.9720459,48
4035_1,True,,967.6044922,46
4035_2,False,,967.6044922,46
4035_3,False,,967.6044922,46
4036_1,True,,2515.033447,39
4036_2,False,,2515.033447,39
4036_3,False,,2515.033447,39
4036_4,False,,2515.033447,39
4037_1,True,,630.9720459,48
4037_2,False,,630.9720459,48
4038_1,True,,1440.142822,26
4038_2,False,,1440.142822,26
4038_3,False,,1440.142822,26
4038_4,False,,1440.142822,26
4038_5,False,,1440.142822,26
4038_6,False,,1440.142822,26
4038_7,False,,1440.142822,26
4038_8,False,,1440.142822,26
4038_9,False,,1440.142822,26
4039_1,True,,98.63276672,49
4039_2,False,,98.63276672,49
4040_1,True,,1233.071167,41
4040_2,False,,1233.071167,41
4040_3,False,,1233.071167,41
4040_4,False,,1233.071167,41
4041_1,True,,965.7528687,21
4041_2,False,,965.7528687,21
4042_1,True,,1328.794312,6
4042_2,False,,1328.794312,6
4042_3,False,,1328.794312,6
4043_1,True,,246.7572174,9
4043_2,False,,246.7572174,9
4043_3,False,,246.7572174,9
4044_1,True,,98.63277435,49
4044_2,False,,98.63277435,49
4044_3,False,,98.63277435,49
4044_4,False,,98.63277435,49
4045_1,True,,967.6044922,46
4045_2,False,,967.6044922,46
4045_3,False,,967.6044922,46
4046_1,True,,2515.033447,39
4046_2,False,,2515.033447,39
4046_3,False,,2515.033447,39
4047_1,True,,1328.794312,6
4047_2,False,,1328.794312,6
4047_3,False,,1328.794312,6
4047_4,False,,1328.794312,6
4047_5,False,,1328.794312,6
4048_1,True,,2515.033447,39
4048_2,False,,2515.033447,39
4048_3,False,,2515.033447,39
4048_4,False,,2515.033447,39
4049_1,True,,1440.142822,26
4049_2,False,,1440.142822,26
4050_1,True,,1440.142822,26
4050_2,False,,1440.142822,26
4050_3,False,,1440.142822,26
4051_1,True,,98.63277435,49
4052_1,True,,1233.071167,41
4052_2,False,,1233.071167,41
4052_3,False,,1233.071167,41
4053_1,True,,337.01828,19
4053_2,False,,337.01828,19
4053_3,False,,337.01828,19
4054_1,True,,1328.794312,6
4054_2,False,,1328.794312,6
4054_3,False,,1328.794312,6
4054_4,False,,1328.794312,6
4054_5,False,,1328.794312,6
4054_6,False,,1328.794312,6
4055_1,True,,98.63276672,49
4056_1,True,,727.8068237,18
4056_2,False,,727.8068237,18
4057_1,True,,1440.142822,26
4057_2,False,,1440.142822,26
4057_3,False,,1440.142822,26
4057_4,False,,1440.142822,26
4057_5,False,,1440.142822,26
4058_1,True,,1233.071167,12
4058_2,False,,1233.071167,12
4059_1,True,,885.3502808,31
4059_2,False,,885.3502808,31
4059_3,False,,885.3502808,31
4060_1,True,,1328.794312,6
4060_2,False,,1328.794312,6
4060_3,False,,1328.794312,6
4060_4,False,,1328.794312,6
4060_5,False,,1328.794312,6
4061_1,True,,885.3502808,31
4061_2,False,,885.3502808,31
4062_1,True,,246.7572174,9
4062_2,False,,246.7572174,9
4062_3,False,,246.7572174,9
4062_4,False,,246.7572174,9
4063_1,True,,967.6044922,46
4063_2,False,,967.6044922,46
4063_3,False,,967.6044922,46
4064_1,True,,965.7528687,21
4064_2,False,,965.7528687,21
4065_1,True,,1328.794312,6
4065_2,False,,1328.794312,6
4065_3,False,,1328.794312,6
4065_4,False,,1328.794312,6
4066_1,True,,1233.071167,25
4066_2,False,,1233.071167,25
4067_1,True,,1233.071167,38
4067_2,False,,1233.071167,38
4067_3,False,,1233.071167,38
4068_1,True,,98.63277435,49
4068_2,False,,98.63277435,49
4069_1,True,,1233.071167,12
4069_2,False,,1233.071167,12
4069_3,False,,1233.071167,12
4070_1,True,,1233.071167,8
4070_2,False,,1233.071167,8
4070_3,False,,1233.071167,8
4070_4,False,,1233.071167,8
4071_1,True,,1233.071167,45
4071_2,False,,1233.071167,45
4071_3,False,,1233.071167,45
4072_1,True,,967.6044922,46
4072_2,False,,967.6044922,46
4073_1,True,,1328.794312,6
4073_2,False,,1328.794312,6
4073_3,False,,1328.794312,6
4073_4,False,,1328.794312,6
4073_5,False,,1328.794312,6
4073_6,False,,1328.794312,6
4073_7,False,,1328.794312,6
4073_8,False,,1328.794312,6
4074_1,True,,1233.071167,47
4074_2,False,,1233.071167,47
4074_3,False,,1233.071167,47
4075_1,True,,1328.794189,6
4075_2,False,,1328.794189,6
4076_1,True,,246.7572174,9
4076_2,False,,246.7572174,9
4076_3,False,,246.7572174,9
4076_4,False,,246.7572174,9
4076_5,False,,246.7572174,9
4076_6,False,,246.7572174,9
4076_7,False,,246.7572174,9
4077_1,True,,1328.794312,6
4077_2,False,,1328.794312,6
4078_1,True,,246.7572174,9
4078_2,False,,246.7572174,9
4078_3,False,,246.7572174,9
4078_4,False,,246.7572174,9
4078_5,False,,246.7572174,9
4079_1,True,,727.8068237,18
4079_2,False,,727.8068237,18
4079_3,False,,727.8068237,18
4080_1,True,,727.8068237,18
4080_2,False,,727.8068237,18
4080_3,False,,727.8068237,18
4080_4,False,,727.8068237,18
4081_1,True,,98.63276672,49
4081_2,False,,98.63276672,49
4082_1,True,,2515.033447,39
4082_2,False,,2515.033447,39
4083_1,True,,630.9721069,48
4083_2,False,,630.9721069,48
4083_3,False,,630.9721069,48
4083_4,False,,630.9721069,48
4084_1,True,,885.3503418,31
4084_2,False,,885.3503418,31
4084_3,False,,885.3503418,31
4084_4,False,,885.3503418,31
4084_5,False,,885.3503418,31
4084_6,False,,885.3503418,31
4085_1,True,,1233.071167,10
4085_2,False,,1233.071167,10
4085_3,False,,1233.071167,10
4085_4,False,,1233.071167,10
4086_1,True,,967.6044922,46
4086_2,False,,967.6044922,46
4087_1,True,,885.3502808,31
4087_2,False,,885.3502808,31
4087_3,False,,885.3502808,31
4087_4,False,,885.3502808,31
4087_5,False,,885.3502808,31
4087_6,False,,885.3502808,31
4087_7,False,,885.3502808,31
4088_1,True,,965.7528687,21
4088_2,False,,965.7528687,21
4088_3,False,,965.7528687,21
4088_4,False,,965.7528687,21
4088_5,False,,965.7528687,21
4088_6,False,,965.7528687,21
4088_7,False,,965.7528687,21
4089_1,True,,965.7529297,21
4089_2,False,,965.7529297,21
4089_3,False,,965.7529297,21
4089_4,False,,965.7529297,21
4090_1,True,,630.9721069,48
4091_1,True,,1233.071167,10
4091_2,False,,1233.071167,10
4092_1,True,,2515.033691,39
4093_1,True,,2515.033447,39
4093_2,False,,2515.033447,39
4094_1,True,,1233.071167,10
4094_2,False,,1233.071167,10
4094_3,False,,1233.071167,10
4095_1,True,,337.01828,19
4095_2,False,,337.01828,19
4095_3,False,,337.01828,19
4096_1,True,,630.9720459,48
4096_2,False,,630.9720459,48
4096_3,False,,630.9720459,48
4097_1,True,,965.7528687,21
4097_2,False,,965.7528687,21
4098_1,True,,965.7528687,21
4098_2,False,,965.7528687,21
4098_3,False,,965.7528687,21
4099_1,True,,1233.071167,10
4099_2,False,,1233.071167,10
4100_1,True,,1328.794189,6
4100_2,False,,1328.794189,6
4100_3,False,,1328.794189,6
4101_1,True,,965.7528687,21
4101_2,False,,965.7528687,21
4101_3,False,,965.7528687,21
4102_1,True,,1233.071167,12
4102_2,False,,1233.071167,12
4102_3,False,,1233.071167,12
4102_4,False,,1233.071167,12
4102_5,False,,1233.071167,12
4102_6,False,,1233.071167,12
4103_1,True,,337.0183105,19
4103_2,False,,337.0183105,19
4103_3,False,,337.0183105,19
4104_1,True,,1233.071167,4
4105_1,True,,1440.142822,26
4105_2,False,,1440.142822,26
4105_3,False,,1440.142822,26
4105_4,False,,1440.142822,26
4105_5,False,,1440.142822,26
4105_6,False,,1440.142822,26
4106_1,True,,1328.794189,6
4106_2,False,,1328.794189,6
4106_3,False,,1328.794189,6
4106_4,False,,1328.794189,6
4107_1,True,,1328.794312,6
4107_2,False,,1328.794312,6
4108_1,True,,1328.794312,6
4108_2,False,,1328.794312,6
4108_3,False,,1328.794312,6
4109_1,True,,727.8068237,18
4109_2,False,,727.8068237,18
4109_3,False,,727.8068237,18
4109_4,False,,727.8068237,18
4109_5,False,,727.8068237,18
4110_1,True,,967.6044922,46
4110_2,False,,967.6044922,46
4110_3,False,,967.6044922,46
4111_1,True,,1233.071167,7
4112_1,True,,727.8068237,18
4112_2,False,,727.8068237,18
4112_3,False,,727.8068237,18
4112_4,False,,727.8068237,18
4113_1,True,,1233.071167,7
4113_2,False,,1233.071167,7
4113_3,False,,1233.071167,7
4114_1,True,,965.7528687,21
4115_1,True,,246.7572174,9
4116_1,True,,967.6044922,46
4116_2,False,,967.6044922,46
4116_3,False,,967.6044922,46
4116_4,False,,967.6044922,46
4116_5,False,,967.6044922,46
4117_1,True,,885.3503418,31
4117_2,False,,885.3503418,31
4117_3,False,,885.3503418,31
4117_4,False,,885.3503418,31
4118_1,True,,1233.071167,5
4118_2,False,,1233.071167,5
4118_3,False,,1233.071167,5
4119_1,True,,1440.142822,26
4119_2,False,,1440.142822,26
4119_3,False,,1440.142822,26
4120_1,True,,246.7572327,9
4120_2,False,,246.7572327,9
4120_3,False,,246.7572327,9
4120_4,False,,246.7572327,9
4121_1,True,,2515.033447,39
4121_2,False,,2515.033447,39
4122_1,True,,1233.071167,12
4122_2,False,,1233.071167,12
4122_3,False,,1233.071167,12
4122_4,False,,1233.071167,12
4122_5,False,,1233.071167,12
4122_6,False,,1233.071167,12
4122_7,False,,1233.071167,12
4123_1,True,,965.7528687,21
4123_2,False,,965.7528687,21
4124_1,True,,885.3502808,31
4124_2,False,,885.3502808,31
4124_3,False,,885.3502808,31
4125_1,True,,1328.794312,6
4125_2,False,,1328.794312,6
4125_3,False,,1328.794312,6
4125_4,False,,1328.794312,6
4125_5,False,,1328.794312,6
4126_1,True,,965.7528687,21
4126_2,False,,965.7528687,21
4127_1,True,,965.7529297,21
4127_2,False,,965.7529297,21
4127_3,False,,965.7529297,21
4127_4,False,,965.7529297,21
4127_5,False,,965.7529297,21
4128_1,True,,967.6044922,46
4129_1,True,,630.9720459,48
4129_2,False,,630.9720459,48
4129_3,False,,630.9720459,48
4129_4,False,,630.9720459,48
4129_5,False,,630.9720459,48
4130_1,True,,965.7528687,21
4130_2,False,,965.7528687,21
4130_3,False,,965.7528687,21
4130_4,False,,965.7528687,21
4130_5,False,,965.7528687,21
4131_1,True,,630.9720459,48
4131_2,False,,630.9720459,48
4131_3,False,,630.9720459,48
4131_4,False,,630.9720459,48
4132_1,True,,1233.071167,45
4132_2,False,,1233.071167,45
4133_1,True,,630.9721069,48
4133_2,False,,630.9721069,48
4133_3,False,,630.9721069,48
4133_4,False,,630.9721069,48
4134_1,True,,727.8068237,18
4134_2,False,,727.8068237,18
4135_1,True,,630.9721069,48
4135_2,False,,630.9721069,48
4136_1,True,,967.6044922,46
4136_2,False,,967.6044922,46
4136_3,False,,967.6044922,46
4136_4,False,,967.6044922,46
4137_1,True,,1233.071167,22
4137_2,False,,1233.071167,22
4137_3,False,,1233.071167,22
4137_4,False,,1233.071167,22
4137_5,False,,1233.071167,22
4138_1,True,,98.63276672,49
4138_2,False,,98.63276672,49
4138_3,False,,98.63276672,49
4138_4,False,,98.63276672,49
4139_1,True,,1233.071167,25
4139_2,False,,1233.071167,25
4139_3,False,,1233.071167,25
4140_1,True,,1440.142822,26
4140_2,False,,1440.142822,26
4140_3,False,,1440.142822,26
4141_1,True,,98.63276672,49
4141_2,False,,98.63276672,49
4142_1,True,,727.8068237,18
4142_2,False,,727.8068237,18
4142_3,False,,727.8068237,18
4142_4,False,,727.8068237,18
4143_1,True,,1233.071167,25
4143_2,False,,1233.071167,25
4143_3,False,,1233.071167,25
4144_1,True,,630.9720459,48
4144_2,False,,630.9720459,48
4145_1,True,,246.7572174,9
4145_2,False,,246.7572174,9
4145_3,False,,246.7572174,9
4145_4,False,,246.7572174,9
4145_5,False,,246.7572174,9
4146_1,True,,246.7572174,9
4146_2,False,,246.7572174,9
4146_3,False,,246.7572174,9
4146_4,False,,246.7572174,9
4146_5,False,,246.7572174,9
4146_6,False,,246.7572174,9
4147_1,True,,1328.794189,6
4147_2,False,,1328.794189,6
4148_1,True,,98.63276672,49
4148_2,False,,98.63276672,49
4148_3,False,,98.63276672,49
4149_1,True,,727.8068237,18
4149_2,False,,727.8068237,18
4149_3,False,,727.8068237,18
4149_4,False,,727.8068237,18
4149_5,False,,727.8068237,18
4150_1,True,,885.3502808,31
4150_2,False,,885.3502808,31
4150_3,False,,885.3502808,31
4151_1,True,,967.6044922,46
4152_1,True,,98.63277435,49
4152_2,False,,98.63277435,49
4152_3,False,,98.63277435,49
4153_1,True,,1233.071167,33
4153_2,False,,1233.071167,33
4153_3,False,,1233.071167,33
4153_4,False,,1233.071167,33
4154_1,True,,98.63276672,49
4154_2,False,,98.63276672,49
4155_1,True,,98.63276672,49
4155_2,False,,98.63276672,49
4156_1,True,,246.7572327,9
4156_2,False,,246.7572327,9
4156_3,False,,246.7572327,9
4156_4,False,,246.7572327,9
4156_5,False,,246.7572327,9
4157_1,True,,246.7572327,9
4157_2,False,,246.7572327,9
4158_1,True,,1440.142944,26
4158_2,False,,1440.142944,26
4158_3,False,,1440.142944,26
4159_1,True,,1328.794312,6
4159_2,False,,1328.794312,6
4160_1,True,,727.8068237,18
4160_2,False,,727.8068237,18
4160_3,False,,727.8068237,18
4160_4,False,,727.8068237,18
4160_5,False,,727.8068237,18
4160_6,False,,727.8068237,18
4161_1,True,,965.7528687,21
4161_2,False,,965.7528687,21
4161_3,False,,965.7528687,21
4161_4,False,,965.7528687,21
4161_5,False,,965.7528687,21
4162_1,True,,2515.033447,39
4162_2,False,,2515.033447,39
4163_1,True,,246.7572174,9
4163_2,False,,246.7572174,9
4164_1,True,,98.63277435,49
4164_2,False,,98.63277435,49
4165_1,True,,967.6044922,46
4165_2,False,,967.6044922,46
4166_1,True,,630.9720459,48
4166_2,False,,630.9720459,48
4167_1,True,,1233.071167,45
4167_2,False,,1233.071167,45
4168_1,True,,1440.142822,26
4168_2,False,,1440.142822,26
4168_3,False,,1440.142822,26
4168_4,False,,1440.142822,26
4168_5,False,,1440.142822,26
4168_6,False,,1440.142822,26
4168_7,False,,1440.142822,26
4168_8,False,,1440.142822,26
4168_9,False,,1440.142822,26
4169_1,True,,98.63276672,49
4169_2,False,,98.63276672,49
4169_3,False,,98.63276672,49
4169_4,False,,98.63276672,49
4170_1,True,,246.7572174,9
4170_2,False,,246.7572174,9
4170_3,False,,246.7572174,9
4170_4,False,,246.7572174,9
4171_1,True,,337.0183105,19
4171_2,False,,337.0183105,19
4171_3,False,,337.0183105,19
4171_4,False,,337.0183105,19
4171_5,False,,337.0183105,19
4172_1,True,,98.63277435,49
4172_2,False,,98.63277435,49
4172_3,False,,98.63277435,49
4172_4,False,,98.63277435,49
4173_1,True,,1233.071167,10
4173_2,False,,1233.071167,10
4173_3,False,,1233.071167,10
4173_4,False,,1233.071167,10
4174_1,True,,1233.071167,38
4174_2,False,,1233.071167,38
4174_3,False,,1233.071167,38
4175_1,True,,98.63276672,49
4175_2,False,,98.63276672,49
4176_1,True,,337.01828,19
4176_2,False,,337.01828,19
4176_3,False,,337.01828,19
4176_4,False,,337.01828,19
4176_5,False,,337.01828,19
4177_1,True,,1440.142822,26
4177_2,False,,1440.142822,26
4177_3,False,,1440.142822,26
4177_4,False,,1440.142822,26
4177_5,False,,1440.142822,26
4177_6,False,,1440.142822,26
4178_1,True,,885.3502808,31
4178_2,False,,885.3502808,31
4178_3,False,,885.3502808,31
4178_4,False,,885.3502808,31
4179_1,True,,337.01828,19
4179_2,False,,337.01828,19
4179_3,False,,337.01828,19
4180_1,True,,246.7572174,9
4180_2,False,,246.7572174,9
4180_3,False,,246.7572174,9
4180_4,False,,246.7572174,9
4181_1,True,,246.7572327,9
4181_2,False,,246.7572327,9
4181_3,False,,246.7572327,9
4181_4,False,,246.7572327,9
4182_1,True,,98.63276672,49
4182_2,False,,98.63276672,49
4183_1,True,,98.63276672,49
4183_2,False,,98.63276672,49
4184_1,True,,98.63276672,49
4184_2,False,,98.63276672,49
4184_3,False,,98.63276672,49
4184_4,False,,98.63276672,49
4185_1,True,,727.8068237,18
4185_2,False,,727.8068237,18
4186_1,True,,246.7572327,9
4186_2,False,,246.7572327,9
4186_3,False,,246.7572327,9
4186_4,False,,246.7572327,9
4187_1,True,,337.0183105,19
4187_2,False,,337.0183105,19
4187_3,False,,337.0183105,19
4188_1,True,,967.6045532,46
4188_2,False,,967.6045532,46
4188_3,False,,967.6045532,46
4188_4,False,,967.6045532,46
4189_1,True,,246.7572174,9
4189_2,False,,246.7572174,9
4190_1,True,,727.8068237,18
4190_2,False,,727.8068237,18
4190_3,False,,727.8068237,18
4190_4,False,,727.8068237,18
4191_1,True,,965.7528687,21
4191_2,False,,965.7528687,21
4191_3,False,,965.7528687,21
4191_4,False,,965.7528687,21
4191_5,False,,965.7528687,21
4191_6,False,,965.7528687,21
4191_7,False,,965.7528687,21
4191_8,False,,965.7528687,21
4192_1,True,,727.8068237,18
4192_2,False,,727.8068237,18
4192_3,False,,727.8068237,18
4193_1,True,,965.7528687,21
4193_2,False,,965.7528687,21
4194_1,True,,965.7528687,21
4194_2,False,,965.7528687,21
4194_3,False,,965.7528687,21
4195_1,True,,98.63276672,49
4195_2,False,,98.63276672,49
4196_1,True,,630.9720459,48
4196_2,False,,630.9720459,48
4196_3,False,,630.9720459,48
4197_1,True,,1328.794312,6
4197_2,False,,1328.794312,6
4197_3,False,,1328.794312,6
4198_1,True,,630.9720459,48
4198_2,False,,630.9720459,48
4198_3,False,,630.9720459,48
4198_4,False,,630.9720459,48
4198_5,False,,630.9720459,48
4199_1,True,,965.7528687,21
4199_2,False,,965.7528687,21
4199_3,False,,965.7528687,21
4199_4,False,,965.7528687,21
4199_5,False,,965.7528687,21
4199_6,False,,965.7528687,21
4199_7,False,,965.7528687,21
4199_8,False,,965.7528687,21
4199_9,False,,965.7528687,21
4200_1,True,,98.63277435,49
4201_1,True,,98.63276672,49
4201_2,False,,98.63276672,49
4202_1,True,,98.63276672,49
4202_2,False,,98.63276672,49
4203_1,True,,727.8068237,18
4203_2,False,,727.8068237,18
4203_3,False,,727.8068237,18
4203_4,False,,727.8068237,18
4204_1,True,,98.63276672,49
4204_2,False,,98.63276672,49
4204_3,False,,98.63276672,49
4204_4,False,,98.63276672,49
4205_1,True,,727.8067627,18
4205_2,False,,727.8067627,18
4206_1,True,,246.7572327,9
4206_2,False,,246.7572327,9
4207_1,True,,630.9720459,48
4207_2,False,,630.9720459,48
4207_3,False,,630.9720459,48
4207_4,False,,630.9720459,48
4207_5,False,,630.9720459,48
4208_1,True,,885.3502808,31
4209_1,True,,630.9720459,48
4210_1,True,,98.63276672,49
4210_2,False,,98.63276672,49
4210_3,False,,98.63276672,49
4210_4,False,,98.63276672,49
4211_1,True,,1233.071167,44
4211_2,False,,1233.071167,44
4211_3,False,,1233.071167,44
4211_4,False,,1233.071167,44
4211_5,False,,1233.071167,44
4212_1,True,,2515.033447,39
4212_2,False,,2515.033447,39
4212_3,False,,2515.033447,39
4212_4,False,,2515.033447,39
4212_5,False,,2515.033447,39
4212_6,False,,2515.033447,39
4213_1,True,,630.9720459,48
4213_2,False,,630.9720459,48
4213_3,False,,630.9720459,48
4213_4,False,,630.9720459,48
4214_1,True,,967.6044922,46
4214_2,False,,967.6044922,46
4215_1,True,,1440.142822,26
4215_2,False,,1440.142822,26
4215_3,False,,1440.142822,26
4215_4,False,,1440.142822,26
4216_1,True,,337.01828,19
4216_2,False,,337.01828,19
4217_1,True,,98.63276672,49
4217_2,False,,98.63276672,49
4217_3,False,,98.63276672,49
4218_1,True,,1328.794312,6
4219_1,True,,965.7528687,21
4219_2,False,,965.7528687,21
4220_1,True,,98.63276672,49
4220_2,False,,98.63276672,49
4220_3,False,,98.63276672,49
4220_4,False,,98.63276672,49
4221_1,True,,1233.071167,41
4221_2,False,,1233.071167,41
4221_3,False,,1233.071167,41
4222_1,True,,98.63276672,49
4222_2,False,,98.63276672,49
4222_3,False,,98.63276672,49
4222_4,False,,98.63276672,49
4223_1,True,,630.9721069,48
4223_2,False,,630.9721069,48
4224_1,True,,98.63276672,49
4224_2,False,,98.63276672,49
4225_1,True,,630.9720459,48
4225_2,False,,630.9720459,48
4225_3,False,,630.9720459,48
4226_1,True,,337.0183105,19
4226_2,False,,337.0183105,19
4226_3,False,,337.0183105,19
4227_1,True,,337.01828,19
4227_2,False,,337.01828,19
4227_3,False,,337.01828,19
4228_1,True,,967.6045532,46
4229_1,True,,1233.071167,43
4229_2,False,,1233.071167,43
4229_3,False,,1233.071167,43
4229_4,False,,1233.071167,43
4230_1,True,,2515.033447,39
4230_2,False,,2515.033447,39
4230_3,False,,2515.033447,39
4230_4,False,,2515.033447,39
4230_5,False,,2515.033447,39
4231_1,True,,337.01828,19
4231_2,False,,337.01828,19
4231_3,False,,337.01828,19
4232_1,True,,2515.033447,39
4232_2,False,,2515.033447,39
4232_3,False,,2515.033447,39
4232_4,False,,2515.033447,39
4233_1,True,,965.7529297,21
4233_2,False,,965.7529297,21
4233_3,False,,965.7529297,21
4234_1,True,,337.01828,19
4234_2,False,,337.01828,19
4234_3,False,,337.01828,19
4234_4,False,,337.01828,19
4234_5,False,,337.01828,19
4235_1,True,,965.7528687,21
4235_2,False,,965.7528687,21
4235_3,False,,965.7528687,21
4235_4,False,,965.7528687,21
4236_1,True,,1233.071167,47
4236_2,False,,1233.071167,47
4236_3,False,,1233.071167,47
4237_1,True,,98.63276672,49
4238_1,True,,246.7572327,9
4238_2,False,,246.7572327,9
4238_3,False,,246.7572327,9
4238_4,False,,246.7572327,9
4238_5,False,,246.7572327,9
4239_1,True,,1440.142822,26
4239_2,False,,1440.142822,26
4240_1,True,,98.63276672,49
4240_2,False,,98.63276672,49
4241_1,True,,630.9720459,48
4241_2,False,,630.9720459,48
4241_3,False,,630.9720459,48
4242_1,True,,965.7528687,21
4242_2,False,,965.7528687,21
4243_1,True,,98.63277435,49
4244_1,True,,98.63276672,49
4245_1,True,,1233.071167,5
4245_2,False,,1233.071167,5
4246_1,True,,965.7528687,21
4246_2,False,,965.7528687,21
4246_3,False,,965.7528687,21
4247_1,True,,885.3502808,31
4247_2,False,,885.3502808,31
4247_3,False,,885.3502808,31
4247_4,False,,885.3502808,31
4247_5,False,,885.3502808,31
4247_6,False,,885.3502808,31
4247_7,False,,885.3502808,31
4248_1,True,,965.7529297,21
4248_2,False,,965.7529297,21
4248_3,False,,965.7529297,21
4249_1,True,,630.9720459,48
4249_2,False,,630.9720459,48
4249_3,False,,630.9720459,48
4249_4,False,,630.9720459,48
4249_5,False,,630.9720459,48
4250_1,True,,630.9720459,48
4250_2,False,,630.9720459,48
4251_1,True,,885.3502808,31
4251_2,False,,885.3502808,31
4251_3,False,,885.3502808,31
4251_4,False,,885.3502808,31
4252_1,True,,98.63276672,49
4252_2,False,,98.63276672,49
4252_3,False,,98.63276672,49
4252_4,False,,98.63276672,49
4252_5,False,,98.63276672,49
4253_1,True,,98.63277435,49
4253_2,False,,98.63277435,49
4253_3,False,,98.63277435,49
4254_1,True,,98.63276672,49
4254_2,False,,98.63276672,49
4254_3,False,,98.63276672,49
4254_4,False,,98.63276672,49
4255_1,True,,1233.071167,25
4256_1,True,,98.63276672,49
4256_2,False,,98.63276672,49
4256_3,False,,98.63276672,49
4256_4,False,,98.63276672,49
4256_5,False,,98.63276672,49
4257_1,True,,885.3502808,31
4257_2,False,,885.3502808,31
4258_1,True,,246.7572327,9
4258_2,False,,246.7572327,9
4258_3,False,,246.7572327,9
4258_4,False,,246.7572327,9
4259_1,True,,965.7528687,21
4259_2,False,,965.7528687,21
4259_3,False,,965.7528687,21
4259_4,False,,965.7528687,21
4260_1,True,,98.63277435,49
4260_2,False,,98.63277435,49
4260_3,False,,98.63277435,49
4260_4,False,,98.63277435,49
4260_5,False,,98.63277435,49
4261_1,True,,1440.142822,26
4261_2,False,,1440.142822,26
4261_3,False,,1440.142822,26
4261_4,False,,1440.142822,26
4261_5,False,,1440.142822,26
4261_6,False,,1440.142822,26
4262_1,True,,1440.142822,26
4262_2,False,,1440.142822,26
4262_3,False,,1440.142822,26
4263_1,True,,1440.142822,26
4263_2,False,,1440.142822,26
4264_1,True,,965.7528687,21
4264_2,False,,965.7528687,21
4265_1,True,,727.8068237,18
4265_2,False,,727.8068237,18
4265_3,False,,727.8068237,18
4265_4,False,,727.8068237,18
4265_5,False,,727.8068237,18
4266_1,True,,98.63276672,49
4266_2,False,,98.63276672,49
4266_3,False,,98.63276672,49
4267_1,True,,965.7529297,21
4267_2,False,,965.7529297,21
4267_3,False,,965.7529297,21
4267_4,False,,965.7529297,21
4268_1,True,,98.63276672,49
4268_2,False,,98.63276672,49
4268_3,False,,98.63276672,49
4268_4,False,,98.63276672,49
4269_1,True,,337.01828,19
4269_2,False,,337.01828,19
4269_3,False,,337.01828,19
4269_4,False,,337.01828,19
4270_1,True,,337.01828,19
4270_2,False,,337.01828,19
4271_1,True,,98.63276672,49
4271_2,False,,98.63276672,49
4272_1,True,,630.9721069,48
4272_2,False,,630.9721069,48
4272_3,False,,630.9721069,48
4273_1,True,,1440.142822,26
4273_2,False,,1440.142822,26
4273_3,False,,1440.142822,26
4273_4,False,,1440.142822,26
4273_5,False,,1440.142822,26
4273_6,False,,1440.142822,26
4274_1,True,,1233.071167,25
4274_2,False,,1233.071167,25
4274_3,False,,1233.071167,25
4275_1,True,,246.7572327,9
4275_2,False,,246.7572327,9
4275_3,False,,246.7572327,9
4275_4,False,,246.7572327,9
4276_1,True,,965.7529297,21
4276_2,False,,965.7529297,21
4276_3,False,,965.7529297,21
4276_4,False,,965.7529297,21
4276_5,False,,965.7529297,21
4277_1,True,,727.8068237,18
4277_2,False,,727.8068237,18
4277_3,False,,727.8068237,18
4277_4,False,,727.8068237,18
4277_5,False,,727.8068237,18
4278_1,True,,885.3502808,31
4278_2,False,,885.3502808,31
4278_3,False,,885.3502808,31
4278_4,False,,885.3502808,31
4279_1,True,,1233.071167,38
4280_1,True,,630.9720459,48
4280_2,False,,630.9720459,48
4280_3,False,,630.9720459,48
4280_4,False,,630.9720459,48
4280_5,False,,630.9720459,48
4281_1,True,,965.7528687,21
4281_2,False,,965.7528687,21
4281_3,False,,965.7528687,21
4282_1,True,,967.6044922,46
4282_2,False,,967.6044922,46
4282_3,False,,967.6044922,46
4282_4,False,,967.6044922,46
4283_1,True,,246.7572174,9
4283_2,False,,246.7572174,9
4283_3,False,,246.7572174,9
4283_4,False,,246.7572174,9
4283_5,False,,246.7572174,9
4284_1,True,,98.63277435,49
4284_2,False,,98.63277435,49
4284_3,False,,98.63277435,49
4285_1,True,,965.7528687,21
4285_2,False,,965.7528687,21
4285_3,False,,965.7528687,21
4286_1,True,,337.0183105,19
4286_2,False,,337.0183105,19
4287_1,True,,246.7572327,9
4287_2,False,,246.7572327,9
4288_1,True,,2515.033691,39
4288_2,False,,2515.033691,39
4289_1,True,,967.6045532,46
4289_2,False,,967.6045532,46
4290_1,True,,630.9720459,48
4290_2,False,,630.9720459,48
4290_3,False,,630.9720459,48
4290_4,False,,630.9720459,48
4291_1,True,,965.7528687,21
4291_2,False,,965.7528687,21
4291_3,False,,965.7528687,21
4292_1,True,,98.63276672,49
4292_2,False,,98.63276672,49
4292_3,False,,98.63276672,49
4292_4,False,,98.63276672,49
4292_5,False,,98.63276672,49
4292_6,False,,98.63276672,49
4292_7,False,,98.63276672,49
4293_1,True,,1328.794312,6
4293_2,False,,1328.794312,6
4293_3,False,,1328.794312,6
4293_4,False,,1328.794312,6
4294_1,True,,2515.033447,39
4294_2,False,,2515.033447,39
4294_3,False,,2515.033447,39
4294_4,False,,2515.033447,39
4295_1,True,,2515.033447,39
4295_2,False,,2515.033447,39
4295_3,False,,2515.033447,39
4296_1,True,,98.63276672,49
4296_2,False,,98.63276672,49
4296_3,False,,98.63276672,49
4296_4,False,,98.63276672,49
4296_5,False,,98.63276672,49
4297_1,True,,1440.142822,26
4297_2,False,,1440.142822,26
4297_3,False,,1440.142822,26
4297_4,False,,1440.142822,26
4298_1,True,,98.63277435,49
4298_2,False,,98.63277435,49
4298_3,False,,98.63277435,49
4298_4,False,,98.63277435,49
4299_1,True,,967.6044922,46
4299_2,False,,967.6044922,46
4299_3,False,,967.6044922,46
4300_1,True,,98.63276672,49
4300_2,False,,98.63276672,49
4301_1,True,,2515.033447,39
4301_2,False,,2515.033447,39
4301_3,False,,2515.033447,39
4302_1,True,,337.01828,19
4302_2,False,,337.01828,19
4302_3,False,,337.01828,19
4302_4,False,,337.01828,19
4303_1,True,,630.9720459,48
4303_2,False,,630.9720459,48
4303_3,False,,630.9720459,48
4303_4,False,,630.9720459,48
4304_1,True,,1328.794189,6
4305_1,True,,246.7572174,9
4305_2,False,,246.7572174,9
4305_3,False,,246.7572174,9
4305_4,False,,246.7572174,9
4305_5,False,,246.7572174,9
4305_6,False,,246.7572174,9
4306_1,True,,1328.794312,6
4306_2,False,,1328.794312,6
4306_3,False,,1328.794312,6
4307_1,True,,727.8068237,18
4307_2,False,,727.8068237,18
4307_3,False,,727.8068237,18
4307_4,False,,727.8068237,18
4307_5,False,,727.8068237,18
4308_1,True,,1440.142822,26
4308_2,False,,1440.142822,26
4308_3,False,,1440.142822,26
4308_4,False,,1440.142822,26
4308_5,False,,1440.142822,26
4309_1,True,,1440.142944,26
4309_2,False,,1440.142944,26
4309_3,False,,1440.142944,26
4309_4,False,,1440.142944,26
4310_1,True,,967.6044922,46
4310_2,False,,967.6044922,46
4310_3,False,,967.6044922,46
4310_4,False,,967.6044922,46
4310_5,False,,967.6044922,46
4310_6,False,,967.6044922,46
4311_1,True,,246.7572327,9
4311_2,False,,246.7572327,9
4311_3,False,,246.7572327,9
4311_4,False,,246.7572327,9
4312_1,True,,885.3503418,31
4312_2,False,,885.3503418,31
4312_3,False,,885.3503418,31
4313_1,True,,246.7572174,9
4313_2,False,,246.7572174,9
4313_3,False,,246.7572174,9
4313_4,False,,246.7572174,9
4313_5,False,,246.7572174,9
4313_6,False,,246.7572174,9
4314_1,True,,967.6044922,46
4314_2,False,,967.6044922,46
4315_1,True,,246.7572327,9
4315_2,False,,246.7572327,9
4315_3,False,,246.7572327,9
4316_1,True,,965.7529297,21
4316_2,False,,965.7529297,21
4316_3,False,,965.7529297,21
4316_4,False,,965.7529297,21
4316_5,False,,965.7529297,21
4317_1,True,,1233.071167,12
4317_2,False,,1233.071167,12
4317_3,False,,1233.071167,12
4317_4,False,,1233.071167,12
4318_1,True,,1328.794312,6
4318_2,False,,1328.794312,6
4318_3,False,,1328.794312,6
4318_4,False,,1328.794312,6
4319_1,True,,337.01828,19
4319_2,False,,337.01828,19
4319_3,False,,337.01828,19
4320_1,True,,630.9721069,48
4320_2,False,,630.9721069,48
4320_3,False,,630.9721069,48
4320_4,False,,630.9721069,48
4320_5,False,,630.9721069,48
4321_1,True,,967.6045532,46
4321_2,False,,967.6045532,46
4322_1,True,,1233.071167,33
4322_2,False,,1233.071167,33
4322_3,False,,1233.071167,33
4323_1,True,,337.0183105,19
4324_1,True,,965.7528687,21
4324_2,False,,965.7528687,21
4324_3,False,,965.7528687,21
4324_4,False,,965.7528687,21
4325_1,True,,630.9720459,48
4325_2,False,,630.9720459,48
4325_3,False,,630.9720459,48
4325_4,False,,630.9720459,48
4325_5,False,,630.9720459,48
4325_6,False,,630.9720459,48
4325_7,False,,630.9720459,48
4326_1,True,,1233.071167,42
4326_2,False,,1233.071167,42
4326_3,False,,1233.071167,42
4327_1,True,,1328.794312,6
4327_2,False,,1328.794312,6
4327_3,False,,1328.794312,6
4328_1,True,,2515.033691,39
4329_1,True,,630.9721069,48
4329_2,False,,630.9721069,48
4330_1,True,,1440.142822,26
4330_2,False,,1440.142822,26
4330_3,False,,1440.142822,26
4331_1,True,,1440.142822,26
4331_2,False,,1440.142822,26
4332_1,True,,727.8067627,18
4332_2,False,,727.8067627,18
4332_3,False,,727.8067627,18
4332_4,False,,727.8067627,18
4333_1,True,,2515.033447,39
4333_2,False,,2515.033447,39
4333_3,False,,2515.033447,39
4334_1,True,,1328.794312,6
4334_2,False,,1328.794312,6
4334_3,False,,1328.794312,6
4334_4,False,,1328.794312,6
4334_5,False,,1328.794312,6
4334_6,False,,1328.794312,6
4334_7,False,,1328.794312,6
4335_1,True,,98.63276672,49
4335_2,False,,98.63276672,49
4335_3,False,,98.63276672,49
4336_1,True,,967.6044922,46
4336_2,False,,967.6044922,46
4336_3,False,,967.6044922,46
4337_1,True,,630.9720459,48
4337_2,False,,630.9720459,48
4337_3,False,,630.9720459,48
4337_4,False,,630.9720459,48
4338_1,True,,630.9721069,48
4338_2,False,,630.9721069,48
4338_3,False,,630.9721069,48
4338_4,False,,630.9721069,48
4339_1,True,,98.63276672,49
4339_2,False,,98.63276672,49
4339_3,False,,98.63276672,49
4340_1,True,,967.6044922,46
4340_2,False,,967.6044922,46
4341_1,True,,727.8068237,18
4341_2,False,,727.8068237,18
4341_3,False,,727.8068237,18
4341_4,False,,727.8068237,18
4341_5,False,,727.8068237,18
4341_6,False,,727.8068237,18
4342_1,True,,337.0183105,19
4342_2,False,,337.0183105,19
4343_1,True,,1233.071167,45
4343_2,False,,1233.071167,45
4343_3,False,,1233.071167,45
4343_4,False,,1233.071167,45
4344_1,True,,1440.142944,26
4344_2,False,,1440.142944,26
4345_1,True,,630.9720459,48
4345_2,False,,630.9720459,48
4345_3,False,,630.9720459,48
4346_1,True,,98.63276672,49
4347_1,True,,1328.794189,6
4347_2,False,,1328.794189,6
4347_3,False,,1328.794189,6
4348_1,True,,98.63276672,49
4348_2,False,,98.63276672,49
4349_1,True,,630.9721069,48
4349_2,False,,630.9721069,48
4349_3,False,,630.9721069,48
4349_4,False,,630.9721069,48
4350_1,True,,337.01828,19
4350_2,False,,337.01828,19
4351_1,True,,967.6044922,46
4351_2,False,,967.6044922,46
4352_1,True,,2515.033447,39
4352_2,False,,2515.033447,39
4352_3,False,,2515.033447,39
4352_4,False,,2515.033447,39
4352_5,False,,2515.033447,39
4352_6,False,,2515.033447,39
4353_1,True,,1233.071167,33
4353_2,False,,1233.071167,33
4353_3,False,,1233.071167,33
4354_1,True,,630.9720459,48
4354_2,False,,630.9720459,48
4354_3,False,,630.9720459,48
4355_1,True,,885.3502808,31
4355_2,False,,885.3502808,31
4355_3,False,,885.3502808,31
4355_4,False,,885.3502808,31
4356_1,True,,1233.071167,44
4356_2,False,,1233.071167,44
4356_3,False,,1233.071167,44
4356_4,False,,1233.071167,44
4356_5,False,,1233.071167,44
4357_1,True,,727.8068237,18
4357_2,False,,727.8068237,18
4357_3,False,,727.8068237,18
4358_1,True,,337.01828,19
4358_2,False,,337.01828,19
4358_3,False,,337.01828,19
4359_1,True,,630.9721069,48
4359_2,False,,630.9721069,48
4359_3,False,,630.9721069,48
4360_1,True,,630.9720459,48
4361_1,True,,885.3502808,31
4361_2,False,,885.3502808,31
4361_3,False,,885.3502808,31
4361_4,False,,885.3502808,31
4361_5,False,,885.3502808,31
4361_6,False,,885.3502808,31
4362_1,True,,1440.142944,26
4362_2,False,,1440.142944,26
4363_1,True,,2515.033447,39
4363_2,False,,2515.033447,39
4364_1,True,,727.8068237,18
4364_2,False,,727.8068237,18
4364_3,False,,727.8068237,18
4364_4,False,,727.8068237,18
4365_1,True,,2515.033447,39
4365_2,False,,2515.033447,39
4365_3,False,,2515.033447,39
4366_1,True,,98.63276672,49
4367_1,True,,337.01828,19
4367_2,False,,337.01828,19
4367_3,False,,337.01828,19
4367_4,False,,337.01828,19
4368_1,True,,727.8067627,18
4368_2,False,,727.8067627,18
4368_3,False,,727.8067627,18
4368_4,False,,727.8067627,18
4368_5,False,,727.8067627,18
4369_1,True,,1328.794312,6
4369_2,False,,1328.794312,6
4369_3,False,,1328.794312,6
4370_1,True,,1440.142822,26
4370_2,False,,1440.142822,26
4370_3,False,,1440.142822,26
4371_1,True,,967.6044922,46
4371_2,False,,967.6044922,46
4372_1,True,,1440.142822,26
4372_2,False,,1440.142822,26
4372_3,False,,1440.142822,26
4373_1,True,,885.3502808,31
4373_2,False,,885.3502808,31
4373_3,False,,885.3502808,31
4374_1,True,,2515.033447,39
4374_2,False,,2515.033447,39
4375_1,True,,1233.071167,41
4375_2,False,,1233.071167,41
4375_3,False,,1233.071167,41
4376_1,True,,2515.033447,39
4376_2,False,,2515.033447,39
4376_3,False,,2515.033447,39
4377_1,True,,885.3502808,31
4377_2,False,,885.3502808,31
4378_1,True,,630.9720459,48
4378_2,False,,630.9720459,48
4379_1,True,,98.63277435,49
4379_2,False,,98.63277435,49
4379_3,False,,98.63277435,49
4379_4,False,,98.63277435,49
4380_1,True,,337.0183105,19
4380_2,False,,337.0183105,19
4380_3,False,,337.0183105,19
4380_4,False,,337.0183105,19
4380_5,False,,337.0183105,19
4381_1,True,,727.8068237,18
4381_2,False,,727.8068237,18
4381_3,False,,727.8068237,18
4382_1,True,,727.8068848,18
4382_2,False,,727.8068848,18
4382_3,False,,727.8068848,18
4383_1,True,,630.9720459,48
4383_2,False,,630.9720459,48
4383_3,False,,630.9720459,48
4383_4,False,,630.9720459,48
4384_1,True,,967.6044922,46
4384_2,False,,967.6044922,46
4385_1,True,,630.9720459,48
4385_2,False,,630.9720459,48
4386_1,True,,967.6044922,46
4386_2,False,,967.6044922,46
4387_1,True,,967.6045532,46
4387_2,False,,967.6045532,46
4387_3,False,,967.6045532,46
4388_1,True,,630.9720459,48
4388_2,False,,630.9720459,48
4389_1,True,,246.7572327,9
4389_2,False,,246.7572327,9
4390_1,True,,337.01828,19
4390_2,False,,337.01828,19
4390_3,False,,337.01828,19
4390_4,False,,337.01828,19
4390_5,False,,337.01828,19
4391_1,True,,630.9721069,48
4391_2,False,,630.9721069,48
4391_3,False,,630.9721069,48
4391_4,False,,630.9721069,48
4392_1,True,,98.63276672,49
4392_2,False,,98.63276672,49
4392_3,False,,98.63276672,49
4393_1,True,,1440.142944,26
4393_2,False,,1440.142944,26
4393_3,False,,1440.142944,26
4393_4,False,,1440.142944,26
4393_5,False,,1440.142944,26
4394_1,True,,1233.071167,25
4394_2,False,,1233.071167,25
4394_3,False,,1233.071167,25
4395_1,True,,1233.071167,45
4395_2,False,,1233.071167,45
4396_1,True,,337.01828,19
4396_2,False,,337.01828,19
4396_3,False,,337.01828,19
4397_1,True,,1328.794189,6
4397_2,False,,1328.794189,6
4397_3,False,,1328.794189,6
4398_1,True,,2515.033447,39
4399_1,True,,727.8068237,18
4399_2,False,,727.8068237,18
4399_3,False,,727.8068237,18
4400_1,True,,967.6045532,46
4400_2,False,,967.6045532,46
4401_1,True,,630.9720459,48
4401_2,False,,630.9720459,48
4401_3,False,,630.9720459,48
4402_1,True,,98.63276672,49
4402_2,False,,98.63276672,49
4403_1,True,,727.8068237,18
4403_2,False,,727.8068237,18
4404_1,True,,965.7528687,21
4404_2,False,,965.7528687,21
4404_3,False,,965.7528687,21
4404_4,False,,965.7528687,21
4405_1,True,,632.7542725,48
4405_2,False,,632.7542725,48
4405_3,False,,632.7542725,48
4406_1,True,,1233.071167,45
4406_2,False,,1233.071167,45
