wave_a,q_a,wave_b,q_b,ctype,decision,concept_id,source,note
2021,cp2_1,2022,cp2_1,categorica,comparable,attr_sexo,manual,
2021,cp3_m1,2022,cp3_1,numerica,comparable,attr_edad_anos,manual,
2021,cp4_1_1,2022,cp5_1_1,numerica,exclude,,manual,"ENCABEZADO DE BATERIA SIN DATO, no una pregunta: los dos miembros tienen CERO respuestas y CERO opciones en la BD, asi que el concepto publicaba una vista Anio enteramente vacia. Texto: 'CP4.1.1 Parentesco (Otro)'. Se pasa a exclude (no se borra) para que quede el registro de que ya se miro y se descarto, y no se vuelva a declarar. El item real de cada bateria es el que lleva sufijo; son esos los que se parean. NOTA: la pregunta sigue apareciendo en el selector porque survey_repository.fetch_questions no filtra las preguntas sin respuestas; eso se arregla en la app, no aqui"
2021,cp7_1,2022,cp10_1,categorica,comparable,attr_tipo_escuela,manual,
2021,p107,2022,p105,categorica,comparable,,manual,
2021,p10_b,2022,p14_b,categorica,comparable,,manual,
2021,p10_c,2022,p14_c,numerica,comparable,,manual,
2021,p10_d,2022,p14_d,numerica,comparable,,manual,
2021,p10_h,2022,p14_h,numerica,comparable,,manual,
2021,p110,2022,p110,numerica,exclude,,manual,"ENCABEZADO DE BATERIA SIN DATO, no una pregunta: los dos miembros tienen CERO respuestas y CERO opciones en la BD, asi que el concepto publicaba una vista Anio enteramente vacia. Texto: 'P110. Considera que (Nombre de ALCALDE/ALCALDESA):'. Se pasa a exclude (no se borra) para que quede el registro de que ya se miro y se descarto, y no se vuelva a declarar. El item real de cada bateria es el que lleva sufijo; son esos los que se parean. NOTA: la pregunta sigue apareciendo en el selector porque survey_repository.fetch_questions no filtra las preguntas sin respuestas; eso se arregla en la app, no aqui"
2021,p111,2022,p111,categorica,comparable,,manual,
2021,p116,2022,p116,categorica,comparable,,manual,"CAMBIA EL REFERENTE: 2021 pregunta por Jaime Rodriguez Calderon ('tomo la mayoria de sus decisiones') y 2022 por Samuel Garcia ('toma'). Las dos opciones son literales y el equipo acepta la serie como 'evaluacion del gobernador en funciones', no como serie de una misma persona: 'pensando en el bienestar del estado' pasa de 17.7% a 59.9% porque cambio el gobernador"
2021,p124,2022,p120,numerica,exclude,,manual,"ENCABEZADO DE BATERIA SIN DATO, no una pregunta: los dos miembros tienen CERO respuestas y CERO opciones en la BD, asi que el concepto publicaba una vista Anio enteramente vacia. Texto: 'P124. ¿Ha realizado alguna(s) de siguientes acciones en los últimos 12 meses para mejorar las c'. Se pasa a exclude (no se borra) para que quede el registro de que ya se miro y se descarto, y no se vuelva a declarar. El item real de cada bateria es el que lleva sufijo; son esos los que se parean. NOTA: la pregunta sigue apareciendo en el selector porque survey_repository.fetch_questions no filtra las preguntas sin respuestas; eso se arregla en la app, no aqui"
2021,p125,2022,p121,numerica,exclude,,manual,"ENCABEZADO DE BATERIA SIN DATO, no una pregunta: los dos miembros tienen CERO respuestas y CERO opciones en la BD, asi que el concepto publicaba una vista Anio enteramente vacia. Texto: 'P125. Ha escuchado hablar de la iniciativa:'. Se pasa a exclude (no se borra) para que quede el registro de que ya se miro y se descarto, y no se vuelva a declarar. El item real de cada bateria es el que lleva sufijo; son esos los que se parean. NOTA: la pregunta sigue apareciendo en el selector porque survey_repository.fetch_questions no filtra las preguntas sin respuestas; eso se arregla en la app, no aqui"
2021,p13,2022,p23,numerica,comparable,,manual,
2021,p14,2022,p21,numerica,exclude,,manual,"GASTO SEMANAL EN GASOLINA POR USAR MOTOCICLETA. Mismo enunciado, pero la base se desploma y el dato de 2022 no es publicable: 2021 tiene 183 respondientes iniciales (media ponderada 110.29 pesos, max 800) y 2022 solo 40 (media ponderada 284.80, y con valores 9999 dentro del campo). Con n=40 y una razon de 2.6x entre las dos medias, la serie mediria el cambio de base, no el gasto"
2021,p15,2022,p22,numerica,comparable,,manual,
2021,p16,2022,p20,numerica,comparable,,manual,
2021,p17,2022,p19,numerica,comparable,,manual,
2021,p18_1o,2022,p27_1,numerica,comparable,,manual,
2021,p18_2o,2022,p27_2,numerica,exclude,,manual,"2021 p18_2o NO son minutos: max=9 en 2,092 respuestas y sin picos en 5/10/15/20/30, mientras el regreso p19_2o si los tiene (media 21.0, max 90). Comparado con p27_2 (media 19.38) publicaba una caida ficticia de 7.7x. El par de Hrs (p18_1o-p27_1) si aguanta"
2021,p19_1o,2022,p28_1,numerica,comparable,,manual,
2021,p2,2022,p5,numerica,comparable,,manual,
2021,p20_1o,2022,p16_1,numerica,comparable,,manual,
2021,p23,2022,p17,categorica,comparable,,manual,
2021,p24,2022,p18,categorica,comparable,,manual,
2021,p25,2022,p24,numerica,comparable,,manual,
2021,p26,2022,p25,numerica,comparable,,manual,
2021,p27,2022,p29,numerica,comparable,,manual,
2021,p29,2022,p31,numerica,exclude,,manual,"encabezado de bateria (n=0 en las dos olas). Pasado a exclude para que coincida con sus items: los 17 pares de items de estas dos baterias estan exclude por cambio de base, asi que el encabezado no puede declararse comparable. No cambia ningun dato"
2021,p3,2022,p6,numerica,comparable,,manual,
2021,p30,2022,p33,categorica,comparable,,manual,
2021,p31,2022,p34,numerica,exclude,,manual,"encabezado de bateria (n=0 en las dos olas). Pasado a exclude para que coincida con sus items: los 17 pares de items de estas dos baterias estan exclude por cambio de base, asi que el encabezado no puede declararse comparable. No cambia ningun dato"
2021,p32,2022,p35,numerica,comparable,,manual,
2021,p37,2022,p43,numerica,exclude,,manual,mismo codigo = municipio distinto
2021,p4,2022,p7_a,numerica,comparable,,manual,
2021,p42,2022,p55,numerica,exclude,,manual,"ENCABEZADO DE BATERIA SIN DATO, no una pregunta: los dos miembros tienen CERO respuestas y CERO opciones en la BD, asi que el concepto publicaba una vista Anio enteramente vacia. Texto: 'P42. Los parques y jardines de su municipio:'. Se pasa a exclude (no se borra) para que quede el registro de que ya se miro y se descarto, y no se vuelva a declarar. El item real de cada bateria es el que lleva sufijo; son esos los que se parean. NOTA: la pregunta sigue apareciendo en el selector porque survey_repository.fetch_questions no filtra las preguntas sin respuestas; eso se arregla en la app, no aqui"
2021,p44,2022,p57,numerica,exclude,,manual,"ENCABEZADO DE BATERIA SIN DATO, no una pregunta: los dos miembros tienen CERO respuestas y CERO opciones en la BD, asi que el concepto publicaba una vista Anio enteramente vacia. Texto: 'P44. Para combatir el problema de la mala calidad del aire en el Área Metropolitana de Monterre'. Se pasa a exclude (no se borra) para que quede el registro de que ya se miro y se descarto, y no se vuelva a declarar. El item real de cada bateria es el que lleva sufijo; son esos los que se parean. NOTA: la pregunta sigue apareciendo en el selector porque survey_repository.fetch_questions no filtra las preguntas sin respuestas; eso se arregla en la app, no aqui"
2021,p5,2022,p8_a,numerica,comparable,,manual,
2021,p52,2022,p67,categorica,comparable,,manual,
2021,p53,2022,p68,categorica,comparable,,manual,
2021,p54,2022,p69,numerica,exclude,,manual,"ENCABEZADO DE BATERIA SIN DATO, no una pregunta: los dos miembros tienen CERO respuestas y CERO opciones en la BD, asi que el concepto publicaba una vista Anio enteramente vacia. Texto: 'P54. ¿Cree que en Nuevo León es frecuente que se discrimine a la gente por:'. Se pasa a exclude (no se borra) para que quede el registro de que ya se miro y se descarto, y no se vuelva a declarar. El item real de cada bateria es el que lleva sufijo; son esos los que se parean. NOTA: la pregunta sigue apareciendo en el selector porque survey_repository.fetch_questions no filtra las preguntas sin respuestas; eso se arregla en la app, no aqui"
2021,p56,2022,p71,numerica,exclude,,manual,"ENCABEZADO DE BATERIA SIN DATO, no una pregunta: los dos miembros tienen CERO respuestas y CERO opciones en la BD, asi que el concepto publicaba una vista Anio enteramente vacia. Texto: 'P56. Mencione sí está de acuerdo con las siguientes afirmaciones:'. Se pasa a exclude (no se borra) para que quede el registro de que ya se miro y se descarto, y no se vuelva a declarar. El item real de cada bateria es el que lleva sufijo; son esos los que se parean. NOTA: la pregunta sigue apareciendo en el selector porque survey_repository.fetch_questions no filtra las preguntas sin respuestas; eso se arregla en la app, no aqui"
2021,p6,2022,p9,categorica,comparable,,manual,"ctype corregido a categorica: es NOMINAL (motivo del traslado, 15 categorias: 1 Trabajo ... 15 Panteon). Declarado numerica publicaba Promedio=5.69 sin significado. 2021 p6 sin respuestas, el catalogo lo arma 2022"
2021,p60_1,2022,p75_1,categorica,comparable,,manual,
2021,p60_2,2022,p75_2,categorica,comparable,,manual,
2021,p62,2022,p77,categorica,comparable,,manual,
2021,p63,2022,p78,categorica,comparable,attr_tipo_consulta,manual,checar wording
2021,p65,2022,p80,categorica,comparable,,manual,
2021,p67,2022,p82,numerica,exclude,,manual,"ENCABEZADO DE BATERIA SIN DATO, no una pregunta: los dos miembros tienen CERO respuestas y CERO opciones en la BD, asi que el concepto publicaba una vista Anio enteramente vacia. Texto: 'P67. ¿Cómo calificaría los siguientes aspectos de ATENCIÓN DE SERVICIOS DE SALUD?'. Se pasa a exclude (no se borra) para que quede el registro de que ya se miro y se descarto, y no se vuelva a declarar. El item real de cada bateria es el que lleva sufijo; son esos los que se parean. NOTA: la pregunta sigue apareciendo en el selector porque survey_repository.fetch_questions no filtra las preguntas sin respuestas; eso se arregla en la app, no aqui"
2021,p7,2022,p10,categorica,comparable,,manual,"ctype corregido a categorica: es NOMINAL (por que no viajo, 14 categorias). Declarado numerica publicaba Promedio=5.98 sin significado. La nota anterior decia sin respuestas pero 2022 p10 tiene n=2,166"
2021,p79,2022,p1,numerica,exclude,,manual,"ENCABEZADO DE BATERIA SIN DATO, no una pregunta: los dos miembros tienen CERO respuestas y CERO opciones en la BD, asi que el concepto publicaba una vista Anio enteramente vacia. Texto: 'P79. De acuerdo con su experiencia; evalúe las siguientes afirmaciones'. Se pasa a exclude (no se borra) para que quede el registro de que ya se miro y se descarto, y no se vuelva a declarar. El item real de cada bateria es el que lleva sufijo; son esos los que se parean. NOTA: la pregunta sigue apareciendo en el selector porque survey_repository.fetch_questions no filtra las preguntas sin respuestas; eso se arregla en la app, no aqui"
2021,p88,2022,p91,numerica,exclude,,manual,"ENCABEZADO DE BATERIA SIN DATO, no una pregunta: los dos miembros tienen CERO respuestas y CERO opciones en la BD, asi que el concepto publicaba una vista Anio enteramente vacia. Texto: 'P88. En el tema de SEGURIDAD considera que:'. Se pasa a exclude (no se borra) para que quede el registro de que ya se miro y se descarto, y no se vuelva a declarar. El item real de cada bateria es el que lleva sufijo; son esos los que se parean. NOTA: la pregunta sigue apareciendo en el selector porque survey_repository.fetch_questions no filtra las preguntas sin respuestas; eso se arregla en la app, no aqui"
2021,p89,2022,p92,numerica,exclude,,manual,"ENCABEZADO DE BATERIA SIN DATO, no una pregunta: los dos miembros tienen CERO respuestas y CERO opciones en la BD, asi que el concepto publicaba una vista Anio enteramente vacia. Texto: 'P89. ¿Cómo evalúa el desempeño de los servicios de seguridad? En una escala del 1 al 10; en don'. Se pasa a exclude (no se borra) para que quede el registro de que ya se miro y se descarto, y no se vuelva a declarar. El item real de cada bateria es el que lleva sufijo; son esos los que se parean. NOTA: la pregunta sigue apareciendo en el selector porque survey_repository.fetch_questions no filtra las preguntas sin respuestas; eso se arregla en la app, no aqui"
2021,p95,2022,p96,numerica,exclude,,manual,"ENCABEZADO DE BATERIA SIN DATO, no una pregunta: los dos miembros tienen CERO respuestas y CERO opciones en la BD, asi que el concepto publicaba una vista Anio enteramente vacia. Texto: 'P95. ¿Está de acuerdo con las siguientes afirmaciones?'. Se pasa a exclude (no se borra) para que quede el registro de que ya se miro y se descarto, y no se vuelva a declarar. El item real de cada bateria es el que lleva sufijo; son esos los que se parean. NOTA: la pregunta sigue apareciendo en el selector porque survey_repository.fetch_questions no filtra las preguntas sin respuestas; eso se arregla en la app, no aqui"
2021,p9_2,2022,p13,categorica,exclude,,manual,"COLONIA DEL DESTINO. No es comparable ni publicable: las dos olas guardan un CODIGO DE COLONIA sin catalogo de etiquetas (options solo tiene 8888/9999, y answers trae 582 codigos distintos en 2021 y 522 en 2022), asi que la vista Ano mostraria numeros crudos; ademas los catalogos de colonia no coinciden entre olas"
2021,p91,2023,p103,categorica,exclude,,manual,"NO SON LA MISMA PREGUNTA. 2021 p91 es un ENCABEZADO de bateria ('Si respondio que si a la pregunta anterior, diria que:'), declarado numerica y con CERO opciones y CERO respuestas; 2023 p103 es 'con que institucion tuvo el contacto' con catalogo propio (Policia Estatal / municipal / federal; n=251 iniciales). Declararlo comparable ademas mezclaria ctype numerica con categorica dentro de la cadena"
2021,p10,2024,p18,categorica,exclude,,manual,MODO DE TRANSPORTE. 2021 p10 esta declarada numerica y tiene CERO respuestas y CERO opciones en la BD; p11 (modos multiples) tampoco tiene ninguna: LA OLA 2021 NO TRAE EL DATO. El par no puede aportar nada y mezclaria ctype. CONSECUENCIA que hay que tener presente al decidir sobre attr_modo_transporte: ese concepto NO puede llegar a las 5 olas por mucho que se declare 2024 p18 con 2025 p17; su techo es 4 (2022-2025)
2021,p101,2024,p120,numerica,comparable,,manual,
2022,cp1,2023,cp1,numerica,comparable,,manual,"ctype corregido de categorica a numerica y nota corregida: SI hay respuestas (n=4,410 y 4,950), pero viven en answers.value (option_id NULL en las dos olas) porque es el conteo de personas del hogar. La unica opcion del catalogo ('Nombre de cada integrante') es basura del ETL. Como categorico, la vista Ano no mostraba nada util"
2022,cp10_1,2023,cp10,categorica,comparable,attr_tipo_escuela,manual,
2022,cp11_1,2023,cp15,categorica,comparable,,manual,
2022,cp14_1,2023,cp12,categorica,comparable,,manual,
2022,cp15_1,2023,cp13,categorica,comparable,,manual,
2022,cp16_b_8,2023,cp16_2,categorica,comparable,,manual,
2022,cp16_c_9,2023,cp16_3,categorica,comparable,,manual,
2022,cp2_1,2023,cp2,categorica,comparable,attr_sexo,manual,
2022,cp3_1,2023,cp4_1,numerica,comparable,attr_edad_anos,manual,
2022,cp4_1,2023,cp5,categorica,comparable,,manual,
2022,cp7_1,2023,cp7,categorica,comparable,,manual,
2022,cp8_1,2023,cp8,categorica,comparable,attr_nivel_max_estudios,manual,
2022,cp9_1,2023,cp9,categorica,comparable,attr_nivel_actual_estudios,manual,
2022,p100,2023,p110,categorica,comparable,,manual,
2022,p102_1,2023,p113,categorica,comparable,,manual,
2022,p102_2,2023,p114,categorica,comparable,,manual,
2022,p103,2023,p116,categorica,comparable,,manual,
2022,p104,2023,p118,categorica,comparable,,manual,
2022,p105,2023,p120,categorica,comparable,,manual,
2022,p107,2023,p119,categorica,comparable,,manual,
2022,p11,2023,p13,numerica,comparable,,manual,
2022,p110_2,2023,p124_2,categorica,comparable,,manual,
2022,p111,2023,p125,categorica,comparable,,manual,
2022,p112,2023,p126,categorica,comparable,,manual,
2022,p114,2023,p127,categorica,comparable,,manual,
2022,p115_2,2023,p128_2,categorica,comparable,,manual,
2022,p116,2023,p129,categorica,comparable,,manual,
2022,p117,2023,p137,categorica,comparable,,manual,
2022,p118,2023,p130,categorica,comparable,,manual,
2022,p120.10.1,2023,p139_10,numerica,exclude,,manual,checar
2022,p120_1,2023,p139_1,categorica,comparable,,manual,
2022,p120_3,2023,p139_3,categorica,comparable,,manual,
2022,p120_4,2023,p139_4,categorica,comparable,,manual,
2022,p120_5,2023,p139_5,categorica,comparable,,manual,
2022,p120_6,2023,p139_6,categorica,comparable,,manual,
2022,p120_7,2023,p139_7,categorica,comparable,,manual,
2022,p120_8,2023,p139_8,categorica,comparable,,manual,
2022,p120_9,2023,p139_9,categorica,comparable,,manual,
2022,p13,2023,p15,categorica,exclude,,manual,COLONIA DEL DESTINO. Mismo caso que 2021 p9_2 con 2022 p13: codigo de colonia sin catalogo de etiquetas (options solo 8888/9999; 522 codigos distintos en answers de 2022 y 544 en los de 2023) y catalogos que no coinciden entre olas. No es publicable en la vista Ano
2022,p14_c,2023,p16_3,numerica,comparable,,manual,
2022,p14_d,2023,p16_4,numerica,comparable,,manual,
2022,p14_h,2023,p16_8,numerica,comparable,,manual,
2022,p16_1,2023,p18_1,numerica,comparable,,manual,
2022,p16_2,2023,p18_2,numerica,comparable,,manual,
2022,p18,2023,p20,categorica,comparable,,manual,
2022,p19,2023,p33,numerica,comparable,,manual,
2022,p22,2023,p36,numerica,comparable,,manual,
2022,p23,2023,p37,numerica,comparable,,manual,
2022,p24,2023,p21,numerica,comparable,,manual,
2022,p25,2023,p22,numerica,comparable,,manual,
2022,p26,2023,p23,numerica,comparable,,manual,
2022,p27_1,2023,p24_1,numerica,comparable,,manual,
2022,p28_1,2023,p25_1,numerica,comparable,,manual,
2022,p29,2023,p34,numerica,comparable,,manual,
2022,p3,2023,p2,categorica,comparable,,manual,
2022,p31_0,2023,p26,numerica,comparable,,manual,
2022,p31_1,2023,p27_1,categorica,comparable,,manual,sin respuestas en 2023
2022,p31_2,2023,p27_2,categorica,comparable,,manual,
2022,p31_3,2023,p27_3,categorica,comparable,,manual,
2022,p31_4,2023,p27_4,categorica,comparable,,manual,
2022,p31_6,2023,p27_5,categorica,comparable,,manual,
2022,p32_1,2023,p28_1,categorica,comparable,,manual,
2022,p32_2,2023,p28_2,categorica,comparable,,manual,
2022,p32_3,2023,p28_3,categorica,comparable,,manual,
2022,p32_4,2023,p28_4,categorica,comparable,,manual,
2022,p33,2023,p29,categorica,comparable,,manual,
2022,p34_1,2023,p30_1,categorica,comparable,,manual,
2022,p34_2,2023,p30_2,categorica,comparable,,manual,
2022,p34_3,2023,p30_3,categorica,comparable,,manual,
2022,p34_4,2023,p30_4,categorica,comparable,,manual,
2022,p34_5,2023,p30_5,categorica,comparable,,manual,
2022,p34_6,2023,p30_6,categorica,comparable,,manual,
2022,p34_8,2023,p30_8,categorica,comparable,,manual,
2022,p35,2023,p31,numerica,comparable,,manual,
2022,p36_6,2023,p38_6,categorica,comparable,,manual,
2022,p37,2023,p39,numerica,comparable,,manual,
2022,p4,2023,p3,categorica,comparable,attr_tipo_trabajo,manual,
2022,p43,2023,p44,numerica,exclude,,manual,no comparable
2021,p54_1,2022,p69_1,categorica,comparable,,manual,
2022,p69_1,2023,p68_1,categorica,comparable,,manual,
2023,p68_1,2024,p77_1,categorica,comparable,,manual,
2022,p45_2,2023,p46_2,numerica,comparable,,manual,
2022,p45_3,2023,p46_3,numerica,comparable,,manual,
2022,p45_4,2023,p46_4,numerica,comparable,,manual,
2022,p45_5,2023,p46_5,numerica,comparable,,manual,
2022,p5,2023,p5,numerica,comparable,,manual,
2022,p51,2023,p50,categorica,comparable,,manual,
2022,p54,2023,p51,categorica,comparable,,manual,
2022,p55_1,2023,p52_1,categorica,comparable,,manual,
2022,p55_2,2023,p52_2,categorica,comparable,,manual,
2022,p55_3,2023,p52_3,categorica,comparable,,manual,
2022,p55_4,2023,p52_4,categorica,comparable,,manual,
2022,p55_5,2023,p52_5,categorica,comparable,,manual,
2022,p56,2023,p53,categorica,comparable,,manual,
2022,p57_1,2023,p54_1,categorica,comparable,,manual,
2022,p57_2,2023,p54_2,categorica,comparable,,manual,
2022,p57_3,2023,p54_3,categorica,comparable,,manual,
2022,p57_4,2023,p54_4,categorica,comparable,,manual,
2022,p57_5,2023,p54_5,categorica,comparable,,manual,
2022,p57_6,2023,p54_6,categorica,comparable,,manual,
2022,p6,2023,p6,numerica,comparable,,manual,
2022,p61,2023,p58,categorica,comparable,,manual,
2022,p62,2023,p59,categorica,comparable,,manual,
2022,p65,2023,p63,categorica,comparable,,manual,
2022,p66,2023,p64,categorica,comparable,,manual,
2022,p67,2023,p65,categorica,comparable,,manual,
2022,p68,2023,p67,categorica,comparable,,manual,
2022,p69,2023,p68_1,numerica,exclude,,manual,"ENCABEZADO CONTRA ITEM. 2022 p69 es el enunciado de la bateria de discriminacion ('Cree que en Nuevo Leon se discrimina a la gente:') con CERO opciones y CERO respuestas; 2023 p68_1 es el primer item ('por ser mujer', binaria 0/1, n=4919 iniciales). Es la misma trampa que se borro en tres pares del eslabon 2021-2022, y ademas mezclaria ctype numerica con categorica"
2022,p69_11,2023,p68_11,categorica,comparable,,manual,
2022,p69_12,2023,p68_12,categorica,comparable,,manual,
2022,p69_13,2023,p68_13,categorica,comparable,,manual,
2022,p69_14,2023,p68_14,categorica,comparable,,manual,
2022,p69_15,2023,p68_16,categorica,comparable,,manual,"ctype corregido de numerica a categorica: es el item 'Otro' de la bateria de discriminacion, 0=NO/1=Si como los otros 15. Declarado numerica, el concepto no armaba catalogo y los centinelas de 2021 (8=NS, 9=NC) entraban al promedio"
2022,p69_3,2023,p68_3,categorica,comparable,,manual,
2022,p69_4,2023,p68_4,categorica,comparable,,manual,
2022,p69_5,2023,p68_5,categorica,comparable,,manual,
2022,p69_7,2023,p68_7,categorica,comparable,,manual,
2022,p69_8,2023,p68_8,categorica,comparable,,manual,
2022,p69_9,2023,p68_9,categorica,comparable,,manual,
2022,p70,2023,p69,categorica,comparable,,manual,
2022,p71_1,2023,p70_1,categorica,comparable,,manual,
2022,p71_2,2023,p70_2,categorica,comparable,,manual,
2022,p71_5,2023,p70_4,categorica,comparable,,manual,
2022,p72,2023,p71,categorica,comparable,,manual,
2022,p72_1,2023,p72,categorica,comparable,,manual,
2022,p72_2,2023,p73,categorica,comparable,,manual,
2022,p73,2023,p75,categorica,comparable,,manual,
2022,p73_1,2023,p76,categorica,comparable,,manual,
2022,p75_1,2023,p78,categorica,comparable,,manual,
2022,p75_2,2023,p79,categorica,comparable,,manual,
2022,p77,2023,p81,categorica,comparable,,manual,
2022,p78,2023,p83,categorica,comparable,attr_tipo_consulta,manual,checar wording
2022,p7_a,2023,p8_1,numerica,comparable,,manual,
2022,p80,2023,p85,categorica,comparable,,manual,
2022,p81,2023,p87,categorica,comparable,,manual,
2022,p82_1,2023,p88_1,categorica,comparable,,manual,
2022,p82_2,2023,p88_2,categorica,comparable,,manual,
2022,p82_3,2023,p88_3,categorica,comparable,,manual,
2022,p82_4,2023,p88_4,categorica,comparable,,manual,
2022,p82_5,2023,p88_5,categorica,comparable,,manual,
2022,p83,2023,p89,numerica,comparable,,manual,
2022,p85_3,2023,p91_3,categorica,comparable,,manual,
2022,p87,2023,p93,categorica,comparable,,manual,
2022,p88,2023,p95,categorica,comparable,,manual,
2022,p88_1,2023,p96,categorica,comparable,,manual,
2022,p88_1_1,2023,p97,categorica,comparable,,manual,
2022,p89,2023,p98,numerica,comparable,,manual,
2022,p8_a,2023,p9_1,numerica,comparable,,manual,
2022,p91_1,2023,p100_1,categorica,comparable,,manual,
2022,p91_2,2023,p100_2,categorica,comparable,,manual,
2022,p91_3,2023,p100_3,categorica,comparable,,manual,
2022,p91_4,2023,p100_4,categorica,comparable,,manual,
2022,p91_5,2023,p100_5,categorica,comparable,,manual,
2022,p91_6,2023,p100_6,categorica,comparable,,manual,
2022,p92_1,2023,p101_1,numerica,comparable,,manual,
2022,p92_2,2023,p101_2,numerica,comparable,,manual,
2022,p92_3,2023,p101_3,numerica,comparable,,manual,
2022,p92_4,2023,p101_4,numerica,comparable,,manual,
2022,p92_5,2023,p101_5,numerica,comparable,,manual,
2022,p93,2023,p102,categorica,comparable,,manual,
2022,p93_1,2023,p104_1,categorica,comparable,,manual,
2022,p93_2,2023,p104_2,categorica,comparable,,manual,
2022,p93_3,2023,p104_3,categorica,comparable,,manual,
2022,p94,2023,p105,categorica,comparable,,manual,
2022,p95,2023,p106,categorica,comparable,,manual,
2022,p96_1,2023,p107_1,categorica,comparable,,manual,
2022,p96_2,2023,p107_2,categorica,comparable,,manual,
2022,p96_3,2023,p107_3,categorica,comparable,,manual,
2022,p99,2023,p109,categorica,comparable,,manual,
2022,acciones_participacion_ciudadana,2024,num_acciones_participacion_ciudadana,numerica,comparable,,manual,
2022,cp16_a_8,2024,cp17_1,categorica,comparable,,manual,sin respuestas
2022,hrs_cuidados_personas,2024,cuidados_personas,numerica,exclude,,manual,"MISMA VARIABLE EN UNIDADES DISTINTAS: 2022 en horas (media 2.38, max 24, n=4378 iniciales) y 2024 en minutos al dia (media 103.46, max 1464, n=4905). Compararlas publicaria un salto de 2.38 a 103.46 que es enteramente el cambio de unidad. La serie util es la derivada en minutos, c2025_cuidados_personas"
2022,hrs_quehaceres_hogar,2024,quehaceres_hogar,numerica,exclude,,manual,"MISMA VARIABLE EN UNIDADES DISTINTAS: 2022 en horas (media 3.42, max 24, n=4392 iniciales) y 2024 en minutos al dia (media 190.02, max 1440, n=4938). Compararlas publicaria un salto de 3.42 a 190.02 que es enteramente el cambio de unidad. La serie util es la derivada en minutos, c2025_quehaceres_hogar"
2022,p110_1,2024,p131_1,categorica,comparable,,manual,
2022,p113,2024,p138,categorica,comparable,,manual,
2022,p115_1,2024,p140_1,categorica,comparable,,manual,
2022,p120,2024,p157,numerica,exclude,,manual,"ENCABEZADO DE BATERIA SIN DATO, no una pregunta: los dos miembros tienen CERO respuestas y CERO opciones en la BD, asi que el concepto publicaba una vista Anio enteramente vacia. Texto: '¿Ha realizado alguna(s) de siguientes acciones en los últimos 12 meses para mejorar las condici'. Se pasa a exclude (no se borra) para que quede el registro de que ya se miro y se descarto, y no se vuelva a declarar. El item real de cada bateria es el que lleva sufijo; son esos los que se parean. NOTA: la pregunta sigue apareciendo en el selector porque survey_repository.fetch_questions no filtra las preguntas sin respuestas; eso se arregla en la app, no aqui"
2022,p121_1,2024,p158_1,categorica,comparable,,manual,
2022,p121_2,2024,p158_2,categorica,comparable,,manual,
2022,p122,2024,p159,categorica,comparable,,manual,
2022,tiempo_espera_total,2024,tiempo_espera,numerica,comparable,,manual,
2022,tiempo_ida_total,2024,tiempo_ida,numerica,comparable,,manual,
2022,tiempo_traslado_total,2024,tiempo_total_traslado,numerica,comparable,,manual,
2022,transporte_publico,2024,usa_transporte_publico,categorica,exclude,,manual,"DERIVADAS CON DEFINICION DISTINTA, verificado fila a fila: 2022 y 2023 transporte_publico = modo principal del viaje es TP, sobre quienes viajaron (450 de 2,152 y 714 de 2,686 exactos); 2024 usa_transporte_publico = modo principal TP O usa TP en la semana, sobre TODOS (787+1,211=1,998 de 4,942 exactos). Ponderado: 22.2 (2022) / 27.5 (2023) / 42.8 (2024). Recalculando 2023 con la definicion de 2024 sobre todos los respondientes da 35.7, asi que mas de la mitad del salto 2023->2024 es definicional. 2025 usa_transporte_publico usa la definicion de 2024 (36.0 ponderado): la serie honesta empieza en 2024"
2022,cp3_1_1,2025,cp4_2,numerica,comparable,,manual,sin respuestas
2022,p69_1,2025,p89_1,categorica,comparable,,manual,
2023,costo_total_viaje,2024,costo_total_viaje_redondo,numerica,comparable,,manual,
2023,cp10,2024,cp10,categorica,comparable,attr_tipo_escuela,manual,
2023,cp11,2024,cp11,categorica,comparable,,manual,
2023,cp12,2024,cp12,categorica,comparable,,manual,"CAMBIA EL REFERENTE (decision firme #2): 2022 y 2023 preguntan si el estudiante HA SIDO VICTIMA de bullying; 2024 y 2025 preguntan si el hogar HA SABIDO DE ALGUN CASO en la escuela (2025 antepone ademas la definicion de que cuenta como bullying). El catalogo es identico (0/1/8888/9999), asi que el build no avisa nada. La vista con initial_only corre sobre 24/32/41/23 casos -el modulo de hogar se guarda contra el respondent_id de cada estudiante- y no describe la serie; sobre el total de estudiantes y SIN PONDERAR la serie es 6.4 (2022) / 3.9 (2023) / 6.7 (2024) / 9.9 (2025), y el escalon cae exactamente donde cambia el reactivo"
2023,cp13,2024,cp13,categorica,comparable,,manual,
2023,cp15,2024,cp16,categorica,comparable,,manual,
2023,cp16_2,2024,cp17_2,categorica,comparable,,manual,
2023,cp16_3,2024,cp17_3,categorica,comparable,,manual,
2023,cp2,2024,cp2,categorica,comparable,attr_sexo,manual,
2023,cp4_1,2024,cp4_1,numerica,comparable,attr_edad_anos,manual,
2023,cp5,2024,cp5,categorica,comparable,,manual,
2023,cp7,2024,cp7,categorica,comparable,,manual,
2023,cp8,2024,cp8,categorica,comparable,attr_nivel_max_estudios,manual,
2023,cp9,2024,cp9,categorica,comparable,attr_nivel_actual_estudios,manual,
2023,p100_1,2024,p108_1,categorica,comparable,,manual,"bateria de seguridad, item 1 ('la presencia de policias en su colonia es suficiente'); los items 2 a 6 ya estaban declarados. El overlay db/overlays/question_fixes_approved.csv reparo los 19 q_id huerfanos de 2024: el texto y el catalogo venian bajo p1081 (typo del ETL, sin guion bajo) y las 4,942 respuestas bajo p108_1, y el overlay los unifico en p108_1. Catalogo 0/1 + centinelas identico. Ponderado Si 48.8 (2023) vs 51.5 (2024)"
2023,p101_1,2024,p109_1,numerica,comparable,,manual,
2023,p101_2,2024,p109_2,numerica,comparable,,manual,
2023,p101_3,2024,p109_3,numerica,comparable,,manual,
2023,p101_4,2024,p109_4,numerica,comparable,,manual,
2023,p101_5,2024,p109_5,numerica,comparable,,manual,
2023,p102,2024,p110,categorica,comparable,,manual,
2023,p103,2024,p111,categorica,comparable,,manual,
2023,p104_1,2024,p112_1,categorica,comparable,,manual,
2023,p104_2,2024,p112_2,categorica,comparable,,manual,
2023,p105,2024,p113,categorica,comparable,,manual,
2023,p106,2024,p114,categorica,comparable,,manual,
2023,p107_1,2024,p115_1,categorica,comparable,,manual,
2023,p107_2,2024,p115_2,categorica,comparable,,manual,
2023,p107_3,2024,p115_3,categorica,comparable,,manual,
2023,p108,2024,p106,categorica,comparable,,manual,
2023,p109,2024,p107,categorica,comparable,,manual,
2023,p116,2024,p125,categorica,comparable,,manual,
2023,p117,2024,p126,categorica,comparable,,manual,
2023,p118,2024,p127,categorica,comparable,,manual,
2023,p119,2024,p128,categorica,comparable,,manual,
2023,p120,2024,p129,categorica,comparable,,manual,
2023,p124_2,2024,p132_2,categorica,comparable,,manual,
2023,p125,2024,p136,categorica,comparable,,manual,
2023,p126,2024,p137,categorica,comparable,,manual,
2023,p128_2,2024,p141_2,categorica,comparable,,manual,
2023,p129,2024,p144,categorica,comparable,,manual,
2023,p13,2024,p15,numerica,comparable,,manual,
2023,p130,2024,p145,categorica,comparable,,manual,
2023,p137,2024,p146,categorica,comparable,,manual,
2023,p139_1,2024,p157_1,categorica,comparable,,manual,
2023,p139_10,2024,p157_10,categorica,comparable,,manual,"item 10 ('Otra. Especificar') de la bateria de participacion ciudadana; binaria 0/1 en las dos olas (el ctype venia mal como numerica). Estuvo en exclude solo porque el lado 2024 era inconsultable: el texto y el catalogo venian bajo p157__10 (doble guion bajo del ETL) y las 4,942 respuestas bajo el huerfano p157_10_otra, y el overlay db/overlays/question_fixes_approved.csv los unifico en p157_10. Se declara comparable por simetria con el mismo reactivo 'Otro' de la bateria de discriminacion (p68_16 <-> p77_16_otro). SERIE SIN SEnAL Y CON DENOMINADOR DESIGUAL: 2023 es 100.0% NO -cero casos de 'Si'- y 2024 es 0.1% Si, pero 2023 no trae centinelas en este item y 2024 trae 3.5% entre 'No sabe' y 'No contesta'"
2023,p139_2,2024,p157_2,categorica,comparable,,manual,
2023,p139_3,2024,p157_3,categorica,comparable,,manual,
2023,p139_4,2024,p157_4,categorica,comparable,,manual,
2023,p139_5,2024,p157_5,categorica,comparable,,manual,
2023,p139_6,2024,p157_6,categorica,comparable,,manual,
2023,p139_7,2024,p157_7,categorica,comparable,,manual,
2023,p139_8,2024,p157_8,categorica,comparable,,manual,
2023,p139_9,2024,p157_9,categorica,comparable,,manual,
2023,p141_1,2024,p160,categorica,comparable,,manual,
2023,p16_8,2024,p18_8,numerica,comparable,,manual,
2023,p18_1,2024,p20_1,numerica,comparable,,manual,"'Hrs' de espera del transporte publico. El overlay db/overlays/question_fixes_approved.csv reparo los 19 q_id huerfanos de 2024: el ETL habia fusionado dos preguntas en el renglon p20 (q_text 'P 20 2 Min: ... 1 Cuanto tiempo espero ... Hrs:') y lo dejo sin respuestas, con las horas en el huerfano p20_1 (773) y los minutos en p20_2 (786). El overlay renombro p20 a p20_1 y dio de alta p20_2, y migro las dos a answers.value. Media ponderada 0.07 h (2023) vs 0.21 h (2024)"
2023,p19,2024,p21,categorica,comparable,,manual,
2023,p20,2024,p22,categorica,comparable,,manual,
2023,p21,2024,p23,numerica,comparable,,manual,
2023,p22,2024,p24,numerica,comparable,,manual,
2023,p23,2024,p25,numerica,comparable,,manual,
2023,p24_1,2024,p26_1,numerica,comparable,,manual,
2023,p25_1,2024,p27_1,numerica,comparable,,manual,
2023,p26,2024,p28,numerica,exclude,,manual,"CAMBIA LA BASE, no el reactivo: 2024 antepone 'Solo para quienes respondieron que NO utilizaron transporte publico en su viaje principal' y deja fuera a los 787 que declararon TP como modo principal en p18 (4,942-787=4,155; interseccion exactamente 0), mientras 2023 se lo pregunto a los 4,950. Ponderado sobre respondientes iniciales la app publica Si 37.6 (2022) / 35.7 (2023) / 30.6 (2024) / 24.7 (2025), una caida monotona de cuatro anios; sobre el universo comun (excluyendo a los de TP principal) la serie es 30.2 / 24.7 / 30.6 / 24.7 y no hay tendencia. Mismo criterio que el exclude de la bateria de calidad del TP 2021-2022. Los pares 2022 p31_0 <-> 2023 p26 y 2024 p28 <-> 2025 p29 si son limpios dentro de su universo"
2023,p27_2,2024,p31_2,categorica,comparable,,manual,
2023,p27_3,2024,p31_3,categorica,comparable,,manual,
2023,p27_4,2024,p31_4,categorica,comparable,,manual,
2023,p27_5,2024,p31_5,categorica,comparable,,manual,
2023,p27_6,2024,p31_6,categorica,comparable,,manual,
2023,p28_1,2024,p34_1,categorica,comparable,,manual,
2023,p28_2,2024,p34_2,categorica,comparable,,manual,
2023,p28_3,2024,p34_3,categorica,comparable,,manual,
2023,p28_4,2024,p34_4,categorica,comparable,,manual,
2023,p29,2024,p32,categorica,comparable,,manual,
2023,p3,2024,p3,categorica,comparable,attr_tipo_trabajo,manual,
2023,p30_1,2024,p33_1,categorica,comparable,,manual,
2023,p30_2,2024,p33_2,categorica,comparable,,manual,
2023,p30_3,2024,p33_3,categorica,comparable,,manual,
2023,p30_4,2024,p33_4,categorica,comparable,,manual,
2023,p30_5,2024,p33_5,categorica,comparable,,manual,
2023,p30_6,2024,p33_6,categorica,comparable,,manual,
2023,p30_7,2024,p33_7,categorica,comparable,,manual,
2023,p30_8,2024,p33_8,categorica,comparable,,manual,
2023,p30_9,2024,p33_9,categorica,comparable,,manual,
2023,p31,2024,p35,numerica,comparable,,manual,
2023,p33,2024,p36,numerica,comparable,,manual,
2023,p34,2024,p37,numerica,comparable,,manual,
2023,p36,2024,p39,numerica,comparable,,manual,
2023,p37,2024,p40,numerica,comparable,,manual,
2023,p39,2024,p44,numerica,comparable,,manual,
2023,p41,2024,p46,categorica,comparable,,manual,
2023,p43,2024,p48,categorica,comparable,,manual,
2023,p46_1,2024,p52_1,numerica,comparable,,manual,
2023,p46_2,2024,p52_2,numerica,comparable,,manual,
2023,p46_3,2024,p52_3,numerica,comparable,,manual,
2023,p46_4,2024,p52_4,numerica,comparable,,manual,
2023,p46_5,2024,p52_5,numerica,comparable,,manual,
2023,p47,2024,p53,categorica,comparable,,manual,
2023,p5,2024,p5_1,numerica,comparable,,manual,
2023,p51,2024,p60,categorica,comparable,,manual,
2023,p52_1,2024,p61_1,categorica,comparable,,manual,
2023,p52_3,2024,p61_3,categorica,comparable,,manual,
2023,p52_4,2024,p61_4,categorica,comparable,,manual,
2023,p52_5,2024,p61_5,categorica,comparable,,manual,
2023,p54_1,2024,p63_1,categorica,comparable,,manual,
2023,p54_2,2024,p63_2,categorica,comparable,,manual,
2023,p54_3,2024,p63_3,categorica,comparable,,manual,
2023,p54_4,2024,p63_4,categorica,comparable,,manual,
2023,p54_5,2024,p63_5,categorica,comparable,,manual,
2023,p54_6,2024,p63_6,categorica,comparable,,manual,
2023,p6,2024,p6,numerica,comparable,,manual,
2023,p63,2024,p73,categorica,comparable,,manual,
2023,p64,2024,p74,categorica,comparable,,manual,
2023,p65,2024,p75,categorica,comparable,,manual,
2023,p67,2024,p76,categorica,comparable,,manual,
2023,p68_10,2024,p77_10,categorica,comparable,,manual,
2023,p68_11,2024,p77_11,categorica,comparable,,manual,
2023,p68_12,2024,p77_12,categorica,comparable,,manual,
2023,p68_13,2024,p77_13,categorica,comparable,,manual,
2023,p68_14,2024,p77_14,categorica,comparable,,manual,
2023,p68_15,2024,p77_15,categorica,comparable,,manual,
2023,p68_2,2024,p77_2,categorica,comparable,,manual,
2023,p68_3,2024,p77_3,categorica,comparable,,manual,
2023,p68_4,2024,p77_4,categorica,comparable,,manual,
2023,p68_5,2024,p77_5,categorica,comparable,,manual,
2023,p68_6,2024,p77_6,categorica,comparable,,manual,
2023,p68_7,2024,p77_7,categorica,comparable,,manual,
2023,p68_8,2024,p77_8,categorica,comparable,,manual,
2023,p68_9,2024,p77_9,categorica,comparable,,manual,
2023,p69,2024,p78,categorica,comparable,,manual,
2023,p70_1,2024,p79_1,categorica,comparable,,manual,
2023,p70_3,2024,p79_2,categorica,comparable,,manual,
2023,p70_4,2024,p79_3,categorica,comparable,,manual,
2023,p74,2024,p80,categorica,comparable,,manual,
2023,p75,2024,p81,categorica,comparable,,manual,
2023,p76,2024,p82,categorica,comparable,,manual,
2023,p78,2024,p84,categorica,comparable,,manual,
2023,p79,2024,p85,categorica,comparable,,manual,
2023,p7_2,2024,p7_2,categorica,comparable,,manual,
2023,p7_3,2024,p7_3,categorica,comparable,,manual,
2023,p7_4,2024,p7_4,categorica,comparable,,manual,
2023,p7_5,2024,p7_5,categorica,comparable,,manual,
2023,p7_6,2024,p7_6,categorica,comparable,,manual,
2023,p81,2024,p87,categorica,comparable,,manual,
2023,p83,2024,p89,categorica,comparable,attr_tipo_consulta,manual,
2023,p85,2024,p91,categorica,comparable,,manual,
2023,p88_2,2024,p94_2,categorica,comparable,,manual,
2023,p88_4,2024,p94_4,categorica,comparable,,manual,
2023,p88_5,2024,p94_5,categorica,comparable,,manual,
2023,p89,2024,p95,numerica,comparable,,manual,
2023,p8_1,2024,p8_1,numerica,comparable,,manual,
2023,p91_3,2024,p96_3,categorica,comparable,,manual,
2023,p93,2024,p100,categorica,comparable,,manual,
2023,p95,2024,p102,categorica,comparable,,manual,
2023,p96,2024,p103,categorica,comparable,,manual,
2023,p98,2024,p104,numerica,comparable,,manual,
2023,p9_1,2024,p9_1,numerica,comparable,,manual,
2023,al_menos_una_accion_pc,2025,al_menos_una_accion_pc,categorica,comparable,,manual,
2023,al_menos_una_discriminacion,2025,al_menos_una_discriminacion,categorica,comparable,,manual,
2023,cp16_1,2025,cp19,categorica,exclude,,manual,"2023 cp16_1 NO es la satisfaccion general: arrastra el texto del encabezado pero contiene el item de PRIMARIA (n=941; con cp16_2 Secundaria 467 y cp16_3 Media Superior 375 suman 1,783 = los registros de estudiante, y ningun respondiente contesta dos). 2025 cp19 si es la general (n=2,033, una sola pregunta para todos los niveles, sin hermanos cp19_2/cp19_3). La nota anterior decia 'sin respuestas en 2023' y era falsa. 2023 cp16_1 va con 2022 cp16_a_8 / 2024 cp17_1 (Primaria); 2025 cp19 se queda sin contraparte 1:1 porque 2024 solo pregunta por nivel"
2023,num_acciones_participacion_ciudadana,2025,num_acciones_pc,numerica,comparable,,manual,
2023,num_discriminaciones,2025,num_discriminaciones,numerica,comparable,,manual,
2023,p18_2,2025,p21_2,numerica,comparable,,manual,"corrige par: p20_2 mide minutos CAMINANDO a la parada, no de ESPERA. p21_2 es la espera (medias 20.2 vs 20.1); p20_2 quedo antes emparejado por posicion"
2023,p52_2,2025,p71_2,categorica,comparable,,manual,
2023,victima_tp,2025,victima_tp,categorica,comparable,,manual,
2024,victima_tp,2025,victima_tp,categorica,comparable,,manual,
2024,costo_total_viaje_redondo,2025,costo_total_viaje_redondo,numerica,comparable,,manual,
2024,cp1,2025,cp1,numerica,comparable,,manual,
2024,cp10,2025,cp11,categorica,comparable,attr_tipo_escuela,manual,
2024,cp11,2025,cp12,categorica,comparable,,manual,
2024,cp12,2025,cp13,categorica,comparable,,manual,
2024,cp13,2025,cp14,categorica,comparable,,manual,
2024,cp15,2025,cp16,categorica,comparable,,manual,
2024,cp16,2025,cp17,categorica,comparable,,manual,
2024,cp2,2025,cp2,categorica,comparable,attr_sexo,manual,
2024,cp3,2025,cp3,categorica,comparable,,manual,
2024,cp4_1,2025,cp4_1,numerica,comparable,attr_edad_anos,manual,
2024,cp5,2025,cp5,categorica,comparable,,manual,
2024,cp6,2025,cp6,categorica,comparable,attr_afiliacion_servicio_salud,manual,"afiliacion al servicio de salud; 2024 y 2025 comparten numeracion (2024 arrastra 14 'Seccion 50' y 15 'Nova', 2025 estrena 12 'Otro* Especificar'), asi que las dos quedan NATIVAS y su catalogo es el canonico. concept_id repetido aqui porque es el ultimo renglon de la cadena: sin el, el pin se pierde y los 39 recodes de 2021, 2022 y 2023 quedan huerfanos"
2024,cp7,2025,cp7,categorica,comparable,,manual,
2024,cp8,2025,cp8,categorica,comparable,attr_nivel_max_estudios,manual,
2024,cp9,2025,cp9,categorica,comparable,attr_nivel_actual_estudios,manual,
2024,p100,2025,p111,categorica,comparable,,manual,
2024,p102,2025,p113,categorica,comparable,,manual,
2024,p103,2025,p114,categorica,comparable,,manual,
2024,p104,2025,p116,numerica,comparable,,manual,
2024,p105,2025,p117,categorica,comparable,,manual,
2024,p106,2025,p118,categorica,comparable,,manual,
2024,p107,2025,p119,categorica,comparable,,manual,
2024,p108_1,2025,p120_1,categorica,comparable,,manual,"item 1 de la bateria de percepcion de seguridad. El overlay db/overlays/question_fixes_approved.csv reparo los 19 q_id huerfanos de 2024: el lado 2024 se llamaba p1081 en questions (typo del ETL) y p108_1 en answers, y el overlay los unifico en p108_1. Ponderado Si 51.5 (2024)"
2024,p108_2,2025,p120_2,categorica,comparable,,manual,
2024,p108_3,2025,p120_3,categorica,comparable,,manual,
2024,p108_4,2025,p120_4,categorica,comparable,,manual,
2024,p108_5,2025,p120_5,categorica,comparable,,manual,
2024,p108_6,2025,p120_6,categorica,comparable,,manual,
2024,p109_1,2025,p121_1,numerica,comparable,,manual,
2024,p109_2,2025,p121_2,numerica,comparable,,manual,
2024,p109_3,2025,p121_3,numerica,comparable,,manual,
2024,p109_4,2025,p121_4,numerica,comparable,,manual,
2024,p109_5,2025,p121_5,numerica,comparable,,manual,
2024,p10_1,2025,p9_1,numerica,comparable,,manual,
2024,p10_2,2025,p9_2,numerica,comparable,,manual,
2024,p11,2025,p10,categorica,comparable,,manual,
2024,p110,2025,p122,categorica,comparable,,manual,
2024,p111,2025,p123,categorica,comparable,,manual,
2024,p112_1,2025,p124_1,categorica,comparable,,manual,
2024,p112_2,2025,p124_2,categorica,comparable,,manual,
2024,p112_3,2025,p124_3,categorica,comparable,,manual,
2024,p113,2025,p125,categorica,comparable,,manual,
2024,p115_1,2025,p126_1,categorica,comparable,,manual,
2024,p115_2,2025,p126_2,categorica,comparable,,manual,
2024,p115_3,2025,p126_3,categorica,comparable,,manual,
2024,p115_4,2025,p126_4,categorica,comparable,,manual,
2024,p116,2025,p127,categorica,comparable,,manual,
2024,p117,2025,p128,categorica,comparable,,manual,
2024,p118,2025,p129,categorica,comparable,,manual,
2024,p119,2025,p130,categorica,comparable,,manual,
2024,p125,2025,p133,categorica,comparable,,manual,
2024,p126,2025,p134,categorica,comparable,,manual,
2024,p127,2025,p135,categorica,comparable,,manual,
2024,p128,2025,p136,categorica,comparable,,manual,
2024,p129,2025,p137,categorica,comparable,,manual,
2024,p13,2025,p12,categorica,comparable,,manual,
2024,p130,2025,p138,categorica,comparable,,manual,
2024,p131_1,2025,p139,categorica,comparable,,manual,
2024,p132_2,2025,p140,categorica,comparable,,manual,
2024,p133_3,2025,p141,categorica,comparable,,manual,
2024,p136,2025,p144,categorica,comparable,,manual,
2024,p137,2025,p145,categorica,comparable,,manual,"CAMBIA LA PERSONA EVALUADA A MITAD DE LA SERIE. Es 'su alcalde/alcaldesa', asi que la serie es defendible, pero 2024 pregunta EN PASADO ('el trabajo que hizo') por la administracion que terminaba y 2025 por la que entro en octubre de 2024. Aprobacion ponderada: 2021=48.79 2022=52.90 2023=48.78 2024=52.26 2025=62.59, y el escalon de 2025 cae exactamente en el cambio de administracion. Decision firme #2. La misma advertencia aplica a todo el bloque de la persona alcalde (p131_1..p136 <-> p139..p144 y p133_4 <-> p142)"
2024,p14,2025,p13,categorica,comparable,,manual,
2024,p140_1,2025,p146,categorica,comparable,,manual,
2024,p141_2,2025,p147,categorica,comparable,,manual,
2024,p142_3,2025,p148,categorica,comparable,,manual,
2024,p143_4,2025,p149,categorica,comparable,,manual,
2024,p144,2025,p151,categorica,comparable,,manual,
2024,p146,2025,p152,categorica,comparable,,manual,
2024,p149,2025,p153,categorica,comparable,,manual,"CAMBIA EL REFERENTE: 2024 pregunta por ANDRES MANUEL LOPEZ OBRADOR y 2025 por CLAUDIA SHEINBAUM. Aprobacion ponderada sobre iniciales: 2024=87.30% (n=4,942) -> 2025=73.63% (n=4,955), y la desaprobacion 11.44% -> 22.57%. El concepto c2025_p153 tiene solo esos dos miembros; sin esta nota la vista Anio publica una caida de 13.7 puntos que se lee como desaprobacion del mismo gobierno. Se conserva comparable por la decision firme #2 (cambia el referente, las opciones son literales -> comparable con nota obligatoria)"
2024,p15,2025,p14,numerica,comparable,,manual,
2024,p151_2,2025,p154,categorica,comparable,,manual,"bloque del Congreso Local: si sabe quien es su diputado local. El overlay db/overlays/question_fixes_approved.csv reparo los 19 q_id huerfanos de 2024: el lado 2024 tenia el texto y el catalogo bajo p151_2 y las 4,942 respuestas bajo el huerfano p151, y el overlay los unifico en p151_2"
2024,p152_3,2025,p155,categorica,comparable,,manual,"bloque del Congreso Local: que intereses cree que atienden al legislar. El overlay db/overlays/question_fixes_approved.csv reparo los 19 q_id huerfanos de 2024: el lado 2024 tenia el texto y el catalogo bajo p152_3 y las 4,942 respuestas bajo el huerfano p152, y el overlay los unifico en p152_3"
2024,p153_4,2025,p156,categorica,comparable,,manual,"bloque del Congreso Local: si considera honestos a los diputados. El overlay db/overlays/question_fixes_approved.csv reparo los 19 q_id huerfanos de 2024: el lado 2024 tenia el texto y el catalogo bajo p153_4 y las 4,942 respuestas bajo el huerfano p153, y el overlay los unifico en p153_4"
2024,p154_5,2025,p157,categorica,comparable,,manual,"bloque del Congreso Local: si aprueba el trabajo del Congreso. El overlay db/overlays/question_fixes_approved.csv reparo los 19 q_id huerfanos de 2024: el lado 2024 tenia el texto y el catalogo bajo p154_5 y las 4,942 respuestas bajo el huerfano p154, y el overlay los unifico en p154_5"
2024,p155,2025,p159,categorica,comparable,,manual,
2024,p156,2025,p160,categorica,comparable,,manual,
2024,p157_1,2025,p161_1,categorica,comparable,,manual,
2024,p157_2,2025,p161_2,categorica,comparable,,manual,
2024,p157_3,2025,p161_3,categorica,comparable,,manual,
2024,p157_4,2025,p161_4,categorica,comparable,,manual,
2024,p157_5,2025,p161_5,categorica,comparable,,manual,
2024,p157_6,2025,p161_6,categorica,comparable,,manual,
2024,p157_7,2025,p161_7,categorica,comparable,,manual,
2024,p157_8,2025,p161_8,categorica,comparable,,manual,
2024,p157_9,2025,p161_9,categorica,comparable,,manual,
2024,p158_1,2025,p162_1,categorica,comparable,,manual,
2024,p158_2,2025,p162_2,categorica,comparable,,manual,
2024,p159,2025,p163,categorica,comparable,,manual,
2024,p16,2025,p15,categorica,comparable,,manual,
2024,p160,2025,p164,categorica,comparable,,manual,
2024,p162,2025,p165,categorica,comparable,,manual,
2024,p163,2025,p166,categorica,comparable,,manual,
2024,p164,2025,p167,categorica,comparable,,manual,
2024,p17,2025,p16,categorica,comparable,,manual,"PAR INERTE, NO BORRAR PERO NO ESPERAR SERIE: 2025 p16 (colonia del destino) existe en questions, no tiene opciones cargadas y tiene CERO respuestas, y 2025 no tiene ningun q_id huerfano, asi que el dato no esta en la BD. El concepto c2025_p16 publica solo la columna 2024 (2,660 respuestas). Documentado para que nadie lo vuelva a investigar"
2024,p18,2025,p17,categorica,exclude,,manual,"MODO DE TRANSPORTE DEL VIAJE PRINCIPAL: enunciado literalmente identico, pero 2025 REORDENA EL CATALOGO COMPLETO y sin recode la serie saldria cruzada. EXCLUDE RATIFICADO, con el numero corregido: aceptarlo NO lleva attr_modo_transporte a las 5 olas sino a 4, porque 2021 no trae el dato (p10 y p11 tienen CERO respuestas y CERO opciones), asi que no mueve el conteo de conceptos de 5 olas; lo unico que gana de verdad es que la app ya ofrece modo_transporte como cruce y filtro en 2025 y la vista Anio no lo puede alinear. EL REORDENAMIENTO DE 2025: estrena 7=Scooter/patin electrico, corre Metro 7->8 y Automovil 8->9, FUSIONA Transmetro (9) y Ecovia (10) en un solo 10='Transmetro/Ecovia', y usa 14/15 para Ambulancia/Avion (en 2023 eran Triciclo/Taxi colectivo y en 2024 Trailer/Cuatrimoto). Declararlo comparable a secas publicaria el 42.27% de 'Automovil' de 2024 y el 46.27% de 2023 como 'Metro'. SI ALGUIEN LO RECONSIDERA, el par es rescatable con 53 recodes exhaustivos, verificados etiqueta por etiqueta contra options: las tres olas viejas comparten numeracion, asi que el mapeo es identico para 2022 p14, 2023 p16 (hoy NATIVA: no tiene un solo recode, hay que recodificarla de cero) y 2024 p18 -> 1..6 sin cambio, 7->8, 8->9, 9->10, 10->10 (fusion Transmetro/Ecovia), 11..13 sin cambio, 8888 y 9999 sin cambio; y las colas a id propio: 2022 14=Taxi colectivo y 15=Camioneta de la empresa, 2023 14=Triciclo y 15=Taxi colectivo, 2024 14=Trailer, 15=Cuatrimoto, 16=Tractor y 17=Taxi colectivo (los tres 'Taxi colectivo' al MISMO id, y el bloque de 2022 va primero porque la etiqueta de un id nuevo la toma su primera fila del recode). EXIGE REPETIR EL PIN attr_modo_transporte en este renglon: load_concepts guarda pinned[find(a)] con el root del momento y union muda el root al lado B, asi que sin el pin los 36 recodes de 2022 y 2024 quedan huerfanos y el concepto pasa a llamarse c2025_p17. El orden es duro: declarar el par -> build_db.py -> escribir los recodes -> build_db.py otra vez. COSTO ACEPTADO SI SE REVIERTE: 2022-2024 pierden la distincion Transmetro/Ecovia (juntas 0.24 / 0.53 / 0.28 % ponderado, entre 2 y 6 casos por ola) y 'Taxi colectivo' se queda sin destino limpio (0.06% en 2022, cero casos en 2023 y 2024). NO LO ARREGLA ESTA CAPA: el cruce por modo_transporte de 2024 muestra MUNICIPIOS porque respondent_attributes de 2024 saca el atributo de p16 (municipio del destino; 2,972/2,972 coinciden con p16 y 15/2,972 con p18), y particion_modal_agregada aplica los codigos de 2025 a todas las olas porque sql_builder.recode_bucket_case_sql opera sobre el codigo crudo y no sobre concept_option_id"
2024,p18_8,2025,p18,numerica,comparable,,manual,
2024,p21,2025,p22,categorica,comparable,,manual,
2024,p22,2025,p23,categorica,comparable,,manual,"EL PAR ES CORRECTO PERO PUBLICA UN QUIEBRE QUE NO SE SOSTIENE; REVISAR CONTRA EL OPERATIVO ANTES DE PUBLICAR. Misma pregunta y mismo catalogo 1 Uno..4 Cuatro, y el filtro previo es estable (quien declara haber hecho transbordo, p21<->p22, va 34.78% -> 33.33%). Pero condicionado a eso el reparto se voltea: 'Uno' 79.11% -> 42.87% y 'Dos' 18.64% -> 51.48% ponderado. Crudo uno/dos/tres: 2022 91/14/3, 2023 125/40/6, 2024 206/52/4, 2025 96/117/13; en cuatro olas 2025 es la unica fuera de linea y nada mas en el bloque de transporte se mueve asi. Base ponderada chica (n=263 y 229). Huele a cambio de aplicacion (contar unidades en vez de transbordos); si el operativo lo confirma, pasa a exclude QUE SE DESCARTO AL REVISARLO: el catalogo es IDENTICO EN LAS CINCO OLAS (1 Uno, 2 Dos, 3 Tres, 4 Cuatro, 5 Cinco o Mas, 8888, 9999; mismos codigos y mismas etiquetas) y el q_text de la pregunta filtro previa es la MISMA CADENA LITERAL en 2024 (p21) y 2025 (p22), asi que no hay corrimiento de codigos ni cambio de universo declarado; el quiebre no lo explica nada de la capa de conceptos. Con n de iniciales de 119 / 109 / 171 / 263 / 229 el margen ronda los 6 puntos, asi que el salto de 79 a 43 NO es ruido. LO QUE NO SE PUDO VERIFICAR y es lo unico que queda por revisar: el cuestionario 2025 no esta en data/source/ (esa ola vino de la BD original, no del ETL), asi que un cambio de aplicacion en campo solo lo confirma el operativo. SE QUEDA comparable: nada en el instrumento justifica un exclude, y excluirlo taparia un cambio que puede ser real. NO PUBLICAR la serie 2024->2025 de esta pregunta sin confirmar el operativo 2025."
2024,p23,2025,p24,numerica,comparable,,manual,
2024,p24,2025,p25,numerica,comparable,,manual,
2024,p25,2025,p26,numerica,comparable,,manual,
2024,p26_1,2025,p27_1,numerica,comparable,,manual,
2024,p26_2,2025,p27_2,numerica,comparable,,manual,
2024,p27_1,2025,p28_1,numerica,comparable,,manual,
2024,p27_2,2025,p28_2,numerica,comparable,,manual,
2024,p28,2025,p29,numerica,comparable,,manual,
2024,p29,2025,p30,categorica,comparable,,manual,
2024,p3,2025,p1,categorica,comparable,attr_tipo_trabajo,manual,
2024,p30,2025,p31,categorica,exclude,,manual,"SON DOS PREGUNTAS DISTINTAS (era comparable, sin nota). 2024 p30 = 'Ante la llegada de nuevos camiones anunciados por parte del gobierno del estado, ha notado mejoria en el servicio?' (percepcion de un cambio concreto, n=1,998). 2025 p31 = 'Considera que el gobierno de Samuel Garcia ha realizado las acciones suficientes para mejorar el transporte publico en Nuevo Leon?' (evaluacion de gestion, n=1,714). Las dos son 0 No / 1 Si / 8888 / 9999 con catalogo identico, asi que EL BUILD NO EMITE UN SOLO AVISO. El concepto c2025_p31 tenia exactamente esos dos miembros y publicaba 50.73% -> 54.63% de 'Si' como si fuera una serie de dos anios. 'Acciones suficientes' es una formula que 2025 estrena en varios reactivos (p77 hace lo mismo con la contaminacion del aire). Al excluir, las dos preguntas se quedan sin concepto, que es lo correcto"
2024,p31_1,2025,p32_1,categorica,comparable,,manual,
2024,p31_2,2025,p32_2,categorica,comparable,,manual,
2024,p31_3,2025,p32_3,categorica,comparable,,manual,
2024,p31_4,2025,p32_4,categorica,comparable,,manual,
2024,p31_5,2025,p32_5,categorica,comparable,,manual,
2024,p31_6,2025,p32_6,categorica,comparable,,manual,
2024,p32,2025,p33,categorica,comparable,,manual,
2024,p33_1,2025,p36_1,categorica,comparable,,manual,
2024,p33_2,2025,p36_2,categorica,comparable,,manual,
2024,p33_5,2025,p36_3,categorica,comparable,,manual,
2024,p33_6,2025,p36_4,categorica,comparable,,manual,
2024,p33_7,2025,p36_5,categorica,comparable,,manual,
2024,p33_8,2025,p36_6,categorica,comparable,,manual,
2024,p33_9,2025,p36_7,categorica,comparable,,manual,
2024,p34_1,2025,p39_1,categorica,comparable,,manual,
2024,p34_2,2025,p39_2,categorica,comparable,,manual,
2024,p34_3,2025,p39_3,categorica,comparable,,manual,
2024,p34_4,2025,p39_4,categorica,comparable,,manual,
2024,p35,2025,p40,numerica,comparable,,manual,
2024,p36,2025,p46,numerica,comparable,,manual,
2024,p37,2025,p47,numerica,comparable,,manual,
2024,p38,2025,p48,categorica,comparable,,manual,"POR QUE NO USA LA BICICLETA. 2024 no ofrece la categoria 'Imposibilidad fisica para utilizarla' (c2025_p48:10) y por eso su columna salia en 0.0 en medio de una serie que sube (1.5 / 2.7 / 0.0 / 5.3). RESUELTO: el codigo 14 de 2024 'Problemas de salud' se reapunta a :10 porque su etiqueta es LITERALMENTE la misma que la del codigo 12 de 2022, que ya alimentaba ese canonico junto con el 12 de 2023 ('No puedo utilizarla por mi condicion fisica'). La serie queda 1.5 / 2.7 / 1.3 / 5.3. NO SE METIO el codigo 15 de 2024 'Es persona de la tercera edad' (1.9 % ponderado): ser de la tercera edad no es por si mismo imposibilidad fisica, y meterlo seria incoherente con 2022, donde 'No tengo edad' (codigo 11, 1.3 %) se dejo con id propio :edad_2022. Los dos se quedan como ids propios de su ola. Si alguna vez se decide el criterio amplio, son tres renglones de recode (2024 15 y 2022 11 hacia :10) y la serie pasaria a 2.8 / 2.7 / 3.2 / 5.3"
2024,p39,2025,p49,numerica,comparable,,manual,
2024,p4,2025,p2,categorica,comparable,,manual,
2024,p40,2025,p50,numerica,exclude,,manual,"CAMBIA LA BASE Y LA SERIE CAMBIA DE SIGNO (era comparable, sin nota). Mismo enunciado ('En esta vivienda cual es el gasto total por semana en gasolina?') pero universos distintos: 2024 p40 no lleva filtro y en los hechos se le pregunta a todo hogar con vehiculo (2,957 de los 2,960 que contestan tienen p39>0); 2025 p50 trae q_info explicito 'para quienes respondieron 5 o 9 en la P17 (motocicleta, automovil/acompanante)' y se verifico 1,490 de 1,490. MEDICION QUE LO DECIDE (ponderada, iniciales, con 99999 fuera): como la publica la app 2022=929.91 2023=930.81 2024=876.26 2025=916.92, o sea 2024->2025 SUBE 40.7 pesos; homologando el universo de 2025 (solo quien uso auto/moto en su viaje principal) 2023=1,111.86 2024=1,028.27 2025=916.92, o sea BAJA 111.3. El corte de universo vale +152 pesos en 2024 y le da la vuelta al signo. Mismo criterio que la decision firme #1 y que los exclude por base de 2023<->2024. Se pierde un concepto de 5 olas: es el precio correcto"
2024,p43_3,2025,p44_3,categorica,comparable,,manual,
2024,p43_6,2025,p44_6,categorica,comparable,,manual,
2024,al_menos_una_discriminacion,2025,al_menos_una_discriminacion,categorica,comparable,,manual,
2024,p43_8,2025,p44_8,categorica,comparable,,manual,
2024,p44,2025,p45,numerica,comparable,,manual,
2024,p45,2025,p51,categorica,comparable,,manual,
2024,p47,2025,p55,categorica,comparable,,manual,
2024,p52_1,2025,p62_1,numerica,comparable,,manual,
2024,p52_2,2025,p62_2,numerica,comparable,,manual,
2024,p52_3,2025,p62_3,numerica,comparable,,manual,
2024,p52_4,2025,p62_4,numerica,comparable,,manual,
2024,p52_5,2025,p62_5,numerica,comparable,,manual,
2024,p53,2025,p63,categorica,comparable,,manual,
2024,p54,2025,p65,categorica,comparable,,manual,
2024,p55,2025,p66,categorica,comparable,,manual,"primer problema del agua ('disminucion de la presion del agua'), con la escala de frecuencia 0-5. El overlay db/overlays/question_fixes_approved.csv reparo los 19 q_id huerfanos de 2024: el lado 2024 tenia el texto y el catalogo bajo p55 y las 4,942 respuestas bajo el huerfano p55_1, y el overlay los unifico en p55"
2024,p56_2,2025,p67,categorica,comparable,,manual,
2024,p57_3,2025,p68,categorica,comparable,,manual,
2024,p5_1,2025,p3_1,numerica,comparable,,manual,
2024,p5_2,2025,p3_2,numerica,comparable,,manual,
2024,p6,2025,p4,numerica,comparable,,manual,
2024,p60,2025,p70,categorica,comparable,,manual,
2024,p61_1,2025,p71_1,categorica,comparable,,manual,
2024,p61_3,2025,p71_3,categorica,comparable,,manual,
2024,p61_4,2025,p71_4,categorica,comparable,,manual,
2024,p61_5,2025,p71_5,categorica,comparable,,manual,
2024,p62,2025,p72,categorica,comparable,,manual,
2024,p64,2025,p77,categorica,comparable,,manual,
2024,p65,2025,p78,categorica,exclude,,manual,"NOTA AGREGADA EN EL ESLABON 2024-2025 (el exclude era preexistente y estaba SIN NOTA; el criterio se confirmo, solo faltaba escribirlo). CAMBIA LA MEDIDA Y EL CATALOGO. 2024 p65 es BINARIA: 'En su hogar, separan semanalmente los residuos (basura) para reciclarlos?' con 0 No / 1 Si (n=4,942; ponderado 48.26 No / 51.45 Si / 0.30 No sabe). 2025 p78 es una ESCALA DE FRECUENCIA de cuatro niveles: 'Con que frecuencia se separan residuos reciclables como PET, carton, aluminio o vidrio?' con 1 Nunca / 2 Algunas veces al anio / 3 Algunas veces al mes / 4 Todos los dias (n=4,955; ponderado 46.73 / 13.33 / 17.69 / 22.03). No hay mapeo limpio: el 'Si' semanal de 2024 no equivale a ninguno de los tres niveles positivos de 2025 (semanal cae entre 'algunas veces al mes' y 'todos los dias') y los codigos 1 y 0 significan cosas opuestas en las dos olas, asi que declararlo comparable a secas publicaria el 46.73% de 'Nunca' de 2025 bajo la etiqueta 'Si' de 2024. Rescatable solo si la casa define un corte (p. ej. 3+4 = 'separa'), y aun asi seria una recodificacion de contenido, no de codigos"
2024,p66,2025,p79,categorica,comparable,,manual,
2024,p67,2025,p80,categorica,comparable,,manual,
2024,p69,2025,p81,categorica,comparable,,manual,
2024,p70,2025,p82,categorica,comparable,,manual,
2024,p71,2025,p84,categorica,comparable,,manual,
2024,p72,2025,p85,categorica,comparable,,manual,
2024,p73,2025,p86,categorica,comparable,,manual,
2024,p74,2025,p87,categorica,comparable,,manual,
2024,p75,2025,p88,categorica,comparable,,manual,
2024,p77_10,2025,p89_10,categorica,comparable,,manual,
2024,p77_11,2025,p89_11,categorica,comparable,,manual,
2024,p77_12,2025,p89_12,categorica,comparable,,manual,
2024,p77_13,2025,p89_13,categorica,comparable,,manual,
2024,p77_14,2025,p89_14,categorica,comparable,,manual,
2024,p77_15,2025,p89_15,categorica,comparable,,manual,
2024,p77_2,2025,p89_2,categorica,comparable,,manual,
2024,p77_3,2025,p89_3,categorica,comparable,,manual,
2024,p77_4,2025,p89_4,categorica,comparable,,manual,
2024,p77_5,2025,p89_5,categorica,comparable,,manual,
2024,p77_6,2025,p89_6,categorica,comparable,,manual,
2024,p77_7,2025,p89_7,categorica,comparable,,manual,
2024,p77_8,2025,p89_8,categorica,comparable,,manual,
2024,p77_9,2025,p89_9,categorica,comparable,,manual,
2024,p79_1,2025,p90_1,categorica,comparable,,manual,
2024,p79_2,2025,p90_2,categorica,comparable,,manual,
2024,p79_3,2025,p91,categorica,exclude,,manual,"NOTA AGREGADA EN EL ESLABON 2024-2025 (el exclude era preexistente y estaba SIN NOTA; el criterio se confirmo, solo faltaba escribirlo). SON DOS REACTIVOS DISTINTOS. 2024 p79_3 es el item 3 de la bateria de acuerdo/desacuerdo sobre migracion: 'El aumento de personas migrantes en el estado esta relacionado con el incremento de la inseguridad que se ha observado en los ultimos anios', binaria 0 En desacuerdo / 1 De acuerdo (n=4,942; ponderado 49.88 / 47.93 / 2.14 No sabe). 2025 p91 es una VALORACION GLOBAL de tres niveles: 'Que tan bueno o malo cree que ha sido para Nuevo Leon que lleguen personas de otros estados o paises?' con 1 Bueno / 2 Ni bueno ni malo / 3 Malo (n=4,955; ponderado 14.44 / 45.94 / 33.98 / 5.27 No sabe). Ni el objeto (inseguridad atribuida a la migracion contra valoracion general de la migracion) ni el catalogo coinciden, y los codigos 0/1 de 2024 chocarian con 'Bueno'/'Ni bueno ni malo' de 2025. 2024 p79_3 conserva su serie propia de cuatro olas en c2024_p79_3 (2021 p56_5, 2022 p71_5, 2023 p70_4, 2024 p79_3); 2025 p91 es reactivo nuevo y se queda sin concepto, que es lo correcto"
2024,p7_2,2025,p5_2,categorica,comparable,,manual,
2024,p7_3,2025,p5_3,categorica,comparable,,manual,
2024,p7_4,2025,p5_4,categorica,comparable,,manual,
2024,p7_5,2025,p5_5,categorica,comparable,,manual,
2024,p7_6,2025,p5_6,categorica,comparable,,manual,
2024,p7_7,2025,p5_7,categorica,comparable,,manual,
2024,p7_8,2025,p5_8,categorica,comparable,,manual,
2024,p81,2025,p92,categorica,comparable,,manual,
2024,p82,2025,p93,categorica,comparable,,manual,
2024,p83,2025,p94,categorica,comparable,,manual,
2024,p84,2025,p95,categorica,comparable,,manual,"REVIERTE UN exclude PREEXISTENTE SIN NOTA. Es la misma pregunta: 2024 lleva el condicional en el enunciado ('SOLO PARA QUIENES ACUDIERON A UNA CONSULTA MEDICA. Si fue una enfermedad aguda, se resolvio su problema?') y 2025 lo mueve al q_info ('Para quienes tuvieron una enfermedad aguda') y al q_block ('De la P95 a la p106 aplican solo quienes si se consultaron'). Mismo catalogo 0/1/8888/9999. El exclude truncaba en 2024 una serie limpia de 4 olas. %Si ponderado sobre iniciales: 2021=91.5 (n=165) 2022=90.2 (n=220) 2023=84.4 (n=85) 2024=88.7 (n=198) 2025=81.2 (n=128). DOS ADVERTENCIAS AL PUBLICAR: (1) BASES MUY CHICAS, publicar con la n a la vista; (2) 2025 estrena en la pregunta filtro (p92) el codigo 3 'problema de salud mental', y los 27 que consultaron por ese motivo no contestan ni p95 ni p96 -en 2024 esos casos caian en aguda o cronica-, asi que el reparto aguda/cronica de 2025 no corre sobre la misma composicion (consultaron 630 en 2024 y 613 en 2025; aguda 198 -> 128 y cronica 432 -> 458)"
2024,p85,2025,p96,categorica,comparable,,manual,"REVIERTE UN exclude PREEXISTENTE SIN NOTA, gemelo de p84<->p95 (enfermedad cronica / seguimiento adecuado). 2025 mueve el condicional del enunciado al q_info. Mismo catalogo 0/1/8888/9999. %Si ponderado: 2021=93.8 (n=705) 2022=95.2 (n=415) 2023=95.5 (n=351) 2024=97.9 (n=432) 2025=95.7 (n=458). Aplica la misma advertencia del codigo 3 'problema de salud mental' que 2025 estrena en la pregunta filtro p92"
2024,p86,2025,p97,categorica,comparable,attr_servicio_salud_donde_se_atendio,manual,"donde se atendio; 2024 y 2025 comparten catalogo identico (1-14, 8888, 9999) y quedan NATIVAS: su etiqueta es la canonica. concept_id repetido aqui porque es el ultimo renglon de la cadena; sin el, el pin se pierde y los 47 recodes de 2021, 2022 y 2023 quedan huerfanos"
2024,p87,2025,p98,categorica,comparable,,manual,
2024,p88,2025,p99,categorica,comparable,,manual,
2024,p89,2025,p100,categorica,comparable,attr_tipo_consulta,manual,
2024,p8_1,2025,p7_1,numerica,comparable,,manual,
2024,p90,2025,p101,categorica,comparable,,manual,
2024,p91,2025,p102,categorica,comparable,,manual,
2024,p92_1,2025,p103_1,numerica,comparable,,manual,
2024,p92_2,2025,p103_2,numerica,comparable,,manual,
2024,p93,2025,p104,categorica,comparable,,manual,
2024,p94_1,2025,p105_1,categorica,comparable,,manual,"corrige cruce: el par estaba invertido contra p105_2 (administrativo). 2025 FUSIONA medicos+enfermeria en un solo reactivo, asi que p94_2 (enfermeria) queda sin contraparte"
2024,p94_3,2025,p105_2,categorica,comparable,,manual,corrige cruce: el par estaba invertido contra p105_1 (personal medico)
2024,p94_4,2025,p105_3,categorica,comparable,,manual,
2024,p94_5,2025,p105_4,categorica,comparable,,manual,
2024,p95,2025,p106,numerica,comparable,,manual,
2024,p96_1,2025,p107_1,categorica,comparable,,manual,
2024,p96_2,2025,p107_2,categorica,comparable,,manual,
2024,p96_3,2025,p107_3,categorica,comparable,,manual,
2024,p97,2025,p108,categorica,comparable,,manual,
2024,p98,2025,p109,categorica,comparable,,manual,
2024,p99,2025,p110,categorica,comparable,,manual,
2024,p9_1,2025,p8_1,numerica,comparable,,manual,"2025 ESTRENA UN 'No aplica' QUE 2024 REGISTRABA COMO CERO. 2025 p8_1 trae 577 casos con el centinela 7777 'No aplica' y 2024 p9_1 tiene 0 (registraba esos casos como 0 horas: tiene 2,646 ceros). Como el motor excluye 7777 del promedio, esos 577 salen de la base en vez de entrar como ceros. Media ponderada de horas/dia: 2024=1.70 (n=4,906) -> 2025=2.75 (n=4,247) como lo publica la app; homologando 7777=0 el 2025 da 2.36 (n=4,824). Un tercio del alza reportada es el codigo nuevo. Misma advertencia en la derivada cuidados_personas"
2021,p34_1,2022,p40_1,categorica,comparable,,manual,"item 1 (clinica o consultorio medico) de la bateria de servicios a menos de 1 km; en 2022 la pregunta que conserva el texto del ENCABEZADO es la que trae los datos del item 1 (n=4410, 0/1). Sustituye al par 2021 p34 <-> 2022 p40_1, que unia el encabezado vacio de 2021 (n=0)"
2021,p34_2,2022,p40_2,categorica,comparable,,manual,
2021,p34_3,2022,p40_3,categorica,comparable,,manual,
2021,p34_4,2022,p40_4,categorica,comparable,,manual,2022 precisa 'Trabajo (del respondiente)'; mismo reactivo
2021,p34_5,2022,p40_5,categorica,comparable,,manual,
2021,p34_6,2022,p40_6,categorica,comparable,,manual,
2021,p34_7,2022,p40_7,categorica,comparable,,manual,
2021,p34_8,2022,p40_8,categorica,comparable,,manual,
2021,p34_9,2022,p40_9,categorica,comparable,,manual,
2021,p34_10,2022,p40_10,categorica,comparable,,manual,
2021,p34_11,2022,p40_11,categorica,comparable,,manual,
2021,p34_12,2022,p40_12,categorica,comparable,,manual,
2021,p34_13,2022,p40_13,categorica,comparable,,manual,
2021,p34_14,2022,p40_14,categorica,comparable,,manual,
2021,p21_1,2022,p36_1,categorica,comparable,,manual,bateria 'cuando camina en su municipio': cruces peatonales. 2022 precisa 'a nivel de calle estan marcados'; mismo constructo. Recode declarado: 2021 codifica 'NO HAY'=3 y 2022 lo mueve al 2
2021,p21_2,2022,p36_2,categorica,comparable,,manual,recode 'NO HAY' 3->2 en 2021
2021,p21_3,2022,p36_3,categorica,comparable,,manual,recode 'NO HAY' 3->2 en 2021
2021,p21_4,2022,p36_4,categorica,comparable,,manual,recode 'NO HAY' 3->2 en 2021
2021,p21_5,2022,p36_5,categorica,comparable,,manual,recode 'NO HAY' 3->2 en 2021
2021,p21_6,2022,p36_6,categorica,comparable,,manual,recode 'NO HAY' 3->2 en 2021
2021,p21_7,2022,p36_7,categorica,exclude,,manual,"trampa posicional: 2021 item 7 = 'las banquetas permiten el desplazamiento de personas con discapacidad', 2022 item 7 = 'alumbrado adecuado'. El item de discapacidad no existe en 2022; el par correcto es 2021 p21_8 <-> 2022 p36_7"
2021,p21_8,2022,p36_7,categorica,comparable,,manual,"banquetas con alumbrado adecuado. 2022 elimina el item 7 de 2021 (discapacidad), por eso del 8 en adelante corre un lugar. Recode 'NO HAY' 3->2 en 2021"
2021,p21_9,2022,p36_8,categorica,comparable,,manual,banquetas limpias; mismo desfase de un lugar. Recode 'NO HAY' 3->2 en 2021
2021,p22,2022,p37,numerica,comparable,,manual,"escala 1-10 de calidad de banquetas, enunciado literal en las dos olas. OJO: 2021 codifica 'NO SABE'=99 (13 casos) y 2022 usa 888/999 (36 casos); ninguno de esos codigos esta en la lista de centinelas que el motor descarta para escalas guardadas como categoricas, asi que el promedio por ano de este concepto viene contaminado (afecta tambien 2022-2025, no es nuevo)"
2021,p29_1_1,2022,p31_1,categorica,exclude,,manual,"cambia la BASE: 2021 pregunto la bateria de calidad del TP a los 4,406 respondientes (solo 307 marcaron 99='NO APLICA') y 2022 solo a los 1,588 que declararon usar el TP en p31_0 (36.0% de 4,410). Texto literal y codigos alineables, pero el denominador no es la misma poblacion. Decision del equipo"
2021,p29_1_2,2022,p31_2,categorica,exclude,,manual,"misma bateria: cambia la base (4,406 todos vs 1,588 usuarios de TP)"
2021,p29_1_3,2022,p31_3,categorica,exclude,,manual,"misma bateria: cambia la base (4,406 todos vs 1,588 usuarios de TP)"
2021,p29_1_4,2022,p31_4,categorica,exclude,,manual,"misma bateria: cambia la base (4,406 todos vs 1,588 usuarios de TP)"
2021,p29_1_5,2022,p31_5,categorica,exclude,,manual,"misma bateria: cambia la base (4,406 todos vs 1,588 usuarios de TP)"
2021,p29_1_6,2022,p31_6,categorica,exclude,,manual,"doble motivo: trampa posicional (2021 item 6 = 'el comportamiento de los choferes es respetuoso', que 2022 elimina; 2022 item 6 = 'manejan en forma prudente y segura', que en 2021 es el item 7) y cambio de base"
2021,p29_1_7,2022,p31_6,categorica,exclude,,manual,"esta ES la correspondencia correcta por contenido ('los choferes manejan en forma prudente y segura'), pero se excluye por el cambio de base: 4,406 todos los respondientes vs 1,588 usuarios de TP"
2021,p31_1,2022,p34_1,categorica,exclude,,manual,"bateria de fallas de las unidades: 1:1 por contenido y sin desfase, pero cambia la base (2021 los 4,406 respondientes con 8.1% 'NO APLICA'; 2022 solo los 1,588 usuarios de TP)"
2021,p31_2,2022,p34_2,categorica,exclude,,manual,"fallas de las unidades: cambia la base (4,406 todos vs 1,588 usuarios de TP)"
2021,p31_3,2022,p34_3,categorica,exclude,,manual,"fallas de las unidades: cambia la base (4,406 todos vs 1,588 usuarios de TP)"
2021,p31_4,2022,p34_4,categorica,exclude,,manual,"fallas de las unidades: cambia la base (4,406 todos vs 1,588 usuarios de TP)"
2021,p31_5,2022,p34_5,categorica,exclude,,manual,"fallas de las unidades: cambia la base (4,406 todos vs 1,588 usuarios de TP)"
2021,p31_6,2022,p34_6,categorica,exclude,,manual,"fallas de las unidades: cambia la base (4,406 todos vs 1,588 usuarios de TP)"
2021,p31_7,2022,p34_7,categorica,exclude,,manual,"fallas de las unidades: cambia la base (4,406 todos vs 1,588 usuarios de TP)"
2021,p31_8,2022,p34_8,categorica,exclude,,manual,"fallas de las unidades: cambia la base (4,406 todos vs 1,588 usuarios de TP)"
2021,p31_9,2022,p34_9,categorica,exclude,,manual,"fallas de las unidades: cambia la base (4,406 todos vs 1,588 usuarios de TP); 2022 ensancha el item a 'validadores danados o inexistentes'"
2021,p31_10,2022,p34_10,categorica,exclude,,manual,"fallas de las unidades: cambia la base (4,406 todos vs 1,588 usuarios de TP)"
2021,p54_2,2022,p69_2,categorica,comparable,,manual,
2021,p54_3,2022,p69_3,categorica,comparable,,manual,
2021,p54_4,2022,p69_4,categorica,comparable,,manual,
2021,p54_5,2022,p69_5,categorica,comparable,,manual,"2022 reformula 'Por ser pobre' como 'por su nivel economico'; mismo constructo, redaccion mas neutra"
2021,p54_6,2022,p69_6,categorica,comparable,,manual,
2021,p54_7,2022,p69_7,categorica,comparable,,manual,
2021,p54_8,2022,p69_8,categorica,comparable,,manual,
2021,p54_9,2022,p69_9,categorica,comparable,,manual,
2021,p54_10,2022,p69_10,categorica,comparable,,manual,
2021,p54_11,2022,p69_11,categorica,comparable,,manual,
2021,p54_12,2022,p69_12,categorica,comparable,,manual,
2021,p54_13,2022,p69_13,categorica,exclude,,manual,trampa posicional y la mas peligrosa del eslabon: 2021 item 13 = 'por ser extranjero' y 2022 item 13 = 'por ser migrante'. 2021 distingue las dos categorias (tiene el 13 extranjero y el 14 migrante) y 2022 elimina 'extranjero'; el par correcto es 2021 p54_14 <-> 2022 p69_13
2021,p54_14,2022,p69_13,categorica,comparable,,manual,"'por ser migrante': 2022 elimina el item 13 de 2021 ('por ser extranjero'), asi que del 14 en adelante 2022 corre un lugar"
2021,p54_14,2022,p69_14,categorica,exclude,,manual,"trampa posicional: 2021 item 14 = 'por ser migrante', 2022 item 14 = 'por su identidad o expresion de genero'"
2021,p54_15,2022,p69_14,categorica,comparable,,manual,'por su identidad o expresion de genero (personas trans)'; mismo desfase de un lugar
2021,p54_16,2022,p69_15,categorica,comparable,,manual,"item 'Otro' de la bateria, con el mismo desfase de un lugar. Poco valor analitico: 2021 acumula 7.2% en NC y 2022 2.0% en No sabe"
2021,p41_1,2022,p45_1,numerica,comparable,,manual,"item 1 (alumbrado publico) de la escala 1-10 de satisfaccion con servicios publicos; en 2022 la pregunta que conserva el texto del ENCABEZADO trae los datos del item 1. Sustituye al par 2021 p41 <-> 2022 p45_1, que unia el encabezado vacio de 2021 (n=0)"
2021,p41_2,2022,p45_2,numerica,comparable,,manual,condicion de las calles y avenidas
2021,p41_4,2022,p45_3,numerica,comparable,,manual,"parques, plazas y areas verdes. 2021 NO tiene item 3 en la BD, asi que del 4 en adelante 2022 corre un lugar: p41_4->p45_3, p41_5->p45_4, p41_6->p45_5, p41_7->p45_6"
2021,p41_4,2022,p45_4,numerica,exclude,,manual,"trampa posicional: 2021 item 4 = 'parques, plazas y areas verdes', 2022 item 4 = 'drenaje pluvial'. El par correcto es 2021 p41_4 <-> 2022 p45_3"
2021,p41_5,2022,p45_4,numerica,comparable,,manual,drenaje pluvial; desfase de un lugar
2021,p41_6,2022,p45_5,numerica,comparable,,manual,recoleccion de basura; desfase de un lugar
2021,p41_7,2022,p45_6,numerica,comparable,,manual,"perros y gatos abandonados / en la calle; desfase de un lugar. 2023 rediseña el reactivo (binaria 'existen'), por eso el concepto se queda en 2021-2022"
2021,p35_1,2022,p41,categorica,comparable,,manual,"'existen viviendas abandonadas': en 2022 la pregunta que conserva el texto del encabezado trae los datos del item 1 (n=4410). Sustituye al par 2021 p35 <-> 2022 p41, que unia el encabezado vacio de 2021. Los items 2 y 3 de 2021 no tienen contraparte en 2022"
2021,p42_1,2022,p55_1,categorica,comparable,,manual,
2021,p42_2,2022,p55_2,categorica,comparable,,manual,
2021,p42_3,2022,p55_3,categorica,comparable,,manual,"2022 ejemplifica ('canchas, ...'); mismo constructo"
2021,p42_4,2022,p55_4,categorica,comparable,,manual,
2021,p42_5,2022,p55_5,categorica,comparable,,manual,2022 agrega 'rampas para personas con discapacidad' a los ejemplos de infraestructura necesaria; ensancha el parentesis pero el reactivo es el mismo
2021,p43,2022,p56,categorica,comparable,,manual,"calidad del aire, escala 1-5 Pesima..Excelente identica en codigo y etiqueta"
2021,p44_1,2022,p57_1,categorica,comparable,,manual,2022 explica entre parentesis en que consiste la verificacion vehicular
2021,p44_2,2022,p57_2,categorica,comparable,,manual,2022 explica entre parentesis el programa 'Hoy no circula'
2021,p44_3,2022,p57_3,categorica,comparable,,manual,
2021,p44_4,2022,p57_4,categorica,comparable,,manual,
2021,p44_5,2022,p57_5,categorica,comparable,,manual,2021 dice 'empresas que contaminen' y 2022 'industrias que contaminen'
2021,p33,2022,p39,categorica,comparable,,manual,"principal problema al moverse; los codigos 1-6 (98% de las respuestas) tienen etiqueta identica. 2021 reparte 'Otro' en 7 y 10 y 2022 en 7 y 8; el codigo 8 de 2021 es 'NS' (centinela, el build lo manda a 8888) y no choca con el 'Otro'=8 de 2022. OJO al leer la serie: el referente pasa de 'el Area Metropolitana' a 'la ciudad' y la distribucion se mueve mucho (transporte publico 21.0%->48.5%, trafico 44.6%->29.7%)"
2021,p36,2022,p42,categorica,comparable,,manual,ultima vez que se mudo de casa; los 5 rangos identicos en codigo y etiqueta
2021,p38,2022,p44,categorica,comparable,,manual,"motivo del cambio de residencia; codigos 1-14 con etiqueta identica y distribuciones cercanas. 2021 arrastra los codigos 15-28, TODOS etiquetados 'Otro' (62 casos, 2.0% en conjunto): son buckets con los que la ETL de 2021 codifico respuestas abiertas distintas y de los que no se conserva el texto. RECODE OBLIGATORIO de 2021 (29 renglones, exhaustivo): los 15-28 se mandan al canonico :14 'Otro' junto con el 14, porque 2023 ESTRENA verbatims en esos mismos codigos ('Queria una casa mas pequena', 'Puedo vender tacos aqui porque hay mas gente', 'Buscaba mejor nivel de vida', 'Queria vivir en el area metropolitana', 'Los reubicaron a esa colonia despues del huracan Gilberto') y el catalogo canonico toma la etiqueta de la ola mas nueva: sin el recode, 32 respuestas de 2021 (0.95% ponderado) se publicaban con texto literal de 2023. Son opciones DISTINTAS con el mismo codigo y no se tratan como la misma (decision de la casa al cerrar el eslabon 2022-2023). 'Otro' de 2021 queda entonces en 92 casos contra 12 de 2022 y 4 de 2023, que es la diferencia real de codificacion entre las olas. El codigo 0 de 2021 (0 casos, duplica la etiqueta del 10) se manda al :10"
2021,p40,2022,p53,categorica,comparable,,manual,"principal problema de DESARROLLO URBANO: los codigos 1-5 coinciden etiqueta por etiqueta. RECODE de 2021 obligatorio: el codigo 6 esta REASIGNADO ('Otro' en 2021, 'Viviendas abandonadas' en 2022) y los residuales 6, 7 y 8 de 2021 van a un :otro_2021 propio para no fundirse con el 'Otro*' de 2022. ADVERTENCIA para publicar: 2022 agrega una categoria sustantiva a una pregunta de OPCION UNICA, asi que el salto 2021->2022 mezcla opinion con efecto de catalogo (servicios publicos deficientes 39.1%->22.6%, grandes distancias 17.7%->31.2%). El equipo acepto el cambio de catalogo"
2021,p45,2022,p59,numerica,comparable,,manual,"separan residuos para reciclar, binaria 0/1 (2021 la guarda como valor y 2022 como opcion, por eso el concepto va numerico: se alinea por valor). 2022 agrega ejemplos al enunciado ('el pet, los organicos, las latas, el vidrio'), lo que puede explicar parte del salto 51% -> 74%"
2021,p46,2022,p60,categorica,comparable,,manual,"razon para no separar residuos; codigos 1-4 identicos. 2021 reparte 'Otro' en 5, 6 y 7 (0.5% en total) y 2022 lo concentra en el 5; los codigos 6 y 7 quedan como opciones solo-2021. El 98 de 2021 ('No sabe/No contesta') lo normaliza el build a 8888"
2021,p47,2022,p63,categorica,comparable,,manual,"principal problema ambiental. CODIGOS REASIGNADOS: 2021 no usa el 3 ni el 7, asi que del tercer reactivo en adelante 2022 corre un lugar (arboles 4->3, basura 5->4, escasez de agua 6->5, reciclaje 8->6) y 2022 estrena el 7 = 'Cambio o Crisis climatica'. Cubierto con recode exhaustivo de 2021; sin el, 'falta de arboles' de 2021 se comparaba contra 'basura' de 2022"
2021,p48,2022,p64,numerica,exclude,,manual,rediseño del reactivo: 2021 pregunta 'cuantos DORMITORIOS hay en este hogar' (media 2.54) y 2022 'cuantos CUARTOS tiene la vivienda sin contar bano y cocina' (media 3.65). Miden cosas distintas
2021,p49,2022,p65,categorica,comparable,,manual,situacion economica del hogar vs hace 12 meses; enunciado literal y las 4 opciones identicas
2021,p50,2022,p66,categorica,comparable,,manual,expectativa de la situacion economica del hogar a 12 meses; enunciado literal y las 4 opciones identicas
2021,p55,2022,p70,categorica,comparable,,manual,"percepcion del cambio en la cantidad de personas migrantes en los ultimos 12 meses. 2022 reformula ('ha notado una MAYOR cantidad' -> 'considera que la cantidad: ha incrementado / se ha mantenido igual / ha disminuido') y estrena el codigo 5 'Ha disminuido', que 2021 no ofrecia. Los codigos 1-4 conservan el significado y el agregado 'percibe aumento' queda casi igual (90.3% en 2021 vs 92.9% en 2022); lo que se mueve es el reparto interno (de otro estado de Mexico 3.7% -> 13.9%)"
2021,p56_1,2022,p71_1,categorica,comparable,,manual,
2021,p56_2,2022,p71_2,categorica,comparable,,manual,
2021,p56_3,2022,p71_3,categorica,comparable,,manual,
2021,p56_4,2022,p71_4,categorica,comparable,,manual,
2021,p56_5,2022,p71_5,categorica,comparable,,manual,
2021,p57,2022,p73,categorica,comparable,,manual,"CODIGOS REASIGNADOS, cubierto con recode exhaustivo de 2021: 'No' pasa del 4 al 0 y 2022 mete Covid-19 dentro de 'enfermedad Aguda', asi que el codigo 3 de 2021 (Covid) se mapea al 2. Sin el recode el 3 de 2021 caia en el canonico :3, que en olas posteriores significa 'problema de salud mental'"
2021,p58,2022,p73_1,categorica,comparable,,manual,"tuvo consulta medica por ese problema de salud; codigos 0/1 identicos. La base cambia de tamano (1,460 vs 774) porque la sigue el filtro de p57/p73, que es el mismo criterio: la prevalencia reportada bajo de 33.1% a 17.6%. 2021 arrastra un codigo 2 con etiqueta 'No' y sin casos"
2021,p59,2022,p74,categorica,comparable,,manual,"por que no consulto; los codigos 1-7 tienen etiqueta identica y cubren 98.6% de 2021 y 97.8% de 2022. CODIGO REASIGNADO: el 9 pasa de 'Otro' (2021) a 'Porque ya tengo mi tratamiento' (2022), cubierto con recode exhaustivo de 2021 que manda sus 'Otro' (9 y 10) a un canonico propio. Bases chicas: n=354 y n=138"
2021,p65_1,2022,p80_1,numerica,comparable,,manual,minutos de espera para ser atendido; enunciado literal (medias 31.8 y 28.1)
2021,p66,2022,p81,categorica,comparable,,manual,"calificacion de las instalaciones hospitalarias, escala 1-5 Pesimas..Excelentes identica"
2021,p67_1,2022,p82_1,categorica,comparable,,manual,
2021,p67_2,2022,p82_2,categorica,comparable,,manual,
2021,p67_3,2022,p82_3,categorica,comparable,,manual,
2021,p67_4,2022,p82_4,categorica,comparable,,manual,
2021,p67_5,2022,p82_5,categorica,comparable,,manual,
2021,p68,2022,p83,numerica,comparable,,manual,"satisfaccion con el servicio de salud, escala 1-10, enunciado literal. OJO: 2022 tiene 1 caso en el codigo 888 ('No sabe') que el motor no descarta en escalas guardadas como categoricas y que sobre una base de 400 mueve el promedio ~+2.2 puntos (ver hallazgo de fondo del reporte)"
2021,p69,2022,p84,categorica,comparable,,manual,"principal problema de salud del municipio; codigos 1-8 con etiqueta identica. 2021 arrastra 9 y 10, tambien 'Otro'"
2021,p70_1,2022,p85_1,categorica,comparable,,manual,"'se ha percibido decaido/a, deprimido/a', escala de 4 identica en codigo y orden. CAMBIA EL PERIODO DE REFERENCIA: 2021 pregunta 'durante el periodo que ha durado la pandemia' y 2022 'en algun momento de los ultimos 12 meses'"
2021,p70_2,2022,p85_2,categorica,comparable,,manual,"'se ha sentido nervioso/a, ansioso/a o muy alterado/a', escala de 4 identica. CAMBIA EL PERIODO DE REFERENCIA (pandemia vs ultimos 12 meses) y el parentesis aclaratorio ('con los nervios de punta' -> 'con dificultad de parar o controlar sus preocupaciones')"
2021,p61,2022,p76,categorica,comparable,attr_servicio_salud_donde_se_atendio,manual,"donde se atendio (variable de cruce). CODIGOS REASIGNADOS y por eso lleva recode exhaustivo de 2021: 'Consultorio de farmacia' esta en el 10 en 2021 (192 casos, 17.4%) y en el 9 en 2022 (4.6%), mientras 2022 usa el 10 para 'En linea'. Sin recode los 192 casos de farmacia de 2021 se publicaban como 'En linea'. concept_id fijado para que el recode no se rompa al encadenar 2022 p76 <-> 2023 p80"
2021,p64,2022,p79,numerica,exclude,,manual,"rediseño del reactivo: 2021 pide los dias entre la cita y la atencion como numero continuo (media 30.6, max 120) y 2022 en rangos de semanas (6 codigos). No se pueden comparar sin recodificar el continuo, y los rangos de 2022 vuelven a cambiar en 2024 (ver 2023 p84 <-> 2024 p90)"
2021,p71,2022,p72_3,categorica,exclude,,manual,"rediseño del reactivo: 2021 pregunta '¿ha tenido SOSPECHA de tener COVID-19?' (17.6% Si) y 2022 '¿alguna vez se ha CONTAGIADO de Covid?' (19.0% Si). Las distribuciones se parecen, lo que lo hace mas peligroso: sospecha autopercibida no es contagio confirmado, y el periodo pasa de 'ha tenido' a 'alguna vez'"
2021,cp9_1_1,2022,p72,categorica,exclude,,manual,"cambian la unidad de analisis y el reactivo a la vez: 2021 pregunta por CADA INTEGRANTE del hogar (n=14,224) si '(NOMBRE) sufre o ha sufrido Diabetes durante los ultimos 12 meses' y 2022 solo al respondiente (n=4,410) si 'algun medico le ha dicho que tiene diabetes'"
2021,cp9_2_1,2022,p72_1,categorica,exclude,,manual,"mismo caso que cp9_1_1 <-> p72: hipertension por integrante del hogar (n=14,224) vs diagnostico medico al respondiente (n=4,410)"
2021,cp9_3_1,2022,p72_2,categorica,exclude,,manual,"mismo caso que cp9_1_1 <-> p72: cancer por integrante del hogar (n=14,224) vs diagnostico medico al respondiente (n=4,410)"
2021,cp9_4_1,2022,p72_3,categorica,exclude,,manual,"mismo caso que cp9_1_1 <-> p72: covid por integrante del hogar (n=14,224) vs contagio declarado por el respondiente (n=4,410)"
2021,p82,2022,p86,categorica,comparable,,manual,"principal problema de DESARROLLO SOCIAL: los codigos 1-6 coinciden etiqueta por etiqueta y el 7 pasa de 'Discriminacion hacia las personas' a 'hacia ciertos grupos' (mismo reactivo, enunciado mas explicito). RECODE de 2021 obligatorio: el codigo 9 esta REASIGNADO ('Otro' en 2021, 'Falta de servicios de cuidado accesibles' en 2022) y los residuales 9 y 10 de 2021 van a un :otro_2021 propio. ADVERTENCIA para publicar: 2022 agrega DOS categorias sustantivas a una pregunta de OPCION UNICA, asi que el salto 2021->2022 mezcla opinion con efecto de catalogo (ingreso 28.2%->21.7%, oportunidades laborales 35.8%->23.0%, salud poco accesible 16.7%->27.4%). El equipo acepto el cambio de catalogo"
2021,p83,2022,p87,categorica,comparable,,manual,que tan seguro se siente en su municipio; escala de 4 identica en codigo y etiqueta
2021,p84,2022,p88,categorica,comparable,,manual,victimizacion en el ultimo year del hogar; codigos 0/1 y enunciado literal
2021,p85,2022,p88_1,categorica,comparable,,manual,denuncia del delito; codigos 0/1 y enunciado literal. Bases equivalentes (459 y 468) porque cuelga del mismo filtro de victimizacion
2021,p86,2022,p89,numerica,comparable,,manual,"calificacion 1-10 de la experiencia de la denuncia; enunciado literal, bases chicas (233 y 165)"
2021,p87,2022,p90,categorica,comparable,,manual,probabilidad de que los delitos denunciados se investiguen y castiguen; escala de 4 identica
2021,p88_1,2022,p91_1,categorica,comparable,,manual,
2021,p88_2,2022,p91_2,categorica,comparable,,manual,
2021,p88_3,2022,p91_3,categorica,comparable,,manual,
2021,p88_4,2022,p91_4,categorica,comparable,,manual,
2021,p88_5,2022,p91_5,categorica,exclude,,manual,trampa posicional: 2021 item 5 = '¿el trato del CIUDADANO AL POLICIA es de forma respetuosa?' y 2022 item 5 = '¿considera que las decisiones y actuar de la policia benefician a las personas en su colonia?'. Son reactivos distintos; el item de 2021 no tiene contraparte en 2022
2021,p88_6,2022,p91_6,categorica,comparable,,manual,'¿la policia es justa al tomar decisiones?'; el item 6 mantiene su posicion aunque el 5 cambie
2021,p89_1,2022,p92_1,numerica,comparable,,manual,"confianza 1-10 en la policia municipal; enunciado y escala identicos. OJO: 2021 codifica No sabe/No contesto como 98/99 y 2022 como 888/999, codigos que el motor NO descarta en escalas guardadas como categoricas; ver el hallazgo de fondo del reporte antes de publicar el promedio"
2021,p89_2,2022,p92_2,numerica,comparable,,manual,Fuerza Civil. Mismo aviso de centinelas 98/99 en 2021 (388 casos en el 98) y 888/999 en 2022 (422 casos en el 888): el promedio por year sale muy inflado hasta que se arregle el motor
2021,p89_3,2022,p92_3,numerica,comparable,,manual,Guardia Nacional. Mismo aviso de centinelas: 807 casos en el 98 en 2021 y 898 en el 888 en 2022; el promedio del motor da 24.5 y 192.6 contra 7.5 y 8.0 reales
2021,p89_4,2022,p92_4,numerica,comparable,,manual,Ejercito y Marina. Mismo aviso de centinelas 98/99 y 888/999
2021,p89_5,2022,p92_5,numerica,comparable,,manual,Transito. Mismo aviso de centinelas 98/99 y 888/999
2021,p90,2022,p93,categorica,comparable,,manual,contacto con la policia en el ultimo year; codigos 0/1 y enunciado literal
2021,p91_1,2022,p93_1,categorica,comparable,,manual,
2021,p91_2,2022,p93_2,categorica,comparable,,manual,
2021,p92,2022,p93_3,categorica,exclude,,manual,"rediseño del reactivo: 2021 pregunta si la policia acudio al llamado (binaria Si/No) y 2022 parte el 'Si' en cuatro tramos de tiempo de llegada, de modo que su codigo 1 significa 'Si y llego en menos de 15 minutos'. Comparar el codigo 1 daria un 'Si' recortado"
2021,p93,2022,p94,categorica,comparable,,manual,violencia hacia las mujeres dentro de los hogares; escala de 5 identica en codigo y etiqueta
2021,p94,2022,p95,categorica,comparable,,manual,violencia hacia las mujeres en la via publica; escala de 5 identica en codigo y etiqueta
2021,p95_1,2022,p96_1,categorica,comparable,,manual,
2021,p95_2,2022,p96_2,categorica,comparable,,manual,
2021,p95_3,2022,p96_3,categorica,comparable,,manual,
2021,p96,2022,p101,categorica,comparable,,manual,"principal problema de seguridad; los 7 codigos identicos y sin opciones sobrantes (no genera aviso). 2022 ensancha la etiqueta del codigo 1 agregando 'desaparicion', lo que puede explicar parte del salto 13.1% -> 27.8%"
2021,p97,2022,p102,categorica,comparable,,manual,"medio por el que mas se entera de temas publicos; codigos 1-7 identicos. El codigo 9 de 2021 esta SIN etiqueta en la BD (aparece como '9') pero es 'No se entera': sus 35 casos coinciden exactamente con la base de p98, la pregunta de seguimiento 'si respondio que no se entera'. La union toma la etiqueta de 2022, con lo que la opcion queda bien nombrada"
2021,p98,2022,p102_2,categorica,comparable,,manual,"por que no se entera; los 3 codigos identicos. BASES MINIMAS (n=35 en 2021, n=10 en 2022): no es publicable por si sola. 2021 arrastra un codigo 9 con etiqueta corrupta ('NCOtro*') y sin casos"
2021,p104,2022,p103,categorica,comparable,,manual,"buen uso de los recursos publicos por el gobierno municipal; codigos 0/1. CAMBIA EL REFERENTE: 2021 pregunta en pasado por el alcalde saliente y 2022 en presente por el alcalde en funciones (la serie es 'el alcalde en turno', no una misma persona)"
2021,p106,2022,p104,categorica,comparable,,manual,frecuencia de la corrupcion en el estado; escala de 4 identica en codigo y etiqueta. 2022 amplia la definicion del enunciado agregando 'ya sea en el sector publico o en el privado'
2021,p108,2022,p107,categorica,comparable,,manual,frecuencia de la corrupcion en el municipio; enunciado literal y escala de 4 identica
2021,p109,2022,p109,categorica,comparable,,manual,"principal problema para confiar en el gobierno; codigos 1-6 con etiqueta identica (2022 recorta la del 4 a 'No hay mecanismos efectivos de dialogo'). 2021 arrastra 7, 8 y 9, todos 'Otro' y con 0.4% en conjunto"
2021,p110_1,2022,p110_1,categorica,comparable,,manual,"bateria de evaluacion del alcalde, item 'honesto(a)'; codigos 0/1. CAMBIA EL REFERENTE: 2021 en pasado (alcalde saliente) y 2022 en presente (alcalde en funciones)"
2021,p110_2,2022,p110_2,categorica,comparable,,manual,'capaz de resolver los problemas del municipio'. CAMBIA EL REFERENTE: alcalde saliente (2021) vs alcalde en funciones (2022)
2021,p110_3,2022,p110_3,categorica,comparable,,manual,'conto/cuenta con un equipo capacitado'. CAMBIA EL REFERENTE: alcalde saliente (2021) vs alcalde en funciones (2022)
2021,p110_4,2022,p110_4,categorica,comparable,,manual,'cumplio/ha cumplido con sus promesas de campana'. CAMBIA EL REFERENTE: alcalde saliente (2021) vs alcalde en funciones (2022)
2021,p112,2022,p112,categorica,comparable,,manual,aprobacion del trabajo del alcalde; codigos 0/1. CAMBIA EL REFERENTE: 2021 pregunta por el alcalde SALIENTE y 2022 por el alcalde en funciones
2021,p113,2022,p113,categorica,comparable,,manual,"CAMBIA EL PERIODO DE REFERENCIA: 2021 pregunta 'comparado con hace TRES anos' y 2022 'comparado con hace 1 ano'. Las 4 opciones son identicas y el concepto c2024_p138 ya mezcla los dos periodos (2024 vuelve a tres anos), asi que el criterio ya estaba tomado; esta nota lo deja escrito"
2021,p115_1,2022,p115_1,categorica,comparable,,manual,"bateria de evaluacion del gobernador, item 'honesto(a)'; codigos 0/1. CAMBIA EL SUJETO: 2021 evalua a Jaime Rodriguez Calderon (sexenio completo) y 2022 a Samuel Garcia (primer ano). La serie es 'el gobernador en turno'; el salto 11.1% -> 45.8% es cambio de gobernador, no de opinion sobre la misma persona"
2021,p115_2,2022,p115_2,categorica,comparable,,manual,'capaz de resolver los problemas del Estado'. CAMBIA EL SUJETO: JRC (sexenio) vs Samuel Garcia (primer ano)
2021,p115_3,2022,p115_3,categorica,comparable,,manual,'conto/cuenta con un equipo capacitado'. CAMBIA EL SUJETO: JRC (sexenio) vs Samuel Garcia (primer ano)
2021,p115_4,2022,p115_4,categorica,comparable,,manual,'cumplio/ha cumplido con sus promesas de campana'. CAMBIA EL SUJETO: JRC (sexenio) vs Samuel Garcia (primer ano)
2021,p117,2022,p117,categorica,comparable,,manual,"aprobacion del trabajo del gobernador; codigos 0/1. CAMBIA EL SUJETO: JRC (2021, 13.3% aprueba) vs Samuel Garcia (2022, 55.1% aprueba). Serie del gobernador en turno"
2021,p118,2022,p118,categorica,comparable,,manual,"expectativa cumplida por el gobierno del estado; las 4 opciones literales. CAMBIA EL SUJETO Y EL HORIZONTE: 2021 evalua el SEXENIO COMPLETO de Jaime Rodriguez Calderon y 2022 el PRIMER ANO de Samuel Garcia ('Peor de lo que esperaba' pasa de 55.7% a 10.2%). Se acepta con el mismo criterio que p116/p117: la serie es del gobernador en turno. El concepto c2024_p145 es la serie anual de Samuel Garcia, asi que 2021 es el unico punto que mide a otra persona: NO publicar como tendencia sin esta advertencia"
2021,p123,2022,p119,categorica,comparable,,manual,cuanto pueden influir los ciudadanos en las decisiones del gobierno; enunciado literal y escala de 4 identica
2021,p124_1,2022,p120_1,categorica,comparable,,manual,
2021,p124_2,2022,p120_2,categorica,comparable,,manual,
2021,p124_3,2022,p120_3,categorica,comparable,,manual,
2021,p124_4,2022,p120_4,categorica,comparable,,manual,2022 dice 'juntas/comites de vecinos' donde 2021 dice 'junta de vecinos'
2021,p124_5,2022,p120_5,categorica,comparable,,manual,
2021,p124_6,2022,p120_6,categorica,comparable,,manual,
2021,p124_7,2022,p120_7,categorica,comparable,,manual,
2021,p124_8,2022,p120_8,categorica,exclude,,manual,trampa posicional: 2021 item 8 = 'contactar funcionarios via redes sociales o correo' y 2022 item 8 = 'votar o proponer en que se deberia gastar el presupuesto participativo'. Son acciones distintas; la de 2021 no tiene contraparte en 2022
2021,p124_9,2022,p120_9,categorica,comparable,,manual,'solicitar apoyo o presentar quejas a funcionarios'; el item 9 mantiene su posicion aunque el 8 cambie
2021,p124_10,2022,p120_10,categorica,comparable,,manual,item 'Otra' de la bateria de participacion; poco valor analitico (2021 acumula 7.1% en NC)
2021,p125_1,2022,p121_1,categorica,comparable,,manual,"ha escuchado hablar de 'Como Vamos, Nuevo Leon'; codigos 0/1"
2021,p125_2,2022,p121_2,categorica,comparable,,manual,"ha escuchado hablar de 'Alcalde, Como Vamos'; codigos 0/1"
2021,p127,2022,p123,categorica,comparable,,manual,ambito del principal problema del estado; los 6 codigos identicos y sin opciones sobrantes (no genera aviso). 2022 agrega 'falta de agua' a los ejemplos del codigo 3
2021,p128,2022,p124,categorica,comparable,,manual,"ingreso mensual del hogar (variable de cruce): los 12 rangos estan expresados en SALARIOS MINIMOS y coinciden codigo por codigo; los importes en pesos cambian porque el SM subio de $4,251 a $5,186, lo cual es el diseno del reactivo y no una ruptura. El codigo 13 de 2021 ('No contesta', 21.5%) lo normaliza el build a 9999, igual que el 9999 de 2022 (18.4%). 2021 arrastra un codigo 0 sin casos que duplica la etiqueta del 10"
2021,cp5_1,2022,cp7_1,categorica,comparable,,manual,"(NOMBRE) estudia actualmente; enunciado literal y codigos 0/1. Roster del hogar (n=14,224 y 13,687)"
2021,cp8_1,2022,cp6_1,categorica,comparable,attr_afiliacion_servicio_salud,manual,"con cual servicio medico cuenta (NOMBRE); codigos 1-8 y 10 con etiqueta identica (2022 solo precisa 'ISSSTE Estatal /ISSSTELEON' y 'UANL /Hospital Universitario'). 2021 arrastra 12-15 y 96, todos 'Otro' y con 0.2% en conjunto. AL ENCADENAR CON 2023 (cp6) el catalogo canonico pasa a ser el de 2023, que reasigno el codigo 8: por eso 2021 tambien lleva recode exhaustivo, no solo 2022. concept_id fijado por ser variable de cruce y repetido en el renglon 2022 cp6_1 <-> 2023 cp6"
2021,cp1,2022,cp1,numerica,comparable,,manual,cuantas personas viven en el hogar; enunciado literal (medias 3.23 y 3.10). ctype NUMERICA aunque las dos olas esten tipadas como categoricas: los datos viven en answers.value y la unica 'opcion' del catalogo ('Nombre de cada integrante') es basura del ETL. Por eso tambien se corrigio el ctype del renglon 2022 cp1 <-> 2023 cp1
2021,p1,2022,p4,categorica,comparable,attr_tipo_trabajo,manual,"principal actividad laboral (variable de cruce). CODIGOS REASIGNADOS, cubierto con recode exhaustivo de 2021: 2022 INSERTA 'Trabajo domestico remunerado' en el codigo 6 y corre 'Jubilado/Pensionado' del 6 al 7 y 'Ni estudia ni trabaja' del 7 al 8. Sin recode, los 622 jubilados de 2021 se publicaban como trabajo domestico remunerado"
2021,cp6_1_1,2022,cp8_1,categorica,comparable,attr_nivel_max_estudios,manual,"nivel maximo de estudios terminado (variable de cruce). CODIGOS REASIGNADOS, cubierto con recode exhaustivo de 2021: 2022 abre el catalogo de 11 a 15 niveles, con lo que 'Preparatoria' pasa del 5 al 4, 'Profesional/Licenciatura' del 8 al 11, 'Maestria' del 9 al 13 y 'Doctorado' del 10 al 14. Sin recode, la preparatoria de 2021 (21.1%) se comparaba contra 'Bachillerato tecnologico' y la licenciatura contra 'Estudios tecnicos con preparatoria'. Las distribuciones respaldan el mapeo (prepa 21.1% vs 21.3%, doctorado 0.3% vs 0.3%). 2021 es un instrumento MAS GRUESO: sus dos codigos de carrera tecnica con secundaria (4 y 6) caen juntos en el canonico :7, y los canonicos :5, :6, :8 y :12 quedan sin datos en 2021"
2021,cp6_2_1,2022,cp9_1,categorica,comparable,attr_nivel_actual_estudios,manual,nivel de estudios que cursa actualmente (variable de cruce). Mismo corrimiento de codigos y mismo recode exhaustivo que cp6_1_1 <-> cp8_1. En 2021 el codigo 0 esta etiquetado 'Doctorado' y no tiene casos
2021,p8,2022,p11,numerica,comparable,,manual,"veces a la semana que se dirige al destino principal; enunciado literal y codigos 1-7. ctype numerica para no romper el de la cadena c2025_p14. OJO: 2021 arrastra una opcion basura (codigo 1234567, sin casos) y 2022 codifica 'No contesta' como 999 (10 casos), que el motor no descarta en escalas guardadas como categoricas: su promedio sale 9.10 en vez de 4.49"
2021,p12,2022,p15,categorica,exclude,,manual,"CODIGOS REASIGNADOS Y CAMBIO DE CRITERIO DE CODIFICACION: 'Mal servicio' pasa del codigo 0 (2021) al 9 (2022), mientras el 9 de 2021 era 'el transporte tarda mucho tiempo en pasar', y 'Comodidad' pasa del 11 al 10. Ademas la distribucion se descuadra de un ano al otro (codigo 3 'se tarda mas que el transporte privado' 53.9% -> 17.6% y 'Comodidad' 3.9% -> 34.2%), lo que apunta a un cambio de criterio en campo mas que a un cambio de opinion"
2021,p19_2o,2022,p28_2,numerica,comparable,,manual,minutos del trayecto; los dos numericos (medias 21.0 y 19.8). En 2022 el 999 lo descarta el motor porque la pregunta esta tipada numerica
2021,p20_2o,2022,p16_2,numerica,comparable,,manual,minutos de espera del transporte principal; los dos numericos (medias 14.4 y 16.5)
2021,p28,2022,p30,categorica,exclude,,manual,"CODIGO REASIGNADO en el reactivo con mas peso: el 7 pasa de 'No cuento con una bicicleta' (2021, 62.0% de las respuestas) a 'Las bicicletas son muy caras' (2022, 8.6%), y 'No cuento con una bicicleta' desaparece del catalogo de 2022. Los codigos 1-6 y el 8 si coinciden, pero no hay forma de reconstruir el 62% sin inventar una categoria"
2021,cp3_a1,2022,cp3_1_1,numerica,comparable,,manual,"edad en meses del integrante del roster; ninguna de las dos olas trae respuestas cargadas (n=0 y n=0), el renglon solo documenta la equivalencia"
2022,acciones_participacion_ciudadana,2023,num_acciones_participacion_ciudadana,numerica,comparable,,manual,"misma derivada (numero de acciones de participacion ciudadana en 12 meses): media 0.51 vs 0.53, maximo 9 en las dos olas. Solo cambia el nombre. UNE dos conceptos que corrian en paralelo, c2024_num_acciones_participacion_ciudadana (2022+2024) y c2025_num_acciones_pc (2023+2025), y deja la serie 2022-2025 completa"
2022,participacion_en_al_menos_una,2023,al_menos_una_accion_pc,categorica,comparable,,manual,"misma derivada binaria 0/1 (realizo al menos una accion de participacion ciudadana): 23.10% vs 21.44% ponderado. Solo cambia el nombre; extiende hacia atras c2025_al_menos_una_accion_pc. (La nota original decia 22.9 vs 21.6, que es sin ponderar: corregido en el eslabon 2023-2024)"
2022,salud_mental,2023,al_menos_un_problema_mental,categorica,comparable,,manual,"misma derivada binaria 0/1 construida sobre la misma bateria de 3 items (p85_* / p91_*): 37.26% vs 33.86% ponderado, consistente con que ""No me ocurre"" de p85_1 pasa de 74.60% a 79.26%. El nombre de 2022 no dice que es binaria; el de 2023 si. (La nota original decia 38.1 vs 31.7 y 74.2 vs 81.1, todas sin ponderar: corregido en el eslabon 2023-2024)"
2022,sufre_discriminacion,2023,al_menos_una_discriminacion,categorica,comparable,,manual,"misma derivada binaria 0/1 de la misma bateria de discriminacion: 72.1% (n=4,410) vs 70.8% (n=4,459). OJO con el nombre de 2022: la bateria no pregunta si el respondiente SUFRE discriminacion sino si CREE que en Nuevo Leon se discrimina. Extiende hacia atras c2025_al_menos_una_discriminacion"
2022,tiempo_espera_total,2023,tiempo_espera,numerica,comparable,,manual,"tiempo total de espera del transporte en MINUTOS en las dos olas: media 20.54 (max 120, n=682) vs 25.51 (max 180, n=714). Misma derivada, otro nombre; el par 2022<->2024 ya existia y 2023 quedaba fuera solo por el nombre"
2022,tiempo_ida_total,2023,tiempo_ida,numerica,comparable,,manual,"tiempo total de IDA en MINUTOS: media 33.02 (max 240) vs 40.28 (max 300). Misma derivada, otro nombre"
2022,tiempo_vuelta_total,2023,tiempo_regreso,numerica,comparable,,manual,"tiempo total de REGRESO en MINUTOS: media 34.03 (max 240) vs 43.70 (max 360). Misma derivada, otro nombre; 2022 tiempo_vuelta_total no tenia concepto"
2022,tiempo_traslado_total,2023,tiempo_total_traslado,numerica,comparable,,manual,"tiempo total del viaje redondo en MINUTOS: media 67.06 (max 480) vs 83.94 (max 600). Misma derivada, otro nombre"
2022,transporte_publico,2023,transporte_publico,categorica,comparable,,manual,"misma derivada binaria 0/1 (uso del transporte publico como modo principal del viaje), sobre la misma base de quienes viajaron (n=2,152 vs 2,686): 22.2% vs 27.5% PONDERADO sobre respondientes iniciales (20.9 y 26.6 eran las cifras sin ponderar de la nota anterior). Mismo nombre de variable en las dos olas. OJO: la derivada de 2024 se llama usa_transporte_publico y NO mide lo mismo (ver el exclude 2023 <-> 2024)"
2022,p27_2,2023,p24_2,numerica,comparable,,manual,"residuo de MINUTOS del viaje de IDA (las dos olas capturan Hrs + Min por separado y el par de horas ya esta declarado). Descartando centinelas: media 19.38 (n=2,266, max 207) vs 20.61 (n=2,675, max 60). OJO: 2022 guarda 9999 crudo en answers.value; el motor lo descarta porque la pregunta esta tipada numerica"
2022,p28_2,2023,p25_2,numerica,comparable,,manual,residuo de MINUTOS del viaje de REGRESO. Descartando centinelas: media 19.33 (max 90) vs 21.81 (max 70). El par de horas (p28_1 <-> p25_1) ya esta declarado
2022,p80_1,2023,tiempo_espera_consulta,numerica,comparable,,manual,"minutos TOTALES de espera para ser atendido. 2022 p80_1 los captura en un solo campo (media 28.07, mediana 20, n=396); 2023 partio la captura en p86_1 Hrs + p86_2 Min y la derivada tiempo_espera_consulta es el total en minutos (media 47.90, mediana 30, n=297). ADVERTENCIA: la serie 2021=31.8 / 2022=28.07 (campo unico) contra 2023=47.90 (campo partido) puede traer efecto de instrumento: 93 de 303 casos de 2023 declaran una hora o mas y dos declaran 15 h (900 min). Sin esos dos la media de 2023 baja a 42.1. No es la contraparte p86_2, que es solo el residuo de minutos"
2022,hrs_cuidados_personas,2023,cuidado_personas,numerica,exclude,,manual,"MISMA VARIABLE EN UNIDADES DISTINTAS: 2022 en horas (media 2.38, max 24) y 2023 en minutos totales (media 106.18 = 1.77 h, max 1,442). Compararlas publicaria un salto de x60"
2022,hrs_quehaceres_hogar,2023,quehaceres_hogar,numerica,exclude,,manual,"MISMA VARIABLE EN UNIDADES DISTINTAS: 2022 en horas (media 3.42, max 24) y 2023 en minutos totales (media 177.20 = 2.95 h, max 1,080). Compararlas publicaria un salto de x60"
2022,p80_1,2023,p86_2,numerica,exclude,,manual,"TRAMPA DE UNIDAD: 2022 p80_1 es el TOTAL de minutos de espera (media 28.07, mediana 20) y 2023 p86_2 es solo el RESIDUO de minutos de una captura partida en p86_1 (Hrs) + p86_2 (Min), con 93 de 303 casos de una hora o mas. Compararlos subestima 2023. La contraparte correcta es la derivada tiempo_espera_consulta, declarada aparte"
2022,p110_1,2023,p124_1,categorica,comparable,,manual,"bateria del alcalde, item 1 ""Es un gobernante honesto(a)?"". En 2023 el item 1 arrastra el texto del encabezado (""Considera que (Nombre de ALCALDE/ALCALDESA):"") pero trae los datos del item: n=4,950 con distribucion 0/1 (44.4% SI contra 42.3% de 2022) y los items 2, 3 y 4 existen aparte con su propio texto. Codigos 0/1/8888/9999 identicos. Cierra el hueco de 2023 en c2025_p139"
2022,p110_3,2023,p124_3,categorica,comparable,,manual,"bateria del alcalde, item 3 ""Cuenta con un equipo capacitado?"": texto literal y codigos identicos"
2022,p110_4,2023,p124_4,categorica,comparable,,manual,"bateria del alcalde, item 4 ""Ha cumplido con sus promesas de campana/compromisos?"": texto literal y codigos identicos"
2022,p115_1,2023,p128_1,categorica,comparable,,manual,"bateria del gobernador, item 1 ""Es un gobernante honesto?"". Mismo caso que p110_1: en 2023 el item 1 arrastra el encabezado (""Considera que Samuel Garcia"") y los items 2-4 existen aparte. El sujeto es Samuel Garcia en las dos olas, asi que aqui NO hay cambio de referente. Cierra el hueco de 2023 en c2025_p146"
2022,p115_3,2023,p128_3,categorica,comparable,,manual,"bateria del gobernador, item 3 ""Cuenta con un equipo capacitado?"": texto literal y codigos identicos"
2022,p115_4,2023,p128_4,categorica,comparable,,manual,"bateria del gobernador, item 4 ""Ha cumplido con sus promesas de campana/compromisos?"": texto literal y codigos identicos"
2022,p101,2023,p111,categorica,comparable,,manual,"principal problema de SEGURIDAD en el municipio: texto literal; los codigos 1-5 y el 7 (""Ninguno"") coinciden etiqueta por etiqueta. 2022 tiene un 6 = ""Otro"" (28 casos, 0.6%) que 2023 no usa y 2023 estrena el 8 = ""Todas las anteriores"" (1 caso): la union los suma sin colision. 2023 alarga la etiqueta del 1 agregando ""feminicidio"""
2022,p102,2023,p112,categorica,comparable,,manual,"medio por el que mas se entera de los temas de interes publico: texto literal; los 7 codigos sustantivos y el 9 (""No se entera"") coinciden etiqueta por etiqueta y sin sobrantes. TV 60.2% vs 62.9%, redes 32.0% vs 29.6%"
2022,p106,2023,p121,categorica,comparable,,manual,"tipo de tramite o contacto con la autoridad: texto literal; los codigos 1-5 coinciden. 2022 tiene un 6 (""gobierno federal"", 5 casos) que 2023 no usa. Bases chicas: n=273 y n=270"
2022,p109,2023,p142,categorica,comparable,,manual,"principal problema para CONFIAR EN SU GOBIERNO: texto literal; los 5 codigos sustantivos coinciden y la distribucion es estable (2 = 42.0% vs 40.8%). OJO, colision menor sin recode: el codigo 6 pasa de ""Otro"" (2022, 6 casos, 0.1%) a ""Hay mucha corrupcion en servidores publicos"" (2023, 1 caso), asi que la union publica esos 6 casos bajo la etiqueta de 2023. Se acepta por magnitud (7 casos entre las dos olas); 2023 estrena ademas el 7 y el 8"
2022,p123,2023,p143,categorica,comparable,,manual,ambito del PRINCIPAL PROBLEMA que enfrenta el estado: texto literal; los 6 ambitos coinciden etiqueta por etiqueta y no sobra ningun codigo en ninguna ola (no genera aviso)
2022,p124,2023,p144,categorica,comparable,,manual,"ingreso mensual del hogar (variable de cruce). Los 12 rangos estan definidos en SALARIOS MINIMOS y coinciden codigo por codigo; solo cambian los importes en pesos porque el SM paso de $5,186 a $6,223. Eso es el diseno del reactivo, no una ruptura: mismo criterio que se aplico a 2021<->2022 cuando el SM paso de $4,251 a $5,186"
2022,p120_10,2023,p139_10,categorica,comparable,,manual,"bateria de participacion ciudadana, item 10 ""Otra"" -> ""Otra. Especificar"". Binaria 0/1 identica; era el unico item de la bateria sin par. Valor analitico nulo: el codigo 1 (""SI"") no tiene un solo caso en ninguna de las dos olas, el renglon solo documenta la correspondencia"
2022,p120_2,2023,p139_2,categorica,comparable,,manual,"bateria de participacion ciudadana, item 2 ENSANCHADO: ""Participar en Consejos Ciudadanos"" -> ""Participar en dialogos con autoridades (Consejos o comites ciudadanos, mesas de trabajo, audiencias publicas, etc.)"". Binaria identica y SI 4.0% vs 5.1%. Se declara comparable con nota por el criterio firme del equipo para reactivos ensanchados; extiende hacia atras c2025_p161_2 (2023-2024-2025)"
2022,p90,2023,p99,categorica,comparable,,manual,"que tan probable considera que los delitos denunciados sean investigados y castigados: texto literal, los 4 codigos con etiqueta identica y sin sobrantes (no genera aviso). La distribucion casi se superpone"
2022,p86,2023,p92,categorica,comparable,,manual,"principal problema de DESARROLLO SOCIAL en el municipio: texto literal; los 9 codigos sustantivos coinciden etiqueta por etiqueta. OJO, colision menor sin recode: el codigo 10 pasa de ""Otro"" (2022, 28 casos, 0.6%) a ""Ninguno"" (2023, 9 casos, 0.2%) y la union publica los 28 bajo ""Ninguno""; 2023 estrena el 11. Se acepta por magnitud. NO confundir con 2021 p82 <-> 2022 p86, que esta exclude porque ahi si se reasigno una categoria sustantiva"
2022,p84,2023,p90,categorica,comparable,,manual,"principal problema en el area SALUD en el municipio: texto literal; los 7 codigos sustantivos coinciden etiqueta por etiqueta. OJO, colision menor sin recode: el codigo 8 pasa de ""Otro"" (2021 4 casos, 2022 41 casos = 0.9%) a ""Ninguno"" (2023, 22 casos, 0.4%) y la union publica los 45 ""Otro"" bajo ""Ninguno"". Se acepta por magnitud (bajo 1%), igual que ya se acepto el aviso de 2021 p69 <-> 2022 p84"
2022,p39,2023,p40,categorica,comparable,,manual,"principal problema al MOVERSE por la ciudad: texto literal; los 6 codigos sustantivos coinciden etiqueta por etiqueta. OJO, colision menor sin recode: el codigo 8 pasa de ""Otro"" (2022, 20 casos, 0.5%) a ""Todas las anteriores"" (2023, 1 caso) y el 7 de ""Otro. Explicar"" (2022, sin casos) a ""Ninguno"" (2023, 7 casos). Se acepta por magnitud"
2022,p42,2023,p42,categorica,comparable,,manual,"cuando fue la ultima vez que se mudo de casa: texto literal; los 5 rangos coinciden etiqueta por etiqueta y sin sobrantes (no genera aviso). ""Nunca se ha mudado"" 37.6% vs 45.3%"
2022,p44,2023,p45,categorica,comparable,,manual,"motivo del cambio de residencia: texto literal; los codigos 1-14 coinciden uno a uno, incluido el 14 = ""Otro"". 2023 solo alarga algunas etiquetas (""Compre una casa / Tener casa propia"", ""Divorcio / Me separe de mi pareja"") y estrena los residuales 15-19, todos con 1 a 3 casos. OJO: esos residuales 15-19 CHOCAN con los codigos 15-28 de 2021, que estan etiquetados 'Otro'; el choque se resuelve con el recode exhaustivo de 2021 declarado en el renglon 2021 p38 <-> 2022 p44, que los manda al canonico :14"
2022,p79,2023,p84,categorica,comparable,,manual,"dias entre que le programaron la cita y le atendieron: texto literal; los 6 rangos son identicos (""Menos de una semana"" ... ""Mas de 8 semanas"") y no sobra ningun codigo. Bases chicas (n=317 y 252). OJO para el eslabon siguiente: 2024 REDEFINE los rangos, asi que 2023<->2024 no es comparable"
2022,p9,2023,p10,categorica,comparable,,manual,"principal motivo del traslado del dia de ayer: enunciado literal. Los 9 motivos sustantivos coinciden codigo por codigo (2022 solo antepone ""A. "", ""B. ""...). RECODE de 2022 para la cola: ""Buscar trabajo"" pasa del 13 al 10 y ""Hacer ejercicio"" (2022, 10), ""Practicas profesionales"" (14) y ""Panteon"" (15) no tienen contraparte, asi que llevan id propio; sin el, los 10 casos de ""Hacer ejercicio"" se publicaban como ""Buscar trabajo"". El concepto es NOMINAL: ctype categorica (corregido en el eslabon anterior, no volver a declararlo numerica)"
2022,p9_1,2023,p11,categorica,comparable,,manual,"tipo de compras que realizo: texto literal; los codigos 1 y 2 son identicos y concentran el 100% de 2022 y el 99.0% ponderado de 2023 (386 de 388 casos). 2023 estrena DOS codigos que 2022 no tiene: el 3 ('Libros', 1 caso) y el 4 ('Articulos para negocio', 1 caso); el 3 de 2022 es 'Otro' y no tiene un solo caso, asi que no hay masa que se desplace. El recode de 2022 y el del 4 de 2023 estan declarados en la cadena hacia 2024 (ver el renglon 2023 p11 <-> 2024 p14). Bases chicas (n=333 y 388)"
2022,p10,2023,p12,categorica,comparable,,manual,"por que no salio (para quien no viajo): enunciado literal. Codigos 1-4 y 6-9 identicos; 2023 elimina el 5 (""Para evitar contagiarme""). RECODE OBLIGATORIO de 2022: los codigos 10 y 12 estan INTERCAMBIADOS (""No tenia a que salir"" 2022=10 / 2023=12; ""Me toco descanso"" 2022=12 / ""Es mi dia de descanso"" 2023=10) y las proporciones confirman el mapeo (7.5% vs 6.2% y 1.6% vs 1.7%). El concepto es NOMINAL: ctype categorica"
2022,p12,2023,p14,categorica,comparable,,manual,"municipio del destino: enunciado literal; los codigos 1-12 son los 12 municipios del AMM con etiqueta identica y concentran el 92.6% de 2022 y el 86.9% de 2023. RECODE OBLIGATORIO del 13 en adelante: 2022 ordena la cola alfabeticamente (13=Abasolo) y 2023 con otro criterio (13=El Carmen, 15=Zuazua, 33=Linares); sin el, el 13.1% de la cola de 2023 sale con el municipio equivocado. Siete municipios de 2022 no existen en el catalogo de 2023 y llevan id propio. AMBIGUEDAD DECLARADA: 2023 tiene ""Allende"" DOS veces (codigos 17 y 19), asi que los 5 casos de Allende de 2022 van a un id propio en vez de elegir uno"
2022,p14,2023,p16,categorica,comparable,attr_modo_transporte,manual,"modo de transporte del viaje (variable de cruce, respondent_attributes.modo_transporte): enunciado literal; los 13 modos coinciden codigo por codigo (2022 solo antepone ""A. "", ""B. ""...). RECODE de 2022 porque los codigos 14 y 15 estan reasignados: ""Taxi colectivo"" es el 14 en 2022 y el 15 en 2023, y el 14 de 2023 es ""Triciclo"". Son 2 casos, pero es la firma exacta de una reasignacion. concept_id fijado por ser variable de cruce; hay que REPETIRLO en todo renglon que extienda la cadena o el pin se pierde"
2022,p15,2023,p17,categorica,comparable,,manual,"por que no utiliza el transporte publico (razon mas importante): enunciado literal; codigos 1-11 identicos. RECODE de 2022: ""Mi auto es mi herramienta de trabajo"" (13, 1.5%) es lo que 2023 puso en el 12 ENSANCHADO a ""Es taxista, chofer o es su herramienta de trabajo"" (1.4%); el 12 de 2022 (""Para evitar contagiarme"", 4 casos) y el 14 (""Lo utiliza de regreso"", 1 caso) no tienen contraparte y llevan id propio. Sin el recode, los 4 casos de contagio se publicaban como ""Es taxista, chofer..."""
2022,p30,2023,p35,categorica,comparable,,manual,"razon principal para no usar la bicicleta: enunciado literal; los codigos 1-9 coinciden (el 1, el 3 y el 6 solo se reformulan) y concentran el 82.7% de 2022 y el 91.8% de 2023. RECODE de 2022 para la cola, que 2023 reorganiza: {10 ""No tengo para mi"" + 14 ""Esta descompuesta""} -> 10 ""No tengo o esta descompuesta""; 13 ""No me gusta"" -> 11 ""No la necesito o no me gusta""; 12 ""Problemas de salud"" -> 12 ""No puedo utilizarla por mi condicion fisica""; 17 -> 13. Se dejan con id propio, a proposito, ""No tengo edad"" (11), ""Prefiero caminar"" (15), ""No salgo"" (16) y ""Mas comodo en carro o en moto"" (18), que no tienen equivalente limpio. La cola pesa 15.9% en 2022 y 5.9% en 2023: leer la distribucion interna con cuidado"
2022,p34_7,2023,p30_7,categorica,comparable,,manual,"bateria de fallas de las unidades, item 7: ""Timbre no funciona"" -> ""Timbre danado o inexistente (Si el timbre esta danado o no existe, responder si)""; 2023 solo agrega la instruccion de captura. SI 39.6% vs 38.1%. La bateria corre 1->1 ... 9->9 sin desfase (los items 1-6 y 8 ya estaban declarados); 2022 tiene un item 10 que 2023 elimina"
2022,p34_9,2023,p30_9,categorica,comparable,,manual,"bateria de fallas de las unidades, item 9: ""Aparatos validadores de tarjeta danados o inexistentes"", texto literal; 2023 solo agrega la instruccion de captura. SI 25.3% vs 32.5%"
2022,p2,2023,p1,categorica,comparable,,manual,"en su hogar existen suficientes dispositivos electronicos para quienes estudian: mismo reactivo (2023 mueve el parentesis y agrega ""y los requieren""). En 2022 el item vive en p2 porque p1 es el encabezado vacio. ADVERTENCIA OBLIGATORIA: cambia el DENOMINADOR. El ""No aplica"" pasa de 28.7% a 60.2% (2023 lo etiqueta ""no hay estudiantes"") y 2023 estrena el codigo 3 (""No se requieren dispositivos""). La serie de ""% Si sobre el total"" NO es comparable; sobre los hogares con estudiantes, Si pasa de 78.5% a 89.1%"
2022,p31_5,2023,p27_5,categorica,exclude,,manual,"TRAMPA POSICIONAL, la mas peligrosa del eslabon: 2022 p31_5 pregunta si ""las unidades presentan fallas fisicas o mecanicas"" (51.6% Si) y 2023 p27_5 si ""los choferes manejan en forma prudente y segura"" (54.8% Si). Los codigos son identicos Y las proporciones casi coinciden, asi que nada delataria el error salvo leer las etiquetas. El par correcto (2022 p31_6 <-> 2023 p27_5) ya esta declarado; 2023 elimina el item de fallas mecanicas y estrena el 6 (unidades climatizadas)"
2022,p17,2023,p19,categorica,exclude,,manual,"CAMBIA LA BASE y el efecto es enorme. ""Realizo algun transbordo en su viaje de ida?"" con codigos identicos, pero 2022 se lo pregunto a los 2,153 que hicieron un viaje (incluidos los automovilistas, que nunca transbordan) y 2023 solo a los 714 usuarios de transporte publico: Si 5.1% contra 23.9%. Re-medido: restringiendo 2022 a quienes viajaron en TP (p14 en 2/7/9/10) el Si sube a 22.7% (102 de 450), o sea TODO el salto es base. Ademas 2023 p19 ya cuelga de c2025_p22 con 2024 y 2025, asi que el par publicaria un 2022 falso en una serie viva. Mismo criterio que llevo a excluir la bateria de calidad del TP en 2021<->2022"
2022,p21,2023,p37,numerica,exclude,,manual,"enunciados casi identicos (""gasto total semanal en gasolina"") pero UNIVERSOS distintos: 2022 p21 es el gasto por usar LA MOTOCICLETA (n=40, mediana $250) y 2023 p37 el gasto TOTAL DE LA VIVIENDA (n=2,969, mediana $850). El par correcto de 2023 p37 es 2022 p23, ya declarado"
2022,p36_1,2023,p38_1,categorica,comparable,,manual,"bateria ""cuando camina en su/este municipio"", item 1: cruces peatonales a nivel de calle, texto literal salvo ""su""->""este"". Codigos 0/1/2 identicos (""No hay"" 1.2% vs 1.7%). La bateria corre 1->1 ... 7->7 SIN desfase; el 8 si cambia de reactivo (ver el exclude)"
2022,p36_2,2023,p38_2,categorica,comparable,,manual,"bateria de banquetas, item 2: rampas para personas con discapacidad, texto literal. Codigos identicos; ""No hay"" 6.4% vs 8.5%"
2022,p36_3,2023,p38_3,categorica,comparable,,manual,"bateria de banquetas, item 3, REFORMULADO: ""Las banquetas son suficientes para llegar a su destino?"" -> ""hay banquetas durante todo su trayecto?"". Mismo constructo (continuidad de la banqueta) y codigos 0/1 identicos, pero 2023 ELIMINA el codigo 2 (""No hay"", 56 casos en 2022): esos casos quedan como un renglon que solo existe en 2021-2022. SI 61.0% vs 66.2%. Nota obligatoria por la reformulacion"
2022,p36_4,2023,p38_4,categorica,comparable,,manual,"bateria de banquetas, item 4: banquetas amplias para silla de ruedas o carriolas, texto literal. Codigos identicos"
2022,p36_5,2023,p38_5,categorica,comparable,,manual,"bateria de banquetas, item 5: banquetas con obstaculos, texto literal con el mismo parentesis aclaratorio. Codigos identicos"
2022,p36_7,2023,p38_7,categorica,comparable,,manual,"bateria de banquetas, item 7: alumbrado adecuado y funcionando, texto literal (2023 conserva incluso ""su municipio""). Codigos identicos"
2022,p41,2023,p41,categorica,comparable,,manual,"existen viviendas abandonadas en su colonia. 2022 p41 conserva el texto del encabezado (""De acuerdo con su experiencia, en su colonia, actualmente:"") pero contiene el item 1, como ya se verifico en el eslabon 2021<->2022 al declarar 2021 p35_1 <-> 2022 p41. ADVERTENCIA OBLIGATORIA: cambia el enunciado del reactivo. 2021 y 2022 preguntan si EXISTEN viviendas abandonadas (54.5% y 64.4% Si) y 2023-2024 si ""existe un PROBLEMA de viviendas abandonadas"" (48.2% en 2023). La caida 64.4 -> 48.2 es compatible con el enunciado mas exigente, no necesariamente con un cambio de la realidad. Une c2022_p41 (2021+2022) con c2024_p46 (2023+2024)"
2022,p45_1,2023,p46_1,numerica,comparable,,manual,"satisfaccion 1-10 con el ALUMBRADO PUBLICO. 2022 p45_1 conserva el TEXTO DEL ENCABEZADO de la bateria pero contiene los datos del item 1: media limpia 7.54 (n=4,404; el crudo da 8.82 porque arrastra 3 casos con 999 y 3 con 888) contra 7.55 de 2023 p46_1 (n=4,949). Dos medias independientes que coinciden en la segunda decimal. Los pares p45_2..p45_5 <-> p46_2..p46_5 ya estaban declarados. Se declara NUMERICA, que es el ctype de la cadena c2025_p62_1"
2022,p53,2023,p48,categorica,comparable,,manual,"principal problema de DESARROLLO URBANO en el municipio: texto literal; los codigos 1-6 coinciden etiqueta por etiqueta. RECODE de 2022 para el codigo 7, que esta reasignado: ""Otro*"" (2022, 117 casos, 2.7%) contra ""Obras publicas sin terminar o muy lentas"" (2023, 5 casos). Sin el, 2.7% de 2022 se publica bajo la etiqueta de 2023. 2023 estrena ademas 8, 9 y 10 (y repite ""Empresas contaminantes"" en el 8 y el 10, defecto del catalogo de 2023). Ojo: el par 2021 p40 <-> 2022 p53 esta exclude, asi que esta cadena empieza en 2022"
2022,p63,2023,p62,categorica,comparable,,manual,"principal PROBLEMA AMBIENTAL en el municipio: texto literal; los codigos 1-7 coinciden etiqueta por etiqueta. RECODE de 2022 para el codigo 8, reasignado: ""Otro*"" (2022, 36 casos, 0.8%) contra ""Contaminacion auditiva"" (2023, 1 caso). El ""Otro"" de 2021 (100 casos, que el recode de 2021 mandaba al :8) comparte ahora el id propio :otro. 2023 estrena el 9 (""Ninguno"") y el 10 (""Todas las anteriores"")"
2022,p36_8,2023,p38_8,categorica,exclude,,manual,"TRAMPA POSICIONAL: 2022 item 8 = ""Las banquetas estan limpias"" (52.6% Si) y 2023 item 8 = ""existen suficientes arboles que le brinden sombra"" (47.1% Si). Los codigos 0/1/2 son identicos, asi que la serie saldria sin un solo aviso. 2022 no tiene item de arboles y 2023 no tiene item de limpieza"
2022,p45_6,2023,p47,categorica,exclude,,manual,"mismo tema (perros y gatos abandonados) pero OTRO REACTIVO y OTRA ESCALA: 2022 pide una calificacion de satisfaccion del 1 al 10 (con centinelas crudos 888/999) y 2023 pregunta si existen o no (binaria 0/1, 60.1% Si). No hay forma de alinearlos"
2022,p50,2023,p49,categorica,exclude,,manual,"reactivos distintos: 2022 pregunta si tuvo suficiente agua con la presion necesaria de 4 a 11 am en los ultimos 6 MESES (binaria, 69.5% Si) y 2023 si tuvo ALGUN problema con el agua en 12 MESES, con 5 opciones que separan cortes de presion. Ni la ventana temporal ni la escala coinciden"
2022,p59,2023,p55_1,categorica,exclude,,manual,"REDISENO: 2022 pregunta con una sola binaria si separan residuos para reciclar (74.1% Si) y 2023 lo parte en cuatro binarias por material (pet 42.5%, carton 21.9%, vidrio 16.1%, latas 45.3%). No hay 1:1 honesto con ningun item. UTIL PARA OTRO ESLABON: 2024 p65 vuelve a la binaria unica y no tiene concepto, asi que la serie natural es 2022 p59 <-> 2024 p65"
2022,p62,2023,p60,categorica,exclude,,manual,"enunciados casi identicos con UNA palabra cambiada: 2022 p62 pregunta por medios suficientes en ALTAS temperaturas (aires acondicionados y abanicos) y 2023 p60 por BAJAS temperaturas (calentadores o calefaccion). Codigos 0/1 iguales. El par correcto de 2022 p62 es 2023 p59, ya declarado; 2023 p60 es un reactivo nuevo"
2022,p60,2023,p56,categorica,exclude,,manual,"CAMBIA LA POBLACION FILTRO, y por eso lo invierto respecto de la propuesta (que lo daba comparable/media). Los codigos 1-4 son identicos, pero 2022 filtra por p59=No (1,128 casos, 25.6% de la muestra) y 2023 por ""No en los cuatro incisos"" de p55_1..4 (2,430 casos, 49.1%): la base se DUPLICA porque la pregunta filtro se rediseno, que es justo el motivo por el que 2022 p59 <-> 2023 p55_1 va exclude. La distribucion se mueve en consecuencia (""No es de mi interes"" 9.4% -> 35.8%, ""aun cuando la separe el camion mezcla todo"" 58.4% -> 35.2%). Ademas el codigo 5 pasa de ""Otro*"" (2022) a una categoria sustantiva de 2023. Rescatable como composicion interna de los no-separadores si el equipo lo acepta; queda como criterio abierto de la casa (la bitacora que lo detallaba se cerro al terminar la armonizacion)"
2022,p74,2023,p77,categorica,comparable,,manual,"REASIGNACION SILENCIOSA: 2023 mueve 'Temor a contagiarse' del codigo 2 al 7 y baja un lugar los codigos 3-7 de 2022 (el desfase es 2->7, 3->2, 4->3, 5->4, 6->5, 7->6). Sin recode, 'No habia citas' (11.6% en 2022) se publicaria como 'Temor a contagiarse'. Cubierto con recode exhaustivo de 2021 y 2022; los codigos 8 y 9 son categorias distintas en cada ola y llevan id propio. AVISO EDITORIAL OBLIGATORIO: el canonico :7 FUSIONA un reactivo ensanchado. 2021 y 2022 preguntan 'Temor a contagiarse de COVID', en plena pandemia, y 2023-2025 'de ALGUNA ENFERMEDAD'; la etiqueta que se publica es la de 2023, asi que la vista Ano muestra 51.98 / 16.56 / 0.39 / 0.00 / 2.43 ponderado y buena parte de ese desplome es la palabra 'covid' saliendo del reactivo, no un cambio de conducta. NO publicar esa serie sin decirlo. La casa RATIFICO la fusion al cerrar el eslabon 2022-2023 (decision firme #2: reactivo ensanchado = comparable con nota) y descarto la alternativa de partir el canonico en :temor_covid_2021_2022. Bases chicas: n=138 en 2021 y n=153 en 2022"
2022,cp2_2_1,2023,cp3,categorica,comparable,,manual,"genero. NO es attr_sexo (el sexo asignado al nacer va en cp2_1 / cp2 y ya esta declarado): son dos preguntas distintas del mismo cuestionario. Enunciado literal. CODIGOS CORRIDOS UN LUGAR: 2022 usa 1=Hombre / 2=Mujer / 3=No binario y 2023 usa 0=Hombre / 1=Mujer / 2=Persona no binaria, asi que sin recode los 2,202 hombres de 2022 se publicaban como 'Mujer'. Cubierto con recode exhaustivo de 2022. Proporciones 49.7/50.3 (2022) y 49.8/50.2 (2023), ponderadas. Concepto nuevo c2023_cp3: en 2023<->2024 se funde con c2025_cp3 (2024 cp3 <-> 2025 cp3) y HAY QUE REAPUNTAR sus 4 renglones de recode"
2022,cp6_1,2023,cp6,categorica,comparable,attr_afiliacion_servicio_salud,manual,"afiliacion al servicio de salud (VARIABLE DE CRUCE, respondent_attributes.afiliacion_servicio_salud). Enunciado literal y codigos 1-7 identicos (el 5 solo cambia de nombre institucional, INSABI -> 'Cuidar tu salud'). REASIGNACION SILENCIOSA DEL CODIGO 8: en 2021 y 2022 es 'Seguro Popular' (0.7%) y en 2023 es 'Ninguna institucion' (14.7% ponderado, 15.8% sobre el roster completo sin ponderar), mientras 'Ninguna institucion' de 2022 vive en el codigo 10 (21.7% ponderado, 23.0% sin ponderar). Sin recode se fundian 22 puntos de 2022 con la categoria equivocada y el Seguro Popular desaparecia. Cubierto con recodes EXHAUSTIVOS DE LAS DOS OLAS VIEJAS: 2021 cp8_1 comparte con 2022 los codigos 8 y 10, asi que recodificar solo 2022 dejaba a 2021 rompiendo el catalogo. 'Seguro Popular' (abolido en 2020) va a un canonico propio: no se funde con 'Secretaria de Salud', que 2022 ya tiene aparte en el 5. concept_id fijado por ser variable de cruce y REPETIDO en los dos renglones de la cadena"
2022,p76,2023,p80,categorica,comparable,attr_servicio_salud_donde_se_atendio,manual,"donde se atendio (VARIABLE DE CRUCE). Enunciado literal y codigos 1-9 identicos (el 5 solo cambia de nombre institucional, INSABI -> 'Cuidar tu salud'). LA COLA 10-13 ESTA REASIGNADA POR COMPLETO: 2022 tiene 10='En linea', 11='Seccion 50', 12='Hospital Metropolitano', 13='Hospital Universitario' y 2023 tiene 10='Servicios empresariales de salud', 11='Hospital Materno', 12='Clinica municipal', 13='Me atiendo con un familiar'. Son 9 casos de 2022, pero son instituciones con nombre y no un 'Otro' residual, asi que cada una va a un canonico propio en el recode exhaustivo de 2022. concept_id REPETIDO aqui a proposito: el pin vivia en un solo renglon (2021 p61 <-> 2022 p76) y al encadenar con 2023 el root se muda a (2023,p80), con lo que el pin y los 16 recodes de 2021 quedaban colgando"
2022,p85_1,2023,p91_1,categorica,comparable,,manual,"bateria de salud mental item 1, 'se ha percibido / sentido decaido/a, deprimido/a'; escala de 4 identica en codigo y orden (1 'Si y es muy frecuente' ... 4 'No me ocurre') mas 9999. 'No me ocurre' 74.6% (2022) vs 79.3% (2023), ponderado. El item 3 ya estaba declarado con 2024/2025 y el 2 se declara en este mismo eslabon. REFERENTE TEMPORAL VERIFICADO contra los cuestionarios: es IDENTICO en las dos olas. En 2022 lo fija el encabezado P85 ('De acuerdo a su experiencia, en algun momento de los ultimos 12 meses') y 2023 lleva ese mismo encabezado palabra por palabra justo antes de P91_1 y P91_2 en 'Cuestionario 2023.xlsx'; en 2023 la BD no lo guarda porque el instrumento lo escribe como fila sin q_id, no porque falte. Aplica igual al item 3"
2022,p85_2,2023,p91_2,categorica,comparable,,manual,"bateria de salud mental item 2, 'se ha sentido nervioso/a, ansioso/a o muy alterado/a (con dificultad de parar o controlar sus preocupaciones)', texto literal; escala de 4 identica mas 9999. 'No me ocurre' 77.2% (2022) vs 78.7% (2023), ponderado. Referente temporal identico y verificado contra los cuestionarios, igual que el item 1: el encabezado 'De acuerdo a su experiencia, en algun momento de los ultimos 12 meses' esta en las dos olas (P85 en 2022, sin q_id en 2023)"
2022,p97,2023,p94,categorica,comparable,,manual,"'en que lugar se siente mas inseguro(a)?', enunciado literal; codigos 1-5 identicos (Transporte publico, Via publica, Casa, Trabajo, Escuela). 2023 INSERTA 'Centros de entretenimiento (casinos, bares, antros)' en el 6 y corre 'No me siento inseguro(a)' del 6 al 7; ademas estrena el 8 'En todos los lugares'. Sin recode, el 10.2% ponderado de 2022 que dijo 'No me siento inseguro' (11.2% sin ponderar) se publicaba como 'Centros de entretenimiento'. Cubierto con recode exhaustivo de 2022. ADVERTENCIA PARA QUIEN PUBLIQUE LA SERIE: 'Transporte publico' cae de 18.2% a 4.4% ponderado y la opcion nueva no lo explica (pesa 2.9%); el que sube es 'No me siento inseguro', de 10.2% a 23.9%"
2022,cp13_1,2023,cp11,categorica,exclude,,manual,"reactivos distintos: 2022 pregunta si se le SOLICITO el pago obligatorio de alguna cuota escolar (42.9% Si sobre las 1,820 respuestas del roster) y 2023 si se le NEGO EL ACCESO a clases por no pagarla (5.1% Si sobre 1,599). Son dos hechos diferentes y la magnitud lo confirma. 2023 cp11 ya cuelga de c2025_cp12 con 2024 y 2025, asi que el par publicaria un 2022 falso en una serie viva"
2022,cp5_1,2023,cp5,categorica,exclude,,manual,"preguntas distintas que un emparejador por nombre de variable (cp5_1 / cp5) uniria sin dudar: 2022 cp5_1 es el parentesco de cada integrante con el jefe del hogar (22 codigos, una fila por persona, n=13,688) y 2023 cp5 es '¿con quien vive en su hogar?' (3 codigos, una fila por respondiente, n=4,950). El par correcto de 2023 cp5 es 2022 cp4_1, ya declarado"
2022,p69_15_1,2023,p68_16_cual,categorica,exclude,,manual,"campo abierto '¿cual?' del item 'Otro' de la bateria de discriminacion. Los catalogos NO coinciden: 11 codigos en 2022 y 5 en 2023, y de ellos solo el 1 ('Por su religion') significa lo mismo; el 2 pasa de 'A las personas en condicion de calle' a 'Por ser madre soltera' y el 3 de 'Por nivel academico' a 'Por su preferencia politica'. Son 28 casos en cada ola: no hay base para un recode"
2022,p69_2,2023,p68_2,categorica,exclude,,manual,"TRAMPA POSICIONAL de la bateria de discriminacion: 2022 item 2 = 'por ser hombre?' (17.9% Si ponderado) y 2023 item 2 = 'por estar en situacion de calle?' (46.2%). 2023 elimina el reactivo de discriminacion hacia los hombres y reusa el codigo, sin desfasar el resto de la bateria. 2023 p68_2 ya cuelga de c2025_p89_2 con 2024 y 2025"
2022,p71_4,2023,p70_4,categorica,exclude,,manual,"TRAMPA POSICIONAL de la bateria de migracion: 2022 item 4 = 'si son migrantes que van a Estados Unidos, se les deberia proporcionar apoyo durante su estancia en el estado' (70.6% De acuerdo, ponderado) y 2023 item 4 = 'el aumento de personas migrantes esta relacionado con el incremento de la inseguridad' (43.6%). Ni siquiera apuntan en la misma direccion normativa. El par correcto de 2023 p70_4 es 2022 p71_5, ya declarado, y 2023 p70_4 ya cuelga de c2024_p79_3 con 2024"
2022,p98,2023,p108,numerica,exclude,,manual,"2022 p98 NO TIENE UN SOLO DATO SUSTANTIVO: sus 765 respuestas son 689 con valor 888 ('No sabe') y 76 con valor 999 ('No contesta'), verificado renglon por renglon en answers. Ademas esta tipada numerica mientras 2023 p108 es categorica y pertenece a c2025_p118 (categorica), asi que el par metia un miembro numerico en una cadena categorica -- lo que la regla dura prohibe -- y publicaba una media de 899 en la columna 2022. El candidato anterior lo proponia comparable"
2022,cp16_a_8,2023,cp16_1,categorica,comparable,,manual,"satisfaccion 1-10 con el servicio educativo, nivel PRIMARIA. 2023 cp16_1 ARRASTRA EL TEXTO DEL ENCABEZADO de la bateria pero contiene el item de primaria: cp16_1 (941 respuestas) + cp16_2 Secundaria (467) + cp16_3 Media Superior (375) = 1,783, que es exactamente el numero de registros de estudiante, y ningun respondiente contesta dos de las tres. Su media sobre los codigos 1-10 es 8.39. 2022 cp16_a_8 no tiene respuestas: el par solo sirve para colocar 2023 en la cadena correcta, junto a 2024 cp17_1 ('CP 17 1 Primaria'). Requisito ya aplicado: los renglones 2022 cp16_1 <-> 2023 cp16_1 (borrado) y 2023 cp16_1 <-> 2025 cp19 (convertido a exclude) ya no fusionan este concepto con la satisfaccion general de 2025"
2022,p69_10,2023,p68_10,categorica,comparable,,manual,"bateria de discriminacion item 10, ENSANCHADO: 'por tener algun tatuaje?' -> 'por su forma de vestir o arreglo personal (tatuajes, ropa, forma de peinarse, perforaciones)?'. Binaria 0/1 identica; revisado contra los 17 items de 2022 y los 17 de 2023, es el unico candidato en cada ola. NOTA OBLIGATORIA (criterio firme #2, cambio de referente): el Si pasa de 29.2% a 41.2% ponderado (29.5% vs 41.2% sobre la base sin centinelas), coherente con el ensanchamiento; la propuesta reportaba 28.8% -> 37.7%, que son las cifras SIN PONDERAR. La serie completa del concepto queda 2021 35.6, 2022 29.2, 2023 41.2, 2024 51.2, 2025 46.0: el salto de 2023 no se puede leer como cambio de opinion"
2022,p69_6,2023,p68_6,categorica,comparable,,manual,"bateria de discriminacion item 6, ENSANCHADO: 'por ser indigena?' -> 'Por su origen etnico (indigena, afrodescendiente, etc)'. Binaria 0/1 identica; revisado contra todos los items de las dos olas, es el unico candidato en cada una. NOTA OBLIGATORIA (criterio firme #2, cambio de referente): el Si pasa de 41.4% a 46.7% ponderado (42.8% vs 46.7% sobre la base sin centinelas); la propuesta reportaba 41.7% -> 43.2% y el 43.2% es la cifra SIN PONDERAR, asi que el movimiento es mayor de lo que decia. Ojo tambien con la base: 2022 tiene 3.3% de 'No sabe' y 2023 ninguno. La serie completa del concepto queda 2021 56.2, 2022 41.4, 2023 46.7, 2024 58.3, 2025 55.6. RATIFICADO comparable por la casa al cerrar el eslabon 2022-2023, aun sabiendo que el argumento original ('la proporcion casi no se mueve') era con cifras sin ponderar y no se sostiene: el criterio firme #2 es de criterio y no de magnitud, y el salto del ensanche (+5.3) es menor que el ruido natural de la serie con el reactivo sin cambiar (-14.8 de 2021 a 2022, +11.6 de 2023 a 2024)"
2022,p119,2023,p136,categorica,exclude,,manual,"2023 DESDOBLA la pregunta de 2022 ('¿cuanto pueden influir los ciudadanos en las decisiones del gobierno?', sin calificar) en gobierno del estado (p135) y de este municipio (p136), y solo una de las dos puede colgar de 2022. Este renglon deja escrito que la municipal NO es la contraparte: 2024/2025 conservan las dos mitades como series vivas separadas (c2025_p159 estatal, c2025_p160 municipal) y la lectura por defecto de 'el gobierno' en esta encuesta es la estatal. La otra mitad (2022 p119 <-> 2023 p135) SI esta declarada comparable, con la advertencia de que el desdoblamiento por si solo mueve el estadistico -- 'Mucho' pasa de 21.7% en 2022 a 12.5% (estatal) y 13.7% (municipal) en 2023"
2023,transporte_publico,2024,usa_transporte_publico,categorica,exclude,,manual,"mismo defecto que el renglon 2022 <-> 2024: la derivada de 2023 mide modo principal = TP sobre quienes viajaron (27.5 ponderado) y la de 2024 mide modo principal O uso semanal sobre todos (42.8). Con la definicion de 2024, 2023 daria 35.7. Renglon escrito para que el par no se vuelva a proponer por identidad de nombre"
2023,cp3,2024,cp3,categorica,comparable,,manual,"genero; codigos 0 Hombre / 1 Mujer / 2 Persona no binaria identicos. Ponderado 49.78/50.21/0.01 (2023) y 49.76/50.11/0.03 (2024). Al encadenar, c2023_cp3 pasa a c2025_cp3: sus 4 renglones de recode se reapuntaron en el mismo bloque"
2023,cp14_1,2024,cp14_1,categorica,comparable,,manual,"clima en la escuela, 'Temporadas de frio'; 2023 detalla '(calentadores, calefaccion)'. 2024 agrega el codigo 5555 'Estudia en linea' (sin casos en este item), que la union resuelve. OJO CON LA BASE: el modulo de hogar se guarda contra el respondent_id de cada estudiante, asi que con initial_only la vista corre sobre 32 (2023) y 41 (2024) casos y NO describe la serie; sobre los 1,783 y 2,012 estudiantes y sin ponderar el 'Si' va de 81.7% a 90.4%"
2023,cp14_2,2024,cp14_2,categorica,comparable,,manual,"clima en la escuela, 'Temporadas de calor'; 2024 agrega el codigo 5555 'Estudia en linea' (1 caso). Mismo caveat de base que cp14_1: con initial_only son 32 y 41 casos; sobre los 1,783 y 2,012 estudiantes y sin ponderar el 'Si' va de 88.1% a 89.8%"
2023,cp1,2024,cp1,numerica,comparable,,manual,"'?Cuantas personas viven en este hogar?' literal. ctype numerica por la regla dura (2024 y 2025 estan tipadas numerica en questions). Media ponderada 3.00 (2023) vs 3.17 (2024); rango 1-11 y 1-10. Los datos viven en answers.value en las cuatro olas. PENDIENTE AJENO: 2022 y 2023 siguen tipadas categorica en questions -overlay que falta desde el eslabon 2022-2023-, por lo que esas dos columnas salen vacias en la vista Ano"
2023,p4,2024,p4,categorica,comparable,,manual,"modalidad del trabajo principal; 3 codigos identicos, el 3 solo se acorta ('A distancia / en casa' -> 'A distancia'). Ponderado: Presencial 94.29 -> 85.57, Hibrido 1.27 -> 1.55, A distancia 3.84 -> 12.07"
2023,p17,2024,p19,categorica,comparable,,manual,"por que no utiliza el transporte publico, razon mas importante; los 12 codigos alinean uno a uno. Tres etiquetas se reescriben sin cambiar el referente: el 7 ('El transporte es inseguro / da miedo usarlo' -> 'El transporte es inseguro'), el 9 (cambian los ejemplos de mal servicio) y el 12 ('Es taxista, chofer o es su herramienta de trabajo' -> 'Es el medio con el que trabaja'). 2024 precisa 'transporte publico colectivo'. Ponderado: Comodidad 45.76 -> 63.25, 'Se tarda mas tiempo' 17.75 -> 11.65. Al encadenar, c2023_p17 pasa a c2024_p19: sus 16 renglones de recode se reapuntaron en el mismo bloque"
2023,p24_2,2024,p26_2,numerica,comparable,,manual,"'Min:' del tiempo de IDA; el par de horas (p24_1 <-> p26_1) ya estaba declarado. Media ponderada 20.44 vs 20.81 min, rangos 0-60 y 0-55, n 2,675 y 2,969"
2023,p25_2,2024,p27_2,numerica,comparable,,manual,"'Min:' del tiempo de VUELTA; el par de horas (p25_1 <-> p27_1) ya estaba declarado. Media ponderada 21.66 vs 20.82 min, rangos 0-70 y 0-55"
2023,p38_1,2024,p43_1,categorica,comparable,,manual,"bateria 'cuando camina en este municipio', item 1 (cruces peatonales); catalogo 0/1/2 identico, el codigo 2 solo se alarga ('No hay' -> 'No hay cruces'). Ponderado Si 56.65 -> 49.09. c2023_p38_1 pasa a c2024_p43_1: sus 6 recodes de 2021 se reapuntaron"
2023,p38_2,2024,p43_2,categorica,comparable,,manual,"item 2 (rampas para personas con discapacidad); catalogo 0/1/2 identico, el 2 se alarga. c2023_p38_2 -> c2024_p43_2, 6 recodes reapuntados"
2023,p38_3,2024,p43_3,categorica,comparable,,manual,"item 3 (hay banquetas durante todo su trayecto); catalogos identicos. c2023_p38_3 -> c2025_p44_3, 6 recodes reapuntados"
2023,p38_4,2024,p43_4,categorica,comparable,,manual,"item 4 (banquetas amplias para silla de ruedas o carriolas); el codigo 2 se alarga. c2023_p38_4 -> c2024_p43_4, 6 recodes reapuntados"
2023,p38_5,2024,p43_5,categorica,comparable,,manual,"item 5 (banquetas con obstaculos); el codigo 2 se alarga. c2023_p38_5 -> c2024_p43_5, 6 recodes reapuntados"
2023,p38_6,2024,p43_6,categorica,comparable,,manual,"item 6 (banquetas danadas); el codigo 2 se alarga. c2023_p38_6 -> c2025_p44_6, 6 recodes reapuntados"
2023,p38_7,2024,p43_7,categorica,comparable,,manual,"item 7 (alumbrado adecuado para desplazarse de noche); el codigo 2 se alarga. c2023_p38_7 -> c2024_p43_7, 6 recodes reapuntados"
2023,p38_8,2024,p43_8,categorica,comparable,,manual,"item 8 (arboles que brinden sombra). A diferencia del eslabon 2022-2023 -donde el item 8 cambiaba de reactivo y por eso quedo en exclude-, aqui 2023 y 2024 preguntan lo mismo; el codigo 2 solo se alarga"
2023,p42,2024,p47,categorica,comparable,,manual,"cuando fue la ultima vez que se mudo de casa; los 5 tramos son los mismos y solo se reescriben las etiquetas ('Hace 1-5 anios' -> 'De 1-5 anios', 'Hace mas de 5-10 anios' -> 'De de 5-10 anios' -sic, con la errata de 2024-). Ponderado: 'Hace mas de 10 anios' 29.46 -> 38.33 y 'Nunca se ha mudado' 44.68 -> 37.07"
2023,p53,2024,p62,categorica,comparable,,manual,"CAMBIA EL REACTIVO Y LA ESCALA COMPLETA (decision firme #2): 'Considera que la calidad del aire en su municipio es: Pesima/Mala/Regular/Buena/Excelente' pasa a '?Que tan limpio o contaminado considera que es el aire...?: Muy contaminado/Contaminado/Ni limpio ni contaminado/Limpio/Muy limpio'. Los 5 codigos conservan el ORDEN (1 = peor aire en las dos olas) y el catalogo canonico se queda con las palabras de 2024/2025. El reparto se mueve mucho y buena parte es la etiqueta, no el aire: ponderado 10.34 -> 16.16 en el extremo malo, 12.37 -> 37.49 en el segundo, 42.84 -> 29.10 en el centro, 31.45 -> 15.71 y 2.85 -> 0.80 en el lado bueno. El corte de redaccion cae exactamente aqui: 2021, 2022 y 2023 usan 'Pesima...Excelente' y 2024 y 2025 'Muy contaminado...Muy limpio'"
2023,p59,2024,p69,categorica,comparable,,manual,"CAMBIA LA REDACCION DEL REACTIVO (decision firme #2): de '?En su casa tiene medios suficientes como aires acondicionados y abanicos para mantener una temperatura agradable?' a '?En su casa puede mantener una temperatura agradable?'. Catalogo binario identico. El cambio NO mueve la medida: No 20.04 -> 19.91 ponderado. Es la prueba de contraste del par p60 <-> p70, donde el mismo cambio si mueve 13 puntos"
2023,p60,2024,p70,categorica,comparable,,manual,"CAMBIA LA REDACCION DEL REACTIVO (decision firme #2): mismo acortamiento que p59 <-> p69, pero AQUI SI MUEVE: No 31.42 -> 18.27 ponderado (13 puntos). Como en calor el mismo cambio no movio nada (20.0 -> 19.9), buena parte de estos 13 puntos es el reactivo -2023 preguntaba si TIENE MEDIOS (calentadores o calefaccion) y 2024 si PUEDE mantener la temperatura- y no una mejora real. No publicar la serie sin esta advertencia"
2023,p82,2024,p88,categorica,comparable,,manual,"que hizo para conseguir los medicamentos; codigos 1 a 3 identicos, 2024 agrega el 4 'Otra' (sin casos) y 2023 tiene un 7777 residual. Ponderado: 36.78/61.55/0.60 (n=145) vs 36.38/59.53/3.76 (n=247). 2024 antepone al enunciado 'Solo para servicios medicos publicos (Solo para quienes contestan 2, 3 y 4)': verifique que 2023 ya lo hacia de facto -los 145 se atendieron en IMSS (118), Secretaria de Salud (16), naval/militar (4), ISSSTELEON, UANL, materno y municipal-, asi que el universo no cambia, solo se hace explicito"
2023,p86_1,2024,p92_1,numerica,comparable,,manual,"horas que espero para ser atendido en la consulta; media ponderada 0.49 vs 0.54 h, rangos 0-15 y 0-7, n 299 y 551"
2023,p86_2,2024,p92_2,numerica,comparable,,manual,"minutos que espero para ser atendido; media ponderada 18.79 vs 17.51 min, n 301 y 603. El derivado tiempo_espera_consulta (par aparte) los combina"
2023,p87,2024,p93,categorica,comparable,,manual,"como califica las instalaciones hospitalarias; escala Pesimas-Excelentes identica, 2023 tiene un 7777 residual sin casos. Ponderado: Regulares 41.53 -> 24.12 y Buenas 47.93 -> 61.12, con n 310 y 607"
2023,p88_1,2024,p94_1,categorica,comparable,,manual,"trato y atencion del personal MEDICO; escala 1-5 identica. El q_text de 2024 arrastra el encabezado de la bateria ('?Como calificaria los siguientes aspectos...?'), pero el reactivo es el item 1. Ojo: 2025 FUNDE medicos y enfermeria en p105_1, cosa ya documentada en el par 2024 <-> 2025"
2023,p88_3,2024,p94_3,categorica,comparable,,manual,atencion y servicio del personal ADMINISTRATIVO; escala 1-5 identica y enunciado literal en las dos olas
2023,p91_1,2024,p96_1,categorica,comparable,,manual,salud mental item 1 (se ha sentido decaido/deprimido); escala 1-4 identica y enunciado literal
2023,p91_2,2024,p96_2,categorica,comparable,,manual,salud mental item 2 (se ha sentido nervioso/ansioso); escala 1-4 identica y enunciado literal
2023,p92,2024,p99,categorica,comparable,,manual,"principal problema de DESARROLLO SOCIAL; enunciado literal, codigos 1-10 y centinelas alineados. Dos diferencias inocuas: el codigo 8 se reescribe sin cambiar el referente ('Incremento de migrantes sin oportunidades laborales' -> 'Personas migrantes sin oportunidades para integrarse') y 2023 tiene un codigo 11 'Todas las anteriores' con 0.01% que 2024 no ofrece; la union lo resuelve. Ponderado: el 9 (falta de servicios de cuidado) sube de 1.64 a 4.95. AUDITORIA P3: la union NO resolvia el codigo 11. Al encadenar con 2024 el concepto absorbe a 2025, que estrena los codigos 10-13; 2022 (10 = 'Otro', 0.48 % ponderado) y 2023 (10 = 'Ninguno' 0.20 %, 11 = 'Todas las anteriores') quedaban nativas y caian sobre 'Sobre poblacion de taxis' y 'Habilitan areas de perros...'. CORREGIDO: recode exhaustivo de 2022 p86 (10 -> :otro_2022) y 2023 p92 (10 -> :14 Ninguno, 11 -> :todas_2023)"
2023,p99,2024,p105,categorica,comparable,,manual,que tan probable es que los delitos denunciados sean investigados y castigados; escala 1-4 identica. Ponderado 11.33/36.01/36.51/12.22 vs 11.61/35.77/39.84/10.81
2023,p100_2,2024,p108_2,categorica,comparable,,manual,"bateria de seguridad item 2 (la policia de su colonia lo hace sentir mas seguro); 2024 AGREGA el codigo 2 'No hay policia' (1.39% ponderado) sin mover el 0 ni el 1, y la union lo resuelve. Ponderado Si 48.89 -> 54.03. El item 1 de esta bateria estuvo bloqueado por el q_id huerfano p108_1 de 2024 y YA SE DESTRABO: el overlay db/overlays/question_fixes_approved.csv lo renombro de p1081 a p108_1 y el par 2023 p100_1 <-> 2024 p108_1 esta declarado"
2023,p100_3,2024,p108_3,categorica,comparable,,manual,"item 3 (confia en la policia de su colonia); mismo patron, 2024 agrega el codigo 2 'No hay policia'"
2023,p100_4,2024,p108_4,categorica,comparable,,manual,item 4 (el trato del policia al ciudadano es respetuoso); mismo patron
2023,p100_5,2024,p108_5,categorica,comparable,,manual,item 5 (las decisiones y el actuar de la policia son transparentes); mismo patron
2023,p100_6,2024,p108_6,categorica,comparable,,manual,item 6 (la policia es justa al tomar decisiones); mismo patron
2023,p111,2024,p116,categorica,comparable,,manual,"principal problema de SEGURIDAD en su municipio; catalogo identico salvo la errata del codigo 8 ('Todas las anteriores' -> 'Todos los anteriores'). Ponderado: delitos de alto impacto 32.46 -> 18.17, robos patrimoniales 34.98 -> 48.76, delincuencia organizada 23.17 -> 19.02 y 'Ninguno' 1.10 -> 4.63. AUDITORIA P3: el par NO genera ningun aviso (los dos catalogos tienen el mismo conjunto de codigos) y aun asi el 8 estaba cruzado: 2024 ya estaba recodificado (8 -> :8_2024) porque el 8 de 2025 es 'Falta de vigilancia', y 2023 quedaba nativa, asi que sus 652 ponderados de 'Todas las anteriores' se publicaban como 'Falta de vigilancia'. CORREGIDO: recode exhaustivo de 2023 p111 con 8 -> c2025_p127:8_2024"
2023,p112,2024,p117,categorica,comparable,,manual,"medio por el que mas se entera de temas de interes publico; codigos 1-7 y 9 identicos, 2024 agrega el 8 ('Pagina web de la institucion de gobierno', 0.06%) y el 10 ('Otro', sin casos). Ponderado: Redes sociales 30.10 -> 42.86 y Television 63.40 -> 52.08. AUDITORIA P3: el codigo 9 ('No se entera') es identico en 2021, 2022, 2023 y 2024, pero 2024 ya estaba recodificado a :10 porque el 9 de 2025 es 'Podcasts'. Al encadenar, 2021/2022/2023 quedaban nativas y sus 32,602 / 8,484 / 21,371 ponderados se publicaban como Podcasts (0.8 / 0.2 / 0.5 %). CORREGIDO: recode exhaustivo de 2021 p97, 2022 p102 y 2023 p112 con 9 -> c2025_p128:10. El 9 de 2021 no tiene etiqueta pero esta confirmado: sus 35 casos son exactamente la base de p98 ('si respondio que no se entera...')"
2023,p113,2024,p118,categorica,comparable,,manual,"si contesto redes sociales, cual; codigos 1-6 identicos ('Twitter' -> 'X (antes Twitter)', mismo referente) y 2024 agrega el 7 (Telegram) y el 8 (Otra). La etiqueta canonica se quedara con 'X (antes Twitter)'. Ponderado Facebook 87.87 -> 90.59"
2023,p121,2024,p130,categorica,comparable,,manual,"que tipo de tramite o contacto fue; 5 codigos identicos, el 3 solo agrega ejemplos entre parentesis. Bases chicas (n=270 y 211): ponderado 'Contacto con transito' 61.25 -> 69.12 y 'Tramites municipales' 17.83 -> 7.86. AUDITORIA P3: al encadenar, el concepto absorbe a 2025, que estrena el codigo 6 ('Pagos de servicios (agua)'). 2022 p106 tiene un codigo 6 propio ('Tramites o servicios con el gobierno federal', 4,262 ponderados = 1.58 % de su base) que quedaba nativo y se publicaba bajo la etiqueta de 2025. CORREGIDO: recode exhaustivo de 2022 p106 con 6 -> :gobierno_federal_2022"
2023,p124_3,2024,p133_3,categorica,comparable,,manual,"bateria del alcalde, equipo capacitado; catalogo 0/1 identico. CAMBIA EL TIEMPO VERBAL (decision firme #2): 2024 evalua a un alcalde SALIENTE y pregunta '?Conto con un equipo capacitado?' en vez de '?Cuenta...?'. Ponderado Si 44.65 -> 53.03 y el 'No sabe' cae de 8.92 a 3.49, lo que sugiere que evaluar en pasado es mas facil que en presente: parte del salto es el tiempo verbal"
2023,p124_4,2024,p133_4,categorica,comparable,,manual,"bateria del alcalde, cumplimiento de promesas; mismo cambio de tiempo verbal que p124_3 ('?Ha cumplido...?' -> '?Cumplio...?', alcalde saliente). Ponderado Si 40.71 -> 48.82, 'No sabe' 8.20 -> 3.39. Nota obligatoria por decision firme #2"
2023,p128_3,2024,p142_3,categorica,comparable,,manual,"bateria del gobernador, equipo capacitado; enunciado LITERAL en las dos olas (aqui no cambia el tiempo verbal, el gobernador sigue en funciones). Ponderado Si 52.49 -> 63.98, 'No sabe' 7.94 -> 3.03"
2023,p128_4,2024,p143_4,categorica,comparable,,manual,"bateria del gobernador, cumplimiento de promesas; enunciado literal. Ponderado Si 48.38 -> 60.61, 'No sabe' 7.10 -> 2.49"
2023,p135,2024,p155,categorica,comparable,,manual,cuanto pueden influir los ciudadanos en las decisiones del gobierno DEL ESTADO; catalogo identico
2023,p136,2024,p156,categorica,comparable,,manual,idem para el gobierno DEL MUNICIPIO; catalogo identico
2023,p143,2024,p162,categorica,comparable,,manual,en que ambito esta el PRINCIPAL PROBLEMA del estado; catalogo identico
2023,p144,2024,p164,categorica,comparable,,manual,"ingreso mensual total del hogar; los 12 tramos son los mismos EN SALARIOS MINIMOS y solo cambian los importes en pesos porque subio el SM ($6,223 -> $7,468 el primer tramo). Es el mismo caso que p128 en 2021-2022, ya aceptado; la etiqueta canonica se quedara con los importes de la ola mas nueva. Ponderado: 'Menos de 1 SM' 10.84 -> 16.78 y 'No contesta' 15.74 -> 10.57"
2023,al_menos_un_problema_mental,2024,al_menos_un_problema_mental,categorica,comparable,,manual,"derivada binaria con el mismo nombre; ponderado Si 33.86 -> 34.94 sobre 4,950 y 4,942"
2023,al_menos_una_accion_pc,2024,al_menos_una_accion_pc,categorica,comparable,,manual,"derivada binaria con el mismo nombre; ponderado Si 21.44 -> 23.03 sobre 4,904 y 4,942"
2023,cuidado_personas,2024,cuidados_personas,numerica,comparable,,manual,"minutos de cuidado no remunerado; solo cambia el nombre de la derivada (singular/plural). Media ponderada 100.78 vs 102.18 min, n 4,930 y 4,905, rangos 0-1442 y 0-1464"
2023,num_discriminaciones,2024,num_discriminaciones,numerica,comparable,,manual,"conteo de razones de discriminacion percibidas; media ponderada 6.19 vs 7.65, rango 0-16 en las dos olas, n 4,459 y 4,581"
2023,quehaceres_hogar,2024,quehaceres_hogar,numerica,comparable,,manual,"minutos de quehaceres del hogar; media ponderada 177.87 vs 191.47 min, n 4,933 y 4,938"
2023,tiempo_espera_consulta,2024,tiempo_espera_consulta,numerica,comparable,,manual,"minutos de espera de la consulta medica; media ponderada 47.80 vs 49.78 min, n 297 y 549"
2023,tiempo_regreso,2024,tiempo_regreso,numerica,comparable,,manual,"minutos del viaje de regreso; media ponderada 43.03 vs 51.23 min, n 2,673 y 2,907"
2023,total_min_trabajo_rem,2024,total_min_trabajo_rem_y_norem,numerica,comparable,,manual,"PAR CRUZADO A PROPOSITO: los nombres enganian. Verifique fila a fila que 2023 total_min_trabajo_rem = p5*60 + p8_1*60 + p8_2 + p9_1*60 + p9_2 en 2,194 de 2,194 casos -o sea remunerado MAS no remunerado, la formula que 2024 llama _rem_y_norem- y que las dos derivadas corren sobre el mismo universo (quienes trabajan): media ponderada 696.83 vs 698.49 min, dos mediciones independientes que coinciden en 0.24%. El par por nombre identico (2023 _rem_y_norem, que 2023 calcula para TODOS, n=4,916, media 502.82) publicaria +39% que es integramente base; va exclude aparte"
2023,cp6,2024,cp6,categorica,comparable,attr_afiliacion_servicio_salud,manual,"afiliacion al servicio de salud (VARIABLE DE CRUCE). Enunciado literal. 2024 REHACE EL CATALOGO ENTERO y ninguna de las dos olas avisa: privado 7->2, Secretaria/estatales 5->3, ISSSTE Federal 3->5, UANL 6->9, Clinica municipal 9->10, empresariales 10->11 y 'Ninguna institucion' 8->13; solo IMSS (1) e ISSSTELEON (4) no se mueven. Ademas 2024 PARTE el codigo 2 de 2023 ('Hospital naval, militar o Pemex', 0.17% ponderado) en 6 Naval / 7 Militar / 8 PEMEX. Sin recode, el 14.73% de 'Ninguna institucion' de 2023 se publicaria como 'Servicio Medico de PEMEX' y el 6.98% de 'Seguro medico privado' como 'Servicio Medico Militar'. RECODIFICO 2023 HACIA ADELANTE (2024 y 2025 quedan nativas y usan la misma numeracion): recodificar 2024+2025 hacia atras habria obligado a FUNDIR naval/militar/PEMEX otra vez. Los 25 recodes de 2021 y 2022, que apuntaban a la numeracion de 2023, se remapearon en el mismo bloque. concept_id fijado y REPETIDO en los cuatro renglones de la cadena. Ponderado 2023->2024: IMSS 70.58->69.31, Ninguna institucion 14.73->15.48, privado 6.98->4.65, estatales 4.34->5.17"
2023,p16,2024,p18,categorica,comparable,attr_modo_transporte,manual,"modo de transporte del viaje principal (VARIABLE DE CRUCE, respondent_attributes.modo_transporte). Los 13 primeros codigos son IDENTICOS en codigo y etiqueta; el enunciado cambia de 'Durante el dia de ayer... para llegar a su destino' a 'Para llegar al destino principal que nos menciono' (decision firme #2), sin cambiar el referente. RECODE DE 2024 porque la cola esta reasignada: 2023 tiene 14 Triciclo y 15 Taxi colectivo, y 2024 tiene 14 Trailer, 15 Cuatrimoto, 16 Tractor y 17 Taxi colectivo. Recodifico 2024 (no 2023) porque 2023 es la ola nativa del concepto y los 17 recodes de 2022 ya apuntan a su numeracion; ademas 2024 p18 <-> 2025 p17 esta en exclude, asi que la cadena termina en 2024. Ponderado 2023->2024: automovil 46.27->42.27, camion/microbus 26.41->28.08, a pie 13.45->12.95. concept_id fijado y REPETIDO"
2023,p80,2024,p86,categorica,comparable,attr_servicio_salud_donde_se_atendio,manual,"donde se atendio (VARIABLE DE CRUCE). Enunciado literal. ES EL RECODE MAS GRANDE DEL ESLABON: 2024 reordena el catalogo completo -privado 7->2, farmacia 9->3, Secretaria/estatales 5->4, ISSSTELEON 4->5, ISSSTE Federal 3->6, UANL 6->10, Clinica municipal 12->11- y PARTE dos codigos de 2023: el 2 ('Hospital naval, militar o PEMEX') en 7/8/9 y el 8 ('Medicina tradicional o alternativa') en 12/13. Solo IMSS (1) no se mueve. Sin recode, el 19.72% ponderado de 'Hospital o consultorio privado' de 2023 se publicaria como 'Servicio Medico Naval' y el 9.34% de 'Consultorio de farmacia' como 'Servicio Medico de PEMEX'. RECODIFICO 2023 HACIA ADELANTE por la misma razon que cp6: recodificar 2024+2025 hacia atras exigiria volver a fundir las dos categorias que ellas parten. Tres opciones de 2023 no tienen contraparte en 2024/2025 y llevan id propio: 10 'Servicios empresariales de salud', 11 'Hospital Materno' y 13 'Me atiendo con un familiar'. Los 32 recodes de 2021 y 2022 se remapearon en el mismo bloque. Ponderado 2023->2024: IMSS 57.56->61.43, privado 19.72->18.78, farmacia 9.34->5.65"
2023,p14,2024,p16,categorica,comparable,,manual,"municipio del destino del viaje principal; enunciado literal. RECODE TOTAL Y OBLIGATORIO, el mas grande del eslabon en numero de renglones: 2023 lista primero los 12 municipios del AMM y luego el resto casi alfabetico, mientras 2024 y 2025 listan los 51 municipios en ORDEN ALFABETICO. De los 44 codigos que comparten, SOLO 3 conservan la etiqueta (el 33 Linares y los dos centinelas): Monterrey pasa de 1 a 39, Guadalupe de 2 a 26, San Nicolas de 3 a 46, Apodaca de 4 a 6. EL BUILD NO AVISA DE ESTO -su detector solo lista codigos que una ola tiene y la otra no- asi que sin recode el 27.62% ponderado de Monterrey se publicaria como 'Abasolo' y el 11.35% de San Nicolas como 'Los Aldamas'. Recodifico 2023 hacia adelante (2024 y 2025 quedan nativas y comparten catalogo identico de 51 municipios + 100 'Fuera de Nuevo Leon' + 111 'Fuera del Pais'); los 42 recodes de 2022 se remapearon y reapuntaron en el mismo bloque, porque el concepto pasa de c2023_p14 a c2025_p15. Efecto colateral bueno: los codigos 17 y 19 de 2023, los DOS etiquetados 'Allende', caen al mismo canonico y se acaba el defecto de que 'Allende' saliera tres veces en la vista Ano"
2023,p15,2024,p17,categorica,exclude,,manual,"colonia del destino. NINGUNA DE LAS DOS OLAS TIENE CATALOGO: options solo trae 8888 y 9999, y los datos son 544 codigos distintos en 2023 (n=2,377) y 629 en 2024 (n=2,660), todos sin etiqueta. No hay forma de saber si el codigo 129 es la misma colonia en las dos olas; emparejarlas publicaria numeros bajo etiquetas inventadas por el fallback. Requiere el catalogo de colonias de la ETL, no una decision de conceptos"
2023,p49,2024,p55,categorica,exclude,,manual,"problemas con el agua. Dos defectos a la vez. (1) DISENIO DISTINTO: 2023 lo pregunta con UNA categorica de 4 opciones que COMBINA los problemas (1 disminucion de presion 14.29%, 2 cortes 38.72%, 3 cortes Y disminucion 31.55%, 4 ningun problema 15.32% ponderado sobre 4,950), mientras 2024 lo parte en una bateria de binarias por tipo de problema. Una categoria combinada no tiene contraparte en una binaria. (2) ADEMAS ESTA BLOQUEADO: 2024 p55 tiene 0 respuestas y su q_text es 'P 55 1 Disminucion de la presion del agua' -es el renglon vacio de la bateria; los datos viven en el q_id huerfano p55_1 (4,942 respuestas). Ni con el overlay seria comparable"
2023,p55_1,2024,p65,categorica,exclude,,manual,"separacion de residuos, granularidad distinta. 2023 la parte en cuatro binarias por material (p55_1 'Plastico pet' Si 47.02% ponderado, y sus hermanas de carton, vidrio y latas) y 2024 la pregunta con UNA binaria general ('en su hogar separan semanalmente los residuos... por ejemplo PET, carton, vidrio, latas', Si 51.45%). Separar PET no es lo mismo que separar 'residuos': el par publicaria 47.0 -> 51.4 como si fuera la misma medida cuando el reactivo de 2024 es mas laxo y agrega materiales"
2023,p70_2,2024,p79_2,categorica,exclude,,manual,"TRAMPA POSICIONAL. candidatos.csv proponia este par por posicion, pero 2024 ELIMINA el item 2 de 2023 ('a las personas migrantes se les debe dar la oportunidad de que consigan un empleo', De acuerdo 71.15% ponderado) y reusa la posicion: 2024 p79_2 es en realidad el item 3 de 2023 ('deben tener las mismas oportunidades', que 2024 ensancha a 'los mismos derechos y oportunidades'), y ese par ya esta declarado como p70_3 <-> p79_2. El desfase de la bateria es 1->1, 3->2, 4->3. Emparejar 2 con 2 compararia dos reactivos distintos con catalogo 0/1 identico, que es la trampa que ningun aviso del build detecta"
2023,p84,2024,p90,categorica,exclude,,manual,"dias entre la programacion de la cita y la atencion: 2024 REDEFINE LOS TRAMOS. 2023: 1 'Menos de una semana', 2 'De 1 a 2 semanas', 3 'De 3 a 4 semanas', 4 'De 5 a 6', 5 'De 7 a 8', 6 'Mas de 8'. 2024: 1 'Menos de una semana', 2 'De 1 a 2 semanas', 3 '3 semanas', 4 'De 4 a 5 semanas', 5 'De 6 a 7', 6 'Mas de 7'. Del 3 en adelante los limites no coinciden y el codigo modal cambia de lugar: 2023 concentra 58.28% ponderado en el 3 y 2024 concentra 56.55% en el 4, con el mismo significado aproximado. Un recode no arregla tramos que se cortan distinto"
2023,p94,2024,p101,categorica,exclude,,manual,"2024 SUSTITUYE LA PREGUNTA. 2023 p94 pregunta EN QUE LUGAR se siente mas inseguro (Via publica 62.67%, No me siento inseguro 23.86% ponderado) a los 4,950 respondientes; 2024 p101 pregunta POR QUE se siente inseguro (Alta incidencia de delitos 46.23%, Presencia de grupos delictivos 21.03%) y solo a los 1,742 que contestaron inseguro o muy inseguro. Cambian el reactivo, el catalogo entero y el universo. c2023_p94 (2022 p97 + 2023 p94) se queda sin miembro de 2024, que es lo correcto"
2023,p104_3,2024,p112_3,categorica,exclude,,manual,"'si requirio de la policia, esta acudio al llamado': 2024 INSERTA UN TRAMO. 2023 tiene 5 codigos (0 No, 1 'menos de 15 minutos', 2 '16 a 30', 3 '31 minutos a una hora', 4 'mas de una hora') y 2024 tiene 6, porque parte el primero (1 'menos de 10 minutos', 2 'entre 10 y 15') y corre todo lo demas: su 3 es '16 a 30', su 4 es '31 minutos a una hora' y su 5 es 'mas de una hora'. Los codigos 2, 3 y 4 significan cosas distintas en cada ola y el catalogo no es un recode limpio porque el tramo 1 de 2023 se parte en dos. Bases chicas (251 y 268)"
2023,total_min_trabajo_rem_y_norem,2024,total_min_trabajo_rem_y_norem,numerica,exclude,,manual,"MISMO NOMBRE, MISMA FORMULA, UNIVERSO DISTINTO. 2023 la calcula para los 4,916 respondientes (media ponderada 502.82 min) y 2024 solo para los 2,261 que trabajan (698.49 min). El par por nombre publicaria +38.9% que es integramente denominador. La comparacion honesta es el par CRUZADO 2023 total_min_trabajo_rem <-> 2024 total_min_trabajo_rem_y_norem, que ya esta declarado comparable: mismo universo (2,194 y 2,261) y medias 696.83 vs 698.49, que coinciden en 0.24%. Este renglon existe para que el par por nombre no se vuelva a proponer"
2023,p1,2024,p1,categorica,comparable,,manual,"dispositivos electronicos suficientes para estudiar; enunciado casi literal, 2024 QUITA 'television' de la lista de ejemplos (decision firme #2). RECODE DE 2023: el codigo 3 esta reasignado -en 2023 es 'No se requieren dispositivos electronicos' (0.90% ponderado, 46 casos) y en 2024 es 'Otro' (0.48%, 23 casos)-, asi que 2023 lleva id propio para el 3. 2022 no tiene codigo 3 y se queda nativa. Ponderado: No 15.68 (2022) -> 3.29 (2023) -> 3.51 (2024) y 'No aplica' 28.53 -> 61.78 -> 61.27; el salto de 2022 a 2023 es de base (2023 filtra a hogares con estudiantes), no de sustancia"
2023,p27_1,2024,p31_1,categorica,comparable,,manual,"bateria de calidad del TP, item 1 ('el tiempo de espera por unidades es siempre el mismo'); catalogo binario 0/1 identico y enunciado literal. Cierra el unico item de la bateria que estaba partido en dos conceptos: sus cinco hermanos (p27_2..p27_6 <-> p31_2..p31_6) YA estan encadenados 2022-2025, asi que dejar el item 1 aparte era incoherente. DOS ADVERTENCIAS. (1) 2023 p27_1 tiene CERO respuestas -existe en questions pero la ola no lo capturo-, asi que la columna 2023 sale vacia; los otros cinco items si tienen sus 1,685. (2) La base de la bateria se ensancha: 1,588 (2022, quienes contestaron Si al filtro p31_0) / 1,685 (2023) / 1,998 (2024, modo principal TP O uso semanal) / 1,714 (2025). Ponderado Si: 57.84 -> (sin dato) -> 32.35 -> 27.86; la caida es mucho mas pronunciada que la de sus hermanos (p31_2 61.75 -> 53.55, p31_4 57.46 -> 50.23), asi que no publicar el item 1 solo sin mirar la bateria completa"
2023,p40,2024,p45,categorica,comparable,,manual,"principal problema al moverse por la ciudad; enunciado literal y codigos 1 a 6 identicos en las cinco olas. RECODE DE TRES OLAS: la cola esta reasignada en todas. 2023 tiene 7 'Ninguno' y 8 'Todas las anteriores'; 2024 tiene 7 'Costo de gasolina', 8 'Ninguno', 9 'Todas las anteriores' (ya recodificada contra 2025); 2025 tiene 7 'No tengo problemas' y 8 'Costo combustible'. Recodifico 2023 (7 -> :7 'No tengo problemas', mismo significado que su 'Ninguno'; 8 -> :9_2024 'Todas las anteriores') y TAMBIEN 2021 y 2022, que hasta hoy eran nativas y cuyos codigos 7/8/10 son 'Otro': sin eso el catalogo canonico de 2025 les pondria 'No tengo problemas' y 'Costo combustible' encima de 33 casos de 'Otro'. Esto cierra de paso el defecto BAJO #5 que la auditoria del eslabon anterior encontro en c2023_p40. Ponderado TP: 21.37 (2021) -> 48.62 -> 36.03 -> 29.70 -> 24.60; trafico 45.44 -> 30.86 -> 34.43 -> 40.30 -> 52.29"
2023,p48,2024,p54,categorica,comparable,,manual,"principal problema de DESARROLLO URBANO; enunciado literal y codigos 1 a 6 identicos en las cuatro olas. RECODE DE 2023: su 7 'Obras publicas sin terminar o muy lentas' (5 casos) y su 8/10 -las DOS etiquetadas 'Empresas contaminantes en el area metropolitana'- no tienen contraparte y llevan id propio; su 9 'Ninguno' va al :17 de 2025, que es donde 2024 ya manda el suyo. Juntar el 8 y el 10 en un mismo canonico cierra el defecto de que 'Empresas contaminantes...' saliera dos veces en la vista Ano. Los 9 recodes de 2022 se reapuntaron (el concepto pasa de c2023_p48 a c2025_p65); sus destinos 1-6, :otro_2022 y centinelas siguen siendo validos. Ponderado: 'Falta de areas verdes' 20.29 (2022) -> 29.59 -> 27.11 -> 28.70 y 'Servicios publicos deficientes' 24.17 -> 20.85 -> 31.53 -> 27.15"
2023,p57,2024,p67,categorica,comparable,,manual,"que hace con los residuos segregados; enunciado casi literal (2025 lo acorta a '?Que hace con los residuos separados?'). Codigos 1 a 6 identicos -el 6 'Los regala' que 2025 alarga a 'Los regala o dona'-. RECODE DE 2023 por el codigo 7, que esta reasignado: en 2023 es 'Los reutiliza' (1 caso) y en 2025 es 'Los junta para jugar loteria'. Le doy id propio en vez de mandarlo al :8 'Los recicla' de 2025, porque reutilizar y reciclar no son lo mismo. 2023 p57 no tenia concepto; con esto entra a c2025_p80. Ponderado: 'Los vende' 49.81 (2023) -> 35.62 -> 32.88 y 'Los regala' 8.85 -> 15.52 -> 15.72"
2023,p62,2024,p72,categorica,comparable,,manual,"principal PROBLEMA AMBIENTAL; enunciado literal y codigos 1 a 7 identicos en las cinco olas. RECODE DE 2023: su 8 'Contaminacion auditiva' (1 caso) lleva id propio -no lo fundo con el 10 'Ruido (fiestas, coches)' de 2025 porque no es la misma categoria-, su 9 'Ninguno' va al :15 y su 10 'Todas las anteriores' al :14, que es donde 2024 ya manda los suyos. Los 23 recodes de 2021 y 2022 se reapuntaron (el concepto pasa de c2023_p62 a c2025_p85); sus destinos 1-7, :otro y centinelas siguen siendo validos. Movimiento real y fuerte, ponderado: 'Escasez/desperdicio de agua' 3.90 (2021) -> 4.25 -> 24.25 (2023, el anio de la sequia) -> 3.13 -> 3.13, y 'Contaminacion del aire' 25.45 -> 30.17 -> 16.68 -> 29.74 -> 28.89"
2023,p142,2024,p161,categorica,comparable,,manual,"principal problema para confiar en el gobierno; enunciado literal y codigos 1 a 5 identicos en las cuatro olas. RECODE DE TRES OLAS porque la cola esta reasignada y hasta hoy las cuatro eran nativas: 2023 tiene 6 'Hay mucha corrupcion en servidores publicos' (1 caso, id propio), 7 'Ninguno' y 8 'Todas las anteriores', mientras 2024 tiene 6 'Ninguno' y 7 'Todas las anteriores'. Ademas 2021 (codigos 6,7,8,9) y 2022 (codigo 6) usan esos numeros para 'Otro' -32 y 6 casos-, que con el catalogo de 2024 encima se publicarian como 'Ninguno'. Recodifico 2021, 2022 y 2023 y dejo 2024 nativa; esto cierra el defecto BAJO #5 de la auditoria anterior en c2023_p142. Ponderado: 'No cumplen compromisos de campania' 42.18 (2021) -> 42.73 -> 38.62 -> 36.48 y 'No atiende las demandas ciudadanas' 17.62 -> 21.50 -> 20.69 -> 19.06"
2023,p77,2024,p83,categorica,comparable,,manual,"por que no consulto; enunciado literal y CODIGOS 1 A 7 IDENTICOS en 2023, 2024 y 2025 (incluido el 7 'Temor a contagiarse de alguna enfermedad'). RECODE DE 2023 por la cola: su 8 es 'No tomo medicamento' y su 9 'Me atiendo con un familiar', mientras 2025 usa el 8 para 'Dificultad para trasladarse' y el 9 para 'Decidio esperar un poco mas'; los dos de 2023 llevan id propio (1 caso cada uno). RESUELVE UN CHOQUE DE PINES: c2023_p77 estaba FIJADO en dos renglones y c2025_p94 ya tenia 11 recodes propios. Quite el pin de los dos renglones -la convencion reserva los concept_id fijados para las variables de cruce attr_*- y deje que el id derive a c2025_p94; los 18 recodes de 2021 y 2022 se reapuntaron, y los 11 de 2024 no se tocaron. Bases muy chicas (354 / 138 / 154 / 196 / 98): ponderado 'Se automedico' 26.21 -> 48.91 -> 65.39 -> 62.16 -> 49.68"
2023,p11,2024,p14,categorica,comparable,,manual,"si respondio Compras, que tipo de compras realizo; enunciado literal. Codigos 1 y 2 identicos. RECODE: 2023 tiene 3 'Libros' (1 caso) y 4 'Articulos para negocio' (1 caso) donde 2024 y 2025 tienen un solo 3 ('Compras para el negocio' / 'Material de trabajo'), asi que el 4 de 2023 va al :3 y 'Libros' lleva id propio; 2022 lleva recode por su 3 'Otro' (sin casos). Ponderado 'Compras del hogar': 89.18 (2022) -> 76.19 -> 80.61 -> 78.38, sobre bases de 333 / 388 / 562 / 555"
2023,p12,2024,p12,categorica,comparable,,manual,"por que no salio; enunciado literal salvo la referencia a la pregunta filtro. Los codigos 1 a 9 (sin el 5) son los mismos y cubren 85% de 2023 y 93% de 2024, con dos etiquetas acortadas ('Le da miedo / es inseguro' -> 'Le da miedo', 'Tengo que cuidar' -> 'Tuvo que cuidar'). LA COLA ESTA REASIGNADA POR COMPLETO: 2023 usa 10-16 para descanso/vacaciones, visita, 'no tenia a que salir', 'cosas que hacer en casa', 'sin trabajo ni dinero', edad y congestionamiento, y 2024 usa 10-14 para contaminacion del aire, adulto mayor, dia de descanso, 'ningun dia para salir' y vacaciones laborales. Recodifico 2023 -su 15 'No salgo por la edad' va al :11 'Es adulto mayor', el resto lleva id propio porque 2024 no ofrece la categoria o la parte en dos- y REMAPEO los 15 recodes de 2022, cuyos destinos :10, :11 y :12 pasarian a significar otra cosa. Ponderado: 'Trabajo en casa' 17.99 (2022) -> 11.90 -> 23.52 y 'Condiciones meteorologicas' 13.16 -> 22.81 -> 22.43. OJO: 2021 p7 es miembro del concepto y tiene CERO respuestas y CERO opciones"
2023,p35,2024,p38,categorica,comparable,,manual,"razon principal para no usar la bicicleta; enunciado literal. Codigos 1 a 9 identicos en las cuatro olas. LA COLA ESTA REASIGNADA EN TODAS y ademas los 19 recodes de 2022 apuntaban a la numeracion de 2023, asi que hubo que remapearlos: bajo el catalogo de 2025 el :10 pasa de 'No tengo o esta descompuesta' a 'Imposibilidad fisica para utilizarla', el :11 de 'No la necesito o no me gusta' a 'No tiene bicicleta', el :12 de 'condicion fisica' a 'Por los perros callejeros' y el :13 de 'solo como diversion' a 'No la necesito'. Recodifico 2023 (10 -> :11, 11 -> :13, 12 -> :10, 13 -> id propio compartido con 2022, 14 'Por los perros que te corretean' -> :12) y remapeo 2022 en el mismo sentido. Ponderado: 'No se andar en bicicleta' 28.38 (2022) -> 22.35 -> 18.55 -> 19.91 y 'Es menos seguro desplazarme' 10.65 -> 14.71 -> 23.48 -> 18.90"
2023,p56,2024,p66,categorica,comparable,,manual,"razon principal por la que no separa los residuos; 2023 p56 no tenia concepto. Codigos 1 a 4 identicos. RECODE DE 2023 por el codigo 5, que esta reasignado: en 2023 es 'No utilizamos mucho embases reciclables' (4 casos) y en 2025 es 'No tengo espacio para almacenar los residuos'; le doy id propio. Su 6 'Las personas recolectoras se la llevan' si tiene contraparte (el 6 de 2025, 'Se lo llevan los recolectores'). Ponderado: 'No es de mi interes' 32.86 (2023) -> 29.47 -> 51.00 y 'Aun cuando la separe, el camion mezcla todos los residuos' 37.24 -> 46.01 -> 28.88"
2023,p90,2024,p98,categorica,comparable,,manual,"principal problema en el area de SALUD; enunciado literal. Codigos 1 a 3 identicos en las cinco olas. 2024 PARTE el codigo 4 de 2021-2023 ('Falta de insumos/medicamentos (camillas, equipo medico)', 20.67% ponderado en 2023) en 4 'Falta de insumos medicos' y 5 'Falta de medicamentos', asi que las tres olas viejas necesitan un canonico propio para esa categoria fusionada -no se puede repartir. Recodifico las TRES (2021, 2022 y 2023): ademas del 4 fusionado, su 5 va al canonico de 'La infraestructura de atencion es deficiente' que 2024 ya estrena, su 6 al :7, su 7 ('Falta de programas preventivos') a un id propio compartido porque 2024 y 2025 ya no lo ofrecen, y sus codigos 8/9/10 de 'Otro' -que hoy son nativos- a ids propios: sin eso el catalogo de 2025 les pondria encima 'Todas las anteriores' y 'Ninguno'. Ponderado: 'Hospitales o clinicas insuficientes o lejanas' 20.63 (2021) -> 23.93 -> 22.02 -> 30.43 -> 29.71 y 'Los servicios de salud son caros' 28.54 -> 28.62 -> 23.63 -> 17.88 -> 18.50"
2023,p114,2024,p119,categorica,comparable,,manual,"si respondio que no se entera de los asuntos publicos, por que; enunciado literal y codigos 1 a 3 identicos, 2024 agrega el 4 ('Desconozco donde consultar esa informacion') y el 5 ('Otra'), los dos SIN CASOS, que la union resuelve sin recode. NO PUBLICAR ESTA SERIE: las bases son 35 (2021), 10 (2022), 29 (2023), 4 (2024) y 9 (2025) respondientes iniciales, asi que los porcentajes son ruido puro -en 2024 un solo caso vale 25 puntos-. Se declara para cerrar la cadena y para que el filtro del modo manual encuentre la pregunta, no para leer la tendencia"
2023,p10,2024,p13,categorica,exclude,,manual,"principal motivo del traslado: CAMBIA LA BASE Y CAMBIA EL CATALOGO. 2021, 2022 y 2023 se lo preguntan a TODOS y ofrecen 'Sin viaje' como una opcion mas (46.95% ponderado en 2023, n=4,950); 2024 antepone la pregunta filtro p11 ('?durante el dia de ayer salio de casa?', No 39.18%) y solo pregunta el motivo a los 2,974 que salieron, sin la opcion 'Sin viaje'. La serie declarada publicaria 'Trabajo' 33.09 -> 53.63, y practicamente todo el salto es denominador. Ademas el codigo 9 esta reasignado: en 2023 es 'Sin viaje' y en el catalogo de 2024-2025 es 'Tramites'. Mismo defecto que llevo a exclude el par p26 <-> p28 (Bloque 0) y la bateria del TP de 2021-2022 (decision firme #1). c2023_p10 se queda con 2021-2023, que si comparten universo"
2023,p44,2024,p49,categorica,exclude,,manual,"en que municipio y estado vivia antes: CAMBIA LA BASE Y NO HAY CATALOGO COMPARABLE. (1) Base, medida cruzando con la pregunta de recencia de la mudanza: 2023 le pregunta a TODOS los que alguna vez se mudaron -los codigos 1 a 4 de p42, 155+505+696+1340 = 2,696 respondientes-, mientras 2024 solo se lo pregunta a quienes se mudaron en los ultimos 5 anios -los codigos 1 y 2 de p47, 86+460 = 546-; los 725 que se mudaron hace 5-10 anios y los 1,852 que se mudaron hace mas de 10 quedan fuera. (2) Catalogo: 125 opciones en 2023 contra 62 en 2024, con listas ad hoc que coinciden solo en los dos primeros codigos ('Allende, NL' y 'Apodaca, NL') y divergen desde el tercero. Un recode exigiria mapear a mano 125 renglones para comparar universos distintos"
2023,p45,2024,p50,categorica,exclude,,manual,"motivo del cambio de residencia: CAMBIA LA BASE. Verificado cruzando con la pregunta de recencia: 2023 se lo pregunta a los 2,696 que alguna vez se mudaron y 2024 solo a los 546 que se mudaron en los ultimos 5 anios. El efecto es enorme y sistematico porque quien se mudo hace mucho ya compro casa: 'Compre una casa / Tener casa propia' pasa de 60.50% a 28.59% ponderado y 'La renta es mas barata' de 6.96% a 14.09%. Los codigos 1 a 13 si alinean por contenido, asi que el par es rescatable el dia que la ETL exponga la recencia como filtro y se pueda restringir 2023 a los mismos 5 anios: entonces seria comparable con recode. Mientras tanto la serie seria integramente composicion de la base"
2024,p43_1,2025,p44_1,categorica,comparable,,manual,"BATERIA PEATONAL, item que faltaba: de los ocho items de 2024 p43_N <-> 2025 p44_N solo estaban declarados el 3, el 6 y el 8. Catalogo identico codigo a codigo en las cinco olas (0 No / 1 Si / 2 'No hay ...' / 8888 / 9999; 2021 usa 3=NO HAY y 8/9=NS/NC y ya tiene recode). Item: cruces peatonales marcados y seguros. %Si ponderado sobre iniciales 2021.2022.2023.2024.2025 = 55.26 . 51.19 . 56.65 . 49.09 . 43.36. OJO: 2025 SUPRIME EL CODIGO 2 ('No hay cruces', 1.43% ponderado en 2024) y la nota al encuestador dice 'si contesta no hay cruces seleccionar no', asi que el 'No' de 2025 absorbe ese 1.4% -son 1.4 puntos de la caida de 5.7. La union conserva el codigo 2 con la etiqueta de 2024. Este par genera un aviso legitimo de codigos divergentes (solo en 2024=[2])."
2024,p43_2,2025,p44_2,categorica,comparable,,manual,"BATERIA PEATONAL, item que faltaba: de los ocho items de 2024 p43_N <-> 2025 p44_N solo estaban declarados el 3, el 6 y el 8. Catalogo identico codigo a codigo en las cinco olas (0 No / 1 Si / 2 'No hay ...' / 8888 / 9999; 2021 usa 3=NO HAY y 8/9=NS/NC y ya tiene recode). Item: rampas para personas con discapacidad en buen estado. %Si ponderado sobre iniciales 2021.2022.2023.2024.2025 = 44.11 . 48.30 . 52.79 . 42.96 . 45.26. "
2024,p43_4,2025,p44_4,categorica,comparable,,manual,"BATERIA PEATONAL, item que faltaba: de los ocho items de 2024 p43_N <-> 2025 p44_N solo estaban declarados el 3, el 6 y el 8. Catalogo identico codigo a codigo en las cinco olas (0 No / 1 Si / 2 'No hay ...' / 8888 / 9999; 2021 usa 3=NO HAY y 8/9=NS/NC y ya tiene recode). Item: banquetas amplias para dos sillas de ruedas o carriolas. %Si ponderado sobre iniciales 2021.2022.2023.2024.2025 = 12.07 . 27.67 . 32.10 . 29.38 . 29.55. "
2024,p43_5,2025,p44_5,categorica,comparable,,manual,"BATERIA PEATONAL, item que faltaba: de los ocho items de 2024 p43_N <-> 2025 p44_N solo estaban declarados el 3, el 6 y el 8. Catalogo identico codigo a codigo en las cinco olas (0 No / 1 Si / 2 'No hay ...' / 8888 / 9999; 2021 usa 3=NO HAY y 8/9=NS/NC y ya tiene recode). Item: banquetas con obstaculos. %Si ponderado sobre iniciales 2021.2022.2023.2024.2025 = 89.26 . 78.19 . 73.72 . 84.44 . 82.98. "
2024,p43_7,2025,p44_7,categorica,comparable,,manual,"BATERIA PEATONAL, item que faltaba: de los ocho items de 2024 p43_N <-> 2025 p44_N solo estaban declarados el 3, el 6 y el 8. Catalogo identico codigo a codigo en las cinco olas (0 No / 1 Si / 2 'No hay ...' / 8888 / 9999; 2021 usa 3=NO HAY y 8/9=NS/NC y ya tiene recode). Item: banquetas iluminadas de noche. %Si ponderado sobre iniciales 2021.2022.2023.2024.2025 = 50.32 . 54.47 . 61.35 . 59.18 . 53.93. 2025 reescribe el reactivo ('Cuando camina en la noche, las banquetas estan bien iluminadas?' contra 'cuentan con alumbrado adecuado y funcionando para desplazarse por la noche?'): misma medida, redaccion mas corta."
2024,cp14_1,2025,cp15_1,categorica,comparable,,manual,"TEMPERATURA AGRADABLE EN LA ESCUELA, temporadas de frio. El q_text de 2024 solo trae el item ('CP 14 1 Temporadas de frio'), asi que a ojo no se parece; VERIFICADO CONTRA EL CUESTIONARIO (data/source/2024/Cuestionario 2024.xlsx, hoja '4. Diccionario Provisional ', fila cp14_1_1) el enunciado real de 2024 es 'La escuela a la que asiste puede mantener una temperatura agradable en: Temporadas de frio', literalmente el de 2025. Catalogo identico incluido el 5555 'Estudia en linea' (2023 no lo tiene; la union lo agrega). OJO CON LA BASE: el modulo escolar se guarda contra el respondent_id del estudiante, y con initial_only la vista ponderada corre sobre 41 (2024) y 23 (2025) casos, que es ruido. La serie utilizable es SIN PONDERAR sobre todos los estudiantes: %Si 2023=81.7 (n=1,783) 2024=90.4 (n=2,012) 2025=89.1 (n=2,033)"
2024,cp14_2,2025,cp15_2,categorica,comparable,,manual,"TEMPERATURA AGRADABLE EN LA ESCUELA, temporadas de calor. Gemelo de cp14_1<->cp15_1: mismo verificado contra el cuestionario de 2024 (fila cp14_2_1), mismo catalogo y misma advertencia de base (con initial_only son 41 y 23 casos). Serie sin ponderar sobre todos los estudiantes: %Si 2023=88.1 2024=89.8 2025=92.1"
2024,p133_4,2025,p142,categorica,comparable,,manual,"ITEM 4 DE LA BATERIA DEL ALCALDE ('cumplio con sus promesas de campana/compromisos?'), enunciado literal y unico item de la bateria que estaba sin par (p131_1<->p139, p132_2<->p140 y p133_3<->p141 ya estaban). Catalogo 0/1/8888/9999 identico en las cinco olas (2021 usa 8/9, que el build normaliza). %Si ponderado: 2021=41.05 2022=42.91 2023=40.71 2024=48.82 2025=51.62. Aplica la advertencia de p137<->p145: el alcalde cambio en octubre de 2024. p133_5 ('capacidad y apertura para generar acuerdos') no tiene contraparte: 2025 recorta la bateria de cinco items a cuatro"
2024,ocio,2025,ocio,numerica,comparable,,manual,"MINUTOS DE OCIO AL DIA. Definicion verificada reconstruyendo la derivada desde el crudo: ocio = p10_1*60 + p10_2 en 4,929 de 4,929 casos de 2024 y = p9_1*60 + p9_2 en 4,791 de 4,791 de 2025. Misma formula. Media ponderada sobre iniciales 157.76 -> 165.22 min. Ninguna de las dos olas tenia concepto: crea un concepto nuevo de dos olas"
2024,quehaceres_hogar,2025,quehaceres_hogar,numerica,comparable,,manual,MINUTOS DE QUEHACERES DEL HOGAR AL DIA. Media ponderada 2023=177.87 2024=191.47 2025=185.66. Renombra c2024_quehaceres_hogar -> c2025_quehaceres_hogar; 0 recodes
2024,tiempo_ida,2025,tiempo_ida,numerica,comparable,,manual,"MINUTOS DE IDA AL DESTINO PRINCIPAL. Media ponderada 2023=39.56 (n=2,675) 2024=46.97 (n=2,904) 2025=43.85 (n=2,961). El miembro de 2022 es tiempo_ida_total. 0 recodes"
2024,tiempo_regreso,2025,tiempo_regreso,numerica,comparable,,manual,MINUTOS DE REGRESO DESDE EL DESTINO PRINCIPAL. Media ponderada 2023=43.03 2024=51.23 2025=48.87. El miembro de 2022 es tiempo_vuelta_total. 0 recodes
2024,tiempo_total_traslado,2025,tiempo_total_traslado,numerica,comparable,,manual,MINUTOS DE TRASLADO IDA + VUELTA. Media ponderada 2023=82.54 2024=98.20 2025=92.72. El miembro de 2022 es tiempo_traslado_total. 0 recodes
2024,tiempo_espera,2025,tiempo_espera,numerica,comparable,,manual,"MINUTOS DE ESPERA DEL TRANSPORTE PUBLICO. Media ponderada 2023=24.29 (n=714) 2024=31.29 (n=773) 2025=32.04 (n=658). OJO, y es lo que salva el par: la derivada de 2024 SI trae dato aunque sus dos componentes (p20_1 horas y p20_2 minutos) sean q_id huerfanos, asi que este par NO esta bloqueado por el prerequisito P1. El miembro de 2022 es tiempo_espera_total"
2024,tiempo_espera_consulta,2025,tiempo_espera_consulta,numerica,comparable,,manual,MINUTOS DE ESPERA PARA SER ATENDIDO EN LA CONSULTA MEDICA. Media ponderada 2023=47.80 (n=297) 2024=49.78 (n=549) 2025=43.45 (n=573). Los miembros de 2021 y 2022 son p65_1 y p80_1
2024,tiempo_trabajo,2025,tiempo_trabajo,numerica,comparable,,manual,"MINUTOS DE TRABAJO AL DIA (incluida la hora de comida). El q_info de 2025 declara la formula: (p3_1*60) + p3_2. Media ponderada 506.69 (n=2,283) -> 509.18 (n=2,159). Ninguna de las dos olas tenia concepto: concepto nuevo de dos olas"
2024,usa_metro,2025,usa_metro,categorica,comparable,,manual,"DERIVADA BINARIA 0/1. Definicion verificada contra el crudo, no por el nombre: los 685 con usa_metro=1 en 2024 son EXACTAMENTE los 685 con p18=7 (metro como modo principal) o p29=1 (lo usa en algun otro viaje), y los 645 de 2025 son exactamente los 645 con p17=8 o p30=1 -o sea que la definicion no cambio pese a que el catalogo de modo de transporte se reordeno (Metro pasa de 7 a 8). %Si ponderado 17.18 -> 15.96. Concepto nuevo de dos olas"
2024,trabajo_formal,2025,trabajo_formal,categorica,comparable,,manual,"DERIVADA BINARIA 0/1 (cuenta con vacaciones + seguro medico + aguinaldo). %Si ponderado 54.43 (n=2,322) -> 56.82 (n=2,231). Concepto nuevo de dos olas"
2024,al_menos_un_problema_mental,2025,al_menos_un_problema_mental,categorica,comparable,,manual,"DERIVADA BINARIA 0/1 sobre la bateria de salud mental (decaido / ansioso / insomnio). Los tres items ya estan pareados (c2025_p107_1..3) con catalogos identicos codigo a codigo. %Si ponderado 2023=33.86 2024=34.94 2025=36.81. El miembro de 2022 se llama salud_mental. Catalogo 0 No / 1 Si identico en las cuatro olas, 0 recodes"
2024,prestaciones,2025,prestaciones,categorica,comparable,,manual,"DERIVADA BINARIA 'cuenta con TODAS las prestaciones'. %Si ponderado 6.10 (n=2,322) -> 10.61 (n=2,228), +74% relativo. NOTA OBLIGATORIA: el salto no es solo comportamiento. El item que mas restringe la conjuncion cambia de redaccion y se ensancha: 'Guarderia' en 2024 (15.53% Si ponderado, 14.3% crudo) pasa a 'Estancia infantil (guarderia)' en 2025 (25.86% ponderado, 23.9% crudo). Mas gente contesta que si a ese item y por lo tanto mas gente cumple las ocho"
2024,cuidados_personas,2025,cuidados_personas,numerica,comparable,,manual,"MINUTOS DIARIOS DE CUIDADO NO REMUNERADO. NOTA OBLIGATORIA: buena parte del alza es un cambio de codificacion, no de comportamiento. La app publicaria 102.18 (n=4,905) -> 166.18 (n=4,193); homologando los 577 casos que 2025 estrena como 7777 'No aplica' en p8_1 -y que 2024 registraba como 0 horas- el 2025 da 142.23 (n=4,770), o sea +39% en vez de +63%. Ver la nota del par p9_1 <-> p8_1. El miembro de 2023 se llama cuidado_personas, en singular"
2024,total_min_trabajo_rem_y_norem,2025,total_min_trabajo_rem_y_norem,numerica,comparable,,manual,"MINUTOS TOTALES DE TRABAJO REMUNERADO Y NO REMUNERADO, sobre quienes tienen trabajo remunerado (el q_info de 2025 declara la formula: tiempo_trabajo + quehaceres_hogar + cuidados_personas). Media ponderada 698.49 (n=2,261) -> 773.20 (n=1,923). VERIFICADO que el par preexistente 2023<->2024 NO esta cruzado pese al nombre: la variable de 2023 que se llama total_min_trabajo_rem (696.83, n=2,194) es la de trabajadores -la misma poblacion que 2024 y 2025- y la que se llama _y_norem (502.82, n=4,916) es la de todos. ADVERTENCIA: mirar la caida de base de 2025 (1,923 contra los 2,159 de tiempo_trabajo) antes de publicar; y arrastra la advertencia del 7777 de cuidados_personas, que es uno de los tres sumandos"
2024,p12,2025,p11,categorica,comparable,,manual,"POR QUE NO SALIO DE CASA. Misma pregunta, pero 2025 CORRE TODA LA NUMERACION UN LUGAR desde el codigo 5 y el par EXIGE RECODE SOBRE 2024 (14 renglones) y el REMAPEO de los 31 que ya existian para 2022 y 2023 -apuntaban a la numeracion de 2024-. Mapeo 2024->2025: 1->1 2->2 3->3 4->4 6->5 (Trabajo en casa) 7->6 8->7 9->8 10->9 12->11 (dia de descanso) 9999->9999; con id propio por no tener destino en 2025: 13 ('Ningun dia para salir') y 14 ('Vacaciones laborales'), y 11 ('Es adulto mayor, casi no sale') que se funde con el 15 de 2023 ('No salgo por la edad'). SIN EL RECODE los codigos 11, 12 y 14 de 2024 chocan con categorias distintas de 2025 y se publicarian mal: el 23.52% ponderado de 'Trabajo en casa' de 2024 saldria como 'Estudio en casa' (0.92% real en 2025), el 17.79% de 'Tuvo que cuidar a alguien' como 'Los traslados son costosos' y el 1.33% de 'Dia de descanso laboral' como 'Se quedo a hacer quehaceres'. 2025 estrena 10 (falta de infraestructura), 12 (quehaceres del hogar, 29.85%, la respuesta mas frecuente), 13 (Otro) y 14 (No quiso salir). El miembro 2021 p7 esta en el concepto pero no tiene opciones ni respuestas cargadas: no aporta RESUELTO DESPUES: el canonico :11 'Porque fue dia de descanso' publicaba 1.9 / 0.0 / 1.3 / 7.7 porque 2023 quedaba fuera. 2023 FUSIONA lo que 2024 PARTE EN DOS: su codigo 10 'Es mi dia de descanso / vacaciones de trabajo' tenia id propio y el 14 de 2024 'Vacaciones laborales' tambien. Se reapuntaron LOS DOS a :11, asi que la categoria es 'dia de descanso O vacaciones laborales' en las cuatro olas y la serie queda 1.9 / 1.9 / 1.9 / 7.7. OJO CON LA ETIQUETA: el canonico se llama 'Porque fue dia de descanso' porque la etiqueta la gana la ola mas nueva y 2025 no ofrece 'vacaciones' por separado (2022 tampoco); el corte descanso/vacaciones solo existio en 2024. El salto de 2025 a 7.7 es real y no lo explica este arreglo: ese ano el catalogo cambia mucho mas (estrena 'Se quedo a hacer quehaceres del hogar', que se lleva 29.8 %)."
2024,p19,2025,p19,categorica,comparable,,manual,"POR QUE NO UTILIZA EL TRANSPORTE PUBLICO COLECTIVO. Misma pregunta, pero 2025 INSERTA DOS CODIGOS NUEVOS (4 'demasiados trasbordos' y 6 'es complicado entender como funciona el pago') y corre el resto, asi que el par EXIGE TRES RECODES: uno nuevo para 2024 (14 renglones), uno nuevo para 2023 p17 (14; hoy es nativa y comparte la numeracion vieja, es el corolario de la regla de juzgar contra TODAS las olas del concepto) y el remapeo de los 16 de 2022 p15. Mapeo 2024/2023 -> 2025: 1->1 2->2 3->3 4->5 (pasaje caro) 5->7 (feo/sucio) 7->8 (inseguro) 8->9 (va lleno) 9->10 (mal servicio) 10->11 (Comodidad) 11->12 (no accesible) 12->13 (herramienta de trabajo) 8888->8888 9999->9999; el codigo 6 ('El transporte no me deja cerca de mi destino') no existe en 2025 y lleva id propio compartido por 2022, 2023 y 2024. SIN EL RECODE 'Comodidad', que es la respuesta mayoritaria, se publicaria como 'Mal servicio' en DOS olas: 63.25% en 2024 y 45.76% en 2023. OJO CON EL 12: 2025 lo reescribe como 'Su trabajo proporciona/requiere vehiculo' contra 'Es el medio con el que trabaja' (2024) y 'Es taxista, chofer o es su herramienta de trabajo' (2023); se mantiene la cadena que el eslabon anterior ya habia declarado, y pesa menos de 1.3% en todas las olas"
2024,p48,2025,p52,categorica,exclude,,manual,"NI EL UNIVERSO NI EL CATALOGO COINCIDEN. 2024 p48 es binaria ('La vivienda a la que se mudo es: Nueva / Previamente habitada') y solo se le pregunta a quien se mudo en los ultimos 5 anios (n=546). 2025 p52 es la TENENCIA de la vivienda actual, con 9 categorias (la compro nueva / usada / la mando construir / la autoconstruyo / rentada / prestada x2 / regalada / heredada) y se le pregunta a los 4,955. 2025 rediseno el modulo de vivienda completo"
2024,p49,2025,p56_ultimos_5_anios,categorica,exclude,,manual,"MISMA PREGUNTA Y MISMO UNIVERSO NOMINAL (donde vivia antes, mudanza en los ultimos 5 anios: n=546 y 1,069) PERO CATALOGOS INCOMPATIBLES. 2024 usa una lista ad hoc de 62 opciones donde 1=Allende, 2=Apodaca y 16=Monterrey, y mezcla municipios de NL con ciudades de otros estados; 2025 usa el catalogo estandar de los 51 municipios de NL en orden alfabetico, donde 1=Abasolo, 4=Allende y 6=Apodaca. Homologarlo es el mismo trabajo que costo 44 recodes en p14<->p16, mas decidir que hacer con las entradas de otros estados. Es el mismo defecto por el que ya esta en exclude el par 2023 p44 <-> 2024 p49"
2024,p50,2025,p57,categorica,exclude,,manual,"2025 PARTE LA PREGUNTA EN DOS Y REASIGNA TODOS LOS CODIGOS. 2024 p50 ('cual fue el motivo de su cambio de residencia?', 16 opciones, n=546) MEZCLA razones de expulsion y de atraccion en una sola lista (1 'Compre una casa', 3 'Mas cerca de trabajo', 6 'Mejor seguridad', 9 'Me pidieron desalojar'). 2025 las separa: p57 = por que dejo la vivienda anterior (21 opciones, n=3,361) y p58 = por que eligio esta zona (15 opciones). Ninguna de las dos por si sola reconstruye a 2024 y las dos juntas duplicarian respondientes. Ademas cambia la base (546 contra 3,361). Es el mismo defecto por el que ya esta en exclude el par 2023 p45 <-> 2024 p50"
2024,p51,2025,p58,categorica,exclude,,manual,"EL UNIVERSO DIFIERE 22 VECES. 2024 p51 solo se le pregunta a quien COMPRO ('Para quienes responden 1, compre una casa o departamento, en la pregunta anterior', n=153); 2025 p58 a todo el que se mudo (n=3,365). Las categorias se solapan a medias y los codigos estan reasignados. Con n=153 la columna 2024 no seria publicable de todos modos"
2021,p9_1,2022,p12,categorica,comparable,,manual,"municipio de DESTINO del traslado principal. RECODE de 2021 obligatorio y con dos motivos distintos: (a) el catalogo canonico usa los codigos de 2025 (1=Abasolo), no los de 2022, igual que los recodes de 2022-2024; (b) el cuestionario 2021 solo ofrecia 12 opciones (los 11 municipios del AMM + '12. Otro Explicar'), asi que los codigos 12-41 que aparecen en answers son codificaciones a mano de esa respuesta abierta, NO el codebook de 2022: por eso el 25 tiene 37 casos en 2021 y 'Hualahuises' 2 en 2022. Los codigos 1-11 son municipio por municipio los mismos que en 2022 (4,182 casos, 94.7%) y van a su canonico; los 233 casos de 12-41 (5.3%) van a :otro_2021, etiquetado 'Otro', porque no se puede saber que municipio son"
2021,p126,2022,p122,categorica,comparable,,manual,"sabe que tipo de iniciativa es 'Como Vamos': mismo reactivo y los codigos 1-3 coinciden. Requirio arreglar DOS etiquetas de 2021 en options_fixes_approved.csv, las dos verificadas contra el cuestionario 2021: el codigo 3 traia dos etiquetas pegadas ('Mismo gobiernoOtro*') y el codigo 8, con 80 casos (17.1%), decia 'Otro' cuando en toda la ola 2021 el 8 es NS; el build lo normaliza a 8888 y empata con el 20.9% de 'No sabe' de 2022. Sin ese arreglo el par publicaba un 'Otro' de 17.1% en 2021 frente a un 'No sabe' que 2021 no tenia RESTO DE E7 CERRADO DESPUES: los codigos 4 y 5 de 2021 son los dos 'Otro' (n=1 cada uno) y caian en los canonicos :4 y :5, de modo que el caso del codigo 4 se publicaba bajo la etiqueta 'UANL' que 2024 estrena en ese mismo codigo. Es el patron de E7 (un residual de una ola vieja republicado bajo una etiqueta sustantiva de una nueva). Se recodifico 2021 DE CERO (era nativa, y un recode obliga a declarar las 6 opciones): 1-3 a su canonico, 8 a :8888 y los dos 'Otro' a :otro_2021. Barrido del mismo patron sobre las cinco olas: este era el unico caso vivo; c2023_p45, c2023_p142, c2023_p40, c2023_p90 y c2023_p92 ya estaban resueltos por eslabones posteriores, y los otros cinco candidatos son falsos positivos ('Otro' vs 'Otro*', 'Ninguno' vs 'Ninguna')"
2021,cp4_1,2022,cp5_1,categorica,comparable,,manual,"parentesco de cada integrante con el jefe(a) del hogar (roster, n=14,224 y 13,688); codigos 1-7 identicos y con distribuciones cercanas. Concepto de DOS OLAS: la cadena muere en 2022, porque 2023 cp5 es otra pregunta ('con quien vive'), ya declarada aparte. RECODE de 2021 obligatorio: en 2022 el codigo 8 es 'Nieto' y en 2021 es 'Otro', asi que sin el se fundirian. El catalogo lo aporta 2022, donde el cuestionario abre una seccion 'Otro:' a partir del 8 (8 Nieto, 9 Cunada, 10 Tia...) que post-codifica la respuesta abierta: por decision del equipo NO se colapsa el 8 'Nieto' (655 casos) con el 4 'Nieta (o)' (541), se respeta el catalogo tal como se capturo. Los residuales de 2021 (codigo 8 y 10-27, incluidos ocho codigos que ni siquiera tienen renglon en options) van a :otro_2021 y el 9 'NS/NC' a 8888"
2021,p79_2,2022,p3,categorica,comparable,,manual,"su hogar cuenta con una conexion a internet: enunciado LITERAL y codigos 0/1 identicos. Requirio re-tipar 2021 p79_2 de numerica a categorica en question_type_fixes_approved.csv (la ola guardo el si/no en answers.value, con 8 y 9 -NS/NC- metidos en el mismo campo) mas las cuatro etiquetas 0=No/1=Si/8=NS/9=NC en options_fixes. Sin el re-tipado el par metia un miembro numerico en un concepto categorico y la columna 2021 salia basura. Sin recode"
2021,p79_1,2022,p2,categorica,comparable,,manual,"en su hogar existen suficientes dispositivos electronicos para quienes estudian: enunciado LITERAL y codigos 0/1 identicos. Mismo re-tipado que p79_2 (numerica -> categorica + etiquetas 0=No/1=Si/8=NS/9=NC). ADVERTENCIA OBLIGATORIA, y es un denominador MAS que el que ya trae la nota de 2022 p2 <-> 2023 p1: el 'No aplica' pasa de 0% en 2021 a 28.7% en 2022 y 60.2% en 2023-2024, o sea 2021 le pregunto a TODOS los hogares, 2022 al 71.3% y 2023-2024 al 39.8%. La serie de '% Si sobre el total' NO es comparable; hay que leerla sobre los hogares con estudiantes. El equipo acepto declararlo con la advertencia"
2022,p119,2023,p135,categorica,comparable,,manual,"cuanto considera que los ciudadanos pueden influir en las decisiones del gobierno. 2023 DESDOBLA la pregunta sin calificar de 2021-2022 en estatal (p135) y municipal (p136); se elige la ESTATAL por decision de la casa -- 'el gobierno' sin calificar se lee como el estatal -- y consistente con las dos series vivas que 2024/2025 conservan separadas (c2025_p159 estatal, c2025_p160 municipal). La mitad municipal esta declarada exclude. Los 4 codigos (1 Mucho, 2 Algo, 3 Poco, 4 Nada) y los centinelas 8888/9999 coinciden, asi que no necesita recode. ADVERTENCIA OBLIGATORIA AL PUBLICAR: el desdoblamiento mueve el estadistico por si solo -- 'Mucho' ponderado pasa de 21.7% (2022, sin calificar) a 12.5% (2023 estatal) y 13.7% (2023 municipal), asi que los ~9 puntos del escalon de 2023 son efecto del reactivo, no opinion. Se declara porque ese escalon es del mismo tamano que el ruido natural de la serie estatal con el reactivo identico (+7.2 de 2023 a 2024, -7.3 de 2024 a 2025). Serie 'Mucho' ponderada resultante: 21.6 (2021) 21.7 (2022) 12.5 (2023) 19.7 (2024) 12.4 (2025)"
2022,p38,2023,p32,categorica,comparable,,manual,"que aspecto considera que el gobierno debe atender de manera mas urgente en el transporte publico; texto LITERAL y codigos 1-7 identicos en etiqueta. CAMBIA LA BASE: 2022 lo pregunto a los 4,410 respondientes (usen o no el TP) y 2023 solo a los 1,684 usuarios de transporte publico. Se declara comparable porque la decision firme #1 de la casa (base 'todos' -> 'usuarios') es criterio con umbral y no regla dura, y aqui el umbral no se cruza: restringiendo 2022 a sus 1,588 usuarios (filtro p31_0=Si) el codigo 1 pasa de 59.0% a 65.7% ponderado contra 67.4% de 2023, y las otras seis opciones quedan a menos de un punto, asi que el reactivo SI empareja. NO PUBLICAR la serie cruda 59.0 -> 67.4 como cambio de preferencia: la diferencia entre olas es BASE, no opinion; la comparacion honesta es 65.7 -> 67.4. Concepto aislado de dos olas: el reactivo solo existe en 2022 y 2023 (no hay contraparte en 2021, 2024 ni 2025). RECODE de 2022 (12 renglones, exhaustivo): los codigos 8, 9 y 10 de 2022 estan etiquetados 'Otro' (16 casos, 0.29%) y no existen en 2023, asi que se mandan al canonico :7 'Otro cual?' junto con el 7, para que la vista Ano muestre una sola fila 'Otro' en vez de tres. El aviso del build 'solo en 2022=[8,9,10]' es ese, y es esperado. El concept_id es derivado y no esta fijado: no hay riesgo de reapuntado porque el reactivo no existe en otras olas y la cadena no puede crecer"
2022,p71_3,2023,p70_3,categorica,exclude,,manual,"bateria de migracion. NO SON LA MISMA MEDIDA: 2022 item 3 pregunta por un beneficio concreto y focalizado ('si son migrantes que se establecen en Nuevo Leon, se les deberia proporcionar apoyos sociales', De acuerdo 69.9% ponderado) y 2023 item 3 por un principio general de igualdad ('las personas migrantes deben tener las mismas oportunidades -- empleo, educacion, acceso a programas sociales -- que las personas mexicanas', 66.5%); 2024 y 2025 lo ensanchan todavia mas ('los mismos DERECHOS y oportunidades', agregando salud). Un respondiente puede estar de acuerdo con el principio y en desacuerdo con el apoyo focalizado sin contradecirse. Se excluye por asimetria de riesgo, no por el dato: el par solo agregaria 2021 y 2022 a c2025_p90_2, que ya es una serie viva de tres olas (2023-2025), y a cambio la pondria en riesgo. La serie que saldria es SUAVE (67.8, 69.9, 66.5, 65.2, 51.3) y eso es justo lo que la hace peligrosa: cualquier error quedaria invisible. La bateria pasa de 5 items a 4 y el desfase real es 1->1, 2->2, 5->4 (ya declarados); 2022 p71_4 <-> 2023 p70_4 es la trampa posicional, tambien exclude. Con esto 2022 p71_3 cierra su concepto (c2022_p71_3) en 2021-2022"
2023,p7_1,2024,p7_1,categorica,comparable,,manual,"prestacion 'Vacaciones', item 1 de la bateria; los items 2 a 6 ya estaban declarados, asi que este era el unico hueco. El overlay db/overlays/question_fixes_approved.csv reparo los 19 q_id huerfanos de 2024: el cuestionario 2024 deja vacia la columna 'Codigo' de este reactivo y el ETL no genero su renglon en questions, dejando 2,322 respuestas inalcanzables. Catalogo 0/1 + centinelas identico. Ponderado Si 64.0 (2023) vs 61.7 (2024)"
2023,p8_2,2024,p8_2,numerica,comparable,,manual,"'Min___' de los quehaceres constantes del hogar; el par de horas (p8_1 <-> p8_1) ya estaba declarado. El overlay db/overlays/question_fixes_approved.csv reparo los 19 q_id huerfanos de 2024: el ETL fusiono el enunciado de los minutos dentro del q_text de p8_1 y dejo 4,942 respuestas sin renglon, ademas guardadas en answers.option_id; el overlay da de alta la pregunta como numerica y migra el dato a answers.value. Media ponderada 1.01 (2023) vs 1.04 min (2024)"
2023,p9_2,2024,p9_2,numerica,comparable,,manual,"'Min___' del cuidado no remunerado de otras personas; el par de horas (p9_1 <-> p9_1) ya estaba declarado. Mismo defecto y misma reparacion que p8_2. Media ponderada 0.21 (2023) vs 0.30 min (2024)"
2023,p18_2,2024,p20_2,numerica,comparable,,manual,"'Min' de espera del transporte publico; acompania al par de horas p18_1 <-> p20_1. El overlay db/overlays/question_fixes_approved.csv reparo los 19 q_id huerfanos de 2024: los minutos de 2024 vivian en el huerfano p20_2 (786 respuestas) porque el ETL fusiono las dos preguntas en el renglon p20; el overlay da de alta p20_2 como numerica y migra el dato a answers.value. Media ponderada 19.93 (2023) vs 18.92 min (2024)"
2023,p52_2,2024,p61_2,categorica,comparable,,manual,"bateria de parques, item 2 ('son seguros para usted y su familia'); los items 1, 3, 4 y 5 ya estaban declarados. El overlay db/overlays/question_fixes_approved.csv reparo los 19 q_id huerfanos de 2024: columna 'Codigo' vacia en el cuestionario 2024, 4,942 respuestas inalcanzables. Catalogo 0/1 + centinelas identico. Ponderado Si 55.7 (2023) vs 52.4 (2024)"
2023,p127,2024,p139,categorica,comparable,,manual,"'para usted, el gobierno de NOMBRE DE ALCALDE ha sido/fue'; las 4 opciones son identicas. CAMBIA EL TIEMPO VERBAL (decision firme #2): 2024 evalua a un alcalde SALIENTE. Ponderado 17.1/34.6/23.3/16.9 (2023) vs 20.8/31.0/27.1/18.7 (2024), y el 'No sabe' cae de 7.5 a 2.3, la misma firma que deja ese cambio en la bateria p124_* <-> p133_*. El overlay db/overlays/question_fixes_approved.csv reparo los 19 q_id huerfanos de 2024: el texto y el catalogo venian bajo p139_P (sufijo espurio del ETL) y las 4,942 respuestas bajo p139, y el overlay los unifico en p139"
2023,p68_16,2024,p77_16_otro,categorica,comparable,,manual,"item 16 ('Otro') de la bateria de discriminacion, el unico que faltaba: la bateria mapea 1->1 ... 16->16 sin desfase. El overlay db/overlays/question_fixes_approved.csv reparo los 19 q_id huerfanos de 2024: el renglon que el ETL llamo p77_16 resulto ser el campo abierto '?cual?' -trae el catalogo de verbatims-, asi que el binario del item quedaba sin renglon; el overlay renombra aquel a p77_16_espec y da de alta p77_16_otro. Catalogo 0/1. Ponderado Si 0.6 (28 casos, 2023) vs 0.1 (5 casos, 2024). OJO con el denominador: 2023 no trae centinelas en este item y 2024 trae 4.1% de 'No sabe'"
2023,p68_16_cual,2024,p77_16_espec,categorica,exclude,,manual,"campo abierto '?cual?' del item 'Otro' de discriminacion. El overlay sí recupero el catalogo de 2024 (venia bajo el q_id p77_16), pero los dos catalogos son listas de verbatims DISTINTAS y sus codigos no alinean: 2023 codifica 5 respuestas textuales (religion, madre soltera, preferencia politica, falta de experiencia, divorciada) sobre 28 casos y 2024 codifica otras 4 (alcoholico, honesto, religion, estatura, huerfano) sobre 5 casos. Solo 'Por su religion' aparece en ambas y con codigo distinto. Comparar el codigo N de una ola contra el N de la otra publicaria categorias cruzadas"
2023,p61,2024,p71,categorica,comparable,,manual,"Rio Santa Catarina. CAMBIA EL NUMERO DE OPCIONES (decision firme #2, en su version mas fuerte): 2023 ofrece DOS -1 'se deberian realizar obras publicas de movilidad o recreacion' 24.0% y 2 'deberia preservar su ecosistema natural' 73.1%- y 2024 y 2025 ofrecen TRES, insertando 'intervenciones minimas como senderos y andadores' (18.4% y 25.1%) entre los dos polos. RECODE OBLIGATORIO de 2023: 1 -> :1 y 2 -> :3, porque su codigo 2 es el polo de preservar, que en las olas de tres opciones es el codigo 3. NO PUBLICAR LA SERIE SIN ESTA ADVERTENCIA: insertar el punto medio redistribuye mecanicamente, y aun sacandolo del denominador 'obras grandes' baja de 24.7% a 16.4%, asi que ni siquiera el reparto entre los dos polos que si existen en ambas es estable. En particular NO se puede leer 'el apoyo a preservar cayo 6.5 puntos', que es lo que la tabla invita"
2024,p7_1,2025,p5_1,categorica,comparable,,manual,"BATERIA DE PRESTACIONES, item 1 'Vacaciones'. Era el unico item suelto: p7_2..p7_8 <-> p5_2..p5_8 ya estaban pareados. Catalogo identico en las dos olas (0 No / 1 Si / 8888 / 9999). El dato de 2024 vivia en un q_id huerfano (2,322 respuestas) y lo destrabo el overlay db/overlays/question_fixes_approved.csv, que dio de alta el renglon p7_1 en questions (el cuestionario 2024 dejaba vacia su columna 'Codigo' y el ETL no lo genero)"
2024,p8_2,2025,p7_2,numerica,comparable,,manual,"MINUTOS DE QUEHACERES DEL HOGAR; complemento del par de HORAS (2024 p8_1 <-> 2025 p7_1), que ya cubre las 5 olas. El dato de 2024 vivia en un q_id huerfano y lo destrabo el overlay question_fixes_approved.csv, que lo dio de alta como numerica: verificado que hoy el valor esta en answers.value (4,942 respuestas, rango 0-45, sin centinelas), no en option_id, asi que la vista Anio si promedia. 2025 trae 9999 'No contesta', que el motor excluye del promedio"
2024,p9_2,2025,p8_2,numerica,comparable,,manual,"MINUTOS DE CUIDADOS NO REMUNERADOS; complemento del par de HORAS (2024 p9_1 <-> 2025 p8_1), que ya cubre las 5 olas. Mismo origen que p8_2: q_id huerfano dado de alta por el overlay question_fixes_approved.csv, verificado en answers.value (4,941 respuestas, rango 0-45). APLICA LA MISMA ADVERTENCIA QUE EL PAR DE HORAS: 2025 estrena un 7777 'No aplica' que 2024 registraba como cero"
2024,p20_1,2025,p21_1,numerica,comparable,,manual,"HORAS DE ESPERA DEL TRANSPORTE PUBLICO. Cierra la serie que los MINUTOS ya tenian completa (c2025_p21_2 cubre las 5 olas): sin este renglon las horas se quedaban en 2021-2024. El dato de 2024 vivia en un q_id huerfano y lo destrabo el overlay question_fixes_approved.csv, que renombro p20 -> p20_1 (el ETL habia fusionado horas y minutos en un solo renglon con CERO respuestas) y dio de alta p20_2 aparte. Verificado en answers.value: 773 respuestas, rango 0-3"
2024,usa_transporte_publico,2025,usa_transporte_publico,categorica,comparable,,manual,"DERIVADA BINARIA 0/1 de uso del transporte publico, con catalogo identico (0 No / 1 Si). 42.81% -> 35.95% ponderado sobre iniciales (n=1,998 y 1,713). NO SE ENGANCHA CON 2022-2023 A PROPOSITO, y no es un olvido: la derivada transporte_publico de 2022 y 2023 mide TP como MODO PRINCIPAL del viaje (22.15% y 27.48%), mientras que la de 2024 y 2025 mide 'su viaje principal O CUALQUIER OTRO VIAJE A LA SEMANA'; los pares 2022<->2024 y 2023<->2024 estan exclude por eso mismo. Tampoco confundir con c2025_p29, donde el problema es el universo (2024 y 2025 solo preguntan a quienes NO usaron TP como modo principal). Aqui las dos olas comparten definicion Y universo: la serie honesta empieza en 2024"
2024,p101,2025,p112,categorica,comparable,,manual,"POR QUE SE SIENTE INSEGURO. Mismo reactivo y mismo filtro ('para quienes respondieron inseguro o muy inseguro', NO LEER OPCIONES), n=1,742 y 1,228 iniciales. NO CONFUNDIR con el exclude 2023 p94 <-> 2024 p101: 2023 p94 pregunta EN QUE LUGAR se siente inseguro, es otra pregunta. EXIGE RECODE SOBRE 2024: 2025 inserta dos codigos (3=pandillas, 10=la presencia de policias le hace sentir inseguro) y corre el resto, asi que sin recode la 'Falta de presencia policial' de 2024 (17.6%) se publicaria como 'Presencia de pandillas'. Mapeo 3->4, 4->5, 5->6, 6->7, 7->8, 8->9, 9->11, 10->12 con etiquetas identicas; el 11 'Todas las anteriores' de 2024 va a id propio porque 2025 no lo ofrece. EL CODIGO 2 DE 2024 SE DEJO CON ID PROPIO POR DECISION DE CONTENIDO: 'Presencia visible de grupos delictivos' (21.0% ponderado) lo PARTE 2025 en 2='delincuencia organizada (carteles, narcotrafico)' (31.3%) y 3='pandillas o grupos delictivos en la zona' (14.6%), y equipararlo a cualquiera de los dos seria inventar una distincion que 2024 no hizo. Costo aceptado: tres celdas en 0.0 (el :2 y el :3 de 2025 vacios en 2024, y el id de 2024 vacio en 2025). Si alguna vez se prefiere la serie continua, la fusion es reapuntar el 2 de 2024 y los codigos 2 y 3 de 2025 al mismo canonico y queda 21.0% -> 45.9%"
