concept_id,wave_id,q_id,option_id,concept_option_id
attr_nivel_actual_estudios,2025,cp9,1,attr_nivel_actual_estudios:1
attr_nivel_actual_estudios,2025,cp9,2,attr_nivel_actual_estudios:2
attr_nivel_actual_estudios,2025,cp9,3,attr_nivel_actual_estudios:3
attr_nivel_actual_estudios,2025,cp9,4,attr_nivel_actual_estudios:4
attr_nivel_actual_estudios,2025,cp9,5,attr_nivel_actual_estudios:5
attr_nivel_actual_estudios,2025,cp9,6,attr_nivel_actual_estudios:6
attr_nivel_actual_estudios,2025,cp9,7,attr_nivel_actual_estudios:7
attr_nivel_actual_estudios,2025,cp9,8,attr_nivel_actual_estudios:8
attr_nivel_actual_estudios,2025,cp9,9,attr_nivel_actual_estudios:9
attr_nivel_actual_estudios,2025,cp9,10,attr_nivel_actual_estudios:10
attr_nivel_actual_estudios,2025,cp9,11,attr_nivel_actual_estudios:11
attr_nivel_actual_estudios,2025,cp9,12,attr_nivel_actual_estudios:12
attr_nivel_actual_estudios,2025,cp9,13,attr_nivel_actual_estudios:13
attr_nivel_actual_estudios,2025,cp9,14,attr_nivel_actual_estudios:14
attr_nivel_actual_estudios,2025,cp9,8888,attr_nivel_actual_estudios:8888
attr_nivel_actual_estudios,2025,cp9,9999,attr_nivel_actual_estudios:9999
attr_nivel_actual_estudios,2024,cp9,1,attr_nivel_actual_estudios:1
attr_nivel_actual_estudios,2024,cp9,2,attr_nivel_actual_estudios:2
attr_nivel_actual_estudios,2024,cp9,3,attr_nivel_actual_estudios:3
attr_nivel_actual_estudios,2024,cp9,4,attr_nivel_actual_estudios:4
attr_nivel_actual_estudios,2024,cp9,5,attr_nivel_actual_estudios:5
attr_nivel_actual_estudios,2024,cp9,6,attr_nivel_actual_estudios:6
attr_nivel_actual_estudios,2024,cp9,7,attr_nivel_actual_estudios:7
attr_nivel_actual_estudios,2024,cp9,8,attr_nivel_actual_estudios:8
attr_nivel_actual_estudios,2024,cp9,9,attr_nivel_actual_estudios:9
attr_nivel_actual_estudios,2024,cp9,10,attr_nivel_actual_estudios:10
attr_nivel_actual_estudios,2024,cp9,11,attr_nivel_actual_estudios:11
attr_nivel_actual_estudios,2024,cp9,12,attr_nivel_actual_estudios:12
attr_nivel_actual_estudios,2024,cp9,13,attr_nivel_actual_estudios:13
attr_nivel_actual_estudios,2024,cp9,14,attr_nivel_actual_estudios:14
attr_nivel_actual_estudios,2024,cp9,8888,attr_nivel_actual_estudios:8888
attr_nivel_actual_estudios,2024,cp9,9999,attr_nivel_actual_estudios:9999
attr_nivel_actual_estudios,2023,cp9,1,attr_nivel_actual_estudios:1
attr_nivel_actual_estudios,2023,cp9,2,attr_nivel_actual_estudios:2
attr_nivel_actual_estudios,2023,cp9,3,attr_nivel_actual_estudios:3
attr_nivel_actual_estudios,2023,cp9,4,attr_nivel_actual_estudios:4
attr_nivel_actual_estudios,2023,cp9,5,attr_nivel_actual_estudios:5
attr_nivel_actual_estudios,2023,cp9,6,attr_nivel_actual_estudios:6
attr_nivel_actual_estudios,2023,cp9,7,attr_nivel_actual_estudios:7
attr_nivel_actual_estudios,2023,cp9,8,attr_nivel_actual_estudios:8
attr_nivel_actual_estudios,2023,cp9,9,attr_nivel_actual_estudios:9
attr_nivel_actual_estudios,2023,cp9,10,attr_nivel_actual_estudios:10
attr_nivel_actual_estudios,2023,cp9,11,attr_nivel_actual_estudios:11
attr_nivel_actual_estudios,2023,cp9,12,attr_nivel_actual_estudios:12
attr_nivel_actual_estudios,2023,cp9,13,attr_nivel_actual_estudios:13
attr_nivel_actual_estudios,2023,cp9,14,attr_nivel_actual_estudios:14
attr_nivel_actual_estudios,2023,cp9,8888,attr_nivel_actual_estudios:8888
attr_nivel_actual_estudios,2023,cp9,9999,attr_nivel_actual_estudios:9999
attr_nivel_actual_estudios,2022,cp9_1,1,attr_nivel_actual_estudios:1
attr_nivel_actual_estudios,2022,cp9_1,2,attr_nivel_actual_estudios:2
attr_nivel_actual_estudios,2022,cp9_1,3,attr_nivel_actual_estudios:3
attr_nivel_actual_estudios,2022,cp9_1,4,attr_nivel_actual_estudios:4
attr_nivel_actual_estudios,2022,cp9_1,5,attr_nivel_actual_estudios:5
attr_nivel_actual_estudios,2022,cp9_1,6,attr_nivel_actual_estudios:6
attr_nivel_actual_estudios,2022,cp9_1,7,attr_nivel_actual_estudios:7
attr_nivel_actual_estudios,2022,cp9_1,8,attr_nivel_actual_estudios:8
attr_nivel_actual_estudios,2022,cp9_1,9,attr_nivel_actual_estudios:9
attr_nivel_actual_estudios,2022,cp9_1,10,attr_nivel_actual_estudios:10
attr_nivel_actual_estudios,2022,cp9_1,11,attr_nivel_actual_estudios:11
attr_nivel_actual_estudios,2022,cp9_1,12,attr_nivel_actual_estudios:12
attr_nivel_actual_estudios,2022,cp9_1,13,attr_nivel_actual_estudios:13
attr_nivel_actual_estudios,2022,cp9_1,14,attr_nivel_actual_estudios:14
attr_nivel_actual_estudios,2022,cp9_1,8888,attr_nivel_actual_estudios:8888
attr_nivel_actual_estudios,2022,cp9_1,9999,attr_nivel_actual_estudios:9999
attr_nivel_max_estudios,2022,cp8_1,0,attr_nivel_max_estudios:0
attr_nivel_max_estudios,2022,cp8_1,1,attr_nivel_max_estudios:1
attr_nivel_max_estudios,2022,cp8_1,2,attr_nivel_max_estudios:2
attr_nivel_max_estudios,2022,cp8_1,3,attr_nivel_max_estudios:3
attr_nivel_max_estudios,2022,cp8_1,4,attr_nivel_max_estudios:4
attr_nivel_max_estudios,2022,cp8_1,5,attr_nivel_max_estudios:5
attr_nivel_max_estudios,2022,cp8_1,6,attr_nivel_max_estudios:6
attr_nivel_max_estudios,2022,cp8_1,7,attr_nivel_max_estudios:7
attr_nivel_max_estudios,2022,cp8_1,8,attr_nivel_max_estudios:8
attr_nivel_max_estudios,2022,cp8_1,9,attr_nivel_max_estudios:9
attr_nivel_max_estudios,2022,cp8_1,10,attr_nivel_max_estudios:10
attr_nivel_max_estudios,2022,cp8_1,11,attr_nivel_max_estudios:11
attr_nivel_max_estudios,2022,cp8_1,12,attr_nivel_max_estudios:12
attr_nivel_max_estudios,2022,cp8_1,13,attr_nivel_max_estudios:13
attr_nivel_max_estudios,2022,cp8_1,14,attr_nivel_max_estudios:14
attr_nivel_max_estudios,2022,cp8_1,8888,attr_nivel_max_estudios:8888
attr_nivel_max_estudios,2022,cp8_1,9999,attr_nivel_max_estudios:9999
attr_nivel_max_estudios,2024,cp8,0,attr_nivel_max_estudios:0
attr_nivel_max_estudios,2024,cp8,1,attr_nivel_max_estudios:1
attr_nivel_max_estudios,2024,cp8,2,attr_nivel_max_estudios:2
attr_nivel_max_estudios,2024,cp8,3,attr_nivel_max_estudios:3
attr_nivel_max_estudios,2024,cp8,4,attr_nivel_max_estudios:4
attr_nivel_max_estudios,2024,cp8,5,attr_nivel_max_estudios:5
attr_nivel_max_estudios,2024,cp8,6,attr_nivel_max_estudios:6
attr_nivel_max_estudios,2024,cp8,7,attr_nivel_max_estudios:7
attr_nivel_max_estudios,2024,cp8,8,attr_nivel_max_estudios:8
attr_nivel_max_estudios,2024,cp8,9,attr_nivel_max_estudios:9
attr_nivel_max_estudios,2024,cp8,10,attr_nivel_max_estudios:10
attr_nivel_max_estudios,2024,cp8,11,attr_nivel_max_estudios:11
attr_nivel_max_estudios,2024,cp8,12,attr_nivel_max_estudios:12
attr_nivel_max_estudios,2024,cp8,13,attr_nivel_max_estudios:13
attr_nivel_max_estudios,2024,cp8,14,attr_nivel_max_estudios:14
attr_nivel_max_estudios,2024,cp8,8888,attr_nivel_max_estudios:8888
attr_nivel_max_estudios,2024,cp8,9999,attr_nivel_max_estudios:9999
attr_nivel_max_estudios,2025,cp8,0,attr_nivel_max_estudios:0
attr_nivel_max_estudios,2025,cp8,1,attr_nivel_max_estudios:1
attr_nivel_max_estudios,2025,cp8,2,attr_nivel_max_estudios:2
attr_nivel_max_estudios,2025,cp8,3,attr_nivel_max_estudios:3
attr_nivel_max_estudios,2025,cp8,4,attr_nivel_max_estudios:4
attr_nivel_max_estudios,2025,cp8,5,attr_nivel_max_estudios:5
attr_nivel_max_estudios,2025,cp8,6,attr_nivel_max_estudios:6
attr_nivel_max_estudios,2025,cp8,7,attr_nivel_max_estudios:7
attr_nivel_max_estudios,2025,cp8,8,attr_nivel_max_estudios:8
attr_nivel_max_estudios,2025,cp8,9,attr_nivel_max_estudios:9
attr_nivel_max_estudios,2025,cp8,10,attr_nivel_max_estudios:10
attr_nivel_max_estudios,2025,cp8,11,attr_nivel_max_estudios:11
attr_nivel_max_estudios,2025,cp8,12,attr_nivel_max_estudios:12
attr_nivel_max_estudios,2025,cp8,13,attr_nivel_max_estudios:13
attr_nivel_max_estudios,2025,cp8,14,attr_nivel_max_estudios:14
attr_nivel_max_estudios,2025,cp8,8888,attr_nivel_max_estudios:8888
attr_nivel_max_estudios,2025,cp8,9999,attr_nivel_max_estudios:9999
attr_nivel_max_estudios,2023,cp8,0,attr_nivel_max_estudios:0
attr_nivel_max_estudios,2023,cp8,1,attr_nivel_max_estudios:1
attr_nivel_max_estudios,2023,cp8,2,attr_nivel_max_estudios:2
attr_nivel_max_estudios,2023,cp8,3,attr_nivel_max_estudios:3
attr_nivel_max_estudios,2023,cp8,4,attr_nivel_max_estudios:4
attr_nivel_max_estudios,2023,cp8,5,attr_nivel_max_estudios:5
attr_nivel_max_estudios,2023,cp8,6,attr_nivel_max_estudios:6
attr_nivel_max_estudios,2023,cp8,7,attr_nivel_max_estudios:7
attr_nivel_max_estudios,2023,cp8,8,attr_nivel_max_estudios:8
attr_nivel_max_estudios,2023,cp8,9,attr_nivel_max_estudios:9
attr_nivel_max_estudios,2023,cp8,10,attr_nivel_max_estudios:10
attr_nivel_max_estudios,2023,cp8,11,attr_nivel_max_estudios:11
attr_nivel_max_estudios,2023,cp8,12,attr_nivel_max_estudios:12
attr_nivel_max_estudios,2023,cp8,13,attr_nivel_max_estudios:13
attr_nivel_max_estudios,2023,cp8,14,attr_nivel_max_estudios:14
attr_nivel_max_estudios,2023,cp8,8888,attr_nivel_max_estudios:8888
attr_nivel_max_estudios,2023,cp8,9999,attr_nivel_max_estudios:9999
attr_sexo,2025,cp2,0,attr_sexo:0
attr_sexo,2025,cp2,1,attr_sexo:1
attr_sexo,2025,cp2,9999,attr_sexo:9999
attr_sexo,2023,cp2,0,attr_sexo:0
attr_sexo,2023,cp2,1,attr_sexo:1
attr_sexo,2023,cp2,9999,attr_sexo:9999
attr_sexo,2024,cp2,0,attr_sexo:0
attr_sexo,2024,cp2,1,attr_sexo:1
attr_sexo,2024,cp2,9999,attr_sexo:9999
attr_tipo_consulta,2022,p78,1,attr_tipo_consulta:1
attr_tipo_consulta,2022,p78,2,attr_tipo_consulta:2
attr_tipo_consulta,2022,p78,3,attr_tipo_consulta:3
attr_tipo_consulta,2022,p78,7777,attr_tipo_consulta:7777
attr_tipo_consulta,2022,p78,8888,attr_tipo_consulta:8888
attr_tipo_consulta,2022,p78,9999,attr_tipo_consulta:9999
attr_tipo_consulta,2021,p63,1,attr_tipo_consulta:1
attr_tipo_consulta,2021,p63,2,attr_tipo_consulta:2
attr_tipo_consulta,2021,p63,3,attr_tipo_consulta:3
attr_tipo_consulta,2021,p63,8,attr_tipo_consulta:8888
attr_tipo_consulta,2021,p63,9,attr_tipo_consulta:9999
attr_tipo_consulta,2023,p83,1,attr_tipo_consulta:1
attr_tipo_consulta,2023,p83,2,attr_tipo_consulta:2
attr_tipo_consulta,2023,p83,3,attr_tipo_consulta:3
attr_tipo_consulta,2023,p83,7777,attr_tipo_consulta:7777
attr_tipo_consulta,2023,p83,8888,attr_tipo_consulta:8888
attr_tipo_consulta,2023,p83,9999,attr_tipo_consulta:9999
attr_tipo_consulta,2024,p89,1,attr_tipo_consulta:1
attr_tipo_consulta,2024,p89,2,attr_tipo_consulta:2
attr_tipo_consulta,2024,p89,3,attr_tipo_consulta:3
attr_tipo_consulta,2024,p89,8888,attr_tipo_consulta:8888
attr_tipo_consulta,2024,p89,9999,attr_tipo_consulta:9999
attr_tipo_consulta,2025,p100,1,attr_tipo_consulta:1
attr_tipo_consulta,2025,p100,2,attr_tipo_consulta:2
attr_tipo_consulta,2025,p100,3,attr_tipo_consulta:3
attr_tipo_consulta,2025,p100,8888,attr_tipo_consulta:8888
attr_tipo_consulta,2025,p100,9999,attr_tipo_consulta:9999
attr_tipo_escuela,2024,cp10,1,attr_tipo_escuela:1
attr_tipo_escuela,2024,cp10,2,attr_tipo_escuela:2
attr_tipo_escuela,2024,cp10,3,attr_tipo_escuela:3
attr_tipo_escuela,2024,cp10,8888,attr_tipo_escuela:8888
attr_tipo_escuela,2024,cp10,9999,attr_tipo_escuela:9999
attr_tipo_escuela,2023,cp10,1,attr_tipo_escuela:1
attr_tipo_escuela,2023,cp10,2,attr_tipo_escuela:2
attr_tipo_escuela,2023,cp10,3,attr_tipo_escuela:3
attr_tipo_escuela,2023,cp10,8888,attr_tipo_escuela:8888
attr_tipo_escuela,2023,cp10,9999,attr_tipo_escuela:9999
attr_tipo_escuela,2022,cp10_1,1,attr_tipo_escuela:1
attr_tipo_escuela,2022,cp10_1,2,attr_tipo_escuela:2
attr_tipo_escuela,2022,cp10_1,3,attr_tipo_escuela:3
attr_tipo_escuela,2022,cp10_1,7777,attr_tipo_escuela:7777
attr_tipo_escuela,2022,cp10_1,8888,attr_tipo_escuela:8888
attr_tipo_escuela,2022,cp10_1,9999,attr_tipo_escuela:9999
attr_tipo_escuela,2025,cp11,1,attr_tipo_escuela:1
attr_tipo_escuela,2025,cp11,2,attr_tipo_escuela:2
attr_tipo_escuela,2025,cp11,3,attr_tipo_escuela:3
attr_tipo_escuela,2025,cp11,8888,attr_tipo_escuela:8888
attr_tipo_escuela,2025,cp11,9999,attr_tipo_escuela:9999
attr_tipo_escuela,2021,cp7_1,1,attr_tipo_escuela:1
attr_tipo_escuela,2021,cp7_1,2,attr_tipo_escuela:2
attr_tipo_escuela,2021,cp7_1,3,attr_tipo_escuela:3
attr_tipo_trabajo,2022,p4,1,attr_tipo_trabajo:1
attr_tipo_trabajo,2022,p4,2,attr_tipo_trabajo:2
attr_tipo_trabajo,2022,p4,3,attr_tipo_trabajo:3
attr_tipo_trabajo,2022,p4,4,attr_tipo_trabajo:4
attr_tipo_trabajo,2022,p4,5,attr_tipo_trabajo:5
attr_tipo_trabajo,2022,p4,6,attr_tipo_trabajo:6
attr_tipo_trabajo,2022,p4,7,attr_tipo_trabajo:7
attr_tipo_trabajo,2022,p4,8,attr_tipo_trabajo:8
attr_tipo_trabajo,2022,p4,9,attr_tipo_trabajo:9
attr_tipo_trabajo,2022,p4,9999,attr_tipo_trabajo:9999
attr_tipo_trabajo,2025,p1,1,attr_tipo_trabajo:1
attr_tipo_trabajo,2025,p1,2,attr_tipo_trabajo:2
attr_tipo_trabajo,2025,p1,3,attr_tipo_trabajo:3
attr_tipo_trabajo,2025,p1,4,attr_tipo_trabajo:4
attr_tipo_trabajo,2025,p1,5,attr_tipo_trabajo:5
attr_tipo_trabajo,2025,p1,6,attr_tipo_trabajo:6
attr_tipo_trabajo,2025,p1,7,attr_tipo_trabajo:7
attr_tipo_trabajo,2025,p1,8,attr_tipo_trabajo:8
attr_tipo_trabajo,2025,p1,9,attr_tipo_trabajo:9
attr_tipo_trabajo,2025,p1,9999,attr_tipo_trabajo:9999
attr_tipo_trabajo,2024,p3,1,attr_tipo_trabajo:1
attr_tipo_trabajo,2024,p3,2,attr_tipo_trabajo:2
attr_tipo_trabajo,2024,p3,3,attr_tipo_trabajo:3
attr_tipo_trabajo,2024,p3,4,attr_tipo_trabajo:4
attr_tipo_trabajo,2024,p3,5,attr_tipo_trabajo:5
attr_tipo_trabajo,2024,p3,6,attr_tipo_trabajo:6
attr_tipo_trabajo,2024,p3,7,attr_tipo_trabajo:7
attr_tipo_trabajo,2024,p3,8,attr_tipo_trabajo:8
attr_tipo_trabajo,2024,p3,9,attr_tipo_trabajo:9
attr_tipo_trabajo,2024,p3,9999,attr_tipo_trabajo:9999
attr_tipo_trabajo,2023,p3,1,attr_tipo_trabajo:1
attr_tipo_trabajo,2023,p3,2,attr_tipo_trabajo:2
attr_tipo_trabajo,2023,p3,3,attr_tipo_trabajo:3
attr_tipo_trabajo,2023,p3,4,attr_tipo_trabajo:4
attr_tipo_trabajo,2023,p3,5,attr_tipo_trabajo:5
attr_tipo_trabajo,2023,p3,6,attr_tipo_trabajo:6
attr_tipo_trabajo,2023,p3,7,attr_tipo_trabajo:7
attr_tipo_trabajo,2023,p3,8,attr_tipo_trabajo:8
attr_tipo_trabajo,2023,p3,9,attr_tipo_trabajo:9
attr_tipo_trabajo,2023,p3,9999,attr_tipo_trabajo:9999
c003,2022,cp1,1,c003:1
c003,2023,cp1,1,c003:1
c007,2022,cp7_1,0,c007:0
c007,2022,cp7_1,1,c007:1
c007,2022,cp7_1,8888,c007:8888
c007,2022,cp7_1,9999,c007:9999
c007,2023,cp7,0,c007:0
c007,2023,cp7,1,c007:1
c007,2023,cp7,8888,c007:8888
c007,2023,cp7,9999,c007:9999
c007,2024,cp7,0,c007:0
c007,2024,cp7,1,c007:1
c007,2024,cp7,8888,c007:8888
c007,2024,cp7,9999,c007:9999
c007,2025,cp7,0,c007:0
c007,2025,cp7,1,c007:1
c007,2025,cp7,8888,c007:8888
c007,2025,cp7,9999,c007:9999
c015,2024,p18,1,c015:1
c015,2024,p18,2,c015:2
c015,2024,p18,3,c015:3
c015,2024,p18,4,c015:4
c015,2024,p18,5,c015:5
c015,2024,p18,6,c015:6
c015,2024,p18,7,c015:7
c015,2024,p18,8,c015:8
c015,2024,p18,9,c015:9
c015,2024,p18,10,c015:10
c015,2024,p18,11,c015:11
c015,2024,p18,12,c015:12
c015,2024,p18,13,c015:13
c015,2024,p18,14,c015:14
c015,2024,p18,15,c015:15
c015,2024,p18,16,c015:16
c015,2024,p18,17,c015:17
c015,2024,p18,8888,c015:8888
c015,2024,p18,9999,c015:9999
c016,2024,p120,0,c016:0
c016,2024,p120,1,c016:1
c016,2024,p120,8888,c016:8888
c016,2024,p120,9999,c016:9999
c023,2022,p103,0,c023:0
c023,2022,p103,1,c023:1
c023,2022,p103,8888,c023:8888
c023,2022,p103,9999,c023:9999
c023,2023,p116,0,c023:0
c023,2023,p116,1,c023:1
c023,2023,p116,8888,c023:8888
c023,2023,p116,9999,c023:9999
c023,2024,p125,0,c023:0
c023,2024,p125,1,c023:1
c023,2024,p125,8888,c023:8888
c023,2024,p125,9999,c023:9999
c023,2025,p133,0,c023:0
c023,2025,p133,1,c023:1
c023,2025,p133,8888,c023:8888
c023,2025,p133,9999,c023:9999
c025,2022,p104,1,c025:1
c025,2022,p104,2,c025:2
c025,2022,p104,3,c025:3
c025,2022,p104,4,c025:4
c025,2022,p104,8888,c025:8888
c025,2022,p104,9999,c025:9999
c025,2023,p118,1,c025:1
c025,2023,p118,2,c025:2
c025,2023,p118,3,c025:3
c025,2023,p118,4,c025:4
c025,2023,p118,8888,c025:8888
c025,2023,p118,9999,c025:9999
c025,2024,p127,1,c025:1
c025,2024,p127,2,c025:2
c025,2024,p127,3,c025:3
c025,2024,p127,4,c025:4
c025,2024,p127,8888,c025:8888
c025,2024,p127,9999,c025:9999
c025,2025,p135,1,c025:1
c025,2025,p135,2,c025:2
c025,2025,p135,3,c025:3
c025,2025,p135,4,c025:4
c025,2025,p135,8888,c025:8888
c025,2025,p135,9999,c025:9999
c026,2022,p105,0,c026:0
c026,2022,p105,1,c026:1
c026,2022,p105,8888,c026:8888
c026,2022,p105,9999,c026:9999
c026,2023,p120,0,c026:0
c026,2023,p120,1,c026:1
c026,2023,p120,8888,c026:8888
c026,2023,p120,9999,c026:9999
c026,2024,p129,0,c026:0
c026,2024,p129,1,c026:1
c026,2024,p129,8888,c026:8888
c026,2024,p129,9999,c026:9999
c027,2022,p107,1,c027:1
c027,2022,p107,2,c027:2
c027,2022,p107,3,c027:3
c027,2022,p107,4,c027:4
c027,2022,p107,8888,c027:8888
c027,2022,p107,9999,c027:9999
c027,2023,p119,1,c027:1
c027,2023,p119,2,c027:2
c027,2023,p119,3,c027:3
c027,2023,p119,4,c027:4
c027,2023,p119,8888,c027:8888
c027,2023,p119,9999,c027:9999
c027,2024,p128,1,c027:1
c027,2024,p128,2,c027:2
c027,2024,p128,3,c027:3
c027,2024,p128,4,c027:4
c027,2024,p128,8888,c027:8888
c027,2024,p128,9999,c027:9999
c027,2025,p136,1,c027:1
c027,2025,p136,2,c027:2
c027,2025,p136,3,c027:3
c027,2025,p136,4,c027:4
c027,2025,p136,8888,c027:8888
c027,2025,p136,9999,c027:9999
c035,2022,p110_1,0,c035:0
c035,2022,p110_1,1,c035:1
c035,2022,p110_1,8888,c035:8888
c035,2022,p110_1,9999,c035:9999
c035,2024,p131_1,0,c035:0
c035,2024,p131_1,1,c035:1
c035,2024,p131_1,8888,c035:8888
c035,2024,p131_1,9999,c035:9999
c035,2025,p139,0,c035:0
c035,2025,p139,1,c035:1
c035,2025,p139,8888,c035:8888
c035,2025,p139,9999,c035:9999
c036,2022,p110_2,0,c036:0
c036,2022,p110_2,1,c036:1
c036,2022,p110_2,8888,c036:8888
c036,2022,p110_2,9999,c036:9999
c036,2023,p124_2,0,c036:0
c036,2023,p124_2,1,c036:1
c036,2023,p124_2,8888,c036:8888
c036,2023,p124_2,9999,c036:9999
c036,2024,p132_2,0,c036:0
c036,2024,p132_2,1,c036:1
c036,2024,p132_2,8888,c036:8888
c036,2024,p132_2,9999,c036:9999
c036,2025,p140,0,c036:0
c036,2025,p140,1,c036:1
c036,2025,p140,8888,c036:8888
c036,2025,p140,9999,c036:9999
c039,2021,p111,1,c039:1
c039,2021,p111,2,c039:2
c039,2022,p111,1,c039:1
c039,2022,p111,2,c039:2
c039,2022,p111,8888,c039:8888
c039,2022,p111,9999,c039:9999
c039,2023,p125,1,c039:1
c039,2023,p125,2,c039:2
c039,2023,p125,8888,c039:8888
c039,2023,p125,9999,c039:9999
c039,2024,p136,1,c039:1
c039,2024,p136,2,c039:2
c039,2024,p136,8888,c039:8888
c039,2024,p136,9999,c039:9999
c039,2025,p144,1,c039:1
c039,2025,p144,2,c039:2
c039,2025,p144,8888,c039:8888
c039,2025,p144,9999,c039:9999
c040,2022,p112,0,c040:0
c040,2022,p112,1,c040:1
c040,2022,p112,8888,c040:8888
c040,2022,p112,9999,c040:9999
c040,2023,p126,0,c040:0
c040,2023,p126,1,c040:1
c040,2023,p126,8888,c040:8888
c040,2023,p126,9999,c040:9999
c040,2024,p137,0,c040:0
c040,2024,p137,1,c040:1
c040,2024,p137,8888,c040:8888
c040,2024,p137,9999,c040:9999
c040,2025,p145,0,c040:0
c040,2025,p145,1,c040:1
c040,2025,p145,8888,c040:8888
c040,2025,p145,9999,c040:9999
c041,2022,p113,1,c041:1
c041,2022,p113,2,c041:2
c041,2022,p113,3,c041:3
c041,2022,p113,4,c041:4
c041,2022,p113,8888,c041:8888
c041,2022,p113,9999,c041:9999
c041,2024,p138,1,c041:1
c041,2024,p138,2,c041:2
c041,2024,p138,3,c041:3
c041,2024,p138,4,c041:4
c041,2024,p138,8888,c041:8888
c041,2024,p138,9999,c041:9999
c045,2022,p115_2,0,c045:0
c045,2022,p115_2,1,c045:1
c045,2022,p115_2,8888,c045:8888
c045,2022,p115_2,9999,c045:9999
c045,2023,p128_2,0,c045:0
c045,2023,p128_2,1,c045:1
c045,2023,p128_2,8888,c045:8888
c045,2023,p128_2,9999,c045:9999
c045,2024,p141_2,0,c045:0
c045,2024,p141_2,1,c045:1
c045,2024,p141_2,8888,c045:8888
c045,2024,p141_2,9999,c045:9999
c045,2025,p147,0,c045:0
c045,2025,p147,1,c045:1
c045,2025,p147,8888,c045:8888
c045,2025,p147,9999,c045:9999
c048,2021,p116,1,c048:1
c048,2021,p116,2,c048:2
c048,2022,p116,1,c048:1
c048,2022,p116,2,c048:2
c048,2022,p116,8888,c048:8888
c048,2022,p116,9999,c048:9999
c048,2023,p129,1,c048:1
c048,2023,p129,2,c048:2
c048,2023,p129,8888,c048:8888
c048,2023,p129,9999,c048:9999
c048,2024,p144,1,c048:1
c048,2024,p144,2,c048:2
c048,2024,p144,8888,c048:8888
c048,2024,p144,9999,c048:9999
c048,2025,p151,1,c048:1
c048,2025,p151,2,c048:2
c048,2025,p151,8888,c048:8888
c048,2025,p151,9999,c048:9999
c049,2022,p117,0,c049:0
c049,2022,p117,1,c049:1
c049,2022,p117,8888,c049:8888
c049,2022,p117,9999,c049:9999
c049,2023,p137,0,c049:0
c049,2023,p137,1,c049:1
c049,2023,p137,8888,c049:8888
c049,2023,p137,9999,c049:9999
c049,2024,p146,0,c049:0
c049,2024,p146,1,c049:1
c049,2024,p146,8888,c049:8888
c049,2024,p146,9999,c049:9999
c049,2025,p152,0,c049:0
c049,2025,p152,1,c049:1
c049,2025,p152,8888,c049:8888
c049,2025,p152,9999,c049:9999
c050,2021,p118,1,c050:1
c050,2021,p118,2,c050:2
c050,2021,p118,3,c050:3
c050,2021,p118,4,c050:4
c050,2024,p139_P,1,c050:1
c050,2024,p139_P,2,c050:2
c050,2024,p139_P,3,c050:3
c050,2024,p139_P,4,c050:4
c050,2024,p139_P,8888,c050:8888
c050,2024,p139_P,9999,c050:9999
c075,2022,p120_1,0,c075:0
c075,2022,p120_1,1,c075:1
c075,2022,p120_1,8888,c075:8888
c075,2022,p120_1,9999,c075:9999
c075,2023,p139_1,0,c075:0
c075,2023,p139_1,1,c075:1
c075,2023,p139_1,8888,c075:8888
c075,2023,p139_1,9999,c075:9999
c075,2024,p157_1,0,c075:0
c075,2024,p157_1,1,c075:1
c075,2024,p157_1,8888,c075:8888
c075,2024,p157_1,9999,c075:9999
c075,2025,p161_1,0,c075:0
c075,2025,p161_1,1,c075:1
c075,2025,p161_1,8888,c075:8888
c075,2025,p161_1,9999,c075:9999
c076,2023,p139_10,0,c076:0
c076,2023,p139_10,1,c076:1
c076,2023,p139_10,8888,c076:8888
c076,2023,p139_10,9999,c076:9999
c076,2024,p157__10,0,c076:0
c076,2024,p157__10,1,c076:1
c076,2024,p157__10,8888,c076:8888
c076,2024,p157__10,9999,c076:9999
c078,2022,p120_3,0,c078:0
c078,2022,p120_3,1,c078:1
c078,2022,p120_3,8888,c078:8888
c078,2022,p120_3,9999,c078:9999
c078,2023,p139_3,0,c078:0
c078,2023,p139_3,1,c078:1
c078,2023,p139_3,8888,c078:8888
c078,2023,p139_3,9999,c078:9999
c078,2024,p157_3,0,c078:0
c078,2024,p157_3,1,c078:1
c078,2024,p157_3,8888,c078:8888
c078,2024,p157_3,9999,c078:9999
c078,2025,p161_3,0,c078:0
c078,2025,p161_3,1,c078:1
c078,2025,p161_3,8888,c078:8888
c078,2025,p161_3,9999,c078:9999
c079,2022,p120_4,0,c079:0
c079,2022,p120_4,1,c079:1
c079,2022,p120_4,8888,c079:8888
c079,2022,p120_4,9999,c079:9999
c079,2023,p139_4,0,c079:0
c079,2023,p139_4,1,c079:1
c079,2023,p139_4,8888,c079:8888
c079,2023,p139_4,9999,c079:9999
c079,2024,p157_4,0,c079:0
c079,2024,p157_4,1,c079:1
c079,2024,p157_4,8888,c079:8888
c079,2024,p157_4,9999,c079:9999
c079,2025,p161_4,0,c079:0
c079,2025,p161_4,1,c079:1
c079,2025,p161_4,8888,c079:8888
c079,2025,p161_4,9999,c079:9999
c080,2022,p120_5,0,c080:0
c080,2022,p120_5,1,c080:1
c080,2022,p120_5,3,c080:7777
c080,2022,p120_5,8888,c080:8888
c080,2022,p120_5,9999,c080:9999
c080,2023,p139_5,0,c080:0
c080,2023,p139_5,1,c080:1
c080,2023,p139_5,3,c080:7777
c080,2023,p139_5,8888,c080:8888
c080,2023,p139_5,9999,c080:9999
c080,2024,p157_5,0,c080:0
c080,2024,p157_5,1,c080:1
c080,2024,p157_5,3,c080:7777
c080,2024,p157_5,8888,c080:8888
c080,2024,p157_5,9999,c080:9999
c080,2025,p161_5,0,c080:0
c080,2025,p161_5,1,c080:1
c080,2025,p161_5,7777,c080:7777
c080,2025,p161_5,8888,c080:8888
c080,2025,p161_5,9999,c080:9999
c081,2022,p120_6,0,c081:0
c081,2022,p120_6,1,c081:1
c081,2022,p120_6,8888,c081:8888
c081,2022,p120_6,9999,c081:9999
c081,2023,p139_6,0,c081:0
c081,2023,p139_6,1,c081:1
c081,2023,p139_6,8888,c081:8888
c081,2023,p139_6,9999,c081:9999
c081,2024,p157_6,0,c081:0
c081,2024,p157_6,1,c081:1
c081,2024,p157_6,8888,c081:8888
c081,2024,p157_6,9999,c081:9999
c081,2025,p161_6,0,c081:0
c081,2025,p161_6,1,c081:1
c081,2025,p161_6,8888,c081:8888
c081,2025,p161_6,9999,c081:9999
c082,2022,p120_7,0,c082:0
c082,2022,p120_7,1,c082:1
c082,2022,p120_7,8888,c082:8888
c082,2022,p120_7,9999,c082:9999
c082,2023,p139_7,0,c082:0
c082,2023,p139_7,1,c082:1
c082,2023,p139_7,8888,c082:8888
c082,2023,p139_7,9999,c082:9999
c082,2024,p157_7,0,c082:0
c082,2024,p157_7,1,c082:1
c082,2024,p157_7,8888,c082:8888
c082,2024,p157_7,9999,c082:9999
c082,2025,p161_7,0,c082:0
c082,2025,p161_7,1,c082:1
c082,2025,p161_7,8888,c082:8888
c082,2025,p161_7,9999,c082:9999
c086,2022,p121_1,0,c086:0
c086,2022,p121_1,1,c086:1
c086,2022,p121_1,8888,c086:8888
c086,2024,p158_1,0,c086:0
c086,2024,p158_1,1,c086:1
c086,2024,p158_1,8888,c086:8888
c086,2025,p162_1,0,c086:0
c086,2025,p162_1,1,c086:1
c086,2025,p162_1,8888,c086:8888
c087,2022,p121_2,0,c087:0
c087,2022,p121_2,1,c087:1
c087,2022,p121_2,8888,c087:8888
c087,2025,p162_2,0,c087:0
c087,2025,p162_2,1,c087:1
c087,2025,p162_2,8888,c087:8888
c107,2022,p36_6,0,c107:0
c107,2022,p36_6,1,c107:1
c107,2022,p36_6,2,c107:2
c107,2022,p36_6,8888,c107:8888
c107,2022,p36_6,9999,c107:9999
c107,2023,p38_6,0,c107:0
c107,2023,p38_6,1,c107:1
c107,2023,p38_6,2,c107:2
c107,2023,p38_6,8888,c107:8888
c107,2023,p38_6,9999,c107:9999
c111,2022,p37,1,c111:1
c111,2022,p37,2,c111:2
c111,2022,p37,3,c111:3
c111,2022,p37,4,c111:4
c111,2022,p37,5,c111:5
c111,2022,p37,6,c111:6
c111,2022,p37,7,c111:7
c111,2022,p37,8,c111:8
c111,2022,p37,9,c111:9
c111,2022,p37,10,c111:10
c111,2022,p37,8888,c111:8888
c111,2022,p37,9999,c111:9999
c111,2023,p39,1,c111:1
c111,2023,p39,2,c111:2
c111,2023,p39,3,c111:3
c111,2023,p39,4,c111:4
c111,2023,p39,5,c111:5
c111,2023,p39,6,c111:6
c111,2023,p39,7,c111:7
c111,2023,p39,8,c111:8
c111,2023,p39,9,c111:9
c111,2023,p39,10,c111:10
c111,2023,p39,8888,c111:8888
c111,2023,p39,9999,c111:9999
c111,2024,p44,1,c111:1
c111,2024,p44,2,c111:2
c111,2024,p44,3,c111:3
c111,2024,p44,4,c111:4
c111,2024,p44,5,c111:5
c111,2024,p44,6,c111:6
c111,2024,p44,7,c111:7
c111,2024,p44,8,c111:8
c111,2024,p44,9,c111:9
c111,2024,p44,10,c111:10
c111,2024,p44,8888,c111:8888
c111,2024,p44,9999,c111:9999
c112,2021,p23,0,c112:0
c112,2021,p23,1,c112:1
c112,2022,p17,0,c112:0
c112,2022,p17,1,c112:1
c112,2022,p17,9999,c112:9999
c113,2021,p24,1,c113:1
c113,2021,p24,2,c113:2
c113,2021,p24,3,c113:3
c113,2021,p24,4,c113:4
c113,2021,p24,5,c113:5
c113,2022,p18,1,c113:1
c113,2022,p18,2,c113:2
c113,2022,p18,3,c113:3
c113,2022,p18,4,c113:4
c113,2022,p18,5,c113:5
c113,2022,p18,8888,c113:8888
c113,2022,p18,9999,c113:9999
c113,2023,p20,1,c113:1
c113,2023,p20,2,c113:2
c113,2023,p20,3,c113:3
c113,2023,p20,4,c113:4
c113,2023,p20,5,c113:5
c113,2023,p20,8888,c113:8888
c113,2023,p20,9999,c113:9999
c113,2025,p23,1,c113:1
c113,2025,p23,2,c113:2
c113,2025,p23,3,c113:3
c113,2025,p23,4,c113:4
c113,2025,p23,5,c113:5
c113,2025,p23,8888,c113:8888
c113,2025,p23,9999,c113:9999
c116,2022,p29,0,c116:0
c116,2022,p29,1,c116:1
c116,2022,p29,9999,c116:9999
c116,2023,p34,0,c116:0
c116,2023,p34,1,c116:1
c116,2023,p34,9999,c116:9999
c116,2024,p37,0,c116:0
c116,2024,p37,1,c116:1
c116,2024,p37,9999,c116:9999
c116,2025,p47,0,c116:0
c116,2025,p47,1,c116:1
c116,2025,p47,9999,c116:9999
c118,2024,p31_1,0,c118:0
c118,2024,p31_1,1,c118:1
c118,2024,p31_1,8888,c118:8888
c118,2024,p31_1,9999,c118:9999
c119,2022,p31_1,0,c119:0
c119,2022,p31_1,1,c119:1
c119,2022,p31_1,7777,c119:7777
c119,2022,p31_1,8888,c119:8888
c119,2022,p31_1,9999,c119:9999
c119,2023,p27_1,0,c119:0
c119,2023,p27_1,1,c119:1
c119,2023,p27_1,8888,c119:8888
c119,2023,p27_1,9999,c119:9999
c119,2025,p32_1,0,c119:0
c119,2025,p32_1,1,c119:1
c119,2025,p32_1,8888,c119:8888
c119,2025,p32_1,9999,c119:9999
c120,2022,p31_2,0,c120:0
c120,2022,p31_2,1,c120:1
c120,2022,p31_2,7777,c120:7777
c120,2022,p31_2,8888,c120:8888
c120,2022,p31_2,9999,c120:9999
c120,2023,p27_2,0,c120:0
c120,2023,p27_2,1,c120:1
c120,2023,p27_2,8888,c120:8888
c120,2023,p27_2,9999,c120:9999
c120,2024,p31_2,0,c120:0
c120,2024,p31_2,1,c120:1
c120,2024,p31_2,8888,c120:8888
c120,2024,p31_2,9999,c120:9999
c120,2025,p32_2,0,c120:0
c120,2025,p32_2,1,c120:1
c120,2025,p32_2,8888,c120:8888
c120,2025,p32_2,9999,c120:9999
c121,2022,p31_3,0,c121:0
c121,2022,p31_3,1,c121:1
c121,2022,p31_3,7777,c121:7777
c121,2022,p31_3,8888,c121:8888
c121,2022,p31_3,9999,c121:9999
c121,2023,p27_3,0,c121:0
c121,2023,p27_3,1,c121:1
c121,2023,p27_3,8888,c121:8888
c121,2023,p27_3,9999,c121:9999
c121,2024,p31_3,0,c121:0
c121,2024,p31_3,1,c121:1
c121,2024,p31_3,8888,c121:8888
c121,2024,p31_3,9999,c121:9999
c121,2025,p32_3,0,c121:0
c121,2025,p32_3,1,c121:1
c121,2025,p32_3,8888,c121:8888
c121,2025,p32_3,9999,c121:9999
c122,2022,p31_4,0,c122:0
c122,2022,p31_4,1,c122:1
c122,2022,p31_4,7777,c122:7777
c122,2022,p31_4,8888,c122:8888
c122,2022,p31_4,9999,c122:9999
c122,2023,p27_4,0,c122:0
c122,2023,p27_4,1,c122:1
c122,2023,p27_4,8888,c122:8888
c122,2023,p27_4,9999,c122:9999
c122,2024,p31_4,0,c122:0
c122,2024,p31_4,1,c122:1
c122,2024,p31_4,8888,c122:8888
c122,2024,p31_4,9999,c122:9999
c122,2025,p32_4,0,c122:0
c122,2025,p32_4,1,c122:1
c122,2025,p32_4,8888,c122:8888
c122,2025,p32_4,9999,c122:9999
c125,2022,p31_6,0,c125:0
c125,2022,p31_6,1,c125:1
c125,2022,p31_6,7777,c125:7777
c125,2022,p31_6,8888,c125:8888
c125,2022,p31_6,9999,c125:9999
c125,2023,p27_5,0,c125:0
c125,2023,p27_5,1,c125:1
c125,2023,p27_5,8888,c125:8888
c125,2023,p27_5,9999,c125:9999
c125,2024,p31_5,0,c125:0
c125,2024,p31_5,1,c125:1
c125,2024,p31_5,8888,c125:8888
c125,2024,p31_5,9999,c125:9999
c125,2025,p32_5,0,c125:0
c125,2025,p32_5,1,c125:1
c125,2025,p32_5,8888,c125:8888
c125,2025,p32_5,9999,c125:9999
c128,2021,p30,1,c128:1
c128,2021,p30,2,c128:2
c128,2021,p30,3,c128:3
c128,2021,p30,4,c128:4
c128,2021,p30,5,c128:5
c128,2022,p33,1,c128:1
c128,2022,p33,2,c128:2
c128,2022,p33,3,c128:3
c128,2022,p33,4,c128:4
c128,2022,p33,5,c128:5
c128,2022,p33,8888,c128:8888
c128,2022,p33,9999,c128:9999
c128,2023,p29,1,c128:1
c128,2023,p29,2,c128:2
c128,2023,p29,3,c128:3
c128,2023,p29,4,c128:4
c128,2023,p29,5,c128:5
c128,2023,p29,8888,c128:8888
c128,2023,p29,9999,c128:9999
c128,2024,p32,1,c128:1
c128,2024,p32,2,c128:2
c128,2024,p32,3,c128:3
c128,2024,p32,4,c128:4
c128,2024,p32,5,c128:5
c128,2024,p32,8888,c128:8888
c128,2024,p32,9999,c128:9999
c128,2025,p33,1,c128:1
c128,2025,p33,2,c128:2
c128,2025,p33,3,c128:3
c128,2025,p33,4,c128:4
c128,2025,p33,5,c128:5
c128,2025,p33,8888,c128:8888
c128,2025,p33,9999,c128:9999
c130,2022,p34_1,0,c130:0
c130,2022,p34_1,1,c130:1
c130,2022,p34_1,7777,c130:7777
c130,2022,p34_1,8888,c130:8888
c130,2022,p34_1,9999,c130:9999
c130,2023,p30_1,0,c130:0
c130,2023,p30_1,1,c130:1
c130,2023,p30_1,8888,c130:8888
c130,2023,p30_1,9999,c130:9999
c130,2024,p33_1,0,c130:0
c130,2024,p33_1,1,c130:1
c130,2024,p33_1,8888,c130:8888
c130,2024,p33_1,9999,c130:9999
c130,2025,p36_1,0,c130:0
c130,2025,p36_1,1,c130:1
c130,2025,p36_1,8888,c130:8888
c130,2025,p36_1,9999,c130:9999
c133,2022,p34_2,0,c133:0
c133,2022,p34_2,1,c133:1
c133,2022,p34_2,7777,c133:7777
c133,2022,p34_2,8888,c133:8888
c133,2022,p34_2,9999,c133:9999
c133,2023,p30_2,0,c133:0
c133,2023,p30_2,1,c133:1
c133,2023,p30_2,8888,c133:8888
c133,2023,p30_2,9999,c133:9999
c133,2024,p33_2,0,c133:0
c133,2024,p33_2,1,c133:1
c133,2024,p33_2,8888,c133:8888
c133,2024,p33_2,9999,c133:9999
c133,2025,p36_2,0,c133:0
c133,2025,p36_2,1,c133:1
c133,2025,p36_2,8888,c133:8888
c133,2025,p36_2,9999,c133:9999
c134,2022,p34_3,0,c134:0
c134,2022,p34_3,1,c134:1
c134,2022,p34_3,7777,c134:7777
c134,2022,p34_3,8888,c134:8888
c134,2022,p34_3,9999,c134:9999
c134,2023,p30_3,0,c134:0
c134,2023,p30_3,1,c134:1
c134,2023,p30_3,8888,c134:8888
c134,2023,p30_3,9999,c134:9999
c134,2024,p33_3,0,c134:0
c134,2024,p33_3,1,c134:1
c134,2024,p33_3,8888,c134:8888
c134,2024,p33_3,9999,c134:9999
c135,2022,p34_4,0,c135:0
c135,2022,p34_4,1,c135:1
c135,2022,p34_4,7777,c135:7777
c135,2022,p34_4,8888,c135:8888
c135,2022,p34_4,9999,c135:9999
c135,2023,p30_4,0,c135:0
c135,2023,p30_4,1,c135:1
c135,2023,p30_4,8888,c135:8888
c135,2023,p30_4,9999,c135:9999
c135,2024,p33_4,0,c135:0
c135,2024,p33_4,1,c135:1
c135,2024,p33_4,8888,c135:8888
c135,2024,p33_4,9999,c135:9999
c136,2022,p34_5,0,c136:0
c136,2022,p34_5,1,c136:1
c136,2022,p34_5,7777,c136:7777
c136,2022,p34_5,8888,c136:8888
c136,2022,p34_5,9999,c136:9999
c136,2023,p30_5,0,c136:0
c136,2023,p30_5,1,c136:1
c136,2023,p30_5,8888,c136:8888
c136,2023,p30_5,9999,c136:9999
c136,2024,p33_5,0,c136:0
c136,2024,p33_5,1,c136:1
c136,2024,p33_5,8888,c136:8888
c136,2024,p33_5,9999,c136:9999
c136,2025,p36_3,0,c136:0
c136,2025,p36_3,1,c136:1
c136,2025,p36_3,8888,c136:8888
c136,2025,p36_3,9999,c136:9999
c137,2022,p34_6,0,c137:0
c137,2022,p34_6,1,c137:1
c137,2022,p34_6,7777,c137:7777
c137,2022,p34_6,8888,c137:8888
c137,2022,p34_6,9999,c137:9999
c137,2023,p30_6,0,c137:0
c137,2023,p30_6,1,c137:1
c137,2023,p30_6,8888,c137:8888
c137,2023,p30_6,9999,c137:9999
c137,2024,p33_6,0,c137:0
c137,2024,p33_6,1,c137:1
c137,2024,p33_6,8888,c137:8888
c137,2024,p33_6,9999,c137:9999
c137,2025,p36_4,0,c137:0
c137,2025,p36_4,1,c137:1
c137,2025,p36_4,8888,c137:8888
c137,2025,p36_4,9999,c137:9999
c139,2022,p34_8,0,c139:0
c139,2022,p34_8,1,c139:1
c139,2022,p34_8,7777,c139:7777
c139,2022,p34_8,8888,c139:8888
c139,2022,p34_8,9999,c139:9999
c139,2023,p30_8,0,c139:0
c139,2023,p30_8,1,c139:1
c139,2023,p30_8,8888,c139:8888
c139,2023,p30_8,9999,c139:9999
c139,2024,p33_8,0,c139:0
c139,2024,p33_8,1,c139:1
c139,2024,p33_8,8888,c139:8888
c139,2024,p33_8,9999,c139:9999
c139,2025,p36_6,0,c139:0
c139,2025,p36_6,1,c139:1
c139,2025,p36_6,8888,c139:8888
c139,2025,p36_6,9999,c139:9999
c141,2022,p35,1,c141:1
c141,2022,p35,2,c141:2
c141,2022,p35,3,c141:3
c141,2022,p35,4,c141:4
c141,2022,p35,5,c141:5
c141,2022,p35,6,c141:6
c141,2022,p35,7,c141:7
c141,2022,p35,8,c141:8
c141,2022,p35,9,c141:9
c141,2022,p35,10,c141:10
c141,2022,p35,8888,c141:8888
c141,2022,p35,9999,c141:9999
c141,2023,p31,1,c141:1
c141,2023,p31,2,c141:2
c141,2023,p31,3,c141:3
c141,2023,p31,4,c141:4
c141,2023,p31,5,c141:5
c141,2023,p31,6,c141:6
c141,2023,p31,7,c141:7
c141,2023,p31,8,c141:8
c141,2023,p31,9,c141:9
c141,2023,p31,10,c141:10
c141,2023,p31,8888,c141:8888
c141,2023,p31,9999,c141:9999
c141,2024,p35,1,c141:1
c141,2024,p35,2,c141:2
c141,2024,p35,3,c141:3
c141,2024,p35,4,c141:4
c141,2024,p35,5,c141:5
c141,2024,p35,6,c141:6
c141,2024,p35,7,c141:7
c141,2024,p35,8,c141:8
c141,2024,p35,9,c141:9
c141,2024,p35,10,c141:10
c141,2024,p35,8888,c141:8888
c141,2024,p35,9999,c141:9999
c158,2022,p41,0,c158:0
c158,2022,p41,1,c158:1
c158,2022,p41,7777,c158:7777
c158,2022,p41,8888,c158:8888
c158,2022,p41,9999,c158:9999
c163,2023,p44,1,c163:1
c163,2023,p44,2,c163:2
c163,2023,p44,3,c163:3
c163,2023,p44,4,c163:4
c163,2023,p44,5,c163:5
c163,2023,p44,6,c163:6
c163,2023,p44,7,c163:7
c163,2023,p44,8,c163:8
c163,2023,p44,9,c163:9
c163,2023,p44,10,c163:10
c163,2023,p44,11,c163:11
c163,2023,p44,12,c163:12
c163,2023,p44,13,c163:13
c163,2023,p44,14,c163:14
c163,2023,p44,15,c163:15
c163,2023,p44,16,c163:16
c163,2023,p44,17,c163:17
c163,2023,p44,18,c163:18
c163,2023,p44,19,c163:19
c163,2023,p44,20,c163:20
c163,2023,p44,21,c163:21
c163,2023,p44,22,c163:22
c163,2023,p44,23,c163:23
c163,2023,p44,24,c163:24
c163,2023,p44,25,c163:25
c163,2023,p44,26,c163:26
c163,2023,p44,27,c163:27
c163,2023,p44,28,c163:28
c163,2023,p44,29,c163:29
c163,2023,p44,30,c163:30
c163,2023,p44,31,c163:31
c163,2023,p44,32,c163:32
c163,2023,p44,33,c163:33
c163,2023,p44,34,c163:34
c163,2023,p44,35,c163:35
c163,2023,p44,36,c163:36
c163,2023,p44,37,c163:37
c163,2023,p44,38,c163:38
c163,2023,p44,39,c163:39
c163,2023,p44,40,c163:40
c163,2023,p44,41,c163:41
c163,2023,p44,42,c163:42
c163,2023,p44,43,c163:43
c163,2023,p44,44,c163:44
c163,2023,p44,45,c163:45
c163,2023,p44,46,c163:46
c163,2023,p44,47,c163:47
c163,2023,p44,48,c163:48
c163,2023,p44,49,c163:49
c163,2023,p44,50,c163:50
c163,2023,p44,51,c163:51
c163,2023,p44,52,c163:52
c163,2023,p44,53,c163:53
c163,2023,p44,54,c163:54
c163,2023,p44,55,c163:55
c163,2023,p44,56,c163:56
c163,2023,p44,57,c163:57
c163,2023,p44,58,c163:58
c163,2023,p44,59,c163:59
c163,2023,p44,60,c163:60
c163,2023,p44,61,c163:61
c163,2023,p44,62,c163:62
c163,2023,p44,63,c163:63
c163,2023,p44,64,c163:64
c163,2023,p44,65,c163:65
c163,2023,p44,66,c163:66
c163,2023,p44,67,c163:67
c163,2023,p44,68,c163:68
c163,2023,p44,69,c163:69
c163,2023,p44,70,c163:70
c163,2023,p44,71,c163:71
c163,2023,p44,72,c163:72
c163,2023,p44,73,c163:73
c163,2023,p44,74,c163:74
c163,2023,p44,75,c163:75
c163,2023,p44,76,c163:76
c163,2023,p44,77,c163:77
c163,2023,p44,78,c163:78
c163,2023,p44,79,c163:79
c163,2023,p44,80,c163:80
c163,2023,p44,81,c163:81
c163,2023,p44,82,c163:82
c163,2023,p44,83,c163:83
c163,2023,p44,84,c163:84
c163,2023,p44,85,c163:85
c163,2023,p44,86,c163:86
c163,2023,p44,87,c163:87
c163,2023,p44,88,c163:88
c163,2023,p44,89,c163:89
c163,2023,p44,90,c163:90
c163,2023,p44,91,c163:91
c163,2023,p44,92,c163:92
c163,2023,p44,93,c163:93
c163,2023,p44,94,c163:94
c163,2023,p44,95,c163:95
c163,2023,p44,96,c163:96
c163,2023,p44,97,c163:97
c163,2023,p44,98,c163:98
c163,2023,p44,99,c163:99
c163,2023,p44,100,c163:100
c163,2023,p44,101,c163:101
c163,2023,p44,102,c163:102
c163,2023,p44,103,c163:103
c163,2023,p44,104,c163:104
c163,2023,p44,105,c163:105
c163,2023,p44,106,c163:106
c163,2023,p44,107,c163:107
c163,2023,p44,108,c163:108
c163,2023,p44,109,c163:109
c163,2023,p44,110,c163:110
c163,2023,p44,111,c163:111
c163,2023,p44,112,c163:112
c163,2023,p44,113,c163:113
c163,2023,p44,114,c163:114
c163,2023,p44,115,c163:115
c163,2023,p44,116,c163:116
c163,2023,p44,117,c163:117
c163,2023,p44,118,c163:118
c163,2023,p44,119,c163:119
c163,2023,p44,120,c163:120
c163,2023,p44,121,c163:121
c163,2023,p44,122,c163:122
c163,2023,p44,123,c163:123
c163,2023,p44,124,c163:124
c163,2023,p44,9999,c163:9999
c169,2023,p46_1,1,c169:1
c169,2023,p46_1,2,c169:2
c169,2023,p46_1,3,c169:3
c169,2023,p46_1,4,c169:4
c169,2023,p46_1,5,c169:5
c169,2023,p46_1,6,c169:6
c169,2023,p46_1,7,c169:7
c169,2023,p46_1,8,c169:8
c169,2023,p46_1,9,c169:9
c169,2023,p46_1,10,c169:10
c169,2023,p46_1,8888,c169:8888
c169,2023,p46_1,9999,c169:9999
c169,2024,p52_1,1,c169:1
c169,2024,p52_1,2,c169:2
c169,2024,p52_1,3,c169:3
c169,2024,p52_1,4,c169:4
c169,2024,p52_1,5,c169:5
c169,2024,p52_1,6,c169:6
c169,2024,p52_1,7,c169:7
c169,2024,p52_1,8,c169:8
c169,2024,p52_1,9,c169:9
c169,2024,p52_1,10,c169:10
c169,2024,p52_1,8888,c169:8888
c169,2024,p52_1,9999,c169:9999
c170,2022,p45_2,1,c170:1
c170,2022,p45_2,2,c170:2
c170,2022,p45_2,3,c170:3
c170,2022,p45_2,4,c170:4
c170,2022,p45_2,5,c170:5
c170,2022,p45_2,6,c170:6
c170,2022,p45_2,7,c170:7
c170,2022,p45_2,8,c170:8
c170,2022,p45_2,9,c170:9
c170,2022,p45_2,10,c170:10
c170,2022,p45_2,8888,c170:8888
c170,2022,p45_2,9999,c170:9999
c170,2023,p46_2,1,c170:1
c170,2023,p46_2,2,c170:2
c170,2023,p46_2,3,c170:3
c170,2023,p46_2,4,c170:4
c170,2023,p46_2,5,c170:5
c170,2023,p46_2,6,c170:6
c170,2023,p46_2,7,c170:7
c170,2023,p46_2,8,c170:8
c170,2023,p46_2,9,c170:9
c170,2023,p46_2,10,c170:10
c170,2023,p46_2,8888,c170:8888
c170,2023,p46_2,9999,c170:9999
c170,2024,p52_2,1,c170:1
c170,2024,p52_2,2,c170:2
c170,2024,p52_2,3,c170:3
c170,2024,p52_2,4,c170:4
c170,2024,p52_2,5,c170:5
c170,2024,p52_2,6,c170:6
c170,2024,p52_2,7,c170:7
c170,2024,p52_2,8,c170:8
c170,2024,p52_2,9,c170:9
c170,2024,p52_2,10,c170:10
c170,2024,p52_2,8888,c170:8888
c170,2024,p52_2,9999,c170:9999
c171,2022,p45_3,1,c171:1
c171,2022,p45_3,2,c171:2
c171,2022,p45_3,3,c171:3
c171,2022,p45_3,4,c171:4
c171,2022,p45_3,5,c171:5
c171,2022,p45_3,6,c171:6
c171,2022,p45_3,7,c171:7
c171,2022,p45_3,8,c171:8
c171,2022,p45_3,9,c171:9
c171,2022,p45_3,10,c171:10
c171,2022,p45_3,8888,c171:8888
c171,2022,p45_3,9999,c171:9999
c171,2023,p46_3,1,c171:1
c171,2023,p46_3,2,c171:2
c171,2023,p46_3,3,c171:3
c171,2023,p46_3,4,c171:4
c171,2023,p46_3,5,c171:5
c171,2023,p46_3,6,c171:6
c171,2023,p46_3,7,c171:7
c171,2023,p46_3,8,c171:8
c171,2023,p46_3,9,c171:9
c171,2023,p46_3,10,c171:10
c171,2023,p46_3,8888,c171:8888
c171,2023,p46_3,9999,c171:9999
c171,2024,p52_3,1,c171:1
c171,2024,p52_3,2,c171:2
c171,2024,p52_3,3,c171:3
c171,2024,p52_3,4,c171:4
c171,2024,p52_3,5,c171:5
c171,2024,p52_3,6,c171:6
c171,2024,p52_3,7,c171:7
c171,2024,p52_3,8,c171:8
c171,2024,p52_3,9,c171:9
c171,2024,p52_3,10,c171:10
c171,2024,p52_3,8888,c171:8888
c171,2024,p52_3,9999,c171:9999
c172,2022,p45_4,1,c172:1
c172,2022,p45_4,2,c172:2
c172,2022,p45_4,3,c172:3
c172,2022,p45_4,4,c172:4
c172,2022,p45_4,5,c172:5
c172,2022,p45_4,6,c172:6
c172,2022,p45_4,7,c172:7
c172,2022,p45_4,8,c172:8
c172,2022,p45_4,9,c172:9
c172,2022,p45_4,10,c172:10
c172,2022,p45_4,8888,c172:8888
c172,2022,p45_4,9999,c172:9999
c172,2023,p46_4,1,c172:1
c172,2023,p46_4,2,c172:2
c172,2023,p46_4,3,c172:3
c172,2023,p46_4,4,c172:4
c172,2023,p46_4,5,c172:5
c172,2023,p46_4,6,c172:6
c172,2023,p46_4,7,c172:7
c172,2023,p46_4,8,c172:8
c172,2023,p46_4,9,c172:9
c172,2023,p46_4,10,c172:10
c172,2023,p46_4,8888,c172:8888
c172,2023,p46_4,9999,c172:9999
c172,2024,p52_4,1,c172:1
c172,2024,p52_4,2,c172:2
c172,2024,p52_4,3,c172:3
c172,2024,p52_4,4,c172:4
c172,2024,p52_4,5,c172:5
c172,2024,p52_4,6,c172:6
c172,2024,p52_4,7,c172:7
c172,2024,p52_4,8,c172:8
c172,2024,p52_4,9,c172:9
c172,2024,p52_4,10,c172:10
c172,2024,p52_4,8888,c172:8888
c172,2024,p52_4,9999,c172:9999
c173,2022,p45_5,1,c173:1
c173,2022,p45_5,2,c173:2
c173,2022,p45_5,3,c173:3
c173,2022,p45_5,4,c173:4
c173,2022,p45_5,5,c173:5
c173,2022,p45_5,6,c173:6
c173,2022,p45_5,7,c173:7
c173,2022,p45_5,8,c173:8
c173,2022,p45_5,9,c173:9
c173,2022,p45_5,10,c173:10
c173,2022,p45_5,8888,c173:8888
c173,2022,p45_5,9999,c173:9999
c173,2023,p46_5,1,c173:1
c173,2023,p46_5,2,c173:2
c173,2023,p46_5,3,c173:3
c173,2023,p46_5,4,c173:4
c173,2023,p46_5,5,c173:5
c173,2023,p46_5,6,c173:6
c173,2023,p46_5,7,c173:7
c173,2023,p46_5,8,c173:8
c173,2023,p46_5,9,c173:9
c173,2023,p46_5,10,c173:10
c173,2023,p46_5,8888,c173:8888
c173,2023,p46_5,9999,c173:9999
c174,2023,p47,0,c174:0
c174,2023,p47,1,c174:1
c174,2023,p47,8888,c174:8888
c174,2023,p47,9999,c174:9999
c174,2024,p53,0,c174:0
c174,2024,p53,1,c174:1
c174,2024,p53,8888,c174:8888
c174,2024,p53,9999,c174:9999
c174,2025,p63,0,c174:0
c174,2025,p63,1,c174:1
c174,2025,p63,8888,c174:8888
c174,2025,p63,9999,c174:9999
c176,2022,p55_1,0,c176:0
c176,2022,p55_1,1,c176:1
c176,2022,p55_1,8888,c176:8888
c176,2022,p55_1,9999,c176:9999
c176,2023,p52_1,0,c176:0
c176,2023,p52_1,1,c176:1
c176,2023,p52_1,8888,c176:8888
c176,2023,p52_1,9999,c176:9999
c176,2024,p61_1,0,c176:0
c176,2024,p61_1,1,c176:1
c176,2024,p61_1,8888,c176:8888
c176,2024,p61_1,9999,c176:9999
c176,2025,p71_1,0,c176:0
c176,2025,p71_1,1,c176:1
c176,2025,p71_1,8888,c176:8888
c176,2025,p71_1,9999,c176:9999
c177,2022,p55_2,0,c177:0
c177,2022,p55_2,1,c177:1
c177,2022,p55_2,8888,c177:8888
c177,2022,p55_2,9999,c177:9999
c177,2023,p52_2,0,c177:0
c177,2023,p52_2,1,c177:1
c177,2023,p52_2,8888,c177:8888
c177,2023,p52_2,9999,c177:9999
c177,2025,p71_2,0,c177:0
c177,2025,p71_2,1,c177:1
c177,2025,p71_2,8888,c177:8888
c177,2025,p71_2,9999,c177:9999
c178,2022,p55_3,0,c178:0
c178,2022,p55_3,1,c178:1
c178,2022,p55_3,8888,c178:8888
c178,2022,p55_3,9999,c178:9999
c178,2023,p52_3,0,c178:0
c178,2023,p52_3,1,c178:1
c178,2023,p52_3,8888,c178:8888
c178,2023,p52_3,9999,c178:9999
c178,2024,p61_3,0,c178:0
c178,2024,p61_3,1,c178:1
c178,2024,p61_3,8888,c178:8888
c178,2024,p61_3,9999,c178:9999
c178,2025,p71_3,0,c178:0
c178,2025,p71_3,1,c178:1
c178,2025,p71_3,8888,c178:8888
c178,2025,p71_3,9999,c178:9999
c179,2022,p55_4,0,c179:0
c179,2022,p55_4,1,c179:1
c179,2022,p55_4,8888,c179:8888
c179,2022,p55_4,9999,c179:9999
c179,2023,p52_4,0,c179:0
c179,2023,p52_4,1,c179:1
c179,2023,p52_4,8888,c179:8888
c179,2023,p52_4,9999,c179:9999
c179,2024,p61_4,0,c179:0
c179,2024,p61_4,1,c179:1
c179,2024,p61_4,8888,c179:8888
c179,2024,p61_4,9999,c179:9999
c179,2025,p71_4,0,c179:0
c179,2025,p71_4,1,c179:1
c179,2025,p71_4,8888,c179:8888
c179,2025,p71_4,9999,c179:9999
c180,2022,p55_5,0,c180:0
c180,2022,p55_5,1,c180:1
c180,2022,p55_5,8888,c180:8888
c180,2022,p55_5,9999,c180:9999
c180,2023,p52_5,0,c180:0
c180,2023,p52_5,1,c180:1
c180,2023,p52_5,8888,c180:8888
c180,2023,p52_5,9999,c180:9999
c180,2024,p61_5,0,c180:0
c180,2024,p61_5,1,c180:1
c180,2024,p61_5,8888,c180:8888
c180,2024,p61_5,9999,c180:9999
c180,2025,p71_5,0,c180:0
c180,2025,p71_5,1,c180:1
c180,2025,p71_5,8888,c180:8888
c180,2025,p71_5,9999,c180:9999
c181,2022,p56,1,c181:1
c181,2022,p56,2,c181:2
c181,2022,p56,3,c181:3
c181,2022,p56,4,c181:4
c181,2022,p56,5,c181:5
c181,2022,p56,8888,c181:8888
c181,2022,p56,9999,c181:9999
c181,2023,p53,1,c181:1
c181,2023,p53,2,c181:2
c181,2023,p53,3,c181:3
c181,2023,p53,4,c181:4
c181,2023,p53,5,c181:5
c181,2023,p53,8888,c181:8888
c181,2023,p53,9999,c181:9999
c185,2022,p57_3,0,c185:0
c185,2022,p57_3,1,c185:1
c185,2022,p57_3,8888,c185:8888
c185,2022,p57_3,9999,c185:9999
c185,2023,p54_3,0,c185:0
c185,2023,p54_3,1,c185:1
c185,2023,p54_3,8888,c185:8888
c185,2023,p54_3,9999,c185:9999
c185,2024,p63_3,0,c185:0
c185,2024,p63_3,1,c185:1
c185,2024,p63_3,8888,c185:8888
c185,2024,p63_3,9999,c185:9999
c186,2022,p57_4,0,c186:0
c186,2022,p57_4,1,c186:1
c186,2022,p57_4,8888,c186:8888
c186,2022,p57_4,9999,c186:9999
c186,2023,p54_4,0,c186:0
c186,2023,p54_4,1,c186:1
c186,2023,p54_4,8888,c186:8888
c186,2023,p54_4,9999,c186:9999
c186,2024,p63_4,0,c186:0
c186,2024,p63_4,1,c186:1
c186,2024,p63_4,8888,c186:8888
c186,2024,p63_4,9999,c186:9999
c187,2022,p57_5,0,c187:0
c187,2022,p57_5,1,c187:1
c187,2022,p57_5,8888,c187:8888
c187,2022,p57_5,9999,c187:9999
c187,2023,p54_5,0,c187:0
c187,2023,p54_5,1,c187:1
c187,2023,p54_5,8888,c187:8888
c187,2023,p54_5,9999,c187:9999
c187,2024,p63_5,0,c187:0
c187,2024,p63_5,1,c187:1
c187,2024,p63_5,8888,c187:8888
c187,2024,p63_5,9999,c187:9999
c192,2022,p65,1,c192:1
c192,2022,p65,2,c192:2
c192,2022,p65,3,c192:3
c192,2022,p65,4,c192:4
c192,2022,p65,8888,c192:8888
c192,2022,p65,9999,c192:9999
c192,2023,p63,1,c192:1
c192,2023,p63,2,c192:2
c192,2023,p63,3,c192:3
c192,2023,p63,4,c192:4
c192,2023,p63,8888,c192:8888
c192,2023,p63,9999,c192:9999
c192,2024,p73,1,c192:1
c192,2024,p73,2,c192:2
c192,2024,p73,3,c192:3
c192,2024,p73,4,c192:4
c192,2024,p73,8888,c192:8888
c192,2024,p73,9999,c192:9999
c192,2025,p86,1,c192:1
c192,2025,p86,2,c192:2
c192,2025,p86,3,c192:3
c192,2025,p86,4,c192:4
c192,2025,p86,8888,c192:8888
c192,2025,p86,9999,c192:9999
c194,2022,p66,1,c194:1
c194,2022,p66,2,c194:2
c194,2022,p66,3,c194:3
c194,2022,p66,4,c194:4
c194,2022,p66,8888,c194:8888
c194,2022,p66,9999,c194:9999
c194,2023,p64,1,c194:1
c194,2023,p64,2,c194:2
c194,2023,p64,3,c194:3
c194,2023,p64,4,c194:4
c194,2023,p64,8888,c194:8888
c194,2023,p64,9999,c194:9999
c194,2024,p74,1,c194:1
c194,2024,p74,2,c194:2
c194,2024,p74,3,c194:3
c194,2024,p74,4,c194:4
c194,2024,p74,8888,c194:8888
c194,2024,p74,9999,c194:9999
c194,2025,p87,1,c194:1
c194,2025,p87,2,c194:2
c194,2025,p87,3,c194:3
c194,2025,p87,4,c194:4
c194,2025,p87,8888,c194:8888
c194,2025,p87,9999,c194:9999
c201,2021,p52,1,c201:1
c201,2021,p52,2,c201:2
c201,2021,p52,3,c201:3
c201,2021,p52,4,c201:4
c201,2021,p52,8,c201:8888
c201,2021,p52,9,c201:9999
c201,2022,p67,1,c201:1
c201,2022,p67,2,c201:2
c201,2022,p67,3,c201:3
c201,2022,p67,4,c201:4
c201,2022,p67,8888,c201:8888
c201,2022,p67,9999,c201:9999
c201,2023,p65,1,c201:1
c201,2023,p65,2,c201:2
c201,2023,p65,3,c201:3
c201,2023,p65,4,c201:4
c201,2023,p65,8888,c201:8888
c201,2023,p65,9999,c201:9999
c201,2024,p75,1,c201:1
c201,2024,p75,2,c201:2
c201,2024,p75,3,c201:3
c201,2024,p75,4,c201:4
c201,2024,p75,8888,c201:8888
c201,2024,p75,9999,c201:9999
c201,2025,p88,1,c201:1
c201,2025,p88,2,c201:2
c201,2025,p88,3,c201:3
c201,2025,p88,4,c201:4
c201,2025,p88,8888,c201:8888
c201,2025,p88,9999,c201:9999
c202,2021,p53,0,c202:0
c202,2021,p53,1,c202:1
c202,2021,p53,8,c202:8888
c202,2021,p53,9,c202:9999
c202,2022,p68,0,c202:0
c202,2022,p68,1,c202:1
c202,2022,p68,8888,c202:8888
c202,2022,p68,9999,c202:9999
c202,2023,p67,0,c202:0
c202,2023,p67,1,c202:1
c202,2023,p67,8888,c202:8888
c202,2023,p67,9999,c202:9999
c202,2024,p76,0,c202:0
c202,2024,p76,1,c202:1
c202,2024,p76,8888,c202:8888
c202,2024,p76,9999,c202:9999
c203,2023,p68_1,0,c203:0
c203,2023,p68_1,1,c203:1
c203,2023,p68_1,8888,c203:8888
c203,2023,p68_1,9999,c203:9999
c203,2024,p77_1,0,c203:0
c203,2024,p77_1,1,c203:1
c203,2024,p77_1,8888,c203:8888
c203,2024,p77_1,9999,c203:9999
c204,2022,p69_1,0,c204:0
c204,2022,p69_1,1,c204:1
c204,2022,p69_1,8888,c204:8888
c204,2022,p69_1,9999,c204:9999
c204,2025,p89_1,0,c204:0
c204,2025,p89_1,1,c204:1
c204,2025,p89_1,8888,c204:8888
c204,2025,p89_1,9999,c204:9999
c206,2022,p69_11,0,c206:0
c206,2022,p69_11,1,c206:1
c206,2022,p69_11,8888,c206:8888
c206,2022,p69_11,9999,c206:9999
c206,2023,p68_11,0,c206:0
c206,2023,p68_11,1,c206:1
c206,2023,p68_11,8888,c206:8888
c206,2023,p68_11,9999,c206:9999
c206,2024,p77_11,0,c206:0
c206,2024,p77_11,1,c206:1
c206,2024,p77_11,8888,c206:8888
c206,2024,p77_11,9999,c206:9999
c206,2025,p89_11,0,c206:0
c206,2025,p89_11,1,c206:1
c206,2025,p89_11,8888,c206:8888
c206,2025,p89_11,9999,c206:9999
c207,2022,p69_12,0,c207:0
c207,2022,p69_12,1,c207:1
c207,2022,p69_12,8888,c207:8888
c207,2022,p69_12,9999,c207:9999
c207,2023,p68_12,0,c207:0
c207,2023,p68_12,1,c207:1
c207,2023,p68_12,8888,c207:8888
c207,2023,p68_12,9999,c207:9999
c207,2024,p77_12,0,c207:0
c207,2024,p77_12,1,c207:1
c207,2024,p77_12,8888,c207:8888
c207,2024,p77_12,9999,c207:9999
c207,2025,p89_12,0,c207:0
c207,2025,p89_12,1,c207:1
c207,2025,p89_12,8888,c207:8888
c207,2025,p89_12,9999,c207:9999
c209,2022,p69_13,0,c209:0
c209,2022,p69_13,1,c209:1
c209,2022,p69_13,8888,c209:8888
c209,2022,p69_13,9999,c209:9999
c209,2023,p68_13,0,c209:0
c209,2023,p68_13,1,c209:1
c209,2023,p68_13,8888,c209:8888
c209,2023,p68_13,9999,c209:9999
c209,2024,p77_13,0,c209:0
c209,2024,p77_13,1,c209:1
c209,2024,p77_13,8888,c209:8888
c209,2024,p77_13,9999,c209:9999
c209,2025,p89_13,0,c209:0
c209,2025,p89_13,1,c209:1
c209,2025,p89_13,8888,c209:8888
c209,2025,p89_13,9999,c209:9999
c210,2022,p69_14,0,c210:0
c210,2022,p69_14,1,c210:1
c210,2022,p69_14,8888,c210:8888
c210,2022,p69_14,9999,c210:9999
c210,2023,p68_14,0,c210:0
c210,2023,p68_14,1,c210:1
c210,2023,p68_14,8888,c210:8888
c210,2023,p68_14,9999,c210:9999
c210,2024,p77_14,0,c210:0
c210,2024,p77_14,1,c210:1
c210,2024,p77_14,8888,c210:8888
c210,2024,p77_14,9999,c210:9999
c210,2025,p89_14,0,c210:0
c210,2025,p89_14,1,c210:1
c210,2025,p89_14,8888,c210:8888
c210,2025,p89_14,9999,c210:9999
c214,2022,p69_3,0,c214:0
c214,2022,p69_3,1,c214:1
c214,2022,p69_3,8888,c214:8888
c214,2022,p69_3,9999,c214:9999
c214,2023,p68_3,0,c214:0
c214,2023,p68_3,1,c214:1
c214,2023,p68_3,8888,c214:8888
c214,2023,p68_3,9999,c214:9999
c214,2024,p77_3,0,c214:0
c214,2024,p77_3,1,c214:1
c214,2024,p77_3,8888,c214:8888
c214,2024,p77_3,9999,c214:9999
c215,2022,p69_4,0,c215:0
c215,2022,p69_4,1,c215:1
c215,2022,p69_4,8888,c215:8888
c215,2022,p69_4,9999,c215:9999
c215,2023,p68_4,0,c215:0
c215,2023,p68_4,1,c215:1
c215,2023,p68_4,8888,c215:8888
c215,2023,p68_4,9999,c215:9999
c215,2024,p77_4,0,c215:0
c215,2024,p77_4,1,c215:1
c215,2024,p77_4,8888,c215:8888
c215,2024,p77_4,9999,c215:9999
c215,2025,p89_4,0,c215:0
c215,2025,p89_4,1,c215:1
c215,2025,p89_4,8888,c215:8888
c215,2025,p89_4,9999,c215:9999
c218,2022,p69_7,0,c218:0
c218,2022,p69_7,1,c218:1
c218,2022,p69_7,8888,c218:8888
c218,2022,p69_7,9999,c218:9999
c218,2023,p68_7,0,c218:0
c218,2023,p68_7,1,c218:1
c218,2023,p68_7,8888,c218:8888
c218,2023,p68_7,9999,c218:9999
c218,2024,p77_7,0,c218:0
c218,2024,p77_7,1,c218:1
c218,2024,p77_7,8888,c218:8888
c218,2024,p77_7,9999,c218:9999
c218,2025,p89_7,0,c218:0
c218,2025,p89_7,1,c218:1
c218,2025,p89_7,8888,c218:8888
c218,2025,p89_7,9999,c218:9999
c219,2022,p69_8,0,c219:0
c219,2022,p69_8,1,c219:1
c219,2022,p69_8,8888,c219:8888
c219,2022,p69_8,9999,c219:9999
c219,2023,p68_8,0,c219:0
c219,2023,p68_8,1,c219:1
c219,2023,p68_8,8888,c219:8888
c219,2023,p68_8,9999,c219:9999
c219,2024,p77_8,0,c219:0
c219,2024,p77_8,1,c219:1
c219,2024,p77_8,8888,c219:8888
c219,2024,p77_8,9999,c219:9999
c219,2025,p89_8,0,c219:0
c219,2025,p89_8,1,c219:1
c219,2025,p89_8,8888,c219:8888
c219,2025,p89_8,9999,c219:9999
c220,2022,p69_9,0,c220:0
c220,2022,p69_9,1,c220:1
c220,2022,p69_9,8888,c220:8888
c220,2022,p69_9,9999,c220:9999
c220,2023,p68_9,0,c220:0
c220,2023,p68_9,1,c220:1
c220,2023,p68_9,8888,c220:8888
c220,2023,p68_9,9999,c220:9999
c220,2024,p77_9,0,c220:0
c220,2024,p77_9,1,c220:1
c220,2024,p77_9,8888,c220:8888
c220,2024,p77_9,9999,c220:9999
c220,2025,p89_9,0,c220:0
c220,2025,p89_9,1,c220:1
c220,2025,p89_9,8888,c220:8888
c220,2025,p89_9,9999,c220:9999
c221,2022,p70,1,c221:1
c221,2022,p70,2,c221:2
c221,2022,p70,3,c221:3
c221,2022,p70,4,c221:4
c221,2022,p70,5,c221:5
c221,2022,p70,8888,c221:8888
c221,2022,p70,9999,c221:9999
c221,2023,p69,1,c221:1
c221,2023,p69,2,c221:2
c221,2023,p69,3,c221:3
c221,2023,p69,4,c221:4
c221,2023,p69,5,c221:5
c221,2023,p69,8888,c221:8888
c221,2023,p69,9999,c221:9999
c221,2024,p78,1,c221:1
c221,2024,p78,2,c221:2
c221,2024,p78,3,c221:3
c221,2024,p78,4,c221:4
c221,2024,p78,5,c221:5
c221,2024,p78,8888,c221:8888
c221,2024,p78,9999,c221:9999
c223,2022,p71_1,0,c223:0
c223,2022,p71_1,1,c223:1
c223,2022,p71_1,8888,c223:8888
c223,2022,p71_1,9999,c223:9999
c223,2023,p70_1,0,c223:0
c223,2023,p70_1,1,c223:1
c223,2023,p70_1,8888,c223:8888
c223,2023,p70_1,9999,c223:9999
c223,2024,p79_1,0,c223:0
c223,2024,p79_1,1,c223:1
c223,2024,p79_1,8888,c223:8888
c223,2024,p79_1,9999,c223:9999
c223,2025,p90_1,0,c223:0
c223,2025,p90_1,1,c223:1
c223,2025,p90_1,8888,c223:8888
c223,2025,p90_1,9999,c223:9999
c224,2022,p71_2,0,c224:0
c224,2022,p71_2,1,c224:1
c224,2022,p71_2,8888,c224:8888
c224,2022,p71_2,9999,c224:9999
c224,2023,p70_2,0,c224:0
c224,2023,p70_2,1,c224:1
c224,2023,p70_2,8888,c224:8888
c224,2023,p70_2,9999,c224:9999
c227,2022,p71_5,0,c227:0
c227,2022,p71_5,1,c227:1
c227,2022,p71_5,8888,c227:8888
c227,2022,p71_5,9999,c227:9999
c227,2023,p70_4,0,c227:0
c227,2023,p70_4,1,c227:1
c227,2023,p70_4,8888,c227:8888
c227,2023,p70_4,9999,c227:9999
c227,2024,p79_3,0,c227:0
c227,2024,p79_3,1,c227:1
c227,2024,p79_3,8888,c227:8888
c227,2024,p79_3,9999,c227:9999
c228,2022,p73,0,c228:0
c228,2022,p73,1,c228:1
c228,2022,p73,2,c228:2
c228,2022,p73,9999,c228:9999
c228,2023,p75,0,c228:0
c228,2023,p75,1,c228:1
c228,2023,p75,2,c228:2
c228,2023,p75,9999,c228:9999
c228,2024,p81,0,c228:0
c228,2024,p81,1,c228:1
c228,2024,p81,2,c228:2
c228,2024,p81,9999,c228:9999
c229,2022,p73_1,0,c229:0
c229,2022,p73_1,1,c229:1
c229,2022,p73_1,8888,c229:8888
c229,2022,p73_1,9999,c229:9999
c229,2023,p76,0,c229:0
c229,2023,p76,1,c229:1
c229,2023,p76,8888,c229:8888
c229,2023,p76,9999,c229:9999
c229,2024,p82,0,c229:0
c229,2024,p82,1,c229:1
c229,2024,p82,8888,c229:8888
c229,2024,p82,9999,c229:9999
c229,2025,p93,0,c229:0
c229,2025,p93,1,c229:1
c229,2025,p93,8888,c229:8888
c229,2025,p93,9999,c229:9999
c231,2022,p9,1,c231:1
c231,2022,p9,2,c231:2
c231,2022,p9,3,c231:3
c231,2022,p9,4,c231:4
c231,2022,p9,5,c231:5
c231,2022,p9,6,c231:6
c231,2022,p9,7,c231:7
c231,2022,p9,8,c231:8
c231,2022,p9,9,c231:9
c231,2022,p9,10,c231:10
c231,2022,p9,11,c231:11
c231,2022,p9,12,c231:12
c231,2022,p9,13,c231:13
c231,2022,p9,14,c231:14
c231,2022,p9,15,c231:15
c231,2022,p9,9999,c231:9999
c232,2021,p60_1,0,c232:0
c232,2021,p60_1,1,c232:1
c232,2021,p60_1,8,c232:8888
c232,2021,p60_1,9,c232:9999
c232,2022,p75_1,0,c232:0
c232,2022,p75_1,1,c232:1
c232,2022,p75_1,8888,c232:8888
c232,2022,p75_1,9999,c232:9999
c232,2023,p78,0,c232:0
c232,2023,p78,1,c232:1
c232,2023,p78,8888,c232:8888
c232,2023,p78,9999,c232:9999
c232,2024,p84,0,c232:0
c232,2024,p84,1,c232:1
c232,2024,p84,8888,c232:8888
c232,2024,p84,9999,c232:9999
c233,2021,p60_2,0,c233:0
c233,2021,p60_2,1,c233:1
c233,2021,p60_2,8,c233:8888
c233,2021,p60_2,9,c233:9999
c233,2022,p75_2,0,c233:0
c233,2022,p75_2,1,c233:1
c233,2022,p75_2,8888,c233:8888
c233,2022,p75_2,9999,c233:9999
c233,2023,p79,0,c233:0
c233,2023,p79,1,c233:1
c233,2023,p79,8888,c233:8888
c233,2023,p79,9999,c233:9999
c233,2024,p85,0,c233:0
c233,2024,p85,1,c233:1
c233,2024,p85,8888,c233:8888
c233,2024,p85,9999,c233:9999
c234,2021,p62,1,c234:1
c234,2021,p62,2,c234:2
c234,2021,p62,3,c234:3
c234,2021,p62,4,c234:4
c234,2021,p62,8,c234:8888
c234,2021,p62,9,c234:9999
c234,2022,p77,1,c234:1
c234,2022,p77,2,c234:2
c234,2022,p77,3,c234:3
c234,2022,p77,4,c234:4
c234,2022,p77,7777,c234:7777
c234,2022,p77,8888,c234:8888
c234,2022,p77,9999,c234:9999
c234,2023,p81,1,c234:1
c234,2023,p81,2,c234:2
c234,2023,p81,3,c234:3
c234,2023,p81,4,c234:4
c234,2023,p81,7777,c234:7777
c234,2023,p81,8888,c234:8888
c234,2023,p81,9999,c234:9999
c234,2024,p87,1,c234:1
c234,2024,p87,2,c234:2
c234,2024,p87,3,c234:3
c234,2024,p87,4,c234:4
c234,2024,p87,8888,c234:8888
c234,2024,p87,9999,c234:9999
c234,2025,p98,1,c234:1
c234,2025,p98,2,c234:2
c234,2025,p98,3,c234:3
c234,2025,p98,4,c234:4
c234,2025,p98,8888,c234:8888
c234,2025,p98,9999,c234:9999
c236,2021,p65,0,c236:0
c236,2021,p65,1,c236:1
c236,2022,p80,0,c236:0
c236,2022,p80,1,c236:1
c236,2022,p80,9999,c236:9999
c236,2023,p85,0,c236:0
c236,2023,p85,1,c236:1
c236,2023,p85,9999,c236:9999
c236,2024,p91,0,c236:0
c236,2024,p91,1,c236:1
c236,2024,p91,9999,c236:9999
c236,2025,p102,0,c236:0
c236,2025,p102,1,c236:1
c236,2025,p102,9999,c236:9999
c238,2022,p81,1,c238:1
c238,2022,p81,2,c238:2
c238,2022,p81,3,c238:3
c238,2022,p81,4,c238:4
c238,2022,p81,5,c238:5
c238,2022,p81,7777,c238:7777
c238,2022,p81,8888,c238:8888
c238,2022,p81,9999,c238:9999
c238,2023,p87,1,c238:1
c238,2023,p87,2,c238:2
c238,2023,p87,3,c238:3
c238,2023,p87,4,c238:4
c238,2023,p87,5,c238:5
c238,2023,p87,7777,c238:7777
c238,2023,p87,8888,c238:8888
c238,2023,p87,9999,c238:9999
c239,2024,p94_1,1,c239:1
c239,2024,p94_1,2,c239:2
c239,2024,p94_1,3,c239:3
c239,2024,p94_1,4,c239:4
c239,2024,p94_1,5,c239:5
c239,2024,p94_1,8888,c239:8888
c239,2024,p94_1,9999,c239:9999
c240,2022,p82_1,1,c240:1
c240,2022,p82_1,2,c240:2
c240,2022,p82_1,3,c240:3
c240,2022,p82_1,4,c240:4
c240,2022,p82_1,5,c240:5
c240,2022,p82_1,7777,c240:7777
c240,2022,p82_1,8888,c240:8888
c240,2022,p82_1,9999,c240:9999
c240,2023,p88_1,1,c240:1
c240,2023,p88_1,2,c240:2
c240,2023,p88_1,3,c240:3
c240,2023,p88_1,4,c240:4
c240,2023,p88_1,5,c240:5
c240,2023,p88_1,7777,c240:7777
c240,2023,p88_1,8888,c240:8888
c240,2023,p88_1,9999,c240:9999
c240,2025,p105_1,1,c240:1
c240,2025,p105_1,2,c240:2
c240,2025,p105_1,3,c240:3
c240,2025,p105_1,4,c240:4
c240,2025,p105_1,5,c240:5
c240,2025,p105_1,8888,c240:8888
c240,2025,p105_1,9999,c240:9999
c241,2022,p82_2,1,c241:1
c241,2022,p82_2,2,c241:2
c241,2022,p82_2,3,c241:3
c241,2022,p82_2,4,c241:4
c241,2022,p82_2,5,c241:5
c241,2022,p82_2,7777,c241:7777
c241,2022,p82_2,8888,c241:8888
c241,2022,p82_2,9999,c241:9999
c241,2023,p88_2,1,c241:1
c241,2023,p88_2,2,c241:2
c241,2023,p88_2,3,c241:3
c241,2023,p88_2,4,c241:4
c241,2023,p88_2,5,c241:5
c241,2023,p88_2,7777,c241:7777
c241,2023,p88_2,8888,c241:8888
c241,2023,p88_2,9999,c241:9999
c241,2024,p94_2,1,c241:1
c241,2024,p94_2,2,c241:2
c241,2024,p94_2,3,c241:3
c241,2024,p94_2,4,c241:4
c241,2024,p94_2,5,c241:5
c241,2024,p94_2,8888,c241:8888
c241,2024,p94_2,9999,c241:9999
c242,2022,p82_3,1,c242:1
c242,2022,p82_3,2,c242:2
c242,2022,p82_3,3,c242:3
c242,2022,p82_3,4,c242:4
c242,2022,p82_3,5,c242:5
c242,2022,p82_3,7777,c242:7777
c242,2022,p82_3,8888,c242:8888
c242,2022,p82_3,9999,c242:9999
c242,2023,p88_3,1,c242:1
c242,2023,p88_3,2,c242:2
c242,2023,p88_3,3,c242:3
c242,2023,p88_3,4,c242:4
c242,2023,p88_3,5,c242:5
c242,2023,p88_3,7777,c242:7777
c242,2023,p88_3,8888,c242:8888
c242,2023,p88_3,9999,c242:9999
c242,2024,p94_3,1,c242:1
c242,2024,p94_3,2,c242:2
c242,2024,p94_3,3,c242:3
c242,2024,p94_3,4,c242:4
c242,2024,p94_3,5,c242:5
c242,2024,p94_3,8888,c242:8888
c242,2024,p94_3,9999,c242:9999
c242,2025,p105_2,1,c242:1
c242,2025,p105_2,2,c242:2
c242,2025,p105_2,3,c242:3
c242,2025,p105_2,4,c242:4
c242,2025,p105_2,5,c242:5
c242,2025,p105_2,8888,c242:8888
c242,2025,p105_2,9999,c242:9999
c243,2022,p82_4,1,c243:1
c243,2022,p82_4,2,c243:2
c243,2022,p82_4,3,c243:3
c243,2022,p82_4,4,c243:4
c243,2022,p82_4,5,c243:5
c243,2022,p82_4,7777,c243:7777
c243,2022,p82_4,8888,c243:8888
c243,2022,p82_4,9999,c243:9999
c243,2023,p88_4,1,c243:1
c243,2023,p88_4,2,c243:2
c243,2023,p88_4,3,c243:3
c243,2023,p88_4,4,c243:4
c243,2023,p88_4,5,c243:5
c243,2023,p88_4,7777,c243:7777
c243,2023,p88_4,8888,c243:8888
c243,2023,p88_4,9999,c243:9999
c243,2024,p94_4,1,c243:1
c243,2024,p94_4,2,c243:2
c243,2024,p94_4,3,c243:3
c243,2024,p94_4,4,c243:4
c243,2024,p94_4,5,c243:5
c243,2024,p94_4,8888,c243:8888
c243,2024,p94_4,9999,c243:9999
c243,2025,p105_3,1,c243:1
c243,2025,p105_3,2,c243:2
c243,2025,p105_3,3,c243:3
c243,2025,p105_3,4,c243:4
c243,2025,p105_3,5,c243:5
c243,2025,p105_3,8888,c243:8888
c243,2025,p105_3,9999,c243:9999
c244,2022,p82_5,1,c244:1
c244,2022,p82_5,2,c244:2
c244,2022,p82_5,3,c244:3
c244,2022,p82_5,4,c244:4
c244,2022,p82_5,5,c244:5
c244,2022,p82_5,7777,c244:7777
c244,2022,p82_5,8888,c244:8888
c244,2022,p82_5,9999,c244:9999
c244,2023,p88_5,1,c244:1
c244,2023,p88_5,2,c244:2
c244,2023,p88_5,3,c244:3
c244,2023,p88_5,4,c244:4
c244,2023,p88_5,5,c244:5
c244,2023,p88_5,7777,c244:7777
c244,2023,p88_5,8888,c244:8888
c244,2023,p88_5,9999,c244:9999
c244,2024,p94_5,1,c244:1
c244,2024,p94_5,2,c244:2
c244,2024,p94_5,3,c244:3
c244,2024,p94_5,4,c244:4
c244,2024,p94_5,5,c244:5
c244,2024,p94_5,8888,c244:8888
c244,2024,p94_5,9999,c244:9999
c244,2025,p105_4,1,c244:1
c244,2025,p105_4,2,c244:2
c244,2025,p105_4,3,c244:3
c244,2025,p105_4,4,c244:4
c244,2025,p105_4,5,c244:5
c244,2025,p105_4,8888,c244:8888
c244,2025,p105_4,9999,c244:9999
c245,2022,p83,1,c245:1
c245,2022,p83,2,c245:2
c245,2022,p83,3,c245:3
c245,2022,p83,4,c245:4
c245,2022,p83,5,c245:5
c245,2022,p83,6,c245:6
c245,2022,p83,7,c245:7
c245,2022,p83,8,c245:8
c245,2022,p83,9,c245:9
c245,2022,p83,10,c245:10
c245,2022,p83,7777,c245:7777
c245,2022,p83,8888,c245:8888
c245,2022,p83,9999,c245:9999
c245,2023,p89,1,c245:1
c245,2023,p89,2,c245:2
c245,2023,p89,3,c245:3
c245,2023,p89,4,c245:4
c245,2023,p89,5,c245:5
c245,2023,p89,6,c245:6
c245,2023,p89,7,c245:7
c245,2023,p89,8,c245:8
c245,2023,p89,9,c245:9
c245,2023,p89,10,c245:10
c245,2023,p89,7777,c245:7777
c245,2023,p89,8888,c245:8888
c245,2023,p89,9999,c245:9999
c245,2024,p95,1,c245:1
c245,2024,p95,2,c245:2
c245,2024,p95,3,c245:3
c245,2024,p95,4,c245:4
c245,2024,p95,5,c245:5
c245,2024,p95,6,c245:6
c245,2024,p95,7,c245:7
c245,2024,p95,8,c245:8
c245,2024,p95,9,c245:9
c245,2024,p95,10,c245:10
c245,2024,p95,8888,c245:8888
c245,2024,p95,9999,c245:9999
c247,2022,p10,1,c247:1
c247,2022,p10,2,c247:2
c247,2022,p10,3,c247:3
c247,2022,p10,4,c247:4
c247,2022,p10,5,c247:5
c247,2022,p10,6,c247:6
c247,2022,p10,7,c247:7
c247,2022,p10,8,c247:8
c247,2022,p10,9,c247:9
c247,2022,p10,10,c247:10
c247,2022,p10,11,c247:11
c247,2022,p10,12,c247:12
c247,2022,p10,13,c247:13
c247,2022,p10,14,c247:14
c247,2022,p10,9999,c247:9999
c266,2022,p2,0,c266:0
c266,2022,p2,1,c266:1
c266,2022,p2,7777,c266:7777
c266,2022,p2,8888,c266:8888
c266,2022,p2,9999,c266:9999
c266,2024,p1,0,c266:0
c266,2024,p1,1,c266:1
c267,2022,p3,0,c267:0
c267,2022,p3,1,c267:1
c267,2022,p3,7777,c267:7777
c267,2022,p3,8888,c267:8888
c267,2022,p3,9999,c267:9999
c267,2023,p2,0,c267:0
c267,2023,p2,1,c267:1
c267,2023,p2,8888,c267:8888
c267,2023,p2,9999,c267:9999
c269,2022,p11,1,c269:1
c269,2022,p11,2,c269:2
c269,2022,p11,3,c269:3
c269,2022,p11,4,c269:4
c269,2022,p11,5,c269:5
c269,2022,p11,6,c269:6
c269,2022,p11,7,c269:7
c269,2022,p11,9999,c269:9999
c269,2023,p13,1,c269:1
c269,2023,p13,2,c269:2
c269,2023,p13,3,c269:3
c269,2023,p13,4,c269:4
c269,2023,p13,5,c269:5
c269,2023,p13,6,c269:6
c269,2023,p13,7,c269:7
c269,2023,p13,9999,c269:9999
c269,2024,p15,1,c269:1
c269,2024,p15,2,c269:2
c269,2024,p15,3,c269:3
c269,2024,p15,4,c269:4
c269,2024,p15,5,c269:5
c269,2024,p15,6,c269:6
c269,2024,p15,7,c269:7
c269,2024,p15,9999,c269:9999
c271,2022,cp16_a_8,1,c271:1
c271,2022,cp16_a_8,2,c271:2
c271,2022,cp16_a_8,3,c271:3
c271,2022,cp16_a_8,4,c271:4
c271,2022,cp16_a_8,5,c271:5
c271,2022,cp16_a_8,6,c271:6
c271,2022,cp16_a_8,7,c271:7
c271,2022,cp16_a_8,8,c271:8
c271,2022,cp16_a_8,9,c271:9
c271,2022,cp16_a_8,10,c271:10
c271,2022,cp16_a_8,7777,c271:7777
c271,2022,cp16_a_8,8888,c271:8888
c271,2022,cp16_a_8,9999,c271:9999
c271,2024,cp17_1,1,c271:1
c271,2024,cp17_1,2,c271:2
c271,2024,cp17_1,3,c271:3
c271,2024,cp17_1,4,c271:4
c271,2024,cp17_1,5,c271:5
c271,2024,cp17_1,6,c271:6
c271,2024,cp17_1,7,c271:7
c271,2024,cp17_1,8,c271:8
c271,2024,cp17_1,9,c271:9
c271,2024,cp17_1,10,c271:10
c271,2024,cp17_1,8888,c271:8888
c271,2024,cp17_1,9999,c271:9999
c272,2022,cp16_b_8,1,c272:1
c272,2022,cp16_b_8,2,c272:2
c272,2022,cp16_b_8,3,c272:3
c272,2022,cp16_b_8,4,c272:4
c272,2022,cp16_b_8,5,c272:5
c272,2022,cp16_b_8,6,c272:6
c272,2022,cp16_b_8,7,c272:7
c272,2022,cp16_b_8,8,c272:8
c272,2022,cp16_b_8,9,c272:9
c272,2022,cp16_b_8,10,c272:10
c272,2022,cp16_b_8,7777,c272:7777
c272,2022,cp16_b_8,8888,c272:8888
c272,2022,cp16_b_8,9999,c272:9999
c272,2023,cp16_2,1,c272:1
c272,2023,cp16_2,2,c272:2
c272,2023,cp16_2,3,c272:3
c272,2023,cp16_2,4,c272:4
c272,2023,cp16_2,5,c272:5
c272,2023,cp16_2,6,c272:6
c272,2023,cp16_2,7,c272:7
c272,2023,cp16_2,8,c272:8
c272,2023,cp16_2,9,c272:9
c272,2023,cp16_2,10,c272:10
c272,2023,cp16_2,8888,c272:8888
c272,2023,cp16_2,9999,c272:9999
c272,2024,cp17_2,1,c272:1
c272,2024,cp17_2,2,c272:2
c272,2024,cp17_2,3,c272:3
c272,2024,cp17_2,4,c272:4
c272,2024,cp17_2,5,c272:5
c272,2024,cp17_2,6,c272:6
c272,2024,cp17_2,7,c272:7
c272,2024,cp17_2,8,c272:8
c272,2024,cp17_2,9,c272:9
c272,2024,cp17_2,10,c272:10
c272,2024,cp17_2,8888,c272:8888
c272,2024,cp17_2,9999,c272:9999
c273,2022,cp16_c_9,1,c273:1
c273,2022,cp16_c_9,2,c273:2
c273,2022,cp16_c_9,3,c273:3
c273,2022,cp16_c_9,4,c273:4
c273,2022,cp16_c_9,5,c273:5
c273,2022,cp16_c_9,6,c273:6
c273,2022,cp16_c_9,7,c273:7
c273,2022,cp16_c_9,8,c273:8
c273,2022,cp16_c_9,9,c273:9
c273,2022,cp16_c_9,10,c273:10
c273,2022,cp16_c_9,7777,c273:7777
c273,2022,cp16_c_9,8888,c273:8888
c273,2022,cp16_c_9,9999,c273:9999
c273,2023,cp16_3,1,c273:1
c273,2023,cp16_3,2,c273:2
c273,2023,cp16_3,3,c273:3
c273,2023,cp16_3,4,c273:4
c273,2023,cp16_3,5,c273:5
c273,2023,cp16_3,6,c273:6
c273,2023,cp16_3,7,c273:7
c273,2023,cp16_3,8,c273:8
c273,2023,cp16_3,9,c273:9
c273,2023,cp16_3,10,c273:10
c273,2023,cp16_3,8888,c273:8888
c273,2023,cp16_3,9999,c273:9999
c273,2024,cp17_3,1,c273:1
c273,2024,cp17_3,2,c273:2
c273,2024,cp17_3,3,c273:3
c273,2024,cp17_3,4,c273:4
c273,2024,cp17_3,5,c273:5
c273,2024,cp17_3,6,c273:6
c273,2024,cp17_3,7,c273:7
c273,2024,cp17_3,8,c273:8
c273,2024,cp17_3,9,c273:9
c273,2024,cp17_3,10,c273:10
c273,2024,cp17_3,8888,c273:8888
c273,2024,cp17_3,9999,c273:9999
c275,2022,p87,1,c275:1
c275,2022,p87,2,c275:2
c275,2022,p87,3,c275:3
c275,2022,p87,4,c275:4
c275,2022,p87,8888,c275:8888
c275,2022,p87,9999,c275:9999
c275,2023,p93,1,c275:1
c275,2023,p93,2,c275:2
c275,2023,p93,3,c275:3
c275,2023,p93,4,c275:4
c275,2023,p93,8888,c275:8888
c275,2023,p93,9999,c275:9999
c275,2024,p100,1,c275:1
c275,2024,p100,2,c275:2
c275,2024,p100,3,c275:3
c275,2024,p100,4,c275:4
c275,2024,p100,8888,c275:8888
c275,2024,p100,9999,c275:9999
c275,2025,p111,1,c275:1
c275,2025,p111,2,c275:2
c275,2025,p111,3,c275:3
c275,2025,p111,4,c275:4
c275,2025,p111,8888,c275:8888
c275,2025,p111,9999,c275:9999
c276,2022,p88,0,c276:0
c276,2022,p88,1,c276:1
c276,2022,p88,8888,c276:8888
c276,2022,p88,9999,c276:9999
c276,2023,p95,0,c276:0
c276,2023,p95,1,c276:1
c276,2023,p95,8888,c276:8888
c276,2023,p95,9999,c276:9999
c276,2024,p102,0,c276:0
c276,2024,p102,1,c276:1
c276,2024,p102,8888,c276:8888
c276,2024,p102,9999,c276:9999
c276,2025,p113,0,c276:0
c276,2025,p113,1,c276:1
c276,2025,p113,8888,c276:8888
c276,2025,p113,9999,c276:9999
c277,2022,p88_1,0,c277:0
c277,2022,p88_1,1,c277:1
c277,2022,p88_1,8888,c277:8888
c277,2022,p88_1,9999,c277:9999
c277,2023,p96,0,c277:0
c277,2023,p96,1,c277:1
c277,2023,p96,8888,c277:8888
c277,2023,p96,9999,c277:9999
c277,2024,p103,0,c277:0
c277,2024,p103,1,c277:1
c277,2024,p103,8888,c277:8888
c277,2024,p103,9999,c277:9999
c277,2025,p114,0,c277:0
c277,2025,p114,1,c277:1
c277,2025,p114,8888,c277:8888
c277,2025,p114,9999,c277:9999
c278,2022,p89,1,c278:1
c278,2022,p89,2,c278:2
c278,2022,p89,3,c278:3
c278,2022,p89,4,c278:4
c278,2022,p89,5,c278:5
c278,2022,p89,6,c278:6
c278,2022,p89,7,c278:7
c278,2022,p89,8,c278:8
c278,2022,p89,9,c278:9
c278,2022,p89,10,c278:10
c278,2022,p89,7777,c278:7777
c278,2022,p89,8888,c278:8888
c278,2022,p89,9999,c278:9999
c278,2023,p98,1,c278:1
c278,2023,p98,2,c278:2
c278,2023,p98,3,c278:3
c278,2023,p98,4,c278:4
c278,2023,p98,5,c278:5
c278,2023,p98,6,c278:6
c278,2023,p98,7,c278:7
c278,2023,p98,8,c278:8
c278,2023,p98,9,c278:9
c278,2023,p98,10,c278:10
c278,2023,p98,8888,c278:8888
c278,2023,p98,9999,c278:9999
c278,2024,p104,1,c278:1
c278,2024,p104,2,c278:2
c278,2024,p104,3,c278:3
c278,2024,p104,4,c278:4
c278,2024,p104,5,c278:5
c278,2024,p104,6,c278:6
c278,2024,p104,7,c278:7
c278,2024,p104,8,c278:8
c278,2024,p104,9,c278:9
c278,2024,p104,10,c278:10
c278,2024,p104,8888,c278:8888
c278,2024,p104,9999,c278:9999
c281,2022,p91_1,0,c281:0
c281,2022,p91_1,1,c281:1
c281,2022,p91_1,8888,c281:8888
c281,2022,p91_1,9999,c281:9999
c281,2023,p100_1,0,c281:0
c281,2023,p100_1,1,c281:1
c281,2023,p100_1,8888,c281:8888
c281,2023,p100_1,9999,c281:9999
c281,2024,p1081,0,c281:0
c281,2024,p1081,1,c281:1
c281,2024,p1081,8888,c281:8888
c281,2024,p1081,9999,c281:9999
c281,2025,p120_1,0,c281:0
c281,2025,p120_1,1,c281:1
c281,2025,p120_1,8888,c281:8888
c281,2025,p120_1,9999,c281:9999
c282,2022,p91_2,0,c282:0
c282,2022,p91_2,1,c282:1
c282,2022,p91_2,8888,c282:8888
c282,2022,p91_2,9999,c282:9999
c282,2023,p100_2,0,c282:0
c282,2023,p100_2,1,c282:1
c282,2023,p100_2,8888,c282:8888
c282,2023,p100_2,9999,c282:9999
c283,2022,p91_3,0,c283:0
c283,2022,p91_3,1,c283:1
c283,2022,p91_3,8888,c283:8888
c283,2022,p91_3,9999,c283:9999
c283,2023,p100_3,0,c283:0
c283,2023,p100_3,1,c283:1
c283,2023,p100_3,8888,c283:8888
c283,2023,p100_3,9999,c283:9999
c284,2022,p91_4,0,c284:0
c284,2022,p91_4,1,c284:1
c284,2022,p91_4,8888,c284:8888
c284,2022,p91_4,9999,c284:9999
c284,2023,p100_4,0,c284:0
c284,2023,p100_4,1,c284:1
c284,2023,p100_4,8888,c284:8888
c284,2023,p100_4,9999,c284:9999
c286,2022,p91_6,0,c286:0
c286,2022,p91_6,1,c286:1
c286,2022,p91_6,8888,c286:8888
c286,2022,p91_6,9999,c286:9999
c286,2023,p100_6,0,c286:0
c286,2023,p100_6,1,c286:1
c286,2023,p100_6,8888,c286:8888
c286,2023,p100_6,9999,c286:9999
c288,2022,p92_1,1,c288:1
c288,2022,p92_1,2,c288:2
c288,2022,p92_1,3,c288:3
c288,2022,p92_1,4,c288:4
c288,2022,p92_1,5,c288:5
c288,2022,p92_1,6,c288:6
c288,2022,p92_1,7,c288:7
c288,2022,p92_1,8,c288:8
c288,2022,p92_1,9,c288:9
c288,2022,p92_1,10,c288:10
c288,2022,p92_1,8888,c288:8888
c288,2022,p92_1,9999,c288:9999
c288,2023,p101_1,1,c288:1
c288,2023,p101_1,2,c288:2
c288,2023,p101_1,3,c288:3
c288,2023,p101_1,4,c288:4
c288,2023,p101_1,5,c288:5
c288,2023,p101_1,6,c288:6
c288,2023,p101_1,7,c288:7
c288,2023,p101_1,8,c288:8
c288,2023,p101_1,9,c288:9
c288,2023,p101_1,10,c288:10
c288,2023,p101_1,8888,c288:8888
c288,2023,p101_1,9999,c288:9999
c288,2024,p109_1,1,c288:1
c288,2024,p109_1,2,c288:2
c288,2024,p109_1,3,c288:3
c288,2024,p109_1,4,c288:4
c288,2024,p109_1,5,c288:5
c288,2024,p109_1,6,c288:6
c288,2024,p109_1,7,c288:7
c288,2024,p109_1,8,c288:8
c288,2024,p109_1,9,c288:9
c288,2024,p109_1,10,c288:10
c288,2024,p109_1,8888,c288:8888
c288,2024,p109_1,9999,c288:9999
c289,2022,p92_2,1,c289:1
c289,2022,p92_2,2,c289:2
c289,2022,p92_2,3,c289:3
c289,2022,p92_2,4,c289:4
c289,2022,p92_2,5,c289:5
c289,2022,p92_2,6,c289:6
c289,2022,p92_2,7,c289:7
c289,2022,p92_2,8,c289:8
c289,2022,p92_2,9,c289:9
c289,2022,p92_2,10,c289:10
c289,2022,p92_2,8888,c289:8888
c289,2022,p92_2,9999,c289:9999
c289,2023,p101_2,1,c289:1
c289,2023,p101_2,2,c289:2
c289,2023,p101_2,3,c289:3
c289,2023,p101_2,4,c289:4
c289,2023,p101_2,5,c289:5
c289,2023,p101_2,6,c289:6
c289,2023,p101_2,7,c289:7
c289,2023,p101_2,8,c289:8
c289,2023,p101_2,9,c289:9
c289,2023,p101_2,10,c289:10
c289,2023,p101_2,8888,c289:8888
c289,2023,p101_2,9999,c289:9999
c289,2024,p109_2,1,c289:1
c289,2024,p109_2,2,c289:2
c289,2024,p109_2,3,c289:3
c289,2024,p109_2,4,c289:4
c289,2024,p109_2,5,c289:5
c289,2024,p109_2,6,c289:6
c289,2024,p109_2,7,c289:7
c289,2024,p109_2,8,c289:8
c289,2024,p109_2,9,c289:9
c289,2024,p109_2,10,c289:10
c289,2024,p109_2,8888,c289:8888
c289,2024,p109_2,9999,c289:9999
c290,2022,p92_3,1,c290:1
c290,2022,p92_3,2,c290:2
c290,2022,p92_3,3,c290:3
c290,2022,p92_3,4,c290:4
c290,2022,p92_3,5,c290:5
c290,2022,p92_3,6,c290:6
c290,2022,p92_3,7,c290:7
c290,2022,p92_3,8,c290:8
c290,2022,p92_3,9,c290:9
c290,2022,p92_3,10,c290:10
c290,2022,p92_3,8888,c290:8888
c290,2022,p92_3,9999,c290:9999
c290,2023,p101_3,1,c290:1
c290,2023,p101_3,2,c290:2
c290,2023,p101_3,3,c290:3
c290,2023,p101_3,4,c290:4
c290,2023,p101_3,5,c290:5
c290,2023,p101_3,6,c290:6
c290,2023,p101_3,7,c290:7
c290,2023,p101_3,8,c290:8
c290,2023,p101_3,9,c290:9
c290,2023,p101_3,10,c290:10
c290,2023,p101_3,8888,c290:8888
c290,2023,p101_3,9999,c290:9999
c290,2024,p109_3,1,c290:1
c290,2024,p109_3,2,c290:2
c290,2024,p109_3,3,c290:3
c290,2024,p109_3,4,c290:4
c290,2024,p109_3,5,c290:5
c290,2024,p109_3,6,c290:6
c290,2024,p109_3,7,c290:7
c290,2024,p109_3,8,c290:8
c290,2024,p109_3,9,c290:9
c290,2024,p109_3,10,c290:10
c290,2024,p109_3,8888,c290:8888
c290,2024,p109_3,9999,c290:9999
c291,2022,p92_4,1,c291:1
c291,2022,p92_4,2,c291:2
c291,2022,p92_4,3,c291:3
c291,2022,p92_4,4,c291:4
c291,2022,p92_4,5,c291:5
c291,2022,p92_4,6,c291:6
c291,2022,p92_4,7,c291:7
c291,2022,p92_4,8,c291:8
c291,2022,p92_4,9,c291:9
c291,2022,p92_4,10,c291:10
c291,2022,p92_4,8888,c291:8888
c291,2022,p92_4,9999,c291:9999
c291,2023,p101_4,1,c291:1
c291,2023,p101_4,2,c291:2
c291,2023,p101_4,3,c291:3
c291,2023,p101_4,4,c291:4
c291,2023,p101_4,5,c291:5
c291,2023,p101_4,6,c291:6
c291,2023,p101_4,7,c291:7
c291,2023,p101_4,8,c291:8
c291,2023,p101_4,9,c291:9
c291,2023,p101_4,10,c291:10
c291,2023,p101_4,8888,c291:8888
c291,2023,p101_4,9999,c291:9999
c291,2024,p109_4,1,c291:1
c291,2024,p109_4,2,c291:2
c291,2024,p109_4,3,c291:3
c291,2024,p109_4,4,c291:4
c291,2024,p109_4,5,c291:5
c291,2024,p109_4,6,c291:6
c291,2024,p109_4,7,c291:7
c291,2024,p109_4,8,c291:8
c291,2024,p109_4,9,c291:9
c291,2024,p109_4,10,c291:10
c291,2024,p109_4,8888,c291:8888
c291,2024,p109_4,9999,c291:9999
c292,2022,p92_5,1,c292:1
c292,2022,p92_5,2,c292:2
c292,2022,p92_5,3,c292:3
c292,2022,p92_5,4,c292:4
c292,2022,p92_5,5,c292:5
c292,2022,p92_5,6,c292:6
c292,2022,p92_5,7,c292:7
c292,2022,p92_5,8,c292:8
c292,2022,p92_5,9,c292:9
c292,2022,p92_5,10,c292:10
c292,2022,p92_5,8888,c292:8888
c292,2022,p92_5,9999,c292:9999
c292,2023,p101_5,1,c292:1
c292,2023,p101_5,2,c292:2
c292,2023,p101_5,3,c292:3
c292,2023,p101_5,4,c292:4
c292,2023,p101_5,5,c292:5
c292,2023,p101_5,6,c292:6
c292,2023,p101_5,7,c292:7
c292,2023,p101_5,8,c292:8
c292,2023,p101_5,9,c292:9
c292,2023,p101_5,10,c292:10
c292,2023,p101_5,8888,c292:8888
c292,2023,p101_5,9999,c292:9999
c292,2024,p109_5,1,c292:1
c292,2024,p109_5,2,c292:2
c292,2024,p109_5,3,c292:3
c292,2024,p109_5,4,c292:4
c292,2024,p109_5,5,c292:5
c292,2024,p109_5,6,c292:6
c292,2024,p109_5,7,c292:7
c292,2024,p109_5,8,c292:8
c292,2024,p109_5,9,c292:9
c292,2024,p109_5,10,c292:10
c292,2024,p109_5,8888,c292:8888
c292,2024,p109_5,9999,c292:9999
c293,2022,p93,0,c293:0
c293,2022,p93,1,c293:1
c293,2022,p93,8888,c293:8888
c293,2022,p93,9999,c293:9999
c293,2023,p102,0,c293:0
c293,2023,p102,1,c293:1
c293,2023,p102,8888,c293:8888
c293,2023,p102,9999,c293:9999
c293,2024,p110,0,c293:0
c293,2024,p110,1,c293:1
c293,2024,p110,8888,c293:8888
c293,2024,p110,9999,c293:9999
c294,2023,p103,1,c294:1
c294,2023,p103,2,c294:2
c294,2023,p103,3,c294:3
c294,2023,p103,8888,c294:8888
c294,2023,p103,9999,c294:9999
c294,2024,p111,1,c294:1
c294,2024,p111,2,c294:2
c294,2024,p111,3,c294:3
c294,2024,p111,8888,c294:8888
c294,2024,p111,9999,c294:9999
c295,2022,p93_1,0,c295:0
c295,2022,p93_1,1,c295:1
c295,2022,p93_1,7777,c295:7777
c295,2022,p93_1,8888,c295:8888
c295,2022,p93_1,9999,c295:9999
c295,2023,p104_1,0,c295:0
c295,2023,p104_1,1,c295:1
c295,2023,p104_1,8888,c295:8888
c295,2023,p104_1,9999,c295:9999
c295,2024,p112_1,0,c295:0
c295,2024,p112_1,1,c295:1
c295,2024,p112_1,8888,c295:8888
c295,2024,p112_1,9999,c295:9999
c296,2022,p93_2,0,c296:0
c296,2022,p93_2,1,c296:1
c296,2022,p93_2,7777,c296:7777
c296,2022,p93_2,8888,c296:8888
c296,2022,p93_2,9999,c296:9999
c296,2023,p104_2,0,c296:0
c296,2023,p104_2,1,c296:1
c296,2023,p104_2,8888,c296:8888
c296,2023,p104_2,9999,c296:9999
c296,2025,p124_2,0,c296:0
c296,2025,p124_2,1,c296:1
c296,2025,p124_2,8888,c296:8888
c296,2025,p124_2,9999,c296:9999
c297,2022,p93_3,0,c297:0
c297,2022,p93_3,1,c297:1
c297,2022,p93_3,2,c297:2
c297,2022,p93_3,3,c297:3
c297,2022,p93_3,4,c297:4
c297,2023,p104_3,0,c297:0
c297,2023,p104_3,1,c297:1
c297,2023,p104_3,2,c297:2
c297,2023,p104_3,3,c297:3
c297,2023,p104_3,4,c297:4
c298,2022,p94,1,c298:1
c298,2022,p94,2,c298:2
c298,2022,p94,3,c298:3
c298,2022,p94,4,c298:4
c298,2022,p94,5,c298:5
c298,2022,p94,8888,c298:8888
c298,2022,p94,9999,c298:9999
c298,2023,p105,1,c298:1
c298,2023,p105,2,c298:2
c298,2023,p105,3,c298:3
c298,2023,p105,4,c298:4
c298,2023,p105,5,c298:5
c298,2023,p105,8888,c298:8888
c298,2023,p105,9999,c298:9999
c298,2024,p113,1,c298:1
c298,2024,p113,2,c298:2
c298,2024,p113,3,c298:3
c298,2024,p113,4,c298:4
c298,2024,p113,5,c298:5
c298,2024,p113,8888,c298:8888
c298,2024,p113,9999,c298:9999
c298,2025,p125,1,c298:1
c298,2025,p125,2,c298:2
c298,2025,p125,3,c298:3
c298,2025,p125,4,c298:4
c298,2025,p125,5,c298:5
c298,2025,p125,8888,c298:8888
c298,2025,p125,9999,c298:9999
c299,2022,p95,1,c299:1
c299,2022,p95,2,c299:2
c299,2022,p95,3,c299:3
c299,2022,p95,4,c299:4
c299,2022,p95,5,c299:5
c299,2022,p95,8888,c299:8888
c299,2022,p95,9999,c299:9999
c299,2023,p106,1,c299:1
c299,2023,p106,2,c299:2
c299,2023,p106,3,c299:3
c299,2023,p106,4,c299:4
c299,2023,p106,5,c299:5
c299,2023,p106,8888,c299:8888
c299,2023,p106,9999,c299:9999
c299,2024,p114,1,c299:1
c299,2024,p114,2,c299:2
c299,2024,p114,3,c299:3
c299,2024,p114,4,c299:4
c299,2024,p114,5,c299:5
c299,2024,p114,8888,c299:8888
c299,2024,p114,9999,c299:9999
c301,2022,p96_1,0,c301:0
c301,2022,p96_1,1,c301:1
c301,2022,p96_1,8888,c301:8888
c301,2022,p96_1,9999,c301:9999
c301,2023,p107_1,0,c301:0
c301,2023,p107_1,1,c301:1
c301,2023,p107_1,8888,c301:8888
c301,2023,p107_1,9999,c301:9999
c301,2024,p115_1,0,c301:0
c301,2024,p115_1,1,c301:1
c301,2024,p115_1,8888,c301:8888
c301,2024,p115_1,9999,c301:9999
c301,2025,p126_1,0,c301:0
c301,2025,p126_1,1,c301:1
c301,2025,p126_1,8888,c301:8888
c301,2025,p126_1,9999,c301:9999
c302,2022,p96_2,0,c302:0
c302,2022,p96_2,1,c302:1
c302,2022,p96_2,8888,c302:8888
c302,2022,p96_2,9999,c302:9999
c302,2023,p107_2,0,c302:0
c302,2023,p107_2,1,c302:1
c302,2023,p107_2,8888,c302:8888
c302,2023,p107_2,9999,c302:9999
c302,2024,p115_2,0,c302:0
c302,2024,p115_2,1,c302:1
c302,2024,p115_2,8888,c302:8888
c302,2024,p115_2,9999,c302:9999
c302,2025,p126_2,0,c302:0
c302,2025,p126_2,1,c302:1
c302,2025,p126_2,8888,c302:8888
c302,2025,p126_2,9999,c302:9999
c303,2022,p96_3,0,c303:0
c303,2022,p96_3,1,c303:1
c303,2022,p96_3,8888,c303:8888
c303,2022,p96_3,9999,c303:9999
c303,2023,p107_3,0,c303:0
c303,2023,p107_3,1,c303:1
c303,2023,p107_3,8888,c303:8888
c303,2023,p107_3,9999,c303:9999
c303,2024,p115_3,0,c303:0
c303,2024,p115_3,1,c303:1
c303,2024,p115_3,8888,c303:8888
c303,2024,p115_3,9999,c303:9999
c303,2025,p126_3,0,c303:0
c303,2025,p126_3,1,c303:1
c303,2025,p126_3,8888,c303:8888
c303,2025,p126_3,9999,c303:9999
c306,2022,p102_2,1,c306:1
c306,2022,p102_2,2,c306:2
c306,2022,p102_2,3,c306:3
c306,2022,p102_2,8888,c306:8888
c306,2022,p102_2,9999,c306:9999
c306,2023,p114,1,c306:1
c306,2023,p114,2,c306:2
c306,2023,p114,3,c306:3
c306,2023,p114,8888,c306:8888
c306,2023,p114,9999,c306:9999
c313,2022,cp11_1,1,c313:1
c313,2022,cp11_1,2,c313:2
c313,2022,cp11_1,3,c313:3
c313,2022,cp11_1,4,c313:4
c313,2022,cp11_1,5,c313:5
c313,2022,cp11_1,7777,c313:7777
c313,2022,cp11_1,8888,c313:8888
c313,2022,cp11_1,9999,c313:9999
c313,2023,cp15,1,c313:1
c313,2023,cp15,2,c313:2
c313,2023,cp15,3,c313:3
c313,2023,cp15,4,c313:4
c313,2023,cp15,5,c313:5
c313,2023,cp15,8888,c313:8888
c313,2023,cp15,9999,c313:9999
c316,2022,cp14_1,0,c316:0
c316,2022,cp14_1,1,c316:1
c316,2022,cp14_1,8888,c316:8888
c316,2022,cp14_1,9999,c316:9999
c316,2023,cp12,0,c316:0
c316,2023,cp12,1,c316:1
c316,2023,cp12,8888,c316:8888
c316,2023,cp12,9999,c316:9999
c316,2024,cp12,0,c316:0
c316,2024,cp12,1,c316:1
c316,2024,cp12,8888,c316:8888
c316,2024,cp12,9999,c316:9999
c317,2022,cp15_1,0,c317:0
c317,2022,cp15_1,1,c317:1
c317,2022,cp15_1,8888,c317:8888
c317,2022,cp15_1,9999,c317:9999
c317,2023,cp13,0,c317:0
c317,2023,cp13,1,c317:1
c317,2023,cp13,8888,c317:8888
c317,2023,cp13,9999,c317:9999
c317,2024,cp13,0,c317:0
c317,2024,cp13,1,c317:1
c317,2024,cp13,8888,c317:8888
c317,2024,cp13,9999,c317:9999
c317,2025,cp14,0,c317:0
c317,2025,cp14,1,c317:1
c317,2025,cp14,8888,c317:8888
c317,2025,cp14,9999,c317:9999
c318,2023,cp16_1,1,c318:1
c318,2023,cp16_1,2,c318:2
c318,2023,cp16_1,3,c318:3
c318,2023,cp16_1,4,c318:4
c318,2023,cp16_1,5,c318:5
c318,2023,cp16_1,6,c318:6
c318,2023,cp16_1,7,c318:7
c318,2023,cp16_1,8,c318:8
c318,2023,cp16_1,9,c318:9
c318,2023,cp16_1,10,c318:10
c318,2023,cp16_1,8888,c318:8888
c318,2023,cp16_1,9999,c318:9999
c321,2022,cp4_1,1,c321:1
c321,2022,cp4_1,2,c321:2
c321,2022,cp4_1,3,c321:3
c321,2022,cp4_1,9999,c321:9999
c321,2023,cp5,1,c321:1
c321,2023,cp5,2,c321:2
c321,2023,cp5,3,c321:3
c321,2023,cp5,9999,c321:9999
c321,2024,cp5,1,c321:1
c321,2024,cp5,2,c321:2
c321,2024,cp5,3,c321:3
c321,2024,cp5,9999,c321:9999
c321,2025,cp5,1,c321:1
c321,2025,cp5,2,c321:2
c321,2025,cp5,3,c321:3
c321,2025,cp5,9999,c321:9999
c325,2022,p100,0,c325:0
c325,2022,p100,1,c325:1
c325,2022,p100,8888,c325:8888
c325,2022,p100,9999,c325:9999
c325,2023,p110,0,c325:0
c325,2023,p110,1,c325:1
c325,2023,p110,8888,c325:8888
c325,2023,p110,9999,c325:9999
c326,2022,p102_1,1,c326:1
c326,2022,p102_1,2,c326:2
c326,2022,p102_1,3,c326:3
c326,2022,p102_1,4,c326:4
c326,2022,p102_1,5,c326:5
c326,2022,p102_1,6,c326:6
c326,2022,p102_1,8888,c326:8888
c326,2022,p102_1,9999,c326:9999
c326,2023,p113,1,c326:1
c326,2023,p113,2,c326:2
c326,2023,p113,3,c326:3
c326,2023,p113,4,c326:4
c326,2023,p113,5,c326:5
c326,2023,p113,6,c326:6
c326,2023,p113,8888,c326:8888
c326,2023,p113,9999,c326:9999
c329,2022,p114,1,c329:1
c329,2022,p114,2,c329:2
c329,2022,p114,3,c329:3
c329,2022,p114,4,c329:4
c329,2022,p114,8888,c329:8888
c329,2022,p114,9999,c329:9999
c329,2023,p127,1,c329:1
c329,2023,p127,2,c329:2
c329,2023,p127,3,c329:3
c329,2023,p127,4,c329:4
c329,2023,p127,8888,c329:8888
c329,2023,p127,9999,c329:9999
c331,2022,p115_1,0,c331:0
c331,2022,p115_1,1,c331:1
c331,2022,p115_1,8888,c331:8888
c331,2022,p115_1,9999,c331:9999
c331,2024,p140_1,0,c331:0
c331,2024,p140_1,1,c331:1
c331,2024,p140_1,8888,c331:8888
c331,2024,p140_1,9999,c331:9999
c331,2025,p146,0,c331:0
c331,2025,p146,1,c331:1
c331,2025,p146,8888,c331:8888
c331,2025,p146,9999,c331:9999
c334,2022,p118,1,c334:1
c334,2022,p118,2,c334:2
c334,2022,p118,3,c334:3
c334,2022,p118,4,c334:4
c334,2022,p118,8888,c334:8888
c334,2022,p118,9999,c334:9999
c334,2023,p130,1,c334:1
c334,2023,p130,2,c334:2
c334,2023,p130,3,c334:3
c334,2023,p130,4,c334:4
c334,2023,p130,8888,c334:8888
c334,2023,p130,9999,c334:9999
c334,2024,p145,1,c334:1
c334,2024,p145,2,c334:2
c334,2024,p145,3,c334:3
c334,2024,p145,4,c334:4
c334,2024,p145,8888,c334:8888
c334,2024,p145,9999,c334:9999
c336,2022,p120_8,0,c336:0
c336,2022,p120_8,1,c336:1
c336,2022,p120_8,8888,c336:8888
c336,2022,p120_8,9999,c336:9999
c336,2023,p139_8,0,c336:0
c336,2023,p139_8,1,c336:1
c336,2023,p139_8,8888,c336:8888
c336,2023,p139_8,9999,c336:9999
c336,2024,p157_8,0,c336:0
c336,2024,p157_8,1,c336:1
c336,2024,p157_8,8888,c336:8888
c336,2024,p157_8,9999,c336:9999
c336,2025,p161_8,0,c336:0
c336,2025,p161_8,1,c336:1
c336,2025,p161_8,8888,c336:8888
c336,2025,p161_8,9999,c336:9999
c337,2022,p120_9,0,c337:0
c337,2022,p120_9,1,c337:1
c337,2022,p120_9,8888,c337:8888
c337,2022,p120_9,9999,c337:9999
c337,2023,p139_9,0,c337:0
c337,2023,p139_9,1,c337:1
c337,2023,p139_9,8888,c337:8888
c337,2023,p139_9,9999,c337:9999
c337,2024,p157_9,0,c337:0
c337,2024,p157_9,1,c337:1
c337,2024,p157_9,8888,c337:8888
c337,2024,p157_9,9999,c337:9999
c337,2025,p161_9,0,c337:0
c337,2025,p161_9,1,c337:1
c337,2025,p161_9,8888,c337:8888
c337,2025,p161_9,9999,c337:9999
c341,2023,p26,0,c341:0
c341,2023,p26,1,c341:1
c341,2023,p26,9999,c341:9999
c341,2024,p28,0,c341:0
c341,2024,p28,1,c341:1
c341,2024,p28,8888,c341:8888
c341,2024,p28,9999,c341:9999
c341,2025,p29,0,c341:0
c341,2025,p29,1,c341:1
c341,2025,p29,8888,c341:8888
c341,2025,p29,9999,c341:9999
c342,2023,victima_tp,0,c342:0
c342,2023,victima_tp,1,c342:1
c342,2025,victima_tp,0,c342:0
c342,2025,victima_tp,1,c342:1
c343,2022,p32_1,0,c343:0
c343,2022,p32_1,1,c343:1
c343,2022,p32_1,8888,c343:8888
c343,2022,p32_1,9999,c343:9999
c343,2023,p28_1,0,c343:0
c343,2023,p28_1,1,c343:1
c343,2023,p28_1,8888,c343:8888
c343,2023,p28_1,9999,c343:9999
c343,2024,p34_1,0,c343:0
c343,2024,p34_1,1,c343:1
c343,2024,p34_1,8888,c343:8888
c343,2024,p34_1,9999,c343:9999
c343,2025,p39_1,0,c343:0
c343,2025,p39_1,1,c343:1
c343,2025,p39_1,8888,c343:8888
c343,2025,p39_1,9999,c343:9999
c344,2022,p32_2,0,c344:0
c344,2022,p32_2,1,c344:1
c344,2022,p32_2,8888,c344:8888
c344,2022,p32_2,9999,c344:9999
c344,2023,p28_2,0,c344:0
c344,2023,p28_2,1,c344:1
c344,2023,p28_2,8888,c344:8888
c344,2023,p28_2,9999,c344:9999
c344,2024,p34_2,0,c344:0
c344,2024,p34_2,1,c344:1
c344,2024,p34_2,8888,c344:8888
c344,2024,p34_2,9999,c344:9999
c344,2025,p39_2,0,c344:0
c344,2025,p39_2,1,c344:1
c344,2025,p39_2,8888,c344:8888
c344,2025,p39_2,9999,c344:9999
c345,2022,p32_3,0,c345:0
c345,2022,p32_3,1,c345:1
c345,2022,p32_3,8888,c345:8888
c345,2022,p32_3,9999,c345:9999
c345,2023,p28_3,0,c345:0
c345,2023,p28_3,1,c345:1
c345,2023,p28_3,8888,c345:8888
c345,2023,p28_3,9999,c345:9999
c345,2024,p34_3,0,c345:0
c345,2024,p34_3,1,c345:1
c345,2024,p34_3,8888,c345:8888
c345,2024,p34_3,9999,c345:9999
c345,2025,p39_3,0,c345:0
c345,2025,p39_3,1,c345:1
c345,2025,p39_3,8888,c345:8888
c345,2025,p39_3,9999,c345:9999
c346,2022,p32_4,0,c346:0
c346,2022,p32_4,1,c346:1
c346,2022,p32_4,8888,c346:8888
c346,2022,p32_4,9999,c346:9999
c346,2023,p28_4,0,c346:0
c346,2023,p28_4,1,c346:1
c346,2023,p28_4,8888,c346:8888
c346,2023,p28_4,9999,c346:9999
c346,2024,p34_4,0,c346:0
c346,2024,p34_4,1,c346:1
c346,2024,p34_4,8888,c346:8888
c346,2024,p34_4,9999,c346:9999
c346,2025,p39_4,0,c346:0
c346,2025,p39_4,1,c346:1
c346,2025,p39_4,8888,c346:8888
c346,2025,p39_4,9999,c346:9999
c347,2022,p38,1,c347:1
c347,2022,p38,2,c347:2
c347,2022,p38,3,c347:3
c347,2022,p38,4,c347:4
c347,2022,p38,5,c347:5
c347,2022,p38,6,c347:6
c347,2022,p38,7,c347:7
c347,2022,p38,8888,c347:8888
c347,2022,p38,9999,c347:9999
c347,2023,p32,1,c347:1
c347,2023,p32,2,c347:2
c347,2023,p32,3,c347:3
c347,2023,p32,4,c347:4
c347,2023,p32,5,c347:5
c347,2023,p32,6,c347:6
c347,2023,p32,7,c347:7
c347,2023,p32,8888,c347:8888
c347,2023,p32,9999,c347:9999
c355,2022,p51,0,c355:0
c355,2022,p51,1,c355:1
c355,2022,p51,2,c355:2
c355,2022,p51,9999,c355:9999
c355,2023,p50,0,c355:0
c355,2023,p50,1,c355:1
c355,2023,p50,2,c355:2
c355,2023,p50,9999,c355:9999
c357,2022,p54,1,c357:1
c357,2022,p54,2,c357:2
c357,2022,p54,3,c357:3
c357,2022,p54,4,c357:4
c357,2022,p54,5,c357:5
c357,2022,p54,6,c357:6
c357,2022,p54,7,c357:7
c357,2022,p54,8,c357:8
c357,2022,p54,8888,c357:8888
c357,2022,p54,9999,c357:9999
c357,2023,p51,1,c357:1
c357,2023,p51,2,c357:2
c357,2023,p51,3,c357:3
c357,2023,p51,4,c357:4
c357,2023,p51,5,c357:5
c357,2023,p51,6,c357:6
c357,2023,p51,7,c357:7
c357,2023,p51,8,c357:8
c357,2023,p51,8888,c357:8888
c357,2023,p51,9999,c357:9999
c357,2024,p60,1,c357:1
c357,2024,p60,2,c357:2
c357,2024,p60,3,c357:3
c357,2024,p60,4,c357:4
c357,2024,p60,5,c357:5
c357,2024,p60,6,c357:6
c357,2024,p60,7,c357:7
c357,2024,p60,8,c357:8
c357,2024,p60,8888,c357:8888
c357,2024,p60,9999,c357:9999
c357,2025,p70,1,c357:1
c357,2025,p70,2,c357:2
c357,2025,p70,3,c357:3
c357,2025,p70,4,c357:4
c357,2025,p70,5,c357:5
c357,2025,p70,6,c357:6
c357,2025,p70,7,c357:7
c357,2025,p70,8,c357:8
c357,2025,p70,8888,c357:8888
c357,2025,p70,9999,c357:9999
c358,2022,p57_1,0,c358:0
c358,2022,p57_1,1,c358:1
c358,2022,p57_1,8888,c358:8888
c358,2022,p57_1,9999,c358:9999
c358,2023,p54_1,0,c358:0
c358,2023,p54_1,1,c358:1
c358,2023,p54_1,8888,c358:8888
c358,2023,p54_1,9999,c358:9999
c358,2024,p63_1,0,c358:0
c358,2024,p63_1,1,c358:1
c358,2024,p63_1,8888,c358:8888
c358,2024,p63_1,9999,c358:9999
c359,2022,p57_2,0,c359:0
c359,2022,p57_2,1,c359:1
c359,2022,p57_2,8888,c359:8888
c359,2022,p57_2,9999,c359:9999
c359,2023,p54_2,0,c359:0
c359,2023,p54_2,1,c359:1
c359,2023,p54_2,8888,c359:8888
c359,2023,p54_2,9999,c359:9999
c359,2024,p63_2,0,c359:0
c359,2024,p63_2,1,c359:1
c359,2024,p63_2,8888,c359:8888
c359,2024,p63_2,9999,c359:9999
c360,2022,p57_6,0,c360:0
c360,2022,p57_6,1,c360:1
c360,2022,p57_6,8888,c360:8888
c360,2022,p57_6,9999,c360:9999
c360,2023,p54_6,0,c360:0
c360,2023,p54_6,1,c360:1
c360,2023,p54_6,8888,c360:8888
c360,2023,p54_6,9999,c360:9999
c360,2024,p63_6,0,c360:0
c360,2024,p63_6,1,c360:1
c360,2024,p63_6,8888,c360:8888
c360,2024,p63_6,9999,c360:9999
c362,2022,p61,0,c362:0
c362,2022,p61,1,c362:1
c362,2022,p61,8888,c362:8888
c362,2022,p61,9999,c362:9999
c362,2023,p58,0,c362:0
c362,2023,p58,1,c362:1
c362,2023,p58,8888,c362:8888
c362,2023,p58,9999,c362:9999
c363,2022,p62,0,c363:0
c363,2022,p62,1,c363:1
c363,2022,p62,8888,c363:8888
c363,2022,p62,9999,c363:9999
c363,2023,p59,0,c363:0
c363,2023,p59,1,c363:1
c363,2023,p59,8888,c363:8888
c363,2023,p59,9999,c363:9999
c365,2023,p68_16,0,c365:0
c365,2023,p68_16,1,c365:1
c367,2022,p69_5,0,c367:0
c367,2022,p69_5,1,c367:1
c367,2022,p69_5,8888,c367:8888
c367,2022,p69_5,9999,c367:9999
c367,2023,p68_5,0,c367:0
c367,2023,p68_5,1,c367:1
c367,2023,p68_5,8888,c367:8888
c367,2023,p68_5,9999,c367:9999
c367,2024,p77_5,0,c367:0
c367,2024,p77_5,1,c367:1
c367,2024,p77_5,8888,c367:8888
c367,2024,p77_5,9999,c367:9999
c367,2025,p89_5,0,c367:0
c367,2025,p89_5,1,c367:1
c367,2025,p89_5,8888,c367:8888
c367,2025,p89_5,9999,c367:9999
c368,2022,p72,0,c368:0
c368,2022,p72,1,c368:1
c368,2022,p72,8888,c368:8888
c368,2022,p72,9999,c368:9999
c368,2023,p71,0,c368:0
c368,2023,p71,1,c368:1
c368,2023,p71,8888,c368:8888
c368,2023,p71,9999,c368:9999
c369,2022,p72_1,0,c369:0
c369,2022,p72_1,1,c369:1
c369,2022,p72_1,8888,c369:8888
c369,2022,p72_1,9999,c369:9999
c369,2023,p72,0,c369:0
c369,2023,p72,1,c369:1
c369,2023,p72,8888,c369:8888
c369,2023,p72,9999,c369:9999
c370,2022,p72_2,0,c370:0
c370,2022,p72_2,1,c370:1
c370,2022,p72_2,8888,c370:8888
c370,2022,p72_2,9999,c370:9999
c370,2023,p73,0,c370:0
c370,2023,p73,1,c370:1
c370,2023,p73,8888,c370:8888
c370,2023,p73,9999,c370:9999
c373,2022,p85_3,1,c373:1
c373,2022,p85_3,2,c373:2
c373,2022,p85_3,3,c373:3
c373,2022,p85_3,4,c373:4
c373,2022,p85_3,9999,c373:9999
c373,2023,p91_3,1,c373:1
c373,2023,p91_3,2,c373:2
c373,2023,p91_3,3,c373:3
c373,2023,p91_3,4,c373:4
c373,2023,p91_3,9999,c373:9999
c373,2024,p96_3,1,c373:1
c373,2024,p96_3,2,c373:2
c373,2024,p96_3,3,c373:3
c373,2024,p96_3,4,c373:4
c373,2024,p96_3,9999,c373:9999
c373,2025,p107_3,1,c373:1
c373,2025,p107_3,2,c373:2
c373,2025,p107_3,3,c373:3
c373,2025,p107_3,4,c373:4
c373,2025,p107_3,9999,c373:9999
c374,2022,p88_1_1,0,c374:0
c374,2022,p88_1_1,1,c374:1
c374,2022,p88_1_1,8888,c374:8888
c374,2022,p88_1_1,9999,c374:9999
c374,2023,p97,0,c374:0
c374,2023,p97,1,c374:1
c374,2023,p97,8888,c374:8888
c374,2023,p97,9999,c374:9999
c375,2022,p91_5,0,c375:0
c375,2022,p91_5,1,c375:1
c375,2022,p91_5,8888,c375:8888
c375,2022,p91_5,9999,c375:9999
c375,2023,p100_5,0,c375:0
c375,2023,p100_5,1,c375:1
c375,2023,p100_5,8888,c375:8888
c375,2023,p100_5,9999,c375:9999
c377,2023,p108,1,c377:1
c377,2023,p108,2,c377:2
c377,2023,p108,3,c377:3
c377,2023,p108,8888,c377:8888
c377,2023,p108,9999,c377:9999
c377,2024,p106,1,c377:1
c377,2024,p106,2,c377:2
c377,2024,p106,3,c377:3
c377,2024,p106,8888,c377:8888
c377,2024,p106,9999,c377:9999
c377,2025,p118,1,c377:1
c377,2025,p118,2,c377:2
c377,2025,p118,3,c377:3
c377,2025,p118,8888,c377:8888
c377,2025,p118,9999,c377:9999
c378,2022,p99,0,c378:0
c378,2022,p99,1,c378:1
c378,2022,p99,8888,c378:8888
c378,2022,p99,9999,c378:9999
c378,2023,p109,0,c378:0
c378,2023,p109,1,c378:1
c378,2023,p109,8888,c378:8888
c378,2023,p109,9999,c378:9999
c378,2024,p107,0,c378:0
c378,2024,p107,1,c378:1
c378,2024,p107,8888,c378:8888
c378,2024,p107,9999,c378:9999
c378,2025,p119,0,c378:0
c378,2025,p119,1,c378:1
c378,2025,p119,8888,c378:8888
c378,2025,p119,9999,c378:9999
c393,2022,transporte_publico,0,c393:0
c393,2022,transporte_publico,1,c393:1
c393,2024,usa_transporte_publico,0,c393:0
c393,2024,usa_transporte_publico,1,c393:1
c395,2023,al_menos_una_accion_pc,0,c395:0
c395,2023,al_menos_una_accion_pc,1,c395:1
c395,2025,al_menos_una_accion_pc,0,c395:0
c395,2025,al_menos_una_accion_pc,1,c395:1
c396,2025,al_menos_una_discriminacion,0,c396:0
c396,2025,al_menos_una_discriminacion,1,c396:1
c398,2023,cp11,0,c398:0
c398,2023,cp11,1,c398:1
c398,2023,cp11,8888,c398:8888
c398,2023,cp11,9999,c398:9999
c398,2024,cp11,0,c398:0
c398,2024,cp11,1,c398:1
c398,2024,cp11,8888,c398:8888
c398,2024,cp11,9999,c398:9999
c405,2023,p117,0,c405:0
c405,2023,p117,1,c405:1
c405,2023,p117,8888,c405:8888
c405,2023,p117,9999,c405:9999
c405,2024,p126,0,c405:0
c405,2024,p126,1,c405:1
c405,2024,p126,8888,c405:8888
c405,2024,p126,9999,c405:9999
c405,2025,p134,0,c405:0
c405,2025,p134,1,c405:1
c405,2025,p134,8888,c405:8888
c405,2025,p134,9999,c405:9999
c414,2023,p139_2,0,c414:0
c414,2023,p139_2,1,c414:1
c414,2023,p139_2,8888,c414:8888
c414,2023,p139_2,9999,c414:9999
c414,2024,p157_2,0,c414:0
c414,2024,p157_2,1,c414:1
c414,2024,p157_2,8888,c414:8888
c414,2024,p157_2,9999,c414:9999
c414,2025,p161_2,0,c414:0
c414,2025,p161_2,1,c414:1
c414,2025,p161_2,8888,c414:8888
c414,2025,p161_2,9999,c414:9999
c415,2023,p141_1,0,c415:0
c415,2023,p141_1,1,c415:1
c415,2023,p141_1,8888,c415:8888
c415,2023,p141_1,9999,c415:9999
c415,2024,p160,0,c415:0
c415,2024,p160,1,c415:1
c415,2024,p160,8888,c415:8888
c415,2024,p160,9999,c415:9999
c415,2025,p164,0,c415:0
c415,2025,p164,1,c415:1
c415,2025,p164,8888,c415:8888
c415,2025,p164,9999,c415:9999
c416,2023,p19,0,c416:0
c416,2023,p19,1,c416:1
c416,2023,p19,9999,c416:9999
c416,2024,p21,0,c416:0
c416,2024,p21,1,c416:1
c416,2024,p21,9999,c416:9999
c416,2025,p22,0,c416:0
c416,2025,p22,1,c416:1
c416,2025,p22,9999,c416:9999
c419,2023,p27_6,0,c419:0
c419,2023,p27_6,1,c419:1
c419,2023,p27_6,2,c419:2
c419,2023,p27_6,8888,c419:8888
c419,2023,p27_6,9999,c419:9999
c419,2024,p31_6,0,c419:0
c419,2024,p31_6,1,c419:1
c419,2024,p31_6,2,c419:2
c419,2024,p31_6,8888,c419:8888
c419,2024,p31_6,9999,c419:9999
c419,2025,p32_6,0,c419:0
c419,2025,p32_6,1,c419:1
c419,2025,p32_6,2,c419:2
c419,2025,p32_6,8888,c419:8888
c419,2025,p32_6,9999,c419:9999
c420,2023,p30_7,0,c420:0
c420,2023,p30_7,1,c420:1
c420,2023,p30_7,8888,c420:8888
c420,2023,p30_7,9999,c420:9999
c420,2024,p33_7,0,c420:0
c420,2024,p33_7,1,c420:1
c420,2024,p33_7,8888,c420:8888
c420,2024,p33_7,9999,c420:9999
c420,2025,p36_5,0,c420:0
c420,2025,p36_5,1,c420:1
c420,2025,p36_5,8888,c420:8888
c420,2025,p36_5,9999,c420:9999
c421,2023,p30_9,0,c421:0
c421,2023,p30_9,1,c421:1
c421,2023,p30_9,8888,c421:8888
c421,2023,p30_9,9999,c421:9999
c421,2024,p33_9,0,c421:0
c421,2024,p33_9,1,c421:1
c421,2024,p33_9,8888,c421:8888
c421,2024,p33_9,9999,c421:9999
c421,2025,p36_7,0,c421:0
c421,2025,p36_7,1,c421:1
c421,2025,p36_7,8888,c421:8888
c421,2025,p36_7,9999,c421:9999
c425,2023,p41,0,c425:0
c425,2023,p41,1,c425:1
c425,2023,p41,8888,c425:8888
c425,2023,p41,9999,c425:9999
c425,2024,p46,0,c425:0
c425,2024,p46,1,c425:1
c425,2024,p46,8888,c425:8888
c425,2024,p46,9999,c425:9999
c426,2023,p43,0,c426:0
c426,2023,p43,1,c426:1
c426,2023,p43,8888,c426:8888
c426,2023,p43,9999,c426:9999
c426,2024,p48,0,c426:0
c426,2024,p48,1,c426:1
c426,2024,p48,8888,c426:8888
c426,2024,p48,9999,c426:9999
c436,2023,p68_10,0,c436:0
c436,2023,p68_10,1,c436:1
c436,2023,p68_10,8888,c436:8888
c436,2023,p68_10,9999,c436:9999
c436,2024,p77_10,0,c436:0
c436,2024,p77_10,1,c436:1
c436,2024,p77_10,8888,c436:8888
c436,2024,p77_10,9999,c436:9999
c436,2025,p89_10,0,c436:0
c436,2025,p89_10,1,c436:1
c436,2025,p89_10,8888,c436:8888
c436,2025,p89_10,9999,c436:9999
c437,2023,p68_15,0,c437:0
c437,2023,p68_15,1,c437:1
c437,2023,p68_15,8888,c437:8888
c437,2023,p68_15,9999,c437:9999
c437,2024,p77_15,0,c437:0
c437,2024,p77_15,1,c437:1
c437,2024,p77_15,8888,c437:8888
c437,2024,p77_15,9999,c437:9999
c437,2025,p89_15,0,c437:0
c437,2025,p89_15,1,c437:1
c437,2025,p89_15,8888,c437:8888
c437,2025,p89_15,9999,c437:9999
c439,2023,p68_2,0,c439:0
c439,2023,p68_2,1,c439:1
c439,2023,p68_2,8888,c439:8888
c439,2023,p68_2,9999,c439:9999
c439,2024,p77_2,0,c439:0
c439,2024,p77_2,1,c439:1
c439,2024,p77_2,8888,c439:8888
c439,2024,p77_2,9999,c439:9999
c439,2025,p89_2,0,c439:0
c439,2025,p89_2,1,c439:1
c439,2025,p89_2,8888,c439:8888
c439,2025,p89_2,9999,c439:9999
c440,2023,p68_6,0,c440:0
c440,2023,p68_6,1,c440:1
c440,2023,p68_6,8888,c440:8888
c440,2023,p68_6,9999,c440:9999
c440,2024,p77_6,0,c440:0
c440,2024,p77_6,1,c440:1
c440,2024,p77_6,8888,c440:8888
c440,2024,p77_6,9999,c440:9999
c440,2025,p89_6,0,c440:0
c440,2025,p89_6,1,c440:1
c440,2025,p89_6,8888,c440:8888
c440,2025,p89_6,9999,c440:9999
c441,2023,p70_3,0,c441:0
c441,2023,p70_3,1,c441:1
c441,2023,p70_3,8888,c441:8888
c441,2023,p70_3,9999,c441:9999
c441,2024,p79_2,0,c441:0
c441,2024,p79_2,1,c441:1
c441,2024,p79_2,8888,c441:8888
c441,2024,p79_2,9999,c441:9999
c441,2025,p90_2,0,c441:0
c441,2025,p90_2,1,c441:1
c441,2025,p90_2,8888,c441:8888
c441,2025,p90_2,9999,c441:9999
c442,2023,p74,0,c442:0
c442,2023,p74,1,c442:1
c442,2023,p74,8888,c442:8888
c442,2023,p74,9999,c442:9999
c442,2024,p80,0,c442:0
c442,2024,p80,1,c442:1
c442,2024,p80,8888,c442:8888
c442,2024,p80,9999,c442:9999
c444,2023,p7_2,0,c444:0
c444,2023,p7_2,1,c444:1
c444,2023,p7_2,8888,c444:8888
c444,2023,p7_2,9999,c444:9999
c444,2024,p7_2,0,c444:0
c444,2024,p7_2,1,c444:1
c444,2024,p7_2,8888,c444:8888
c444,2024,p7_2,9999,c444:9999
c444,2025,p5_2,0,c444:0
c444,2025,p5_2,1,c444:1
c444,2025,p5_2,8888,c444:8888
c444,2025,p5_2,9999,c444:9999
c445,2023,p7_3,0,c445:0
c445,2023,p7_3,1,c445:1
c445,2023,p7_3,8888,c445:8888
c445,2023,p7_3,9999,c445:9999
c445,2024,p7_3,0,c445:0
c445,2024,p7_3,1,c445:1
c445,2024,p7_3,8888,c445:8888
c445,2024,p7_3,9999,c445:9999
c446,2023,p7_4,0,c446:0
c446,2023,p7_4,1,c446:1
c446,2023,p7_4,8888,c446:8888
c446,2023,p7_4,9999,c446:9999
c446,2024,p7_4,0,c446:0
c446,2024,p7_4,1,c446:1
c446,2024,p7_4,8888,c446:8888
c446,2024,p7_4,9999,c446:9999
c446,2025,p5_4,0,c446:0
c446,2025,p5_4,1,c446:1
c446,2025,p5_4,8888,c446:8888
c446,2025,p5_4,9999,c446:9999
c447,2023,p7_5,0,c447:0
c447,2023,p7_5,1,c447:1
c447,2023,p7_5,8888,c447:8888
c447,2023,p7_5,9999,c447:9999
c447,2024,p7_5,0,c447:0
c447,2024,p7_5,1,c447:1
c447,2024,p7_5,8888,c447:8888
c447,2024,p7_5,9999,c447:9999
c447,2025,p5_5,0,c447:0
c447,2025,p5_5,1,c447:1
c447,2025,p5_5,8888,c447:8888
c447,2025,p5_5,9999,c447:9999
c448,2023,p7_6,0,c448:0
c448,2023,p7_6,1,c448:1
c448,2023,p7_6,8888,c448:8888
c448,2023,p7_6,9999,c448:9999
c448,2024,p7_6,0,c448:0
c448,2024,p7_6,1,c448:1
c448,2024,p7_6,8888,c448:8888
c448,2024,p7_6,9999,c448:9999
c448,2025,p5_6,0,c448:0
c448,2025,p5_6,1,c448:1
c448,2025,p5_6,8888,c448:8888
c448,2025,p5_6,9999,c448:9999
c467,2024,cp15,0,c467:0
c467,2024,cp15,1,c467:1
c467,2024,cp15,2,c467:2
c467,2024,cp15,5555,c467:5555
c467,2024,cp15,8888,c467:8888
c467,2024,cp15,9999,c467:9999
c467,2025,cp16,0,c467:0
c467,2025,cp16,1,c467:1
c467,2025,cp16,2,c467:2
c467,2025,cp16,5555,c467:5555
c467,2025,cp16,8888,c467:8888
c467,2025,cp16,9999,c467:9999
c473,2024,p11,0,c473:0
c473,2024,p11,1,c473:1
c473,2024,p11,8888,c473:8888
c473,2024,p11,9999,c473:9999
c473,2025,p10,0,c473:0
c473,2025,p10,1,c473:1
c473,2025,p10,8888,c473:8888
c473,2025,p10,9999,c473:9999
c474,2024,p115_4,0,c474:0
c474,2024,p115_4,1,c474:1
c474,2024,p115_4,8888,c474:8888
c474,2024,p115_4,9999,c474:9999
c474,2025,p126_4,0,c474:0
c474,2025,p126_4,1,c474:1
c474,2025,p126_4,8888,c474:8888
c474,2025,p126_4,9999,c474:9999
c484,2024,p151_2,0,c484:0
c484,2024,p151_2,1,c484:1
c484,2024,p151_2,9999,c484:9999
c484,2025,p154,0,c484:0
c484,2025,p154,1,c484:1
c484,2025,p154,9999,c484:9999
c486,2024,p153_4,0,c486:0
c486,2024,p153_4,1,c486:1
c486,2024,p153_4,8888,c486:8888
c486,2024,p153_4,9999,c486:9999
c486,2025,p156,0,c486:0
c486,2025,p156,1,c486:1
c486,2025,p156,8888,c486:8888
c486,2025,p156,9999,c486:9999
c487,2024,p154_5,0,c487:0
c487,2024,p154_5,1,c487:1
c487,2024,p154_5,8888,c487:8888
c487,2024,p154_5,9999,c487:9999
c487,2025,p157,0,c487:0
c487,2025,p157,1,c487:1
c487,2025,p157,8888,c487:8888
c487,2025,p157,9999,c487:9999
c499,2024,p43_3,0,c499:0
c499,2024,p43_3,1,c499:1
c499,2024,p43_3,8888,c499:8888
c499,2024,p43_3,9999,c499:9999
c499,2025,p44_3,0,c499:0
c499,2025,p44_3,1,c499:1
c499,2025,p44_3,8888,c499:8888
c499,2025,p44_3,9999,c499:9999
c500,2024,p43_6,0,c500:0
c500,2024,p43_6,1,c500:1
c500,2024,p43_6,2,c500:2
c500,2024,p43_6,8888,c500:8888
c500,2024,p43_6,9999,c500:9999
c500,2025,p44_6,0,c500:0
c500,2025,p44_6,1,c500:1
c500,2025,p44_6,2,c500:2
c500,2025,p44_6,8888,c500:8888
c500,2025,p44_6,9999,c500:9999
c501,2024,p43_8,0,c501:0
c501,2024,p43_8,1,c501:1
c501,2024,p43_8,2,c501:2
c501,2024,p43_8,8888,c501:8888
c501,2024,p43_8,9999,c501:9999
c501,2025,p44_8,0,c501:0
c501,2025,p44_8,1,c501:1
c501,2025,p44_8,2,c501:2
c501,2025,p44_8,8888,c501:8888
c501,2025,p44_8,9999,c501:9999
c503,2024,p55,0,c503:0
c503,2024,p55,1,c503:1
c503,2024,p55,2,c503:2
c503,2024,p55,3,c503:3
c503,2024,p55,4,c503:4
c503,2024,p55,5,c503:5
c503,2024,p55,8888,c503:8888
c503,2024,p55,9999,c503:9999
c503,2025,p66,0,c503:0
c503,2025,p66,1,c503:1
c503,2025,p66,2,c503:2
c503,2025,p66,3,c503:3
c503,2025,p66,4,c503:4
c503,2025,p66,5,c503:5
c503,2025,p66,8888,c503:8888
c503,2025,p66,9999,c503:9999
c510,2024,p64,0,c510:0
c510,2024,p64,1,c510:1
c510,2024,p64,8888,c510:8888
c510,2024,p64,9999,c510:9999
c510,2025,p77,0,c510:0
c510,2025,p77,1,c510:1
c510,2025,p77,8888,c510:8888
c510,2025,p77,9999,c510:9999
c514,2024,p69,0,c514:0
c514,2024,p69,1,c514:1
c514,2024,p69,8888,c514:8888
c514,2024,p69,9999,c514:9999
c514,2025,p81,0,c514:0
c514,2025,p81,1,c514:1
c514,2025,p81,8888,c514:8888
c514,2025,p81,9999,c514:9999
c515,2024,p70,0,c515:0
c515,2024,p70,1,c515:1
c515,2024,p70,8888,c515:8888
c515,2024,p70,9999,c515:9999
c515,2025,p82,0,c515:0
c515,2025,p82,1,c515:1
c515,2025,p82,8888,c515:8888
c515,2025,p82,9999,c515:9999
c517,2024,p7_7,0,c517:0
c517,2024,p7_7,1,c517:1
c517,2024,p7_7,8888,c517:8888
c517,2024,p7_7,9999,c517:9999
c517,2025,p5_7,0,c517:0
c517,2025,p5_7,1,c517:1
c517,2025,p5_7,8888,c517:8888
c517,2025,p5_7,9999,c517:9999
c518,2024,p7_8,0,c518:0
c518,2024,p7_8,1,c518:1
c518,2024,p7_8,8888,c518:8888
c518,2024,p7_8,9999,c518:9999
c518,2025,p5_8,0,c518:0
c518,2025,p5_8,1,c518:1
c518,2025,p5_8,8888,c518:8888
c518,2025,p5_8,9999,c518:9999
c520,2024,p93,1,c520:1
c520,2024,p93,2,c520:2
c520,2024,p93,3,c520:3
c520,2024,p93,4,c520:4
c520,2024,p93,5,c520:5
c520,2024,p93,8888,c520:8888
c520,2024,p93,9999,c520:9999
c520,2025,p104,1,c520:1
c520,2025,p104,2,c520:2
c520,2025,p104,3,c520:3
c520,2025,p104,4,c520:4
c520,2025,p104,5,c520:5
c520,2025,p104,8888,c520:8888
c520,2025,p104,9999,c520:9999
c521,2024,p97,1,c521:1
c521,2024,p97,2,c521:2
c521,2024,p97,3,c521:3
c521,2024,p97,4,c521:4
c521,2024,p97,5,c521:5
c521,2025,p108,1,c521:1
c521,2025,p108,2,c521:2
c521,2025,p108,3,c521:3
c521,2025,p108,4,c521:4
c521,2025,p108,5,c521:5
attr_sexo,2022,cp2_1,1,attr_sexo:0
attr_sexo,2022,cp2_1,2,attr_sexo:1
attr_sexo,2022,cp2_1,9999,attr_sexo:9999
attr_sexo,2021,cp2_1,1,attr_sexo:0
attr_sexo,2021,cp2_1,2,attr_sexo:1
attr_sexo,2021,cp2_1,9,attr_sexo:9999
